experiment,model,day,window_id,f1,pr_auc,roc_auc,fpr,phase
B,RandomForest,mon,0,0.0,0.5,,0.0,1
B,RandomForest,mon,1,0.0,0.5,,0.0,1
B,RandomForest,mon,2,0.0,0.5,,0.0,1
B,RandomForest,mon,3,0.0,0.5,,0.0,1
B,RandomForest,mon,4,0.0,0.5,,0.0,1
B,RandomForest,mon,5,0.0,0.5,,0.0,1
B,RandomForest,mon,6,0.0,0.5,,0.0,1
B,RandomForest,mon,7,0.0,0.5,,0.0,1
B,RandomForest,mon,8,0.0,0.5,,0.0,1
B,RandomForest,mon,9,0.0,0.5,,0.0,1
B,RandomForest,mon,10,0.0,0.5,,0.0,1
B,RandomForest,mon,11,0.0,0.5,,0.0,1
B,RandomForest,mon,12,0.0,0.5,,0.0,1
B,RandomForest,mon,13,0.0,0.5,,0.0,1
B,RandomForest,mon,14,0.0,0.5,,0.0,1
B,RandomForest,mon,15,0.0,0.5,,0.0,1
B,RandomForest,mon,16,0.0,0.5,,0.0,1
B,RandomForest,mon,17,0.0,0.5,,0.0,1
B,RandomForest,mon,18,0.0,0.5,,0.0,1
B,RandomForest,mon,19,0.0,0.5,,0.0,1
B,RandomForest,mon,20,0.0,0.5,,0.0,1
B,RandomForest,mon,21,0.0,0.5,,0.0,1
B,RandomForest,mon,22,0.0,0.5,,0.0,1
B,RandomForest,mon,23,0.0,0.5,,0.0,1
B,RandomForest,mon,24,0.0,0.5,,0.0,1
B,RandomForest,mon,25,0.0,0.5,,0.0,1
B,RandomForest,mon,26,0.0,0.5,,0.0,1
B,RandomForest,mon,27,0.0,0.5,,0.0,1
B,RandomForest,mon,28,0.0,0.5,,0.0,1
B,RandomForest,mon,29,0.0,0.5,,0.0,1
B,RandomForest,mon,30,0.0,0.5,,0.0,1
B,RandomForest,mon,31,0.0,0.5,,0.0,1
B,RandomForest,mon,32,0.0,0.5,,0.0,1
B,RandomForest,mon,33,0.0,0.5,,0.0,1
B,RandomForest,mon,34,0.0,0.5,,0.0,1
B,RandomForest,mon,35,0.0,0.5,,0.0,1
B,RandomForest,mon,36,0.0,0.5,,0.0,1
B,RandomForest,mon,37,0.0,0.5,,0.0,1
B,RandomForest,mon,38,0.0,0.5,,0.0,1
B,RandomForest,mon,39,0.0,0.5,,0.0,1
B,RandomForest,mon,40,0.0,0.5,,0.0,1
B,RandomForest,mon,41,0.0,0.5,,0.0,1
B,RandomForest,mon,42,0.0,0.5,,0.0,1
B,RandomForest,mon,43,0.0,0.5,,0.0,1
B,RandomForest,mon,44,0.0,0.5,,0.0,1
B,RandomForest,mon,45,0.0,0.5,,0.0,1
B,RandomForest,mon,46,0.0,0.5,,0.0,1
B,RandomForest,mon,47,0.0,0.5,,0.0,1
B,RandomForest,mon,48,0.0,0.5,,0.0,1
B,RandomForest,mon,49,0.0,0.5,,0.0,1
B,RandomForest,mon,50,0.0,0.5,,0.0,1
B,RandomForest,mon,51,0.0,0.5,,0.0,1
B,RandomForest,mon,52,0.0,0.5,,0.0,1
B,RandomForest,mon,53,0.0,0.5,,0.0,1
B,RandomForest,mon,54,0.0,0.5,,0.0,1
B,RandomForest,mon,55,0.0,0.5,,0.0,1
B,RandomForest,mon,56,0.0,0.5,,0.0,1
B,RandomForest,mon,57,0.0,0.5,,0.0,1
B,RandomForest,mon,58,0.0,0.5,,0.0,1
B,RandomForest,mon,59,0.0,0.5,,0.0,1
B,RandomForest,mon,60,0.0,0.5,,0.0,1
B,RandomForest,mon,61,0.0,0.5,,0.0,1
B,RandomForest,mon,62,0.0,0.5,,0.0,1
B,RandomForest,mon,63,0.0,0.5,,0.0,1
B,RandomForest,mon,64,0.0,0.5,,0.0,1
B,RandomForest,mon,65,0.0,0.5,,0.0,1
B,RandomForest,mon,66,0.0,0.5,,0.0,1
B,RandomForest,mon,67,0.0,0.5,,0.0,1
B,RandomForest,mon,68,0.0,0.5,,0.0,1
B,RandomForest,mon,69,0.0,0.5,,0.0,1
B,RandomForest,mon,70,0.0,0.5,,0.0,1
B,RandomForest,mon,71,0.0,0.5,,0.0,1
B,RandomForest,mon,72,0.0,0.5,,0.0,1
B,RandomForest,mon,73,0.0,0.5,,0.0,1
B,RandomForest,mon,74,0.0,0.5,,0.0,1
B,RandomForest,mon,75,0.0,0.5,,0.0,1
B,RandomForest,mon,76,0.0,0.5,,0.0,1
B,RandomForest,mon,77,0.0,0.5,,0.0,1
B,RandomForest,mon,78,0.0,0.5,,0.0,1
B,RandomForest,mon,79,0.0,0.5,,0.0,1
B,RandomForest,mon,80,0.0,0.5,,0.0,1
B,RandomForest,mon,81,0.0,0.5,,0.0,1
B,RandomForest,mon,82,0.0,0.5,,0.0,1
B,RandomForest,mon,83,0.0,0.5,,0.0,1
B,RandomForest,mon,84,0.0,0.5,,0.0,1
B,RandomForest,mon,85,0.0,0.5,,0.0,1
B,RandomForest,mon,86,0.0,0.5,,0.0,1
B,RandomForest,mon,87,0.0,0.5,,0.0,1
B,RandomForest,mon,88,0.0,0.5,,0.0,1
B,RandomForest,mon,89,0.0,0.5,,0.0,1
B,RandomForest,mon,90,0.0,0.5,,0.0,1
B,RandomForest,mon,91,0.0,0.5,,0.0,1
B,RandomForest,mon,92,0.0,0.5,,0.0,1
B,RandomForest,mon,93,0.0,0.5,,0.0,1
B,RandomForest,mon,94,0.0,0.5,,0.0,1
B,RandomForest,mon,95,0.0,0.5,,0.0,1
B,RandomForest,mon,96,0.0,0.5,,0.0,1
B,RandomForest,mon,97,0.0,0.5,,0.0,1
B,RandomForest,mon,98,0.0,0.5,,0.0,1
B,RandomForest,mon,99,0.0,0.5,,0.0,1
B,RandomForest,mon,100,0.0,0.5,,0.0,1
B,RandomForest,mon,101,0.0,0.5,,0.0,1
B,RandomForest,mon,102,0.0,0.5,,0.0,1
B,RandomForest,mon,103,0.0,0.5,,0.0,1
B,RandomForest,mon,104,0.0,0.5,,0.0,1
B,RandomForest,mon,105,0.0,0.5,,0.0,1
B,RandomForest,mon,106,0.0,0.5,,0.0,1
B,RandomForest,mon,107,0.0,0.5,,0.0,1
B,RandomForest,mon,108,0.0,0.5,,0.0,1
B,RandomForest,mon,109,0.0,0.5,,0.0,1
B,RandomForest,mon,110,0.0,0.5,,0.0,1
B,RandomForest,mon,111,0.0,0.5,,0.0,1
B,RandomForest,mon,112,0.0,0.5,,0.0,1
B,RandomForest,mon,113,0.0,0.5,,0.0,1
B,RandomForest,mon,114,0.0,0.5,,0.0,1
B,RandomForest,mon,115,0.0,0.5,,0.0,1
B,RandomForest,mon,116,0.0,0.5,,0.0,1
B,RandomForest,mon,117,0.0,0.5,,0.0,1
B,RandomForest,mon,118,0.0,0.5,,0.0,1
B,RandomForest,mon,119,0.0,0.5,,0.0,1
B,RandomForest,mon,120,0.0,0.5,,0.0,1
B,RandomForest,mon,121,0.0,0.5,,0.0,1
B,RandomForest,mon,122,0.0,0.5,,0.0,1
B,RandomForest,mon,123,0.0,0.5,,0.0,1
B,RandomForest,mon,124,0.0,0.5,,0.0,1
B,RandomForest,mon,125,0.0,0.5,,0.0,1
B,RandomForest,mon,126,0.0,0.5,,0.0,1
B,RandomForest,mon,127,0.0,0.5,,0.0,1
B,RandomForest,mon,128,0.0,0.5,,0.0,1
B,RandomForest,mon,129,0.0,0.5,,0.0,1
B,RandomForest,mon,130,0.0,0.5,,0.0,1
B,RandomForest,mon,131,0.0,0.5,,0.0,1
B,RandomForest,mon,132,0.0,0.5,,0.0,1
B,RandomForest,mon,133,0.0,0.5,,0.0,1
B,RandomForest,mon,134,0.0,0.5,,0.0,1
B,RandomForest,mon,135,0.0,0.5,,0.0,1
B,RandomForest,mon,136,0.0,0.5,,0.0,1
B,RandomForest,mon,137,0.0,0.5,,0.0,1
B,RandomForest,mon,138,0.0,0.5,,0.0,1
B,RandomForest,mon,139,0.0,0.5,,0.0,1
B,RandomForest,mon,140,0.0,0.5,,0.0,1
B,RandomForest,mon,141,0.0,0.5,,0.0,1
B,RandomForest,mon,142,0.0,0.5,,0.0,1
B,RandomForest,mon,143,0.0,0.5,,0.0,1
B,RandomForest,mon,144,0.0,0.5,,0.0,1
B,RandomForest,mon,145,0.0,0.5,,0.0,1
B,RandomForest,mon,146,0.0,0.5,,0.0,1
B,RandomForest,mon,147,0.0,0.5,,0.0,1
B,RandomForest,mon,148,0.0,0.5,,0.0,1
B,RandomForest,mon,149,0.0,0.5,,0.0,1
B,RandomForest,mon,150,0.0,0.5,,0.0,1
B,RandomForest,mon,151,0.0,0.5,,0.0,1
B,RandomForest,mon,152,0.0,0.5,,0.0,1
B,RandomForest,mon,153,0.0,0.5,,0.0,1
B,RandomForest,mon,154,0.0,0.5,,0.0,1
B,RandomForest,mon,155,0.0,0.5,,0.0,1
B,RandomForest,mon,156,0.0,0.5,,0.0,1
B,RandomForest,mon,157,0.0,0.5,,0.0,1
B,RandomForest,mon,158,0.0,0.5,,0.0,1
B,RandomForest,mon,159,0.0,0.5,,0.0,1
B,RandomForest,mon,160,0.0,0.5,,0.0,1
B,RandomForest,mon,161,0.0,0.5,,0.0,1
B,RandomForest,mon,162,0.0,0.5,,0.0,1
B,RandomForest,mon,163,0.0,0.5,,0.0,1
B,RandomForest,mon,164,0.0,0.5,,0.0,1
B,RandomForest,mon,165,0.0,0.5,,0.0,1
B,RandomForest,mon,166,0.0,0.5,,0.0,1
B,RandomForest,mon,167,0.0,0.5,,0.0,1
B,RandomForest,mon,168,0.0,0.5,,0.0,1
B,RandomForest,mon,169,0.0,0.5,,0.0,1
B,RandomForest,mon,170,0.0,0.5,,0.0,1
B,RandomForest,mon,171,0.0,0.5,,0.0,1
B,RandomForest,mon,172,0.0,0.5,,0.0,1
B,RandomForest,mon,173,0.0,0.5,,0.0,1
B,RandomForest,mon,174,0.0,0.5,,0.0,1
B,RandomForest,mon,175,0.0,0.5,,0.0,1
B,RandomForest,mon,176,0.0,0.5,,0.0,1
B,RandomForest,mon,177,0.0,0.5,,0.0,1
B,RandomForest,mon,178,0.0,0.5,,0.0,1
B,RandomForest,mon,179,0.0,0.5,,0.0,1
B,RandomForest,mon,180,0.0,0.5,,0.0,1
B,RandomForest,mon,181,0.0,0.5,,0.0,1
B,RandomForest,mon,182,0.0,0.5,,0.0,1
B,RandomForest,mon,183,0.0,0.5,,0.0,1
B,RandomForest,mon,184,0.0,0.5,,0.0,1
B,RandomForest,mon,185,0.0,0.5,,0.0,1
B,RandomForest,mon,186,0.0,0.5,,0.0,1
B,RandomForest,mon,187,0.0,0.5,,0.0,1
B,RandomForest,mon,188,0.0,0.5,,0.0,1
B,RandomForest,mon,189,0.0,0.5,,0.0,1
B,RandomForest,mon,190,0.0,0.5,,0.0,1
B,RandomForest,mon,191,0.0,0.5,,0.0,1
B,RandomForest,mon,192,0.0,0.5,,0.0,1
B,RandomForest,mon,193,0.0,0.5,,0.0,1
B,RandomForest,mon,194,0.0,0.5,,0.0,1
B,RandomForest,mon,195,0.0,0.5,,0.0,1
B,RandomForest,mon,196,0.0,0.5,,0.0,1
B,RandomForest,mon,197,0.0,0.5,,0.0,1
B,RandomForest,mon,198,0.0,0.5,,0.0,1
B,RandomForest,mon,199,0.0,0.5,,0.0,1
B,RandomForest,mon,200,0.0,0.5,,0.0,1
B,RandomForest,mon,201,0.0,0.5,,0.0,1
B,RandomForest,mon,202,0.0,0.5,,0.0,1
B,RandomForest,mon,203,0.0,0.5,,0.0,1
B,RandomForest,mon,204,0.0,0.5,,0.0,1
B,RandomForest,mon,205,0.0,0.5,,0.0,1
B,RandomForest,mon,206,0.0,0.5,,0.0,1
B,RandomForest,mon,207,0.0,0.5,,0.0,1
B,RandomForest,mon,208,0.0,0.5,,0.0,1
B,RandomForest,mon,209,0.0,0.5,,0.0,1
B,RandomForest,mon,210,0.0,0.5,,0.0,1
B,RandomForest,mon,211,0.0,0.5,,0.0,1
B,RandomForest,mon,212,0.0,0.5,,0.0,1
B,RandomForest,mon,213,0.0,0.5,,0.0,1
B,RandomForest,mon,214,0.0,0.5,,0.0,1
B,RandomForest,mon,215,0.0,0.5,,0.0,1
B,RandomForest,mon,216,0.0,0.5,,0.0,1
B,RandomForest,mon,217,0.0,0.5,,0.0,1
B,RandomForest,mon,218,0.0,0.5,,0.0,1
B,RandomForest,mon,219,0.0,0.5,,0.0,1
B,RandomForest,mon,220,0.0,0.5,,0.0,1
B,RandomForest,mon,221,0.0,0.5,,0.0,1
B,RandomForest,mon,222,0.0,0.5,,0.0,1
B,RandomForest,mon,223,0.0,0.5,,0.0,1
B,RandomForest,mon,224,0.0,0.5,,0.0,1
B,RandomForest,mon,225,0.0,0.5,,0.0,1
B,RandomForest,mon,226,0.0,0.5,,0.0,1
B,RandomForest,mon,227,0.0,0.5,,0.0,1
B,RandomForest,mon,228,0.0,0.5,,0.0,1
B,RandomForest,mon,229,0.0,0.5,,0.0,1
B,RandomForest,mon,230,0.0,0.5,,0.0,1
B,RandomForest,mon,231,0.0,0.5,,0.0,1
B,RandomForest,mon,232,0.0,0.5,,0.0,1
B,RandomForest,mon,233,0.0,0.5,,0.0,1
B,RandomForest,mon,234,0.0,0.5,,0.0,1
B,RandomForest,mon,235,0.0,0.5,,0.0,1
B,RandomForest,mon,236,0.0,0.5,,0.0,1
B,RandomForest,mon,237,0.0,0.5,,0.0,1
B,RandomForest,mon,238,0.0,0.5,,0.0,1
B,RandomForest,mon,239,0.0,0.5,,0.0,1
B,RandomForest,mon,240,0.0,0.5,,0.0,1
B,RandomForest,mon,241,0.0,0.5,,0.0,1
B,RandomForest,mon,242,0.0,0.5,,0.0,1
B,RandomForest,mon,243,0.0,0.5,,0.0,1
B,RandomForest,mon,244,0.0,0.5,,0.0,1
B,RandomForest,mon,245,0.0,0.5,,0.0,1
B,RandomForest,mon,246,0.0,0.5,,0.0,1
B,RandomForest,mon,247,0.0,0.5,,0.0,1
B,RandomForest,mon,248,0.0,0.5,,0.0,1
B,RandomForest,mon,249,0.0,0.5,,0.0,1
B,RandomForest,mon,250,0.0,0.5,,0.0,1
B,RandomForest,mon,251,0.0,0.5,,0.0,1
B,RandomForest,mon,252,0.0,0.5,,0.0,1
B,RandomForest,mon,253,0.0,0.5,,0.0,1
B,RandomForest,mon,254,0.0,0.5,,0.0,1
B,RandomForest,mon,255,0.0,0.5,,0.0,1
B,RandomForest,mon,256,0.0,0.5,,0.0,1
B,RandomForest,mon,257,0.0,0.5,,0.0,1
B,RandomForest,mon,258,0.0,0.5,,0.0,1
B,RandomForest,mon,259,0.0,0.5,,0.0,1
B,RandomForest,mon,260,0.0,0.5,,0.0,1
B,RandomForest,mon,261,0.0,0.5,,0.0,1
B,RandomForest,mon,262,0.0,0.5,,0.0,1
B,RandomForest,mon,263,0.0,0.5,,0.0,1
B,RandomForest,mon,264,0.0,0.5,,0.0,1
B,RandomForest,mon,265,0.0,0.5,,0.0,1
B,RandomForest,mon,266,0.0,0.5,,0.0,1
B,RandomForest,mon,267,0.0,0.5,,0.0,1
B,RandomForest,mon,268,0.0,0.5,,0.0,1
B,RandomForest,mon,269,0.0,0.5,,0.0,1
B,RandomForest,mon,270,0.0,0.5,,0.0,1
B,RandomForest,mon,271,0.0,0.5,,0.0,1
B,RandomForest,mon,272,0.0,0.5,,0.0,1
B,RandomForest,mon,273,0.0,0.5,,0.0,1
B,RandomForest,mon,274,0.0,0.5,,0.0,1
B,RandomForest,mon,275,0.0,0.5,,0.0,1
B,RandomForest,mon,276,0.0,0.5,,0.0,1
B,RandomForest,mon,277,0.0,0.5,,0.0,1
B,RandomForest,mon,278,0.0,0.5,,0.0,1
B,RandomForest,mon,279,0.0,0.5,,0.0,1
B,RandomForest,mon,280,0.0,0.5,,0.0,1
B,RandomForest,mon,281,0.0,0.5,,0.0,1
B,RandomForest,mon,282,0.0,0.5,,0.0,1
B,RandomForest,mon,283,0.0,0.5,,0.0,1
B,RandomForest,mon,284,0.0,0.5,,0.0,1
B,RandomForest,mon,285,0.0,0.5,,0.0,1
B,RandomForest,mon,286,0.0,0.5,,0.0,1
B,RandomForest,mon,287,0.0,0.5,,0.0,1
B,RandomForest,mon,288,0.0,0.5,,0.0,1
B,RandomForest,mon,289,0.0,0.5,,0.0,1
B,RandomForest,mon,290,0.0,0.5,,0.0,1
B,RandomForest,mon,291,0.0,0.5,,0.0,1
B,RandomForest,mon,292,0.0,0.5,,0.0,1
B,RandomForest,mon,293,0.0,0.5,,0.0,1
B,RandomForest,mon,294,0.0,0.5,,0.0,1
B,RandomForest,mon,295,0.0,0.5,,0.0,1
B,RandomForest,mon,296,0.0,0.5,,0.0,1
B,RandomForest,mon,297,0.0,0.5,,0.0,1
B,RandomForest,mon,298,0.0,0.5,,0.0,1
B,RandomForest,mon,299,0.0,0.5,,0.0,1
B,RandomForest,mon,300,0.0,0.5,,0.0,1
B,RandomForest,mon,301,0.0,0.5,,0.0,1
B,RandomForest,mon,302,0.0,0.5,,0.0,1
B,RandomForest,mon,303,0.0,0.5,,0.0,1
B,RandomForest,mon,304,0.0,0.5,,0.0,1
B,RandomForest,mon,305,0.0,0.5,,0.0,1
B,RandomForest,mon,306,0.0,0.5,,0.0,1
B,RandomForest,mon,307,0.0,0.5,,0.0,1
B,RandomForest,mon,308,0.0,0.5,,0.0,1
B,RandomForest,mon,309,0.0,0.5,,0.0,1
B,RandomForest,mon,310,0.0,0.5,,0.0,1
B,RandomForest,mon,311,0.0,0.5,,0.0,1
B,RandomForest,mon,312,0.0,0.5,,0.0,1
B,RandomForest,mon,313,0.0,0.5,,0.0,1
B,RandomForest,mon,314,0.0,0.5,,0.0,1
B,RandomForest,mon,315,0.0,0.5,,0.0,1
B,RandomForest,mon,316,0.0,0.5,,0.0,1
B,RandomForest,mon,317,0.0,0.5,,0.0,1
B,RandomForest,mon,318,0.0,0.5,,0.0,1
B,RandomForest,mon,319,0.0,0.5,,0.0,1
B,RandomForest,mon,320,0.0,0.5,,0.0,1
B,RandomForest,mon,321,0.0,0.5,,0.0,1
B,RandomForest,mon,322,0.0,0.5,,0.0,1
B,RandomForest,mon,323,0.0,0.5,,0.0,1
B,RandomForest,mon,324,0.0,0.5,,0.0,1
B,RandomForest,mon,325,0.0,0.5,,0.0,1
B,RandomForest,mon,326,0.0,0.5,,0.0,1
B,RandomForest,mon,327,0.0,0.5,,0.0,1
B,RandomForest,mon,328,0.0,0.5,,0.0,1
B,RandomForest,mon,329,0.0,0.5,,0.0,1
B,RandomForest,mon,330,0.0,0.5,,0.0,1
B,RandomForest,mon,331,0.0,0.5,,0.0,1
B,RandomForest,mon,332,0.0,0.5,,0.0,1
B,RandomForest,mon,333,0.0,0.5,,0.0,1
B,RandomForest,mon,334,0.0,0.5,,0.0,1
B,RandomForest,mon,335,0.0,0.5,,0.0,1
B,RandomForest,mon,336,0.0,0.5,,0.0,1
B,RandomForest,mon,337,0.0,0.5,,0.0,1
B,RandomForest,mon,338,0.0,0.5,,0.0,1
B,RandomForest,mon,339,0.0,0.5,,0.0,1
B,RandomForest,mon,340,0.0,0.5,,0.0,1
B,RandomForest,mon,341,0.0,0.5,,0.0,1
B,RandomForest,mon,342,0.0,0.5,,0.0,1
B,RandomForest,mon,343,0.0,0.5,,0.0,1
B,RandomForest,mon,344,0.0,0.5,,0.0,1
B,RandomForest,mon,345,0.0,0.5,,0.0,1
B,RandomForest,mon,346,0.0,0.5,,0.0,1
B,RandomForest,mon,347,0.0,0.5,,0.0,1
B,RandomForest,mon,348,0.0,0.5,,0.0,1
B,RandomForest,mon,349,0.0,0.5,,0.0,1
B,RandomForest,mon,350,0.0,0.5,,0.0,1
B,RandomForest,mon,351,0.0,0.5,,0.0,1
B,RandomForest,mon,352,0.0,0.5,,0.0,1
B,RandomForest,mon,353,0.0,0.5,,0.0,1
B,RandomForest,mon,354,0.0,0.5,,0.0,1
B,RandomForest,mon,355,0.0,0.5,,0.0,1
B,RandomForest,mon,356,0.0,0.5,,0.0,1
B,RandomForest,mon,357,0.0,0.5,,0.0,1
B,RandomForest,mon,358,0.0,0.5,,0.0,1
B,RandomForest,mon,359,0.0,0.5,,0.0,1
B,RandomForest,mon,360,0.0,0.5,,0.0,1
B,RandomForest,mon,361,0.0,0.5,,0.0,1
B,RandomForest,mon,362,0.0,0.5,,0.0,1
B,RandomForest,mon,363,0.0,0.5,,0.0,1
B,RandomForest,mon,364,0.0,0.5,,0.0,1
B,RandomForest,mon,365,0.0,0.5,,0.0,1
B,RandomForest,mon,366,0.0,0.5,,0.0,1
B,RandomForest,mon,367,0.0,0.5,,0.0,1
B,RandomForest,mon,368,0.0,0.5,,0.0,1
B,RandomForest,mon,369,0.0,0.5,,0.0,1
B,RandomForest,mon,370,0.0,0.5,,0.0,1
B,RandomForest,mon,371,0.0,0.5,,0.0,1
B,RandomForest,mon,372,0.0,0.5,,0.0,1
B,RandomForest,mon,373,0.0,0.5,,0.0,1
B,RandomForest,mon,374,0.0,0.5,,0.0,1
B,RandomForest,mon,375,0.0,0.5,,0.0,1
B,RandomForest,mon,376,0.0,0.5,,0.0,1
B,RandomForest,mon,377,0.0,0.5,,0.0,1
B,RandomForest,mon,378,0.0,0.5,,0.0,1
B,RandomForest,mon,379,0.0,0.5,,0.0,1
B,RandomForest,mon,380,0.0,0.5,,0.0,1
B,RandomForest,mon,381,0.0,0.5,,0.0,1
B,RandomForest,mon,382,0.0,0.5,,0.0,1
B,RandomForest,mon,383,0.0,0.5,,0.0,1
B,RandomForest,mon,384,0.0,0.5,,0.0,1
B,RandomForest,mon,385,0.0,0.5,,0.0,1
B,RandomForest,mon,386,0.0,0.5,,0.0,1
B,RandomForest,mon,387,0.0,0.5,,0.0,1
B,RandomForest,mon,388,0.0,0.5,,0.0,1
B,RandomForest,mon,389,0.0,0.5,,0.0,1
B,RandomForest,mon,390,0.0,0.5,,0.0,1
B,RandomForest,mon,391,0.0,0.5,,0.0,1
B,RandomForest,mon,392,0.0,0.5,,0.0,1
B,RandomForest,mon,393,0.0,0.5,,0.0,1
B,RandomForest,mon,394,0.0,0.5,,0.0,1
B,RandomForest,mon,395,0.0,0.5,,0.0,1
B,RandomForest,mon,396,0.0,0.5,,0.0,1
B,RandomForest,mon,397,0.0,0.5,,0.0,1
B,RandomForest,mon,398,0.0,0.5,,0.0,1
B,RandomForest,mon,399,0.0,0.5,,0.0,1
B,RandomForest,mon,400,0.0,0.5,,0.0,1
B,RandomForest,mon,401,0.0,0.5,,0.0,1
B,RandomForest,mon,402,0.0,0.5,,0.0,1
B,RandomForest,mon,403,0.0,0.5,,0.0,1
B,RandomForest,mon,404,0.0,0.5,,0.0,1
B,RandomForest,mon,405,0.0,0.5,,0.0,1
B,RandomForest,mon,406,0.0,0.5,,0.0,1
B,RandomForest,mon,407,0.0,0.5,,0.0,1
B,RandomForest,mon,408,0.0,0.5,,0.0,1
B,RandomForest,mon,409,0.0,0.5,,0.0,1
B,RandomForest,mon,410,0.0,0.5,,0.0,1
B,RandomForest,mon,411,0.0,0.5,,0.0,1
B,RandomForest,mon,412,0.0,0.5,,0.0,1
B,RandomForest,mon,413,0.0,0.5,,0.0,1
B,RandomForest,mon,414,0.0,0.5,,0.0,1
B,RandomForest,mon,415,0.0,0.5,,0.0,1
B,RandomForest,mon,416,0.0,0.5,,0.0,1
B,RandomForest,mon,417,0.0,0.5,,0.0,1
B,RandomForest,mon,418,0.0,0.5,,0.0,1
B,RandomForest,mon,419,0.0,0.5,,0.0,1
B,RandomForest,mon,420,0.0,0.5,,0.0,1
B,RandomForest,mon,421,0.0,0.5,,0.0,1
B,RandomForest,mon,422,0.0,0.5,,0.0,1
B,RandomForest,mon,423,0.0,0.5,,0.0,1
B,RandomForest,mon,424,0.0,0.5,,0.0,1
B,RandomForest,mon,425,0.0,0.5,,0.0,1
B,RandomForest,mon,426,0.0,0.5,,0.0,1
B,RandomForest,mon,427,0.0,0.5,,0.0,1
B,RandomForest,mon,428,0.0,0.5,,0.0,1
B,RandomForest,mon,429,0.0,0.5,,0.0,1
B,RandomForest,mon,430,0.0,0.5,,0.0,1
B,RandomForest,mon,431,0.0,0.5,,0.0,1
B,RandomForest,mon,432,0.0,0.5,,0.0,1
B,RandomForest,mon,433,0.0,0.5,,0.0,1
B,RandomForest,mon,434,0.0,0.5,,0.0,1
B,RandomForest,mon,435,0.0,0.5,,0.0,1
B,RandomForest,mon,436,0.0,0.5,,0.0,1
B,RandomForest,mon,437,0.0,0.5,,0.0,1
B,RandomForest,mon,438,0.0,0.5,,0.0,1
B,RandomForest,mon,439,0.0,0.5,,0.0,1
B,RandomForest,mon,440,0.0,0.5,,0.0,1
B,RandomForest,mon,441,0.0,0.5,,0.0,1
B,RandomForest,mon,442,0.0,0.5,,0.0,1
B,RandomForest,mon,443,0.0,0.5,,0.0,1
B,RandomForest,mon,444,0.0,0.5,,0.0,1
B,RandomForest,mon,445,0.0,0.5,,0.0,1
B,RandomForest,mon,446,0.0,0.5,,0.0,1
B,RandomForest,mon,447,0.0,0.5,,0.0,1
B,RandomForest,mon,448,0.0,0.5,,0.0,1
B,RandomForest,mon,449,0.0,0.5,,0.0,1
B,RandomForest,mon,450,0.0,0.5,,0.0,1
B,RandomForest,mon,451,0.0,0.5,,0.0,1
B,RandomForest,mon,452,0.0,0.5,,0.0,1
B,RandomForest,mon,453,0.0,0.5,,0.0,1
B,RandomForest,mon,454,0.0,0.5,,0.0,1
B,RandomForest,mon,455,0.0,0.5,,0.0,1
B,RandomForest,mon,456,0.0,0.5,,0.0,1
B,RandomForest,mon,457,0.0,0.5,,0.0,1
B,RandomForest,mon,458,0.0,0.5,,0.0,1
B,RandomForest,mon,459,0.0,0.5,,0.0,1
B,RandomForest,mon,460,0.0,0.5,,0.0,1
B,RandomForest,mon,461,0.0,0.5,,0.0,1
B,RandomForest,mon,462,0.0,0.5,,0.0,1
B,RandomForest,mon,463,0.0,0.5,,0.0,1
B,RandomForest,mon,464,0.0,0.5,,0.0,1
B,RandomForest,mon,465,0.0,0.5,,0.0,1
B,RandomForest,mon,466,0.0,0.5,,0.0,1
B,RandomForest,mon,467,0.0,0.5,,0.0,1
B,RandomForest,mon,468,0.0,0.5,,0.0,1
B,RandomForest,mon,469,0.0,0.5,,0.0,1
B,RandomForest,mon,470,0.0,0.5,,0.0,1
B,RandomForest,mon,471,0.0,0.5,,0.0,1
B,RandomForest,mon,472,0.0,0.5,,0.0,1
B,RandomForest,mon,473,0.0,0.5,,0.0,1
B,RandomForest,mon,474,0.0,0.5,,0.0,1
B,RandomForest,mon,475,0.0,0.5,,0.0,1
B,RandomForest,mon,476,0.0,0.5,,0.0,1
B,RandomForest,mon,477,0.0,0.5,,0.0,1
B,RandomForest,mon,478,0.0,0.5,,0.0,1
B,RandomForest,mon,479,0.0,0.5,,0.0,1
B,RandomForest,mon,480,0.0,0.5,,0.0,1
B,RandomForest,mon,481,0.0,0.5,,0.0,1
B,RandomForest,mon,482,0.0,0.5,,0.0,1
B,RandomForest,mon,483,0.0,0.5,,0.0,1
B,RandomForest,mon,484,0.0,0.5,,0.0,1
B,RandomForest,mon,485,0.0,0.5,,0.0,1
B,RandomForest,mon,486,0.0,0.5,,0.0,1
B,RandomForest,mon,487,0.0,0.5,,0.0,1
B,RandomForest,mon,488,0.0,0.5,,0.0,1
B,RandomForest,mon,489,0.0,0.5,,0.0,1
B,RandomForest,mon,490,0.0,0.5,,0.0,1
B,RandomForest,mon,491,0.0,0.5,,0.0,1
B,RandomForest,mon,492,0.0,0.5,,0.0,1
B,RandomForest,mon,493,0.0,0.5,,0.0,1
B,RandomForest,mon,494,0.0,0.5,,0.0,1
B,RandomForest,mon,495,0.0,0.5,,0.0,1
B,RandomForest,mon,496,0.0,0.5,,0.0,1
B,RandomForest,mon,497,0.0,0.5,,0.0,1
B,RandomForest,mon,498,0.0,0.5,,0.0,1
B,RandomForest,mon,499,0.0,0.5,,0.0,1
B,RandomForest,mon,500,0.0,0.5,,0.0,1
B,RandomForest,mon,501,0.0,0.5,,0.0,1
B,RandomForest,mon,502,0.0,0.5,,0.0,1
B,RandomForest,tue,611,0.0,0.5,,0.0,2
B,RandomForest,tue,612,0.0,0.5,,0.0,2
B,RandomForest,tue,613,0.0,0.5,,0.0,2
B,RandomForest,tue,614,0.0,0.5,,0.0,2
B,RandomForest,tue,615,0.0,0.5,,0.0,2
B,RandomForest,tue,616,0.0,0.5,,0.0,2
B,RandomForest,tue,617,0.0,0.5,,0.0,2
B,RandomForest,tue,618,0.0,0.5,,0.0,2
B,RandomForest,tue,619,0.0,0.5,,0.0,2
B,RandomForest,tue,620,0.0,0.5,,0.0,2
B,RandomForest,tue,621,0.0,0.5,,0.0,2
B,RandomForest,tue,622,1.0,1.0,1.0,0.0,2
B,RandomForest,tue,623,1.0,1.0,1.0,0.0,2
B,RandomForest,tue,624,1.0,1.0,1.0,0.0,2
B,RandomForest,tue,625,1.0,1.0,1.0,0.0,2
B,RandomForest,tue,626,1.0,1.0,1.0,0.0,2
B,RandomForest,tue,627,1.0,1.0,0.9999999999999999,0.0,2
B,RandomForest,tue,628,1.0,1.0,1.0,0.0,2
B,RandomForest,tue,629,1.0,1.0,1.0,0.0,2
B,RandomForest,tue,630,1.0,1.0,1.0,0.0,2
B,RandomForest,tue,631,1.0,1.0,1.0,0.0,2
B,RandomForest,tue,632,1.0,1.0,1.0,0.0,2
B,RandomForest,tue,633,1.0,1.0,1.0,0.0,2
B,RandomForest,tue,634,1.0,1.0,1.0,0.0,2
B,RandomForest,tue,635,1.0,1.0,1.0,0.0,2
B,RandomForest,tue,636,1.0,1.0,1.0,0.0,2
B,RandomForest,tue,637,1.0,1.0,1.0,0.0,2
B,RandomForest,tue,638,1.0,1.0,1.0,0.0,2
B,RandomForest,tue,639,1.0,1.0,1.0,0.0,2
B,RandomForest,tue,640,1.0,1.0,1.0,0.0,2
B,RandomForest,tue,641,1.0,1.0,,0.0,2
B,RandomForest,tue,642,1.0,1.0,,0.0,2
B,RandomForest,tue,643,1.0,1.0,,0.0,2
B,RandomForest,tue,644,1.0,1.0,,0.0,2
B,RandomForest,tue,645,1.0,1.0,,0.0,2
B,RandomForest,tue,646,1.0,1.0,,0.0,2
B,RandomForest,tue,647,1.0,1.0,,0.0,2
B,RandomForest,tue,648,1.0,1.0,,0.0,2
B,RandomForest,tue,649,1.0,1.0,,0.0,2
B,RandomForest,tue,650,1.0,1.0,,0.0,2
B,RandomForest,tue,651,1.0,1.0,,0.0,2
B,RandomForest,tue,652,1.0,1.0,,0.0,2
B,RandomForest,tue,653,1.0,1.0,,0.0,2
B,RandomForest,tue,654,1.0,1.0,,0.0,2
B,RandomForest,tue,655,1.0,1.0,,0.0,2
B,RandomForest,tue,656,1.0,1.0,,0.0,2
B,RandomForest,tue,657,1.0,1.0,,0.0,2
B,RandomForest,tue,658,1.0,1.0,,0.0,2
B,RandomForest,tue,659,1.0,1.0,,0.0,2
B,RandomForest,tue,660,1.0,1.0,,0.0,2
B,RandomForest,tue,661,1.0,1.0,,0.0,2
B,RandomForest,tue,662,1.0,1.0,,0.0,2
B,RandomForest,tue,663,1.0,1.0,,0.0,2
B,RandomForest,tue,664,1.0,1.0,,0.0,2
B,RandomForest,tue,665,1.0,1.0,,0.0,2
B,RandomForest,tue,666,1.0,1.0,,0.0,2
B,RandomForest,tue,667,1.0,1.0,,0.0,2
B,RandomForest,tue,668,1.0,1.0,,0.0,2
B,RandomForest,tue,669,1.0,1.0,,0.0,2
B,RandomForest,tue,670,1.0,1.0,,0.0,2
B,RandomForest,tue,671,1.0,1.0,,0.0,2
B,RandomForest,tue,672,1.0,1.0,,0.0,2
B,RandomForest,tue,673,1.0,1.0,,0.0,2
B,RandomForest,tue,674,1.0,1.0,1.0,0.0,2
B,RandomForest,tue,675,1.0,1.0,1.0,0.0,2
B,RandomForest,tue,676,1.0,1.0,1.0,0.0,2
B,RandomForest,tue,677,1.0,1.0,1.0,0.0,2
B,RandomForest,tue,678,1.0,1.0,1.0,0.0,2
B,RandomForest,tue,679,1.0,1.0,1.0,0.0,2
B,RandomForest,tue,680,1.0,1.0,1.0,0.0,2
B,RandomForest,tue,681,1.0,1.0,1.0,0.0,2
B,RandomForest,tue,682,1.0,1.0,1.0,0.0,2
B,RandomForest,tue,683,1.0,1.0,1.0,0.0,2
B,RandomForest,tue,684,1.0,1.0,1.0,0.0,2
B,RandomForest,tue,685,1.0,1.0,1.0,0.0,2
B,RandomForest,tue,686,1.0,1.0,1.0,0.0,2
B,RandomForest,tue,687,1.0,1.0,1.0,0.0,2
B,RandomForest,tue,688,1.0,1.0,1.0,0.0,2
B,RandomForest,tue,689,1.0,1.0,1.0,0.0,2
B,RandomForest,tue,690,1.0,1.0,1.0,0.0,2
B,RandomForest,tue,691,1.0,1.0,1.0,0.0,2
B,RandomForest,tue,692,1.0,1.0,1.0,0.0,2
B,RandomForest,tue,693,1.0,1.0,1.0,0.0,2
B,RandomForest,tue,694,1.0,1.0,1.0,0.0,2
B,RandomForest,tue,695,1.0,1.0,1.0,0.0,2
B,RandomForest,tue,696,1.0,1.0,1.0,0.0,2
B,RandomForest,tue,697,1.0,1.0,1.0,0.0,2
B,RandomForest,tue,698,0.0,0.5,,0.0,2
B,RandomForest,tue,699,0.0,0.5,,0.0,2
B,RandomForest,tue,700,0.0,0.5,,0.0,2
B,RandomForest,tue,701,0.0,0.5,,0.0,2
B,RandomForest,tue,702,0.0,0.5,,0.0,2
B,RandomForest,tue,703,0.0,0.5,,0.0,2
B,RandomForest,tue,704,0.0,0.5,,0.0,2
B,RandomForest,tue,705,0.0,0.5,,0.0,2
B,RandomForest,tue,706,0.0,0.5,,0.0,2
B,RandomForest,tue,707,0.0,0.5,,0.0,2
B,RandomForest,tue,708,0.0,0.5,,0.0,2
B,RandomForest,tue,709,0.0,0.5,,0.0,2
B,RandomForest,tue,710,0.0,0.5,,0.0,2
B,RandomForest,tue,711,0.0,0.5,,0.0,2
B,RandomForest,tue,712,0.0,0.5,,0.0,2
B,RandomForest,tue,713,0.0,0.5,,0.0,2
B,RandomForest,tue,714,0.0,0.5,,0.0,2
B,RandomForest,tue,715,0.0,0.5,,0.0,2
B,RandomForest,tue,716,0.0,0.5,,0.0,2
B,RandomForest,tue,717,0.0,0.5,,0.0,2
B,RandomForest,tue,718,0.0,0.5,,0.0,2
B,RandomForest,tue,719,0.0,0.5,,0.0,2
B,RandomForest,tue,720,0.0,0.5,,0.0,2
B,RandomForest,tue,721,0.0,0.5,,0.0,2
B,RandomForest,tue,722,0.0,0.5,,0.0,2
B,RandomForest,tue,723,0.0,0.5,,0.0,2
B,RandomForest,tue,724,0.0,0.5,,0.0,2
B,RandomForest,tue,725,0.0,0.5,,0.0,2
B,RandomForest,tue,726,0.0,0.5,,0.0,2
B,RandomForest,tue,727,0.0,0.5,,0.0,2
B,RandomForest,tue,728,0.0,0.5,,0.0,2
B,RandomForest,tue,729,0.0,0.5,,0.0,2
B,RandomForest,tue,730,0.0,0.5,,0.0,2
B,RandomForest,tue,731,0.0,0.5,,0.0,2
B,RandomForest,tue,732,0.0,0.5,,0.0,2
B,RandomForest,tue,733,0.0,0.5,,0.0,2
B,RandomForest,tue,734,0.0,0.5,,0.0,2
B,RandomForest,tue,735,0.0,0.5,,0.0,2
B,RandomForest,tue,736,0.0,0.5,,0.0,2
B,RandomForest,tue,737,0.0,0.5,,0.0,2
B,RandomForest,tue,738,0.0,0.5,,0.0,2
B,RandomForest,tue,739,0.0,0.5,,0.0,2
B,RandomForest,tue,740,0.0,0.5,,0.0,2
B,RandomForest,tue,741,0.0,0.5,,0.0,2
B,RandomForest,tue,742,0.0,0.5,,0.0,2
B,RandomForest,tue,743,0.0,0.5,,0.0,2
B,RandomForest,tue,744,0.0,0.5,,0.0,2
B,RandomForest,tue,745,0.0,0.5,,0.0,2
B,RandomForest,tue,746,0.0,0.5,,0.0,2
B,RandomForest,tue,747,0.0,0.5,,0.0,2
B,RandomForest,tue,748,0.0,0.5,,0.0,2
B,RandomForest,tue,749,0.0,0.5,,0.0,2
B,RandomForest,tue,750,0.0,0.5,,0.0,2
B,RandomForest,tue,751,0.0,0.5,,0.0,2
B,RandomForest,tue,752,0.0,0.5,,0.0,2
B,RandomForest,tue,753,0.0,0.5,,0.0,2
B,RandomForest,tue,754,0.0,0.5,,0.0,2
B,RandomForest,tue,755,0.0,0.5,,0.0,2
B,RandomForest,tue,756,0.0,0.5,,0.0,2
B,RandomForest,tue,757,0.0,0.5,,0.0,2
B,RandomForest,tue,758,0.0,0.5,,0.0,2
B,RandomForest,tue,759,0.0,0.5,,0.0,2
B,RandomForest,tue,760,0.0,0.5,,0.0,2
B,RandomForest,tue,761,0.0,0.5,,0.0,2
B,RandomForest,tue,762,0.0,0.5,,0.0,2
B,RandomForest,tue,763,0.0,0.5,,0.0,2
B,RandomForest,tue,764,0.0,0.5,,0.0,2
B,RandomForest,tue,765,0.0,0.5,,0.0,2
B,RandomForest,tue,766,1.0,1.0,1.0,0.0,2
B,RandomForest,tue,767,1.0,1.0,1.0,0.0,2
B,RandomForest,tue,768,1.0,1.0,1.0,0.0,2
B,RandomForest,tue,769,1.0,1.0,1.0,0.0,2
B,RandomForest,tue,770,1.0,1.0,1.0,0.0,2
B,RandomForest,tue,771,1.0,1.0,1.0,0.0,2
B,RandomForest,tue,772,1.0,1.0,1.0,0.0,2
B,RandomForest,tue,773,1.0,1.0,1.0,0.0,2
B,RandomForest,tue,774,1.0,1.0,1.0,0.0,2
B,RandomForest,tue,775,1.0,1.0,1.0,0.0,2
B,RandomForest,tue,776,1.0,1.0,1.0,0.0,2
B,RandomForest,tue,777,1.0,1.0,1.0,0.0,2
B,RandomForest,tue,778,1.0,1.0,1.0,0.0,2
B,RandomForest,tue,779,1.0,1.0,1.0,0.0,2
B,RandomForest,tue,780,1.0,1.0,1.0,0.0,2
B,RandomForest,tue,781,1.0,1.0,1.0,0.0,2
B,RandomForest,tue,782,1.0,1.0,1.0,0.0,2
B,RandomForest,tue,783,1.0,1.0,1.0,0.0,2
B,RandomForest,tue,784,1.0,1.0,1.0,0.0,2
B,RandomForest,tue,785,1.0,1.0,,0.0,2
B,RandomForest,tue,786,1.0,1.0,,0.0,2
B,RandomForest,tue,787,1.0,1.0,,0.0,2
B,RandomForest,tue,788,1.0,1.0,,0.0,2
B,RandomForest,tue,789,1.0,1.0,,0.0,2
B,RandomForest,tue,790,1.0,1.0,,0.0,2
B,RandomForest,tue,791,1.0,1.0,,0.0,2
B,RandomForest,tue,792,1.0,1.0,,0.0,2
B,RandomForest,tue,793,1.0,1.0,,0.0,2
B,RandomForest,tue,794,1.0,1.0,,0.0,2
B,RandomForest,tue,795,1.0,1.0,,0.0,2
B,RandomForest,tue,796,1.0,1.0,,0.0,2
B,RandomForest,tue,797,1.0,1.0,,0.0,2
B,RandomForest,tue,798,1.0,1.0,,0.0,2
B,RandomForest,tue,799,1.0,1.0,,0.0,2
B,RandomForest,tue,800,1.0,1.0,,0.0,2
B,RandomForest,tue,801,1.0,1.0,,0.0,2
B,RandomForest,tue,802,1.0,1.0,,0.0,2
B,RandomForest,tue,803,1.0,1.0,,0.0,2
B,RandomForest,tue,804,1.0,1.0,,0.0,2
B,RandomForest,tue,805,1.0,1.0,,0.0,2
B,RandomForest,tue,806,1.0,1.0,,0.0,2
B,RandomForest,tue,807,1.0,1.0,,0.0,2
B,RandomForest,tue,808,1.0,1.0,,0.0,2
B,RandomForest,tue,809,1.0,1.0,,0.0,2
B,RandomForest,tue,810,1.0,1.0,,0.0,2
B,RandomForest,tue,811,1.0,1.0,,0.0,2
B,RandomForest,tue,812,1.0,1.0,1.0,0.0,2
B,RandomForest,tue,813,1.0,1.0,1.0,0.0,2
B,RandomForest,tue,814,1.0,1.0,1.0,0.0,2
B,RandomForest,tue,815,1.0,1.0,1.0,0.0,2
B,RandomForest,tue,816,1.0,1.0,1.0,0.0,2
B,RandomForest,tue,817,1.0,1.0,1.0,0.0,2
B,RandomForest,tue,818,1.0,1.0,1.0,0.0,2
B,RandomForest,tue,819,1.0,1.0,1.0,0.0,2
B,RandomForest,tue,820,1.0,1.0,1.0,0.0,2
B,RandomForest,tue,821,1.0,1.0,1.0,0.0,2
B,RandomForest,tue,822,1.0,1.0,1.0,0.0,2
B,RandomForest,tue,823,1.0,1.0,1.0,0.0,2
B,RandomForest,tue,824,1.0,1.0,1.0,0.0,2
B,RandomForest,tue,825,1.0,1.0,1.0,0.0,2
B,RandomForest,tue,826,1.0,1.0,1.0,0.0,2
B,RandomForest,tue,827,1.0,1.0,1.0,0.0,2
B,RandomForest,tue,828,1.0,1.0,1.0,0.0,2
B,RandomForest,tue,829,1.0,1.0,1.0,0.0,2
B,RandomForest,tue,830,1.0,1.0,1.0,0.0,2
B,RandomForest,tue,831,0.0,0.5,,0.0,2
B,RandomForest,tue,832,0.0,0.5,,0.0,2
B,RandomForest,tue,833,0.0,0.5,,0.0,2
B,RandomForest,tue,834,0.0,0.5,,0.0,2
B,RandomForest,tue,835,0.0,0.5,,0.0,2
B,RandomForest,tue,836,0.0,0.5,,0.0,2
B,RandomForest,tue,837,0.0,0.5,,0.0,2
B,RandomForest,tue,838,0.0,0.5,,0.0,2
B,RandomForest,tue,839,0.0,0.5,,0.0,2
B,RandomForest,tue,840,0.0,0.5,,0.0,2
B,RandomForest,tue,841,0.0,0.5,,0.0,2
B,RandomForest,tue,842,0.0,0.5,,0.0,2
B,RandomForest,tue,843,0.0,0.5,,0.0,2
B,RandomForest,tue,844,0.0,0.5,,0.0,2
B,RandomForest,tue,845,0.0,0.5,,0.0,2
B,RandomForest,tue,846,0.0,0.5,,0.0,2
B,RandomForest,tue,847,0.0,0.5,,0.0,2
B,RandomForest,tue,848,0.0,0.5,,0.0,2
B,RandomForest,tue,849,0.0,0.5,,0.0,2
B,RandomForest,tue,850,0.0,0.5,,0.0,2
B,RandomForest,tue,851,0.0,0.5,,0.0,2
B,RandomForest,tue,852,0.0,0.5,,0.0,2
B,RandomForest,tue,853,0.0,0.5,,0.0,2
B,RandomForest,tue,854,0.0,0.5,,0.0,2
B,RandomForest,tue,855,0.0,0.5,,0.0,2
B,RandomForest,tue,856,0.0,0.5,,0.0,2
B,RandomForest,tue,857,0.0,0.5,,0.0,2
B,RandomForest,tue,858,0.0,0.5,,0.0,2
B,RandomForest,tue,859,0.0,0.5,,0.0,2
B,RandomForest,tue,860,0.0,0.5,,0.0,2
B,RandomForest,tue,861,0.0,0.5,,0.0,2
B,RandomForest,tue,862,0.0,0.5,,0.0,2
B,RandomForest,tue,863,0.0,0.5,,0.0,2
B,RandomForest,tue,864,0.0,0.5,,0.0,2
B,RandomForest,tue,865,0.0,0.5,,0.0,2
B,RandomForest,tue,866,0.0,0.5,,0.0,2
B,RandomForest,tue,867,0.0,0.5,,0.0,2
B,RandomForest,tue,868,0.0,0.5,,0.0,2
B,RandomForest,tue,869,0.0,0.5,,0.0,2
B,RandomForest,tue,870,0.0,0.5,,0.0,2
B,RandomForest,tue,871,0.0,0.5,,0.0,2
B,RandomForest,tue,872,0.0,0.5,,0.0,2
B,RandomForest,tue,873,0.0,0.5,,0.0,2
B,RandomForest,tue,874,0.0,0.5,,0.0,2
B,RandomForest,tue,875,0.0,0.5,,0.0,2
B,RandomForest,tue,876,0.0,0.5,,0.0,2
B,RandomForest,tue,877,1.0,1.0,1.0,0.0,2
B,RandomForest,tue,878,1.0,1.0,1.0,0.0,2
B,RandomForest,tue,879,1.0,1.0,1.0,0.0,2
B,RandomForest,tue,880,1.0,1.0,1.0,0.0,2
B,RandomForest,tue,881,1.0,1.0,1.0,0.0,2
B,RandomForest,tue,882,1.0,1.0,1.0,0.0,2
B,RandomForest,tue,883,1.0,1.0,1.0,0.0,2
B,RandomForest,tue,884,1.0,1.0,1.0,0.0,2
B,RandomForest,tue,885,1.0,1.0,1.0,0.0,2
B,RandomForest,tue,886,1.0,1.0,1.0,0.0,2
B,RandomForest,tue,887,1.0,1.0,1.0,0.0,2
B,RandomForest,tue,888,1.0,1.0,1.0,0.0,2
B,RandomForest,tue,889,1.0,1.0,1.0,0.0,2
B,RandomForest,tue,890,1.0,1.0,1.0,0.0,2
B,RandomForest,tue,891,1.0,1.0,1.0,0.0,2
B,RandomForest,tue,892,1.0,1.0,1.0,0.0,2
B,RandomForest,tue,893,1.0,1.0,1.0,0.0,2
B,RandomForest,tue,894,1.0,1.0,1.0,0.0,2
B,RandomForest,tue,895,1.0,1.0,1.0,0.0,2
B,RandomForest,tue,896,1.0,1.0,,0.0,2
B,RandomForest,tue,897,1.0,1.0,,0.0,2
B,RandomForest,tue,898,1.0,1.0,,0.0,2
B,RandomForest,tue,899,1.0,1.0,,0.0,2
B,RandomForest,tue,900,1.0,1.0,,0.0,2
B,RandomForest,tue,901,1.0,1.0,,0.0,2
B,RandomForest,tue,902,1.0,1.0,,0.0,2
B,RandomForest,tue,903,1.0,1.0,,0.0,2
B,RandomForest,tue,904,1.0,1.0,,0.0,2
B,RandomForest,tue,905,1.0,1.0,,0.0,2
B,RandomForest,tue,906,1.0,1.0,,0.0,2
B,RandomForest,tue,907,1.0,1.0,,0.0,2
B,RandomForest,tue,908,1.0,1.0,,0.0,2
B,RandomForest,tue,909,1.0,1.0,,0.0,2
B,RandomForest,tue,910,1.0,1.0,,0.0,2
B,RandomForest,tue,911,1.0,1.0,,0.0,2
B,RandomForest,tue,912,1.0,1.0,,0.0,2
B,RandomForest,tue,913,1.0,1.0,,0.0,2
B,RandomForest,tue,914,1.0,1.0,,0.0,2
B,RandomForest,tue,915,1.0,1.0,,0.0,2
B,RandomForest,tue,916,1.0,1.0,,0.0,2
B,RandomForest,tue,917,1.0,1.0,,0.0,2
B,RandomForest,tue,918,1.0,1.0,,0.0,2
B,RandomForest,tue,919,1.0,1.0,,0.0,2
B,RandomForest,tue,920,1.0,1.0,,0.0,2
B,RandomForest,tue,921,1.0,1.0,,0.0,2
B,RandomForest,tue,922,1.0,1.0,,0.0,2
B,RandomForest,tue,923,1.0,1.0,,0.0,2
B,RandomForest,tue,924,1.0,1.0,,0.0,2
B,RandomForest,tue,925,1.0,1.0,,0.0,2
B,RandomForest,tue,926,1.0,1.0,,0.0,2
B,RandomForest,tue,927,1.0,1.0,,0.0,2
B,RandomForest,tue,928,1.0,1.0,,0.0,2
B,RandomForest,tue,929,1.0,1.0,,0.0,2
B,RandomForest,tue,930,1.0,1.0,,0.0,2
B,RandomForest,tue,931,1.0,1.0,,0.0,2
B,RandomForest,tue,932,1.0,1.0,,0.0,2
B,RandomForest,tue,933,1.0,1.0,,0.0,2
B,RandomForest,tue,934,1.0,1.0,,0.0,2
B,RandomForest,tue,935,1.0,1.0,,0.0,2
B,RandomForest,tue,936,1.0,1.0,,0.0,2
B,RandomForest,tue,937,1.0,1.0,,0.0,2
B,RandomForest,tue,938,1.0,1.0,,0.0,2
B,RandomForest,tue,939,1.0,1.0,,0.0,2
B,RandomForest,tue,940,1.0,1.0,,0.0,2
B,RandomForest,tue,941,1.0,1.0,,0.0,2
B,RandomForest,tue,942,1.0,1.0,,0.0,2
B,RandomForest,tue,943,1.0,1.0,,0.0,2
B,RandomForest,tue,944,1.0,1.0,,0.0,2
B,RandomForest,tue,945,1.0,1.0,,0.0,2
B,RandomForest,tue,946,1.0,1.0,,0.0,2
B,RandomForest,tue,947,1.0,1.0,,0.0,2
B,RandomForest,tue,948,1.0,1.0,,0.0,2
B,RandomForest,tue,949,1.0,1.0,,0.0,2
B,RandomForest,tue,950,1.0,1.0,,0.0,2
B,RandomForest,tue,951,1.0,1.0,,0.0,2
B,RandomForest,tue,952,1.0,1.0,,0.0,2
B,RandomForest,tue,953,1.0,1.0,,0.0,2
B,RandomForest,tue,954,1.0,1.0,,0.0,2
B,RandomForest,tue,955,1.0,1.0,,0.0,2
B,RandomForest,tue,956,1.0,1.0,,0.0,2
B,RandomForest,tue,957,1.0,1.0,,0.0,2
B,RandomForest,tue,958,1.0,1.0,,0.0,2
B,RandomForest,tue,959,1.0,1.0,,0.0,2
B,RandomForest,tue,960,1.0,1.0,,0.0,2
B,RandomForest,tue,961,1.0,1.0,,0.0,2
B,RandomForest,tue,962,1.0,1.0,,0.0,2
B,RandomForest,tue,963,1.0,1.0,,0.0,2
B,RandomForest,tue,964,1.0,1.0,,0.0,2
B,RandomForest,tue,965,1.0,1.0,,0.0,2
B,RandomForest,tue,966,1.0,1.0,,0.0,2
B,RandomForest,tue,967,1.0,1.0,,0.0,2
B,RandomForest,tue,968,1.0,1.0,,0.0,2
B,RandomForest,tue,969,1.0,1.0,,0.0,2
B,RandomForest,tue,970,1.0,1.0,,0.0,2
B,RandomForest,tue,971,1.0,1.0,,0.0,2
B,RandomForest,tue,972,1.0,1.0,,0.0,2
B,RandomForest,tue,973,1.0,1.0,,0.0,2
B,RandomForest,tue,974,1.0,1.0,,0.0,2
B,RandomForest,tue,975,1.0,1.0,,0.0,2
B,RandomForest,tue,976,1.0,1.0,,0.0,2
B,RandomForest,tue,977,1.0,1.0,,0.0,2
B,RandomForest,tue,978,1.0,1.0,,0.0,2
B,RandomForest,tue,979,1.0,1.0,,0.0,2
B,RandomForest,tue,980,1.0,1.0,,0.0,2
B,RandomForest,tue,981,1.0,1.0,,0.0,2
B,RandomForest,tue,982,1.0,1.0,,0.0,2
B,RandomForest,tue,983,1.0,1.0,,0.0,2
B,RandomForest,tue,984,1.0,1.0,,0.0,2
B,RandomForest,tue,985,1.0,1.0,,0.0,2
B,RandomForest,tue,986,1.0,1.0,,0.0,2
B,RandomForest,tue,987,1.0,1.0,,0.0,2
B,RandomForest,tue,988,1.0,1.0,,0.0,2
B,RandomForest,tue,989,1.0,1.0,,0.0,2
B,RandomForest,tue,990,1.0,1.0,,0.0,2
B,RandomForest,tue,991,1.0,1.0,,0.0,2
B,RandomForest,tue,992,1.0,1.0,,0.0,2
B,RandomForest,tue,993,1.0,1.0,,0.0,2
B,RandomForest,tue,994,1.0,1.0,,0.0,2
B,RandomForest,tue,995,1.0,1.0,,0.0,2
B,RandomForest,tue,996,1.0,1.0,,0.0,2
B,RandomForest,tue,997,1.0,1.0,,0.0,2
B,RandomForest,tue,998,1.0,1.0,,0.0,2
B,RandomForest,tue,999,1.0,1.0,,0.0,2
B,RandomForest,tue,1000,1.0,1.0,,0.0,2
B,RandomForest,tue,1001,1.0,1.0,,0.0,2
B,RandomForest,tue,1002,1.0,1.0,,0.0,2
B,RandomForest,tue,1003,1.0,1.0,,0.0,2
B,RandomForest,tue,1004,1.0,1.0,,0.0,2
B,RandomForest,tue,1005,1.0,1.0,,0.0,2
B,RandomForest,tue,1006,1.0,1.0,,0.0,2
B,RandomForest,tue,1007,1.0,1.0,,0.0,2
B,RandomForest,tue,1008,1.0,1.0,,0.0,2
B,RandomForest,tue,1009,1.0,1.0,,0.0,2
B,RandomForest,tue,1010,1.0,1.0,,0.0,2
B,RandomForest,tue,1011,1.0,1.0,,0.0,2
B,RandomForest,tue,1012,1.0,1.0,,0.0,2
B,RandomForest,tue,1013,1.0,1.0,,0.0,2
B,RandomForest,tue,1014,1.0,1.0,,0.0,2
B,RandomForest,tue,1015,1.0,1.0,,0.0,2
B,RandomForest,tue,1016,1.0,1.0,,0.0,2
B,RandomForest,tue,1017,1.0,1.0,,0.0,2
B,RandomForest,tue,1018,1.0,1.0,,0.0,2
B,RandomForest,tue,1019,1.0,1.0,,0.0,2
B,RandomForest,tue,1020,1.0,1.0,,0.0,2
B,RandomForest,tue,1021,1.0,1.0,,0.0,2
B,RandomForest,tue,1022,1.0,1.0,,0.0,2
B,RandomForest,tue,1023,1.0,1.0,,0.0,2
B,RandomForest,tue,1024,1.0,1.0,,0.0,2
B,RandomForest,tue,1025,1.0,1.0,,0.0,2
B,RandomForest,tue,1026,1.0,1.0,,0.0,2
B,RandomForest,tue,1027,1.0,1.0,,0.0,2
B,RandomForest,tue,1028,1.0,1.0,,0.0,2
B,RandomForest,tue,1029,1.0,1.0,,0.0,2
B,RandomForest,tue,1030,1.0,1.0,,0.0,2
B,RandomForest,tue,1031,1.0,1.0,,0.0,2
B,RandomForest,tue,1032,1.0,1.0,,0.0,2
B,RandomForest,wed,1222,1.0,1.0,1.0,0.0,3
B,RandomForest,wed,1223,1.0,1.0,1.0,0.0,3
B,RandomForest,wed,1224,1.0,1.0,1.0,0.0,3
B,RandomForest,wed,1225,1.0,1.0,1.0,0.0,3
B,RandomForest,wed,1226,1.0,1.0,1.0,0.0,3
B,RandomForest,wed,1227,1.0,1.0,1.0,0.0,3
B,RandomForest,wed,1228,0.9629629629629629,0.9907738095238096,0.9761904761904763,0.0,3
B,RandomForest,wed,1229,0.96,0.9893772893772894,0.9780219780219781,0.0,3
B,RandomForest,wed,1230,0.9565217391304348,0.9876373626373626,0.9791666666666666,0.0,3
B,RandomForest,wed,1231,0.9523809523809523,0.9854312354312355,0.9797979797979798,0.0,3
B,RandomForest,wed,1232,0.9473684210526315,0.9825757575757575,0.98,0.0,3
B,RandomForest,wed,1233,0.9411764705882353,0.9787878787878788,0.9797979797979797,0.0,3
B,RandomForest,wed,1234,0.9333333333333333,0.9642045454545455,0.96875,0.0,3
B,RandomForest,wed,1235,0.9230769230769231,0.9454545454545453,0.956043956043956,0.0,3
B,RandomForest,wed,1236,0.9090909090909091,0.9296296296296296,0.9523809523809523,0.0,3
B,RandomForest,wed,1237,0.8888888888888888,0.8944444444444446,0.9333333333333333,0.0,3
B,RandomForest,wed,1238,0.8571428571428571,0.8416666666666667,0.90625,0.0,3
B,RandomForest,wed,1239,0.8,0.7537037037037037,0.8627450980392156,0.0,3
B,RandomForest,wed,1240,0.6666666666666666,0.5868055555555556,0.8055555555555556,0.0,3
B,RandomForest,wed,1241,0.0,0.0625,0.631578947368421,0.0,3
B,RandomForest,wed,1242,0.0,0.07142857142857142,0.6842105263157895,0.0,3
B,RandomForest,wed,1243,0.0,0.0625,0.631578947368421,0.0,3
B,RandomForest,wed,1244,0.0,0.0625,0.631578947368421,0.0,3
B,RandomForest,wed,1245,0.0,0.0625,0.631578947368421,0.0,3
B,RandomForest,wed,1246,0.0,0.0625,0.631578947368421,0.0,3
B,RandomForest,wed,1247,0.0,0.0625,0.631578947368421,0.0,3
B,RandomForest,wed,1248,0.0,0.16666666666666666,0.8947368421052632,0.0,3
B,RandomForest,wed,1249,0.0,0.18154761904761904,0.7777777777777779,0.0,3
B,RandomForest,wed,1250,0.0,0.25,0.7745098039215685,0.0,3
B,RandomForest,wed,1251,0.0,0.28883928571428574,0.7421875,0.0,3
B,RandomForest,wed,1252,0.0,0.38358946608946604,0.7666666666666666,0.0,3
B,RandomForest,wed,1253,0.0,0.41115921115921117,0.738095238095238,0.0,3
B,RandomForest,wed,1254,0.0,0.714244485673057,0.8241758241758242,0.0,3
B,RandomForest,wed,1255,0.0,0.7038600288600289,0.7864583333333334,0.0,3
B,RandomForest,wed,1256,0.0,0.7378316128316129,0.7878787878787878,0.0,3
B,RandomForest,wed,1257,0.0,0.7829378954378954,0.815,0.0,3
B,RandomForest,wed,1258,0.0,0.828212444121535,0.8484848484848485,0.0,3
B,RandomForest,wed,1259,0.0,0.8712322399822401,0.8854166666666666,0.0,3
B,RandomForest,wed,1260,0.0,0.8886289992059222,0.8736263736263736,0.0,3
B,RandomForest,wed,1261,0.0,0.9098077517720374,0.8630952380952381,0.0,3
B,RandomForest,wed,1262,0.0,0.9117571045512223,0.8333333333333333,0.0,3
B,RandomForest,wed,1263,0.0,0.9962086397058824,0.984375,0.0,3
B,RandomForest,wed,1264,0.0,0.9900677118112466,0.9411764705882353,0.0,3
B,RandomForest,wed,1265,0.0,0.9930675701653211,0.9607843137254902,0.0,3
B,RandomForest,wed,1266,0.0,1.0,1.0,0.0,3
B,RandomForest,wed,1267,0.0,0.9972991689750692,0.9473684210526315,0.0,3
B,RandomForest,wed,1268,0.0,0.9972991689750692,0.9473684210526315,0.0,3
B,RandomForest,wed,1269,0.0,0.9972991689750692,0.9473684210526315,0.0,3
B,RandomForest,wed,1270,0.0,0.997299168975069,0.9473684210526315,0.0,3
B,RandomForest,wed,1271,0.0,0.9972991689750692,0.9473684210526315,0.0,3
B,RandomForest,wed,1272,0.0,0.9972991689750692,0.9473684210526315,0.0,3
B,RandomForest,wed,1273,0.0,0.994452139119729,0.8947368421052632,0.0,3
B,RandomForest,wed,1274,0.0,0.994452139119729,0.8947368421052632,0.0,3
B,RandomForest,wed,1275,0.0,0.9944521391197292,0.8947368421052632,0.0,3
B,RandomForest,wed,1276,0.0,0.9944521391197292,0.8947368421052632,0.0,3
B,RandomForest,wed,1277,0.0,0.9944521391197292,0.8947368421052632,0.0,3
B,RandomForest,wed,1278,0.0,0.9944521391197292,0.8947368421052632,0.0,3
B,RandomForest,wed,1279,0.0,0.9774938094146041,0.8055555555555556,0.0,3
B,RandomForest,wed,1280,0.0,0.9774938094146041,0.8055555555555556,0.0,3
B,RandomForest,wed,1281,0.0,0.9774938094146041,0.8055555555555556,0.0,3
B,RandomForest,wed,1282,0.0,0.9774938094146041,0.8055555555555556,0.0,3
B,RandomForest,wed,1283,0.0,0.969174420780458,0.8235294117647058,0.0,3
B,RandomForest,wed,1284,0.0,0.9735377045555065,0.8431372549019608,0.0,3
B,RandomForest,wed,1285,0.0,0.9623003476217827,0.7843137254901961,0.0,3
B,RandomForest,wed,1286,0.0,0.9569437917710943,0.8125,0.0,3
B,RandomForest,wed,1287,0.0,0.9650772765246449,0.88,0.0,3
B,RandomForest,wed,1288,0.0,0.9742836257309941,0.9066666666666666,0.0,3
B,RandomForest,wed,1289,0.0,0.9650772765246449,0.88,0.0,3
B,RandomForest,wed,1290,0.0,0.9650772765246449,0.88,0.0,3
B,RandomForest,wed,1291,0.0,0.955187166634535,0.8533333333333333,0.0,3
B,RandomForest,wed,1292,0.0,0.955187166634535,0.8533333333333333,0.0,3
B,RandomForest,wed,1293,0.0,0.9642041944983121,0.8933333333333333,0.0,3
B,RandomForest,wed,1294,0.0,0.9535204338145514,0.8666666666666667,0.0,3
B,RandomForest,wed,1295,0.0,0.9328872443346127,0.7999999999999999,0.0,3
B,RandomForest,wed,1296,0.0,0.92008227152964,0.7733333333333333,0.0,3
B,RandomForest,wed,1297,0.0,0.92008227152964,0.7733333333333333,0.0,3
B,RandomForest,wed,1298,0.0,0.9059848874322559,0.7466666666666666,0.0,3
B,RandomForest,wed,1299,0.0,0.9342383721906748,0.765625,0.0,3
B,RandomForest,wed,1300,0.0,0.9158257030959237,0.703125,0.0,3
B,RandomForest,wed,1301,0.0,0.9059670721435427,0.6875,0.0,3
B,RandomForest,wed,1302,0.0,0.9059670721435427,0.6875,0.0,3
B,RandomForest,wed,1303,0.0,0.9169884901718813,0.6470588235294118,0.0,3
B,RandomForest,wed,1304,0.0,0.8994153410027114,0.5882352941176472,0.0,3
B,RandomForest,wed,1305,0.0,0.9751770152505448,0.7777777777777778,0.0,3
B,RandomForest,wed,1306,0.0,0.9882417440660475,0.7894736842105263,0.0,3
B,RandomForest,wed,1307,0.0,1.0,,0.0,3
B,RandomForest,wed,1308,0.0,1.0000000000000002,,0.0,3
B,RandomForest,wed,1309,0.0,1.0000000000000002,,0.0,3
B,RandomForest,wed,1310,0.0,1.0000000000000002,,0.0,3
B,RandomForest,wed,1311,0.0,1.0000000000000002,,0.0,3
B,RandomForest,wed,1312,0.0,1.0000000000000002,,0.0,3
B,RandomForest,wed,1313,0.0,1.0000000000000002,,0.0,3
B,RandomForest,wed,1314,0.0,1.0,,0.0,3
B,RandomForest,wed,1315,0.0,1.0,,0.0,3
B,RandomForest,wed,1316,0.0,1.0,,0.0,3
B,RandomForest,wed,1317,0.0,1.0,,0.0,3
B,RandomForest,wed,1318,0.0,1.0,,0.0,3
B,RandomForest,wed,1319,0.0,1.0,,0.0,3
B,RandomForest,wed,1320,0.0,1.0,,0.0,3
B,RandomForest,wed,1321,0.0,1.0,,0.0,3
B,RandomForest,wed,1322,0.0,1.0,,0.0,3
B,RandomForest,wed,1323,0.0,1.0,,0.0,3
B,RandomForest,wed,1324,0.0,1.0,,0.0,3
B,RandomForest,wed,1325,0.0,1.0,,0.0,3
B,RandomForest,wed,1326,0.0,1.0,,0.0,3
B,RandomForest,wed,1327,0.0,1.0,,0.0,3
B,RandomForest,wed,1328,0.0,1.0,,0.0,3
B,RandomForest,wed,1329,0.0,1.0,,0.0,3
B,RandomForest,wed,1330,0.0,1.0,,0.0,3
B,RandomForest,wed,1331,0.0,1.0,,0.0,3
B,RandomForest,wed,1332,0.0,1.0,,0.0,3
B,RandomForest,wed,1333,0.0,1.0,,0.0,3
B,RandomForest,wed,1334,0.0,1.0,,0.0,3
B,RandomForest,wed,1335,0.0,1.0,,0.0,3
B,RandomForest,wed,1336,0.0,1.0,,0.0,3
B,RandomForest,wed,1337,0.0,1.0,,0.0,3
B,RandomForest,wed,1338,0.0,1.0,,0.0,3
B,RandomForest,wed,1339,0.0,1.0,,0.0,3
B,RandomForest,wed,1340,0.0,1.0000000000000002,,0.0,3
B,RandomForest,wed,1341,0.0,1.0000000000000002,,0.0,3
B,RandomForest,wed,1342,0.0,1.0,,0.0,3
B,RandomForest,wed,1343,0.0,1.0,,0.0,3
B,RandomForest,wed,1344,0.0,1.0,,0.0,3
B,RandomForest,wed,1345,0.0,1.0,,0.0,3
B,RandomForest,wed,1346,0.0,1.0,,0.0,3
B,RandomForest,wed,1347,0.0,1.0,,0.0,3
B,RandomForest,wed,1348,0.0,1.0,,0.0,3
B,RandomForest,wed,1349,0.0,1.0,,0.0,3
B,RandomForest,wed,1350,0.0,1.0,,0.0,3
B,RandomForest,wed,1351,0.0,1.0,,0.0,3
B,RandomForest,wed,1352,0.0,1.0,,0.0,3
B,RandomForest,wed,1353,0.0,1.0000000000000002,,0.0,3
B,RandomForest,wed,1354,0.0,1.0000000000000002,,0.0,3
B,RandomForest,wed,1355,0.0,1.0000000000000002,,0.0,3
B,RandomForest,wed,1356,0.0,1.0000000000000002,,0.0,3
B,RandomForest,wed,1357,0.0,1.0000000000000002,,0.0,3
B,RandomForest,wed,1358,0.0,1.0,,0.0,3
B,RandomForest,wed,1359,0.0,1.0,,0.0,3
B,RandomForest,wed,1360,0.0,1.0,,0.0,3
B,RandomForest,wed,1361,0.0,1.0,,0.0,3
B,RandomForest,wed,1362,0.0,1.0,,0.0,3
B,RandomForest,wed,1363,0.0,1.0,,0.0,3
B,RandomForest,wed,1364,0.0,1.0,,0.0,3
B,RandomForest,wed,1365,0.0,1.0,,0.0,3
B,RandomForest,wed,1366,0.0,1.0,,0.0,3
B,RandomForest,wed,1367,0.0,1.0,,0.0,3
B,RandomForest,wed,1368,0.0,1.0000000000000002,,0.0,3
B,RandomForest,wed,1369,0.0,1.0000000000000002,,0.0,3
B,RandomForest,wed,1370,0.0,1.0000000000000002,,0.0,3
B,RandomForest,wed,1371,0.0,1.0000000000000002,,0.0,3
B,RandomForest,wed,1372,0.0,1.0,,0.0,3
B,RandomForest,wed,1373,0.0,1.0000000000000002,,0.0,3
B,RandomForest,wed,1374,0.0,1.0000000000000002,,0.0,3
B,RandomForest,wed,1375,0.0,1.0000000000000002,,0.0,3
B,RandomForest,wed,1376,0.0,1.0000000000000002,,0.0,3
B,RandomForest,wed,1377,0.0,1.0000000000000002,,0.0,3
B,RandomForest,wed,1378,0.0,1.0000000000000002,,0.0,3
B,RandomForest,wed,1379,0.0,1.0000000000000002,,0.0,3
B,RandomForest,wed,1380,0.0,1.0000000000000002,,0.0,3
B,RandomForest,wed,1381,0.0,1.0000000000000002,,0.0,3
B,RandomForest,wed,1382,0.0,1.0,,0.0,3
B,RandomForest,wed,1383,0.0,1.0,,0.0,3
B,RandomForest,wed,1384,0.0,1.0000000000000002,,0.0,3
B,RandomForest,wed,1385,0.0,1.0,,0.0,3
B,RandomForest,wed,1386,0.0,1.0,,0.0,3
B,RandomForest,wed,1387,0.0,1.0,,0.0,3
B,RandomForest,wed,1388,0.0,1.0,,0.0,3
B,RandomForest,wed,1389,0.0,1.0,,0.0,3
B,RandomForest,wed,1390,0.0,1.0,,0.0,3
B,RandomForest,wed,1391,0.0,1.0,,0.0,3
B,RandomForest,wed,1392,0.0,1.0000000000000002,,0.0,3
B,RandomForest,wed,1393,0.0,1.0000000000000002,,0.0,3
B,RandomForest,wed,1394,0.0,1.0000000000000002,,0.0,3
B,RandomForest,wed,1395,0.0,1.0000000000000002,,0.0,3
B,RandomForest,wed,1396,0.0,1.0000000000000002,,0.0,3
B,RandomForest,wed,1397,0.0,1.0000000000000002,,0.0,3
B,RandomForest,wed,1398,0.0,1.0000000000000002,,0.0,3
B,RandomForest,wed,1399,0.0,1.0000000000000002,,0.0,3
B,RandomForest,wed,1400,0.0,1.0,,0.0,3
B,RandomForest,wed,1401,0.0,1.0,,0.0,3
B,RandomForest,wed,1402,0.0,1.0,,0.0,3
B,RandomForest,wed,1403,0.0,1.0,,0.0,3
B,RandomForest,wed,1404,0.0,1.0000000000000002,,0.0,3
B,RandomForest,wed,1405,0.0,1.0000000000000002,,0.0,3
B,RandomForest,wed,1406,0.0,1.0000000000000002,,0.0,3
B,RandomForest,wed,1407,0.0,1.0000000000000002,,0.0,3
B,RandomForest,wed,1408,0.0,1.0,,0.0,3
B,RandomForest,wed,1409,0.0,1.0,,0.0,3
B,RandomForest,wed,1410,0.0,1.0,,0.0,3
B,RandomForest,wed,1411,0.0,1.0,,0.0,3
B,RandomForest,wed,1412,0.0,1.0,,0.0,3
B,RandomForest,wed,1413,0.0,1.0,,0.0,3
B,RandomForest,wed,1414,0.0,1.0,,0.0,3
B,RandomForest,wed,1415,0.0,1.0,,0.0,3
B,RandomForest,wed,1416,0.0,1.0,,0.0,3
B,RandomForest,wed,1417,0.0,1.0000000000000002,,0.0,3
B,RandomForest,wed,1418,0.0,1.0,,0.0,3
B,RandomForest,wed,1419,0.0,1.0,,0.0,3
B,RandomForest,wed,1420,0.0,1.0,,0.0,3
B,RandomForest,wed,1421,0.0,1.0000000000000002,,0.0,3
B,RandomForest,wed,1422,0.0,1.0000000000000002,,0.0,3
B,RandomForest,wed,1423,0.0,1.0000000000000002,,0.0,3
B,RandomForest,wed,1424,0.0,1.0000000000000002,,0.0,3
B,RandomForest,wed,1425,0.0,1.0000000000000002,,0.0,3
B,RandomForest,wed,1426,0.0,1.0000000000000002,,0.0,3
B,RandomForest,wed,1427,0.0,1.0,,0.0,3
B,RandomForest,wed,1428,0.0,1.0,,0.0,3
B,RandomForest,wed,1429,0.0,1.0000000000000002,,0.0,3
B,RandomForest,wed,1430,0.0,1.0000000000000002,,0.0,3
B,RandomForest,wed,1431,0.0,1.0000000000000002,,0.0,3
B,RandomForest,wed,1432,0.0,1.0,,0.0,3
B,RandomForest,wed,1433,0.0,1.0000000000000002,,0.0,3
B,RandomForest,wed,1434,0.0,1.0000000000000002,,0.0,3
B,RandomForest,wed,1435,0.0,1.0000000000000002,,0.0,3
B,RandomForest,wed,1436,0.0,1.0000000000000002,,0.0,3
B,RandomForest,wed,1437,0.0,1.0,,0.0,3
B,RandomForest,wed,1438,0.0,1.0,,0.0,3
B,RandomForest,wed,1439,0.0,1.0,,0.0,3
B,RandomForest,wed,1440,0.0,1.0,,0.0,3
B,RandomForest,wed,1441,0.0,1.0,,0.0,3
B,RandomForest,wed,1442,0.0,1.0,,0.0,3
B,RandomForest,wed,1443,0.0,1.0,,0.0,3
B,RandomForest,wed,1444,0.0,1.0,,0.0,3
B,RandomForest,wed,1445,0.0,1.0,,0.0,3
B,RandomForest,wed,1446,0.0,1.0,,0.0,3
B,RandomForest,wed,1447,0.0,1.0,,0.0,3
B,RandomForest,wed,1448,0.0,1.0,,0.0,3
B,RandomForest,wed,1449,0.0,1.0,,0.0,3
B,RandomForest,wed,1450,0.0,1.0,,0.0,3
B,RandomForest,wed,1451,0.0,1.0,,0.0,3
B,RandomForest,wed,1452,0.0,1.0000000000000002,,0.0,3
B,RandomForest,wed,1453,0.0,1.0000000000000002,,0.0,3
B,RandomForest,wed,1454,0.0,1.0000000000000002,,0.0,3
B,RandomForest,wed,1455,0.0,1.0,,0.0,3
B,RandomForest,wed,1456,0.0,1.0,,0.0,3
B,RandomForest,wed,1457,0.0,1.0,,0.0,3
B,RandomForest,wed,1458,0.0,1.0,,0.0,3
B,RandomForest,wed,1459,0.0,1.0,,0.0,3
B,RandomForest,wed,1460,0.0,1.0,,0.0,3
B,RandomForest,wed,1461,0.0,1.0,,0.0,3
B,RandomForest,wed,1462,0.0,1.0,,0.0,3
B,RandomForest,wed,1463,0.0,1.0,,0.0,3
B,RandomForest,wed,1464,0.0,1.0000000000000002,,0.0,3
B,RandomForest,wed,1465,0.0,1.0000000000000002,,0.0,3
B,RandomForest,wed,1466,0.0,1.0000000000000002,,0.0,3
B,RandomForest,wed,1467,0.0,1.0000000000000002,,0.0,3
B,RandomForest,wed,1468,0.0,1.0000000000000002,,0.0,3
B,RandomForest,wed,1469,0.0,1.0,,0.0,3
B,RandomForest,wed,1470,0.0,1.0,,0.0,3
B,RandomForest,wed,1471,0.0,1.0,,0.0,3
B,RandomForest,wed,1472,0.0,1.0,,0.0,3
B,RandomForest,wed,1473,0.0,1.0,,0.0,3
B,RandomForest,wed,1474,0.0,0.981216230721282,0.6842105263157895,0.0,3
B,RandomForest,wed,1475,0.0,0.9812162307212817,0.6842105263157895,0.0,3
B,RandomForest,wed,1476,0.0,0.9638964545182296,0.6944444444444444,0.0,3
B,RandomForest,wed,1477,0.0,0.9444905766545723,0.6862745098039217,0.0,3
B,RandomForest,wed,1478,0.0,0.9318943493524625,0.627450980392157,0.0,3
B,RandomForest,wed,1479,0.0,0.9183143019488857,0.5686274509803921,0.0,3
B,RandomForest,wed,1480,0.0,0.9318943493524627,0.627450980392157,0.0,3
B,RandomForest,wed,1481,0.0,0.9183143019488857,0.5686274509803921,0.0,3
B,RandomForest,wed,1482,0.0,0.9035798533909079,0.5098039215686274,0.0,3
B,RandomForest,wed,1483,0.0,0.9035798533909079,0.5098039215686274,0.0,3
B,RandomForest,wed,1484,0.0,0.8874702277224586,0.4509803921568628,0.0,3
B,RandomForest,wed,1485,0.0,0.9035798533909079,0.5098039215686274,0.0,3
B,RandomForest,wed,1486,0.0,0.8873673893843261,0.4509803921568628,0.0,3
B,RandomForest,wed,1487,0.0,0.8873673893843261,0.4509803921568628,0.0,3
B,RandomForest,wed,1488,0.0,0.8873673893843261,0.4509803921568628,0.0,3
B,RandomForest,wed,1489,0.0,0.8965546073950736,0.4901960784313726,0.0,3
B,RandomForest,wed,1490,0.0,0.879489238123822,0.43137254901960786,0.0,3
B,RandomForest,wed,1491,0.0,0.879489238123822,0.43137254901960786,0.0,3
B,RandomForest,wed,1492,0.0,0.8965546073950736,0.4901960784313726,0.0,3
B,RandomForest,wed,1493,0.0,0.879489238123822,0.43137254901960786,0.0,3
B,RandomForest,wed,1494,0.0,0.8995263088961867,0.5392156862745099,0.0,3
B,RandomForest,wed,1495,0.0,0.861123364241108,0.5078125,0.0,3
B,RandomForest,wed,1496,0.0,0.7274924118601556,0.4140625,0.0,3
B,RandomForest,wed,1497,0.0,0.7274924118601557,0.4140625,0.0,3
B,RandomForest,wed,1498,0.0,0.6926911395564648,0.43333333333333335,0.0,3
B,RandomForest,wed,1499,0.0,0.6637490927545107,0.45833333333333337,0.0,3
B,RandomForest,wed,1500,0.0,0.5593667571876669,0.36813186813186816,0.0,3
B,RandomForest,wed,1501,0.0,0.4929889494034231,0.34895833333333337,0.0,3
B,RandomForest,wed,1502,0.0,0.46967653089944106,0.39898989898989906,0.0,3
B,RandomForest,wed,1503,0.0,0.42442724458204334,0.385,0.0,3
B,RandomForest,wed,1504,0.0,0.40501205355436526,0.43434343434343436,0.0,3
B,RandomForest,wed,1505,0.0,0.3516429707848051,0.40625,0.0,3
B,RandomForest,wed,1506,0.0,0.33634190518312584,0.4615384615384615,0.0,3
B,RandomForest,wed,1507,0.0,0.24952183358723606,0.38095238095238093,0.0,3
B,RandomForest,wed,1508,0.0,0.19374871001031993,0.3466666666666667,0.0,3
B,RandomForest,wed,1509,0.0,0.13137899896800825,0.25,0.0,3
B,RandomForest,wed,1510,0.0,0.10518790849673203,0.3137254901960784,0.0,3
B,RandomForest,wed,1511,0.0,0.07819794584500467,0.38888888888888895,0.0,3
B,RandomForest,wed,1512,0.0,0.027777777777777776,0.10526315789473684,0.0,3
B,RandomForest,wed,1513,0.0,0.5,,0.0,3
B,RandomForest,wed,1514,0.0,0.5,,0.0,3
B,RandomForest,wed,1515,0.0,0.5,,0.0,3
B,RandomForest,wed,1516,0.0,0.5,,0.0,3
B,RandomForest,wed,1517,0.0,0.5,,0.0,3
B,RandomForest,wed,1518,0.0,0.5,,0.0,3
B,RandomForest,wed,1519,0.0,0.5,,0.0,3
B,RandomForest,wed,1520,0.0,0.5,,0.0,3
B,RandomForest,wed,1521,0.0,0.5,,0.0,3
B,RandomForest,wed,1522,0.0,0.5,,0.0,3
B,RandomForest,wed,1523,0.0,0.5,,0.0,3
B,RandomForest,wed,1524,0.0,0.5,,0.0,3
B,RandomForest,wed,1525,0.0,0.5,,0.0,3
B,RandomForest,wed,1526,0.0,0.5,,0.0,3
B,RandomForest,wed,1527,0.0,0.5,,0.0,3
B,RandomForest,wed,1528,0.0,0.5,,0.0,3
B,RandomForest,wed,1529,0.0,0.5,,0.0,3
B,RandomForest,wed,1530,0.0,0.5,,0.0,3
B,RandomForest,wed,1531,0.0,0.5,,0.0,3
B,RandomForest,wed,1532,0.0,0.5,,0.0,3
B,RandomForest,wed,1533,0.0,0.5,,0.0,3
B,RandomForest,wed,1534,0.0,0.5,,0.0,3
B,RandomForest,wed,1535,0.0,0.5,,0.0,3
B,RandomForest,wed,1536,0.0,0.5,,0.0,3
B,RandomForest,wed,1537,0.0,0.5,,0.0,3
B,RandomForest,wed,1538,0.0,0.5,,0.0,3
B,RandomForest,wed,1539,0.0,0.5,,0.0,3
B,RandomForest,wed,1540,0.0,0.5,,0.0,3
B,RandomForest,wed,1541,0.0,0.5,,0.0,3
B,RandomForest,wed,1542,0.0,0.5,,0.0,3
B,RandomForest,wed,1543,0.0,0.5,,0.0,3
B,RandomForest,wed,1544,0.0,0.5,,0.0,3
B,RandomForest,wed,1545,0.0,0.5,,0.0,3
B,RandomForest,wed,1546,0.0,0.5,,0.0,3
B,RandomForest,wed,1547,0.0,0.5,,0.0,3
B,RandomForest,wed,1548,0.0,0.5,,0.0,3
B,RandomForest,wed,1549,0.0,0.5,,0.0,3
B,RandomForest,wed,1550,0.0,0.5,,0.0,3
B,RandomForest,wed,1551,0.0,0.5,,0.0,3
B,RandomForest,wed,1552,0.0,0.5,,0.0,3
B,RandomForest,wed,1553,0.0,0.5,,0.0,3
B,RandomForest,wed,1554,0.0,0.5,,0.0,3
B,RandomForest,wed,1555,0.0,0.5,,0.0,3
B,RandomForest,wed,1556,0.0,0.5,,0.0,3
B,RandomForest,wed,1557,0.0,0.5,,0.0,3
B,RandomForest,wed,1558,0.0,0.5,,0.0,3
B,RandomForest,wed,1559,0.0,0.5,,0.0,3
B,RandomForest,wed,1560,0.0,0.5,,0.0,3
B,RandomForest,wed,1561,0.0,0.5,,0.0,3
B,RandomForest,wed,1562,0.0,0.5,,0.0,3
B,RandomForest,wed,1563,0.0,0.5,,0.0,3
B,RandomForest,wed,1564,0.0,0.5,,0.0,3
B,RandomForest,wed,1565,0.0,0.5,,0.0,3
B,RandomForest,wed,1566,0.0,0.5,,0.0,3
B,RandomForest,wed,1567,0.0,0.5,,0.0,3
B,RandomForest,wed,1568,0.0,0.5,,0.0,3
B,RandomForest,wed,1569,0.0,0.5,,0.0,3
B,RandomForest,wed,1570,0.0,0.08333333333333333,0.7894736842105263,0.0,3
B,RandomForest,wed,1571,0.0,0.07142857142857142,0.7368421052631579,0.0,3
B,RandomForest,wed,1572,0.0,0.08333333333333333,0.7894736842105263,0.0,3
B,RandomForest,wed,1573,0.0,0.08333333333333333,0.7894736842105263,0.0,3
B,RandomForest,wed,1574,0.0,0.08333333333333333,0.7894736842105263,0.0,3
B,RandomForest,wed,1575,0.0,0.08333333333333333,0.7894736842105263,0.0,3
B,RandomForest,wed,1576,0.0,0.08333333333333333,0.7894736842105263,0.0,3
B,RandomForest,wed,1577,0.0,0.08333333333333333,0.7894736842105263,0.0,3
B,RandomForest,wed,1578,0.0,0.1,0.8157894736842105,0.0,3
B,RandomForest,wed,1579,0.0,0.1,0.8157894736842105,0.0,3
B,RandomForest,wed,1580,0.0,0.1,0.8157894736842105,0.0,3
B,RandomForest,wed,1581,0.0,0.1,0.8157894736842106,0.0,3
B,RandomForest,wed,1582,0.0,0.125,0.868421052631579,0.0,3
B,RandomForest,wed,1583,0.0,0.125,0.868421052631579,0.0,3
B,RandomForest,wed,1584,0.0,0.16666666666666666,0.8947368421052632,0.0,3
B,RandomForest,wed,1585,0.0,0.16666666666666666,0.894736842105263,0.0,3
B,RandomForest,wed,1586,0.0,0.25,0.9473684210526316,0.0,3
B,RandomForest,wed,1587,0.0,0.25,0.9473684210526316,0.0,3
B,RandomForest,wed,1588,0.0,0.16666666666666666,0.8947368421052632,0.0,3
B,RandomForest,wed,1589,0.0,0.16666666666666666,0.8947368421052632,0.0,3
B,RandomForest,wed,1590,0.0,0.5,,0.0,3
B,RandomForest,wed,1591,0.0,0.5,,0.0,3
B,RandomForest,wed,1592,0.0,0.5,,0.0,3
B,RandomForest,wed,1593,0.0,0.5,,0.0,3
B,RandomForest,wed,1594,0.0,0.5,,0.0,3
B,RandomForest,wed,1595,0.0,0.5,,0.0,3
B,RandomForest,wed,1596,0.0,0.5,,0.0,3
B,RandomForest,wed,1597,0.0,0.5,,0.0,3
B,RandomForest,wed,1598,0.0,0.5,,0.0,3
B,RandomForest,wed,1599,0.0,0.5,,0.0,3
B,RandomForest,wed,1600,0.0,0.5,,0.0,3
B,RandomForest,wed,1601,0.0,0.5,,0.0,3
B,RandomForest,wed,1602,0.0,0.5,,0.0,3
B,RandomForest,wed,1603,0.0,0.5,,0.0,3
B,RandomForest,wed,1604,0.0,0.5,,0.0,3
B,RandomForest,wed,1605,0.0,0.5,,0.0,3
B,RandomForest,wed,1606,0.0,0.5,,0.0,3
B,RandomForest,wed,1607,0.0,0.5,,0.0,3
B,RandomForest,wed,1608,0.0,0.5,,0.0,3
B,RandomForest,wed,1609,0.0,0.5,,0.0,3
B,RandomForest,wed,1610,0.0,0.5,,0.0,3
B,RandomForest,wed,1611,0.0,0.5,,0.0,3
B,RandomForest,wed,1612,0.0,0.5,,0.0,3
B,RandomForest,wed,1613,0.0,0.5,,0.0,3
B,RandomForest,wed,1614,0.0,0.5,,0.0,3
B,RandomForest,wed,1615,0.0,0.5,,0.0,3
B,RandomForest,wed,1616,0.0,0.5,,0.0,3
B,RandomForest,wed,1617,0.0,0.5,,0.0,3
B,RandomForest,wed,1618,0.0,0.5,,0.0,3
B,RandomForest,wed,1619,0.0,0.5,,0.0,3
B,RandomForest,wed,1620,0.0,0.5,,0.0,3
B,RandomForest,wed,1621,0.0,0.5,,0.0,3
B,RandomForest,wed,1622,0.0,0.5,,0.0,3
B,RandomForest,wed,1623,0.0,0.5,,0.0,3
B,RandomForest,wed,1624,0.0,0.5,,0.0,3
B,RandomForest,wed,1625,0.0,0.5,,0.0,3
B,RandomForest,wed,1626,0.0,0.5,,0.0,3
B,RandomForest,wed,1627,0.0,0.5,,0.0,3
B,RandomForest,wed,1628,0.0,0.5,,0.0,3
B,RandomForest,wed,1629,0.0,0.5,,0.0,3
B,RandomForest,wed,1630,0.0,0.5,,0.0,3
B,RandomForest,wed,1631,0.0,0.5,,0.0,3
B,RandomForest,wed,1632,0.0,0.5,,0.0,3
B,RandomForest,wed,1633,0.0,0.5,,0.0,3
B,RandomForest,wed,1634,0.0,0.5,,0.0,3
B,RandomForest,wed,1635,0.0,0.5,,0.0,3
B,RandomForest,wed,1636,0.0,0.5,,0.0,3
B,RandomForest,wed,1637,0.0,0.5,,0.0,3
B,RandomForest,wed,1638,0.0,0.5,,0.0,3
B,RandomForest,wed,1639,0.0,0.5,,0.0,3
B,RandomForest,wed,1640,0.0,0.5,,0.0,3
B,RandomForest,wed,1641,0.0,0.5,,0.0,3
B,RandomForest,wed,1642,0.0,0.5,,0.0,3
B,RandomForest,wed,1643,0.0,0.5,,0.0,3
B,RandomForest,wed,1644,0.0,0.5,,0.0,3
B,RandomForest,wed,1645,0.0,0.5,,0.0,3
B,RandomForest,wed,1646,0.0,0.5,,0.0,3
B,RandomForest,wed,1647,0.0,0.5,,0.0,3
B,RandomForest,wed,1648,0.0,0.5,,0.0,3
B,RandomForest,wed,1649,0.0,0.5,,0.0,3
B,RandomForest,wed,1650,0.0,0.5,,0.0,3
B,RandomForest,wed,1651,0.0,0.5,,0.0,3
B,RandomForest,wed,1652,0.0,0.5,,0.0,3
B,RandomForest,wed,1653,0.0,0.5,,0.0,3
B,RandomForest,wed,1654,0.0,0.5,,0.0,3
B,RandomForest,wed,1655,0.0,0.5,,0.0,3
B,RandomForest,wed,1656,0.0,0.5,,0.0,3
B,RandomForest,wed,1657,0.0,0.5,,0.0,3
B,RandomForest,wed,1658,0.0,0.5,,0.0,3
B,RandomForest,wed,1659,0.0,0.5,,0.0,3
B,RandomForest,wed,1660,0.0,0.5,,0.0,3
B,RandomForest,wed,1661,0.0,0.5,,0.0,3
B,RandomForest,wed,1662,0.0,0.5,,0.0,3
B,RandomForest,wed,1663,0.0,0.5,,0.0,3
B,RandomForest,wed,1664,0.0,0.5,,0.0,3
B,RandomForest,wed,1665,0.0,0.5,,0.0,3
B,RandomForest,wed,1666,0.0,0.5,,0.0,3
B,RandomForest,wed,1667,0.0,0.5,,0.0,3
B,RandomForest,wed,1668,0.0,0.08333333333333333,0.736842105263158,0.0,3
B,RandomForest,wed,1669,0.0,0.6130952380952381,0.861111111111111,0.0,3
B,RandomForest,wed,1670,0.0,0.5188492063492063,0.803921568627451,0.0,3
B,RandomForest,wed,1671,0.0,0.6071428571428571,0.859375,0.0,3
B,RandomForest,wed,1672,0.0,0.5896825396825397,0.8266666666666667,0.0,3
B,RandomForest,wed,1673,0.0,0.6340277777777777,0.8452380952380952,0.0,3
B,RandomForest,wed,1674,0.0,0.6784013605442176,0.8461538461538461,0.0,3
B,RandomForest,wed,1675,0.0,0.6830289502164502,0.8229166666666667,0.0,3
B,RandomForest,wed,1676,0.0,0.7159211159211158,0.8181818181818181,0.0,3
B,RandomForest,wed,1677,0.0,0.783878205128205,0.8200000000000001,0.0,3
B,RandomForest,wed,1678,0.0,0.8279864075318621,0.8181818181818182,0.0,3
B,RandomForest,wed,1679,0.0,0.8590683621933624,0.8125,0.0,3
B,RandomForest,wed,1680,0.0,0.892088467088467,0.8461538461538461,0.0,3
B,RandomForest,wed,1681,0.0,0.9634327973613688,0.9285714285714286,0.0,3
B,RandomForest,wed,1682,0.0,0.9686081973581973,0.92,0.0,3
B,RandomForest,wed,1683,0.0,0.972749026402519,0.90625,0.0,3
B,RandomForest,wed,1684,0.0,0.9709910235861794,0.8627450980392157,0.0,3
B,RandomForest,wed,1685,0.0,1.0,1.0,0.0,3
B,RandomForest,wed,1686,0.0,0.9999999999999998,1.0,0.0,3
B,RandomForest,wed,1687,0.0,1.0,,0.0,3
B,RandomForest,wed,1688,0.0,1.0000000000000002,,0.0,3
B,RandomForest,wed,1689,0.0,1.0000000000000002,,0.0,3
B,RandomForest,wed,1690,0.0,1.0000000000000002,,0.0,3
B,RandomForest,wed,1691,0.0,1.0000000000000002,,0.0,3
B,RandomForest,wed,1692,0.0,1.0000000000000002,,0.0,3
B,RandomForest,wed,1693,0.0,1.0000000000000002,,0.0,3
B,RandomForest,wed,1694,0.0,1.0000000000000002,,0.0,3
B,RandomForest,wed,1695,0.0,1.0,,0.0,3
B,RandomForest,wed,1696,0.0,1.0,,0.0,3
B,RandomForest,wed,1697,0.0,1.0,,0.0,3
B,RandomForest,wed,1698,0.0,1.0,,0.0,3
B,RandomForest,wed,1699,0.0,1.0,,0.0,3
B,RandomForest,wed,1700,0.0,1.0,,0.0,3
B,RandomForest,wed,1701,0.0,1.0,,0.0,3
B,RandomForest,wed,1702,0.0,1.0,,0.0,3
B,RandomForest,wed,1703,0.0,1.0000000000000002,,0.0,3
B,RandomForest,wed,1704,0.0,1.0,,0.0,3
B,RandomForest,wed,1705,0.0,1.0,,0.0,3
B,RandomForest,wed,1706,0.0,1.0,,0.0,3
B,RandomForest,wed,1707,0.0,1.0,,0.0,3
B,RandomForest,wed,1708,0.0,1.0,,0.0,3
B,RandomForest,wed,1709,0.0,1.0,,0.0,3
B,RandomForest,wed,1710,0.0,1.0,,0.0,3
B,RandomForest,wed,1711,0.0,1.0,,0.0,3
B,RandomForest,wed,1712,0.0,1.0,,0.0,3
B,RandomForest,wed,1713,0.0,1.0,,0.0,3
B,RandomForest,wed,1714,0.0,1.0,,0.0,3
B,RandomForest,wed,1715,0.0,1.0,,0.0,3
B,RandomForest,wed,1716,0.0,1.0,,0.0,3
B,RandomForest,wed,1717,0.0,1.0,,0.0,3
B,RandomForest,wed,1718,0.0,1.0,,0.0,3
B,RandomForest,wed,1719,0.0,1.0,,0.0,3
B,RandomForest,wed,1720,0.0,1.0,,0.0,3
B,RandomForest,wed,1721,0.0,1.0,,0.0,3
B,RandomForest,wed,1722,0.0,1.0,,0.0,3
B,RandomForest,wed,1723,0.0,1.0,,0.0,3
B,RandomForest,wed,1724,0.0,1.0,,0.0,3
B,RandomForest,wed,1725,0.0,1.0,,0.0,3
B,RandomForest,wed,1726,0.0,1.0,,0.0,3
B,RandomForest,wed,1727,0.0,1.0,,0.0,3
B,RandomForest,wed,1728,0.0,1.0,,0.0,3
B,RandomForest,wed,1729,0.0,1.0,,0.0,3
B,RandomForest,wed,1730,0.0,1.0,,0.0,3
B,RandomForest,wed,1731,0.0,1.0000000000000002,,0.0,3
B,RandomForest,wed,1732,0.0,1.0000000000000002,,0.0,3
B,RandomForest,wed,1733,0.0,1.0000000000000002,,0.0,3
B,RandomForest,wed,1734,0.0,1.0,,0.0,3
B,RandomForest,wed,1735,0.0,1.0,,0.0,3
B,RandomForest,wed,1736,0.0,1.0,,0.0,3
B,RandomForest,wed,1737,0.0,1.0,,0.0,3
B,RandomForest,wed,1738,0.0,1.0000000000000002,,0.0,3
B,RandomForest,wed,1739,0.0,1.0000000000000002,,0.0,3
B,RandomForest,wed,1740,0.0,1.0000000000000002,,0.0,3
B,RandomForest,wed,1741,0.0,1.0000000000000002,,0.0,3
B,RandomForest,wed,1742,0.0,1.0000000000000002,,0.0,3
B,RandomForest,wed,1743,0.0,1.0000000000000002,,0.0,3
B,RandomForest,wed,1744,0.0,1.0000000000000002,,0.0,3
B,RandomForest,wed,1745,0.0,1.0000000000000002,,0.0,3
B,RandomForest,wed,1746,0.0,1.0000000000000002,,0.0,3
B,RandomForest,wed,1747,0.0,1.0000000000000002,,0.0,3
B,RandomForest,wed,1748,0.0,1.0000000000000002,,0.0,3
B,RandomForest,wed,1749,0.0,1.0000000000000002,,0.0,3
B,RandomForest,wed,1750,0.0,1.0000000000000002,,0.0,3
B,RandomForest,wed,1751,0.0,1.0000000000000002,,0.0,3
B,RandomForest,wed,1752,0.0,1.0000000000000002,,0.0,3
B,RandomForest,wed,1753,0.0,1.0000000000000002,,0.0,3
B,RandomForest,wed,1754,0.0,1.0000000000000002,,0.0,3
B,RandomForest,wed,1755,0.0,1.0000000000000002,,0.0,3
B,RandomForest,wed,1756,0.0,1.0000000000000002,,0.0,3
B,RandomForest,wed,1757,0.0,1.0000000000000002,,0.0,3
B,RandomForest,wed,1758,0.0,1.0000000000000002,,0.0,3
B,RandomForest,wed,1759,0.0,1.0,,0.0,3
B,RandomForest,wed,1760,0.0,1.0,,0.0,3
B,RandomForest,wed,1761,0.0,1.0,,0.0,3
B,RandomForest,wed,1762,0.0,1.0,,0.0,3
B,RandomForest,wed,1763,0.0,1.0,,0.0,3
B,RandomForest,wed,1764,0.0,1.0,,0.0,3
B,RandomForest,wed,1765,0.0,1.0,,0.0,3
B,RandomForest,wed,1766,0.0,1.0,,0.0,3
B,RandomForest,wed,1767,0.0,1.0,,0.0,3
B,RandomForest,wed,1768,0.0,1.0,,0.0,3
B,RandomForest,wed,1769,0.0,1.0,,0.0,3
B,RandomForest,wed,1770,0.0,1.0,,0.0,3
B,RandomForest,wed,1771,0.0,1.0,,0.0,3
B,RandomForest,wed,1772,0.0,1.0,,0.0,3
B,RandomForest,wed,1773,0.0,1.0,,0.0,3
B,RandomForest,wed,1774,0.0,1.0,,0.0,3
B,RandomForest,wed,1775,0.0,1.0,,0.0,3
B,RandomForest,wed,1776,0.0,1.0,,0.0,3
B,RandomForest,wed,1777,0.0,1.0,,0.0,3
B,RandomForest,wed,1778,0.0,1.0,,0.0,3
B,RandomForest,wed,1779,0.0,1.0,,0.0,3
B,RandomForest,wed,1780,0.0,1.0,,0.0,3
B,RandomForest,wed,1781,0.0,1.0,,0.0,3
B,RandomForest,wed,1782,0.0,1.0,,0.0,3
B,RandomForest,wed,1783,0.0,1.0,,0.0,3
B,RandomForest,wed,1784,0.0,1.0,,0.0,3
B,RandomForest,wed,1785,0.0,1.0,,0.0,3
B,RandomForest,wed,1786,0.0,1.0,,0.0,3
B,RandomForest,wed,1787,0.0,1.0,,0.0,3
B,RandomForest,wed,1788,0.0,1.0,,0.0,3
B,RandomForest,wed,1789,0.0,1.0,,0.0,3
B,RandomForest,wed,1790,0.0,1.0,,0.0,3
B,RandomForest,wed,1791,0.0,1.0,,0.0,3
B,RandomForest,wed,1792,0.0,1.0,,0.0,3
B,RandomForest,wed,1793,0.0,1.0,,0.0,3
B,RandomForest,wed,1794,0.0,1.0,,0.0,3
B,RandomForest,wed,1795,0.0,1.0,,0.0,3
B,RandomForest,wed,1796,0.0,1.0,,0.0,3
B,RandomForest,wed,1797,0.0,1.0,,0.0,3
B,RandomForest,wed,1798,0.0,1.0,,0.0,3
B,RandomForest,wed,1799,0.0,1.0,,0.0,3
B,RandomForest,wed,1800,0.0,1.0,,0.0,3
B,RandomForest,wed,1801,0.0,1.0,,0.0,3
B,RandomForest,wed,1802,0.0,1.0,,0.0,3
B,RandomForest,wed,1803,0.0,1.0,,0.0,3
B,RandomForest,wed,1804,0.0,1.0,,0.0,3
B,RandomForest,wed,1805,0.0,0.9999999999999999,,0.0,3
B,RandomForest,wed,1806,0.0,0.9999999999999999,,0.0,3
B,RandomForest,wed,1807,0.0,1.0,,0.0,3
B,RandomForest,wed,1808,0.0,1.0,,0.0,3
B,RandomForest,wed,1809,0.0,1.0,,0.0,3
B,RandomForest,wed,1810,0.0,1.0,,0.0,3
B,RandomForest,wed,1811,0.0,1.0,,0.0,3
B,RandomForest,wed,1812,0.0,1.0,,0.0,3
B,RandomForest,wed,1813,0.0,1.0,,0.0,3
B,RandomForest,wed,1814,0.0,1.0,,0.0,3
B,RandomForest,wed,1815,0.0,1.0,,0.0,3
B,RandomForest,wed,1816,0.0,1.0,,0.0,3
B,RandomForest,wed,1817,0.0,1.0,,0.0,3
B,RandomForest,wed,1818,0.0,1.0,,0.0,3
B,RandomForest,wed,1819,0.0,1.0,,0.0,3
B,RandomForest,wed,1820,0.0,1.0,,0.0,3
B,RandomForest,wed,1821,0.0,1.0,,0.0,3
B,RandomForest,wed,1822,0.0,1.0,,0.0,3
B,RandomForest,wed,1823,0.0,1.0,,0.0,3
B,RandomForest,wed,1824,0.0,1.0,,0.0,3
B,RandomForest,wed,1825,0.0,1.0,,0.0,3
B,RandomForest,wed,1826,0.0,1.0,,0.0,3
B,RandomForest,wed,1827,0.0,1.0,,0.0,3
B,RandomForest,wed,1828,0.0,1.0,,0.0,3
B,RandomForest,wed,1829,0.0,1.0,,0.0,3
B,RandomForest,wed,1830,0.0,1.0,,0.0,3
B,RandomForest,wed,1831,0.0,1.0,,0.0,3
B,RandomForest,wed,1832,0.0,1.0000000000000002,,0.0,3
B,RandomForest,thu_am,1833,0.0,0.9999999999999998,1.0,0.0,4
B,RandomForest,thu_am,1834,0.0,1.0,1.0,0.0,4
B,RandomForest,thu_am,1835,0.0,0.9352550803675372,0.7647058823529412,0.0,4
B,RandomForest,thu_am,1836,0.0,0.9241218340483046,0.78125,0.0,4
B,RandomForest,thu_am,1837,0.0,0.9110081231404761,0.7866666666666666,0.0,4
B,RandomForest,thu_am,1838,0.0,0.9077071796084399,0.8214285714285714,0.0,4
B,RandomForest,thu_am,1839,0.0,0.8723440460997021,0.7912087912087913,0.0,4
B,RandomForest,thu_am,1840,0.0,0.8394519559960737,0.7604166666666667,0.0,4
B,RandomForest,thu_am,1841,0.0,0.8186659448691533,0.7575757575757576,0.0,4
B,RandomForest,thu_am,1842,0.0,0.7716790807231984,0.74,0.0,4
B,RandomForest,thu_am,1843,0.0,0.7149280503447171,0.7373737373737373,0.0,4
B,RandomForest,thu_am,1844,0.0,0.7358044733044733,0.8020833333333334,0.0,4
B,RandomForest,thu_am,1845,0.0,0.7358044733044733,0.8020833333333334,0.0,4
B,RandomForest,thu_am,1846,0.0,0.6239383632240774,0.7582417582417582,0.0,4
B,RandomForest,thu_am,1847,0.0,0.43182119676480574,0.6263736263736264,0.0,4
B,RandomForest,thu_am,1848,0.0,0.4637656412092502,0.6593406593406593,0.0,4
B,RandomForest,thu_am,1849,0.0,0.44097797913587394,0.6666666666666666,0.0,4
B,RandomForest,thu_am,1850,0.0,0.3768530300109247,0.6266666666666666,0.0,4
B,RandomForest,thu_am,1851,0.0,0.5268530300109247,0.6399999999999999,0.0,4
B,RandomForest,thu_am,1852,0.0,0.7168713450292397,0.7733333333333334,0.0,4
B,RandomForest,thu_am,1853,0.0,0.6662374418953365,0.7142857142857143,0.0,4
B,RandomForest,thu_am,1854,0.0,0.7461352557217218,0.7472527472527473,0.0,4
B,RandomForest,thu_am,1855,0.0,0.8413722607801555,0.8020833333333334,0.0,4
B,RandomForest,thu_am,1856,0.0,0.8755645345557628,0.8282828282828282,0.0,4
B,RandomForest,thu_am,1857,0.0,0.9024223218302165,0.8500000000000001,0.0,4
B,RandomForest,thu_am,1858,0.0,0.877607675692041,0.787878787878788,0.0,4
B,RandomForest,thu_am,1859,0.0,0.8876422081530442,0.7916666666666667,0.0,4
B,RandomForest,thu_am,1860,0.0,0.9272421349984459,0.8351648351648352,0.0,4
B,RandomForest,thu_am,1861,0.0,0.9423300739753635,0.8452380952380952,0.0,4
B,RandomForest,thu_am,1862,0.0,0.95518414878322,0.8533333333333333,0.0,4
B,RandomForest,thu_am,1863,0.0,0.9604379435225507,0.828125,0.0,4
B,RandomForest,thu_am,1864,0.0,0.9672444519603507,0.803921568627451,0.0,4
B,RandomForest,thu_am,1865,0.0,0.9562377755341241,0.7450980392156863,0.0,4
B,RandomForest,thu_am,1866,0.0,0.9751932595650347,0.7777777777777778,0.0,4
B,RandomForest,thu_am,1867,0.0,0.9751770152505447,0.7777777777777778,0.0,4
B,RandomForest,thu_am,1868,0.0,0.9751770152505447,0.7777777777777778,0.0,4
B,RandomForest,thu_am,1869,0.0,0.9882417440660474,0.7894736842105263,0.0,4
B,RandomForest,thu_am,1870,0.0,1.0,,0.0,4
B,RandomForest,thu_am,1871,0.0,1.0,,0.0,4
B,RandomForest,thu_am,1872,0.0,1.0,,0.0,4
B,RandomForest,thu_am,1873,0.0,1.0,,0.0,4
B,RandomForest,thu_am,1874,0.0,1.0,,0.0,4
B,RandomForest,thu_am,1875,0.0,1.0,,0.0,4
B,RandomForest,thu_am,1876,0.0,1.0,,0.0,4
B,RandomForest,thu_am,1877,0.0,1.0,,0.0,4
B,RandomForest,thu_am,1878,0.0,1.0,,0.0,4
B,RandomForest,thu_am,1879,0.0,1.0,,0.0,4
B,RandomForest,thu_am,1880,0.0,1.0,,0.0,4
B,RandomForest,thu_am,1881,0.0,1.0,,0.0,4
B,RandomForest,thu_am,1882,0.0,1.0,,0.0,4
B,RandomForest,thu_am,1883,0.0,1.0,,0.0,4
B,RandomForest,thu_am,1884,0.0,1.0,,0.0,4
B,RandomForest,thu_am,1885,0.0,1.0,,0.0,4
B,RandomForest,thu_am,1886,0.0,1.0,,0.0,4
B,RandomForest,thu_am,1887,0.0,1.0000000000000002,,0.0,4
B,RandomForest,thu_am,1888,0.0,1.0000000000000002,,0.0,4
B,RandomForest,thu_am,1889,0.0,1.0000000000000002,,0.0,4
B,RandomForest,thu_am,1890,0.0,1.0000000000000002,,0.0,4
B,RandomForest,thu_am,1891,0.0,1.0000000000000002,,0.0,4
B,RandomForest,thu_am,1892,0.0,1.0000000000000002,,0.0,4
B,RandomForest,thu_am,1893,0.0,1.0000000000000002,,0.0,4
B,RandomForest,thu_am,1894,0.0,1.0000000000000002,,0.0,4
B,RandomForest,thu_am,1895,0.0,0.9999999999999998,1.0,0.0,4
B,RandomForest,thu_am,1896,0.0,0.9744511191041121,0.8055555555555556,0.0,4
B,RandomForest,thu_am,1897,0.0,0.9648457403955037,0.8235294117647058,0.0,4
B,RandomForest,thu_am,1898,0.0,0.9460115502080478,0.796875,0.0,4
B,RandomForest,thu_am,1899,0.0,0.9502439909018856,0.8533333333333334,0.0,4
B,RandomForest,thu_am,1900,0.0,0.9471792514085746,0.869047619047619,0.0,4
B,RandomForest,thu_am,1901,0.0,0.9358323412979281,0.8681318681318682,0.0,4
B,RandomForest,thu_am,1902,0.0,0.9383398764977714,0.8854166666666666,0.0,4
B,RandomForest,thu_am,1903,0.0,0.9283861727940677,0.8749999999999999,0.0,4
B,RandomForest,thu_am,1904,0.0,0.9054209435788384,0.84375,0.0,4
B,RandomForest,thu_am,1905,0.0,0.9054209435788384,0.84375,0.0,4
B,RandomForest,thu_am,1906,0.0,0.9167470017798965,0.8541666666666667,0.0,4
B,RandomForest,thu_am,1907,0.0,0.9167470017798965,0.8541666666666667,0.0,4
B,RandomForest,thu_am,1908,0.0,0.9167470017798965,0.8541666666666667,0.0,4
B,RandomForest,thu_am,1909,0.0,0.9167470017798965,0.8541666666666667,0.0,4
B,RandomForest,thu_am,1910,0.0,0.9167470017798965,0.8541666666666667,0.0,4
B,RandomForest,thu_am,1911,0.0,0.9331506213085161,0.875,0.0,4
B,RandomForest,thu_am,1912,0.0,0.9331506213085161,0.875,0.0,4
B,RandomForest,thu_am,1913,0.0,0.9419469176048124,0.8854166666666667,0.0,4
B,RandomForest,thu_am,1914,0.0,0.9449067272596685,0.8958333333333334,0.0,4
B,RandomForest,thu_am,1915,0.0,0.9523980405559351,0.8901098901098902,0.0,4
B,RandomForest,thu_am,1916,0.0,0.9708169232605321,0.9166666666666666,0.0,4
B,RandomForest,thu_am,1917,0.0,0.9737961851407229,0.9285714285714286,0.0,4
B,RandomForest,thu_am,1918,0.0,0.981702777264752,0.9523809523809524,0.0,4
B,RandomForest,thu_am,1919,0.0,0.9907738095238094,0.9761904761904763,0.0,4
B,RandomForest,thu_am,1920,0.0,0.9873085901027078,0.96,0.0,4
B,RandomForest,thu_am,1921,0.0,0.992172181372549,0.96875,0.0,4
B,RandomForest,thu_am,1922,0.0,1.0,1.0,0.0,4
B,RandomForest,thu_am,1923,0.0,1.0,1.0,0.0,4
B,RandomForest,thu_am,1924,0.0,1.0,1.0,0.0,4
B,RandomForest,thu_am,1925,0.0,0.9861462148962149,0.9600000000000001,0.0,4
B,RandomForest,thu_am,1926,0.0,0.9840463108320251,0.9642857142857143,0.0,4
B,RandomForest,thu_am,1927,0.0,0.9814288275826737,0.9670329670329672,0.0,4
B,RandomForest,thu_am,1928,0.0,0.9781080031080032,0.96875,0.0,4
B,RandomForest,thu_am,1929,0.0,0.9738062442607898,0.9696969696969696,0.0,4
B,RandomForest,thu_am,1930,0.0,0.9680934343434342,0.9699999999999999,0.0,4
B,RandomForest,thu_am,1931,0.0,0.960273368606702,0.9696969696969697,0.0,4
B,RandomForest,thu_am,1932,0.0,0.9375248015873017,0.9583333333333334,0.0,4
B,RandomForest,thu_am,1933,0.0,0.91797052154195,0.956043956043956,0.0,4
B,RandomForest,thu_am,1934,0.0,0.9248015873015873,0.9642857142857144,0.0,4
B,RandomForest,thu_am,1935,0.0,0.8841666666666665,0.9533333333333334,0.0,4
B,RandomForest,thu_am,1936,0.0,0.8020833333333333,0.9296875,0.0,4
B,RandomForest,thu_am,1937,0.0,0.7862103174603174,0.9140625,0.0,4
B,RandomForest,thu_am,1938,0.0,0.4427083333333333,0.8515625,0.0,4
B,RandomForest,thu_am,1939,0.0,0.4329545454545455,0.8359375,0.0,4
B,RandomForest,thu_am,1940,0.0,0.4611111111111111,0.9215686274509803,0.0,4
B,RandomForest,thu_am,1941,0.0,0.3333333333333333,0.9166666666666667,0.0,4
B,RandomForest,thu_am,1942,0.0,0.25,0.9473684210526316,0.0,4
B,RandomForest,thu_am,1943,0.0,0.5,,0.0,4
B,RandomForest,thu_am,1944,0.0,0.5,,0.0,4
B,RandomForest,thu_am,1945,0.0,0.5,,0.0,4
B,RandomForest,thu_am,1946,0.0,0.5,,0.0,4
B,RandomForest,thu_am,1947,0.0,0.5,,0.0,4
B,RandomForest,thu_am,1948,0.0,0.5,,0.0,4
B,RandomForest,thu_am,1949,0.0,0.5,,0.0,4
B,RandomForest,thu_am,1950,0.0,0.5,,0.0,4
B,RandomForest,thu_am,1951,0.0,0.5,,0.0,4
B,RandomForest,thu_am,1952,0.0,0.5,,0.0,4
B,RandomForest,thu_am,1953,0.0,0.5,,0.0,4
B,RandomForest,thu_am,1954,0.0,0.5,,0.0,4
B,RandomForest,thu_am,1955,0.0,0.5,,0.0,4
B,RandomForest,thu_am,1956,0.0,0.5,,0.0,4
B,RandomForest,thu_am,1957,0.0,0.5,,0.0,4
B,RandomForest,thu_am,1958,0.0,0.5,,0.0,4
B,RandomForest,thu_am,1959,0.0,0.5,,0.0,4
B,RandomForest,thu_am,1960,0.0,0.5,,0.0,4
B,RandomForest,thu_am,1961,0.0,0.5,,0.0,4
B,RandomForest,thu_am,1962,0.0,0.5,,0.0,4
B,RandomForest,thu_am,1963,0.0,0.5,,0.0,4
B,RandomForest,thu_am,1964,0.0,0.5,,0.0,4
B,RandomForest,thu_am,1965,0.0,0.5,,0.0,4
B,RandomForest,thu_am,1966,0.0,0.5,,0.0,4
B,RandomForest,thu_am,1967,0.0,0.5,,0.0,4
B,RandomForest,thu_am,1968,0.0,0.5,,0.0,4
B,RandomForest,thu_am,1969,0.0,0.5,,0.0,4
B,RandomForest,thu_am,1970,0.0,0.5,,0.0,4
B,RandomForest,thu_am,1971,0.0,0.5,,0.0,4
B,RandomForest,thu_am,1972,0.0,0.5,,0.0,4
B,RandomForest,thu_am,1973,0.0,0.5,,0.0,4
B,RandomForest,thu_am,1974,0.0,0.5,,0.0,4
B,RandomForest,thu_am,1975,0.0,0.5,,0.0,4
B,RandomForest,thu_am,1976,0.0,0.5,,0.0,4
B,RandomForest,thu_am,1977,0.0,0.5,,0.0,4
B,RandomForest,thu_am,1978,0.0,0.5,,0.0,4
B,RandomForest,thu_am,1979,0.0,0.5,,0.0,4
B,RandomForest,thu_am,1980,0.0,0.5,,0.0,4
B,RandomForest,thu_am,1981,0.0,0.5,,0.0,4
B,RandomForest,thu_am,1982,0.0,0.5,,0.0,4
B,RandomForest,thu_am,1983,0.0,0.5,,0.0,4
B,RandomForest,thu_am,1984,0.0,0.5,,0.0,4
B,RandomForest,thu_am,1985,0.0,0.5,,0.0,4
B,RandomForest,thu_am,1986,0.0,0.5,,0.0,4
B,RandomForest,thu_am,1987,0.0,0.5,,0.0,4
B,RandomForest,thu_am,1988,0.0,0.5,,0.0,4
B,RandomForest,thu_am,1989,0.0,0.5,,0.0,4
B,RandomForest,thu_am,1990,0.0,0.5,,0.0,4
B,RandomForest,thu_am,1991,0.0,0.5,,0.0,4
B,RandomForest,thu_am,1992,0.0,0.5,,0.0,4
B,RandomForest,thu_am,1993,0.0,0.5,,0.0,4
B,RandomForest,thu_am,1994,0.0,0.5,,0.0,4
B,RandomForest,thu_am,1995,0.0,0.5,,0.0,4
B,RandomForest,thu_am,1996,0.0,0.5,,0.0,4
B,RandomForest,thu_am,1997,0.0,0.5,,0.0,4
B,RandomForest,thu_pm,2444,0.0,0.5,,0.0,4
B,RandomForest,thu_pm,2445,0.0,0.5,,0.0,4
B,RandomForest,thu_pm,2446,0.0,0.5,,0.0,4
B,RandomForest,thu_pm,2447,0.0,0.5,,0.0,4
B,RandomForest,thu_pm,2448,0.0,0.5,,0.0,4
B,RandomForest,thu_pm,2449,0.0,0.5,,0.0,4
B,RandomForest,thu_pm,2450,0.0,0.5,,0.0,4
B,RandomForest,thu_pm,2451,0.0,0.5,,0.0,4
B,RandomForest,thu_pm,2452,0.0,0.5,,0.0,4
B,RandomForest,thu_pm,2453,0.0,0.5,,0.0,4
B,RandomForest,thu_pm,2454,0.0,0.5,,0.0,4
B,RandomForest,thu_pm,2455,0.0,0.5,,0.0,4
B,RandomForest,thu_pm,2456,0.0,0.5,,0.0,4
B,RandomForest,thu_pm,2457,0.0,0.5,,0.0,4
B,RandomForest,thu_pm,2458,0.0,0.5,,0.0,4
B,RandomForest,thu_pm,2459,0.0,0.5,,0.0,4
B,RandomForest,thu_pm,2460,0.0,0.5,,0.0,4
B,RandomForest,thu_pm,2461,0.0,0.5,,0.0,4
B,RandomForest,thu_pm,2462,0.0,0.5,,0.0,4
B,RandomForest,thu_pm,2463,0.0,0.5,,0.0,4
B,RandomForest,thu_pm,2464,0.0,0.5,,0.0,4
B,RandomForest,thu_pm,2465,0.0,0.5,,0.0,4
B,RandomForest,thu_pm,2466,0.0,0.5,,0.0,4
B,RandomForest,thu_pm,2467,0.0,0.5,,0.0,4
B,RandomForest,thu_pm,2468,0.0,0.5,,0.0,4
B,RandomForest,thu_pm,2469,0.0,0.5,,0.0,4
B,RandomForest,thu_pm,2470,0.0,0.5,,0.0,4
B,RandomForest,thu_pm,2471,0.0,0.5,,0.0,4
B,RandomForest,thu_pm,2472,0.0,0.5,,0.0,4
B,RandomForest,thu_pm,2473,0.0,0.5,,0.0,4
B,RandomForest,thu_pm,2474,0.0,0.5,,0.0,4
B,RandomForest,thu_pm,2475,0.0,0.5,,0.0,4
B,RandomForest,thu_pm,2476,0.0,0.5,,0.0,4
B,RandomForest,thu_pm,2477,0.0,0.5,,0.0,4
B,RandomForest,thu_pm,2478,0.0,0.5,,0.0,4
B,RandomForest,thu_pm,2479,0.0,0.5,,0.0,4
B,RandomForest,thu_pm,2480,0.0,0.5,,0.0,4
B,RandomForest,thu_pm,2481,0.0,0.5,,0.0,4
B,RandomForest,thu_pm,2482,0.0,0.5,,0.0,4
B,RandomForest,thu_pm,2483,0.0,0.5,,0.0,4
B,RandomForest,thu_pm,2484,0.0,0.5,,0.0,4
B,RandomForest,thu_pm,2485,0.0,0.5,,0.0,4
B,RandomForest,thu_pm,2486,0.0,0.5,,0.0,4
B,RandomForest,thu_pm,2487,0.0,0.5,,0.0,4
B,RandomForest,thu_pm,2488,0.0,0.5,,0.0,4
B,RandomForest,thu_pm,2489,0.0,0.5,,0.0,4
B,RandomForest,thu_pm,2490,0.0,0.5,,0.0,4
B,RandomForest,thu_pm,2491,0.0,0.5,,0.0,4
B,RandomForest,thu_pm,2492,0.0,0.5,,0.0,4
B,RandomForest,thu_pm,2493,0.0,0.5,,0.0,4
B,RandomForest,thu_pm,2494,0.0,0.5,,0.0,4
B,RandomForest,thu_pm,2495,0.0,0.5,,0.0,4
B,RandomForest,thu_pm,2496,0.0,0.5,,0.0,4
B,RandomForest,thu_pm,2497,0.0,0.5,,0.0,4
B,RandomForest,thu_pm,2498,0.0,0.5,,0.0,4
B,RandomForest,thu_pm,2499,0.0,0.5,,0.0,4
B,RandomForest,thu_pm,2500,0.0,0.5,,0.0,4
B,RandomForest,thu_pm,2501,0.0,0.5,,0.0,4
B,RandomForest,thu_pm,2502,0.0,0.5,,0.0,4
B,RandomForest,thu_pm,2503,0.0,0.5,,0.0,4
B,RandomForest,thu_pm,2504,0.0,0.5,,0.0,4
B,RandomForest,thu_pm,2505,0.0,0.5,,0.0,4
B,RandomForest,thu_pm,2506,0.0,0.5,,0.0,4
B,RandomForest,thu_pm,2507,0.0,0.5,,0.0,4
B,RandomForest,thu_pm,2508,0.0,0.045454545454545456,0.4736842105263158,0.0,4
B,RandomForest,thu_pm,2509,0.0,0.05,0.5263157894736843,0.0,4
B,RandomForest,thu_pm,2510,0.0,0.0842948717948718,0.4444444444444444,0.0,4
B,RandomForest,thu_pm,2511,0.0,0.0842948717948718,0.4444444444444444,0.0,4
B,RandomForest,thu_pm,2512,0.0,0.09217171717171717,0.5,0.0,4
B,RandomForest,thu_pm,2513,0.0,0.10170454545454546,0.5555555555555556,0.0,4
B,RandomForest,thu_pm,2514,0.0,0.4775974025974026,0.7254901960784313,0.0,4
B,RandomForest,thu_pm,2515,0.0,0.4549783549783549,0.703125,0.0,4
B,RandomForest,thu_pm,2516,0.0,0.4125206956785904,0.56,0.0,4
B,RandomForest,thu_pm,2517,0.0,0.40065200880990354,0.5333333333333334,0.0,4
B,RandomForest,thu_pm,2518,0.0,0.40065200880990354,0.5333333333333334,0.0,4
B,RandomForest,thu_pm,2519,0.0,0.40049914968645617,0.4761904761904761,0.0,4
B,RandomForest,thu_pm,2520,0.0,0.4059099397334691,0.5,0.0,4
B,RandomForest,thu_pm,2521,0.0,0.41199654104065864,0.5238095238095238,0.0,4
B,RandomForest,thu_pm,2522,0.0,0.41889430014430007,0.5476190476190476,0.0,4
B,RandomForest,thu_pm,2523,0.0,0.5602311379097094,0.6153846153846154,0.0,4
B,RandomForest,thu_pm,2524,0.0,0.5750553266178267,0.6041666666666667,0.0,4
B,RandomForest,thu_pm,2525,0.0,0.6153245674079009,0.6313131313131313,0.0,4
B,RandomForest,thu_pm,2526,0.0,0.7282055444555444,0.705,0.0,4
B,RandomForest,thu_pm,2527,0.0,0.7423722111222111,0.715,0.0,4
B,RandomForest,thu_pm,2528,0.0,0.7423722111222111,0.715,0.0,4
B,RandomForest,thu_pm,2529,0.0,0.7587891275391276,0.7121212121212122,0.0,4
B,RandomForest,thu_pm,2530,0.0,0.7553804528804529,0.745,0.0,4
B,RandomForest,thu_pm,2531,0.0,0.7778804528804529,0.755,0.0,4
B,RandomForest,thu_pm,2532,0.0,0.7862778887778887,0.77,0.0,4
B,RandomForest,thu_pm,2533,0.0,0.7729571817071816,0.75,0.0,4
B,RandomForest,thu_pm,2534,0.0,0.6928574511907846,0.696969696969697,0.0,4
B,RandomForest,thu_pm,2535,0.0,0.6161059426684427,0.6875,0.0,4
B,RandomForest,thu_pm,2536,0.0,0.5308952951810095,0.6703296703296703,0.0,4
B,RandomForest,thu_pm,2537,0.0,0.5653194028194028,0.7252747252747253,0.0,4
B,RandomForest,thu_pm,2538,0.0,0.5308952951810094,0.6703296703296703,0.0,4
B,RandomForest,thu_pm,2539,0.0,0.5124604562104562,0.6785714285714286,0.0,4
B,RandomForest,thu_pm,2540,0.0,0.5124604562104562,0.6785714285714286,0.0,4
B,RandomForest,thu_pm,2541,0.0,0.5124604562104562,0.6785714285714286,0.0,4
B,RandomForest,thu_pm,2542,0.0,0.5124604562104562,0.6785714285714286,0.0,4
B,RandomForest,thu_pm,2543,0.0,0.2749117549117549,0.6,0.0,4
B,RandomForest,thu_pm,2544,0.0,0.2144626207126207,0.59375,0.0,4
B,RandomForest,thu_pm,2545,0.0,0.17966524216524216,0.6274509803921569,0.0,4
B,RandomForest,thu_pm,2546,0.0,0.08707264957264957,0.4722222222222222,0.0,4
B,RandomForest,thu_pm,2547,0.0,0.08707264957264957,0.4722222222222222,0.0,4
B,RandomForest,thu_pm,2548,0.0,0.05555555555555555,0.5789473684210527,0.0,4
B,RandomForest,thu_pm,2549,0.0,0.5,,0.0,4
B,RandomForest,thu_pm,2550,0.0,0.5,,0.0,4
B,RandomForest,thu_pm,2551,0.0,0.5,,0.0,4
B,RandomForest,thu_pm,2552,0.0,0.5,,0.0,4
B,RandomForest,thu_pm,2553,0.0,0.5,,0.0,4
B,RandomForest,thu_pm,2554,0.0,0.0625,0.6578947368421052,0.0,4
B,RandomForest,thu_pm,2555,0.0,0.0625,0.6578947368421052,0.0,4
B,RandomForest,thu_pm,2556,0.0,0.07142857142857142,0.7105263157894737,0.0,4
B,RandomForest,thu_pm,2557,0.0,0.07142857142857142,0.7105263157894737,0.0,4
B,RandomForest,thu_pm,2558,0.0,0.08333333333333333,0.7631578947368421,0.0,4
B,RandomForest,thu_pm,2559,0.0,0.14821428571428572,0.7361111111111112,0.0,4
B,RandomForest,thu_pm,2560,0.0,0.14821428571428572,0.7361111111111112,0.0,4
B,RandomForest,thu_pm,2561,0.0,0.1284722222222222,0.6805555555555556,0.0,4
B,RandomForest,thu_pm,2562,0.0,0.1284722222222222,0.6805555555555556,0.0,4
B,RandomForest,thu_pm,2563,0.0,0.1902116402116402,0.6764705882352942,0.0,4
B,RandomForest,thu_pm,2564,0.0,0.21944444444444444,0.7352941176470588,0.0,4
B,RandomForest,thu_pm,2565,0.0,0.26011904761904764,0.784313725490196,0.0,4
B,RandomForest,thu_pm,2566,0.0,0.276984126984127,0.8039215686274509,0.0,4
B,RandomForest,thu_pm,2567,0.0,0.2908730158730159,0.8235294117647058,0.0,4
B,RandomForest,thu_pm,2568,0.0,0.2908730158730159,0.8235294117647058,0.0,4
B,RandomForest,thu_pm,2569,0.0,0.29391233766233765,0.734375,0.0,4
B,RandomForest,thu_pm,2570,0.0,0.3549242424242424,0.78125,0.0,4
B,RandomForest,thu_pm,2571,0.0,0.2878663003663004,0.71875,0.0,4
B,RandomForest,thu_pm,2572,0.0,0.25021749084249084,0.671875,0.0,4
B,RandomForest,thu_pm,2573,0.0,0.3229517704517705,0.6933333333333334,0.0,4
B,RandomForest,thu_pm,2574,0.0,0.2356913919413919,0.640625,0.0,4
B,RandomForest,thu_pm,2575,0.0,0.23124999999999998,0.625,0.0,4
B,RandomForest,thu_pm,2576,0.0,0.22738095238095235,0.609375,0.0,4
B,RandomForest,thu_pm,2577,0.0,0.2506547619047619,0.5466666666666666,0.0,4
B,RandomForest,thu_pm,2578,0.0,0.23696428571428568,0.52,0.0,4
B,RandomForest,thu_pm,2579,0.0,0.18988095238095237,0.5,0.0,4
B,RandomForest,thu_pm,2580,0.0,0.18372724089635853,0.46875,0.0,4
B,RandomForest,thu_pm,2581,0.0,0.19732142857142856,0.515625,0.0,4
B,RandomForest,thu_pm,2582,0.0,0.27041666666666664,0.5733333333333334,0.0,4
B,RandomForest,thu_pm,2583,0.0,0.2290521978021978,0.578125,0.0,4
B,RandomForest,thu_pm,2584,0.0,0.22202380952380954,0.546875,0.0,4
B,RandomForest,thu_pm,2585,0.0,0.22202380952380954,0.546875,0.0,4
B,RandomForest,thu_pm,2586,0.0,0.21587009803921567,0.515625,0.0,4
B,RandomForest,thu_pm,2587,0.0,0.21587009803921567,0.515625,0.0,4
B,RandomForest,thu_pm,2588,0.0,0.28774509803921566,0.5733333333333334,0.0,4
B,RandomForest,thu_pm,2589,0.0,0.2916666666666667,0.6875,0.0,4
B,RandomForest,thu_pm,2590,0.0,0.2598214285714286,0.65625,0.0,4
B,RandomForest,thu_pm,2591,0.0,0.3163690476190476,0.71875,0.0,4
B,RandomForest,thu_pm,2592,0.0,0.5038690476190476,0.734375,0.0,4
B,RandomForest,thu_pm,2593,0.0,0.17936507936507934,0.6078431372549019,0.0,4
B,RandomForest,thu_pm,2594,0.0,0.3163690476190476,0.71875,0.0,4
B,RandomForest,thu_pm,2595,0.0,0.2845238095238095,0.6875,0.0,4
B,RandomForest,thu_pm,2596,0.0,0.2845238095238095,0.6875,0.0,4
B,RandomForest,thu_pm,2597,0.0,0.29027777777777775,0.8137254901960784,0.0,4
B,RandomForest,thu_pm,2598,0.0,0.2934659090909091,0.7265625,0.0,4
B,RandomForest,thu_pm,2599,0.0,0.2934659090909091,0.7265625,0.0,4
B,RandomForest,thu_pm,2600,0.0,0.2721861471861472,0.6953125,0.0,4
B,RandomForest,thu_pm,2601,0.0,0.2895437895437895,0.6333333333333333,0.0,4
B,RandomForest,thu_pm,2602,0.0,0.24943181818181814,0.6484375,0.0,4
B,RandomForest,thu_pm,2603,0.0,0.23182373182373184,0.6015625,0.0,4
B,RandomForest,thu_pm,2604,0.0,0.23182373182373184,0.6015625,0.0,4
B,RandomForest,thu_pm,2605,0.0,0.2266726329226329,0.5859375,0.0,4
B,RandomForest,thu_pm,2606,0.0,0.23264529588059002,0.4733333333333334,0.0,4
B,RandomForest,thu_pm,2607,0.0,0.24232767232767233,0.5066666666666666,0.0,4
B,RandomForest,thu_pm,2608,0.0,0.20228365384615385,0.4921875,0.0,4
B,RandomForest,thu_pm,2609,0.0,0.1712850359135189,0.4296875,0.0,4
B,RandomForest,thu_pm,2610,0.0,0.16086836924685222,0.4140625,0.0,4
B,RandomForest,thu_pm,2611,0.0,0.35349927849927854,0.4933333333333334,0.0,4
B,RandomForest,thu_pm,2612,0.0,0.3553174603174603,0.5,0.0,4
B,RandomForest,thu_pm,2613,0.0,0.42365079365079367,0.52,0.0,4
B,RandomForest,thu_pm,2614,0.0,0.3810072581357411,0.46875,0.0,4
B,RandomForest,thu_pm,2615,0.0,0.391519764957265,0.515625,0.0,4
B,RandomForest,thu_pm,2616,0.0,0.38010794760794764,0.48000000000000004,0.0,4
B,RandomForest,thu_pm,2617,0.0,0.39562832592244357,0.5333333333333334,0.0,4
B,RandomForest,thu_pm,2618,0.0,0.38931852461264227,0.5078125,0.0,4
B,RandomForest,thu_pm,2619,0.0,0.38931852461264227,0.5078125,0.0,4
B,RandomForest,thu_pm,2620,0.0,0.38931852461264227,0.5078125,0.0,4
B,RandomForest,thu_pm,2621,0.0,0.43536255411255415,0.5784313725490196,0.0,4
B,RandomForest,thu_pm,2622,0.0,0.443262987012987,0.6328125,0.0,4
B,RandomForest,thu_pm,2623,0.0,0.4754370629370629,0.6796875,0.0,4
B,RandomForest,thu_pm,2624,0.0,0.4864087301587301,0.7109375,0.0,4
B,RandomForest,thu_pm,2625,0.0,0.4802218614718614,0.6953125,0.0,4
B,RandomForest,thu_pm,2626,0.0,0.551010101010101,0.803921568627451,0.0,4
B,RandomForest,thu_pm,2627,0.0,0.5674242424242424,0.8125,0.0,4
B,RandomForest,thu_pm,2628,0.0,0.4570075757575758,0.7734375,0.0,4
B,RandomForest,thu_pm,2629,0.0,0.4799242424242424,0.7890625,0.0,4
B,RandomForest,thu_pm,2630,0.0,0.521590909090909,0.8046875,0.0,4
B,RandomForest,thu_pm,2631,0.0,0.27045454545454545,0.7647058823529411,0.0,4
B,RandomForest,thu_pm,2632,0.0,0.40378787878787875,0.8125,0.0,4
B,RandomForest,thu_pm,2633,0.0,0.4125,0.828125,0.0,4
B,RandomForest,thu_pm,2634,0.0,0.4125,0.828125,0.0,4
B,RandomForest,thu_pm,2635,0.0,0.4125,0.828125,0.0,4
B,RandomForest,thu_pm,2636,0.0,0.45476190476190476,0.875,0.0,4
B,RandomForest,thu_pm,2637,0.0,0.45476190476190476,0.875,0.0,4
B,RandomForest,thu_pm,2638,0.0,0.45476190476190476,0.875,0.0,4
B,RandomForest,thu_pm,2639,0.0,0.45476190476190476,0.875,0.0,4
B,RandomForest,thu_pm,2640,0.0,0.45476190476190476,0.875,0.0,4
B,RandomForest,thu_pm,2641,0.0,0.45476190476190476,0.875,0.0,4
B,RandomForest,thu_pm,2642,0.0,0.42777777777777776,0.9019607843137254,0.0,4
B,RandomForest,thu_pm,2643,0.0,0.42777777777777776,0.9019607843137254,0.0,4
B,RandomForest,thu_pm,2644,0.0,0.42777777777777776,0.9019607843137254,0.0,4
B,RandomForest,thu_pm,2645,0.0,0.42777777777777776,0.9019607843137254,0.0,4
B,RandomForest,thu_pm,2646,0.0,0.42777777777777776,0.9019607843137254,0.0,4
B,RandomForest,thu_pm,2647,0.0,0.2875,0.888888888888889,0.0,4
B,RandomForest,thu_pm,2648,0.0,0.7083333333333333,0.9444444444444444,0.0,4
B,RandomForest,thu_pm,2649,0.0,0.7916666666666666,0.9722222222222222,0.0,4
B,RandomForest,thu_pm,2650,0.0,1.0,1.0,0.0,4
B,RandomForest,thu_pm,2651,0.0,1.0,1.0,0.0,4
B,RandomForest,thu_pm,2652,0.0,1.0,1.0,0.0,4
B,RandomForest,thu_pm,2653,0.0,1.0,1.0,0.0,4
B,RandomForest,thu_pm,2654,0.0,1.0,1.0,0.0,4
B,RandomForest,thu_pm,2655,0.0,1.0,1.0,0.0,4
B,RandomForest,thu_pm,2656,0.0,0.5,,0.0,4
B,RandomForest,thu_pm,2657,0.0,0.5,,0.0,4
B,RandomForest,thu_pm,2658,0.0,0.5,,0.0,4
B,RandomForest,thu_pm,2659,0.0,0.5,,0.0,4
B,RandomForest,thu_pm,2660,0.0,0.5,,0.0,4
B,RandomForest,thu_pm,2661,0.0,0.5,,0.0,4
B,RandomForest,thu_pm,2662,0.0,0.5,,0.0,4
B,RandomForest,thu_pm,2663,0.0,0.5,,0.0,4
B,RandomForest,thu_pm,2664,0.0,0.5,,0.0,4
B,RandomForest,thu_pm,2665,0.0,0.5,,0.0,4
B,RandomForest,thu_pm,2666,0.0,0.5,,0.0,4
B,RandomForest,thu_pm,2667,0.0,0.5,,0.0,4
B,RandomForest,thu_pm,2668,0.0,0.5,,0.0,4
B,RandomForest,thu_pm,2669,0.0,0.5,,0.0,4
B,RandomForest,thu_pm,2670,0.0,0.5,,0.0,4
B,RandomForest,thu_pm,2671,0.0,0.5,,0.0,4
B,RandomForest,thu_pm,2672,0.0,0.5,,0.0,4
B,RandomForest,thu_pm,2673,0.0,0.5,,0.0,4
B,RandomForest,thu_pm,2674,0.0,0.5,,0.0,4
B,RandomForest,thu_pm,2675,0.0,0.5,,0.0,4
B,RandomForest,thu_pm,2676,0.0,0.5,,0.0,4
B,RandomForest,thu_pm,2677,0.0,0.5,,0.0,4
B,RandomForest,thu_pm,2678,0.0,0.5,,0.0,4
B,RandomForest,thu_pm,2679,0.0,0.5,,0.0,4
B,RandomForest,thu_pm,2680,0.0,0.5,,0.0,4
B,RandomForest,thu_pm,2681,0.0,0.5,,0.0,4
B,RandomForest,thu_pm,2682,0.0,0.5,,0.0,4
B,RandomForest,thu_pm,2683,0.0,0.5,,0.0,4
B,RandomForest,thu_pm,2684,0.0,0.5,,0.0,4
B,RandomForest,thu_pm,2685,0.0,0.5,,0.0,4
B,RandomForest,thu_pm,2686,0.0,0.5,,0.0,4
B,RandomForest,thu_pm,2687,0.0,0.5,,0.0,4
B,RandomForest,thu_pm,2688,0.0,0.5,,0.0,4
B,RandomForest,thu_pm,2689,0.0,0.5,,0.0,4
B,RandomForest,thu_pm,2690,0.0,0.5,,0.0,4
B,RandomForest,thu_pm,2691,0.0,0.5,,0.0,4
B,RandomForest,thu_pm,2692,0.0,0.5,,0.0,4
B,RandomForest,thu_pm,2693,0.0,0.5,,0.0,4
B,RandomForest,thu_pm,2694,0.0,0.5,,0.0,4
B,RandomForest,thu_pm,2695,0.0,0.5,,0.0,4
B,RandomForest,thu_pm,2696,0.0,0.5,,0.0,4
B,RandomForest,fri_am,3055,0.0,0.5,,0.0,5
B,RandomForest,fri_am,3056,0.0,0.5,,0.0,5
B,RandomForest,fri_am,3057,0.0,0.5,,0.0,5
B,RandomForest,fri_am,3058,0.0,0.5,,0.0,5
B,RandomForest,fri_am,3059,0.0,0.5,,0.0,5
B,RandomForest,fri_am,3060,0.0,0.5,,0.0,5
B,RandomForest,fri_am,3061,0.0,0.5,,0.0,5
B,RandomForest,fri_am,3062,0.0,0.5,,0.0,5
B,RandomForest,fri_am,3063,0.0,0.5,,0.0,5
B,RandomForest,fri_am,3064,0.0,0.5,,0.0,5
B,RandomForest,fri_am,3065,0.0,0.5,,0.0,5
B,RandomForest,fri_am,3066,0.0,0.5,,0.0,5
B,RandomForest,fri_am,3067,0.0,0.5,,0.0,5
B,RandomForest,fri_am,3068,0.0,0.5,,0.0,5
B,RandomForest,fri_am,3069,0.0,0.5,,0.0,5
B,RandomForest,fri_am,3070,0.0,0.5,,0.0,5
B,RandomForest,fri_am,3071,0.0,0.5,,0.0,5
B,RandomForest,fri_am,3072,0.0,0.5,,0.0,5
B,RandomForest,fri_am,3073,0.0,0.5,,0.0,5
B,RandomForest,fri_am,3074,0.0,0.5,,0.0,5
B,RandomForest,fri_am,3075,0.0,0.5,,0.0,5
B,RandomForest,fri_am,3076,0.0,0.5,,0.0,5
B,RandomForest,fri_am,3077,0.0,0.5,,0.0,5
B,RandomForest,fri_am,3078,0.0,0.05,0.5263157894736843,0.0,5
B,RandomForest,fri_am,3079,0.0,0.10902777777777778,0.5833333333333334,0.0,5
B,RandomForest,fri_am,3080,0.0,0.11349206349206349,0.6111111111111112,0.0,5
B,RandomForest,fri_am,3081,0.0,0.10616883116883118,0.5833333333333334,0.0,5
B,RandomForest,fri_am,3082,0.0,0.10616883116883118,0.5833333333333334,0.0,5
B,RandomForest,fri_am,3083,0.0,0.11212121212121212,0.6111111111111112,0.0,5
B,RandomForest,fri_am,3084,0.0,0.11212121212121212,0.6111111111111112,0.0,5
B,RandomForest,fri_am,3085,0.0,0.11212121212121212,0.6111111111111112,0.0,5
B,RandomForest,fri_am,3086,0.0,0.12777777777777777,0.6666666666666667,0.0,5
B,RandomForest,fri_am,3087,0.0,0.12777777777777777,0.6666666666666667,0.0,5
B,RandomForest,fri_am,3088,0.0,0.12777777777777777,0.6666666666666667,0.0,5
B,RandomForest,fri_am,3089,0.0,0.12777777777777777,0.6666666666666667,0.0,5
B,RandomForest,fri_am,3090,0.0,0.12777777777777777,0.6666666666666666,0.0,5
B,RandomForest,fri_am,3091,0.0,0.14930555555555555,0.7222222222222222,0.0,5
B,RandomForest,fri_am,3092,0.0,0.14930555555555555,0.7222222222222222,0.0,5
B,RandomForest,fri_am,3093,0.0,0.14930555555555555,0.7222222222222222,0.0,5
B,RandomForest,fri_am,3094,0.0,0.12777777777777777,0.6666666666666667,0.0,5
B,RandomForest,fri_am,3095,0.0,0.12777777777777777,0.6666666666666667,0.0,5
B,RandomForest,fri_am,3096,0.0,0.12777777777777777,0.6666666666666667,0.0,5
B,RandomForest,fri_am,3097,0.0,0.13680555555555557,0.6944444444444445,0.0,5
B,RandomForest,fri_am,3098,0.0,0.08333333333333333,0.736842105263158,0.0,5
B,RandomForest,fri_am,3099,0.0,0.5,,0.0,5
B,RandomForest,fri_am,3100,0.0,0.5,,0.0,5
B,RandomForest,fri_am,3101,0.0,0.5,,0.0,5
B,RandomForest,fri_am,3102,0.0,0.5,,0.0,5
B,RandomForest,fri_am,3103,0.0,0.5,,0.0,5
B,RandomForest,fri_am,3104,0.0,0.5,,0.0,5
B,RandomForest,fri_am,3105,0.0,0.5,,0.0,5
B,RandomForest,fri_am,3106,0.0,0.5,,0.0,5
B,RandomForest,fri_am,3107,0.0,0.5,,0.0,5
B,RandomForest,fri_am,3108,0.0,0.5,,0.0,5
B,RandomForest,fri_am,3109,0.0,0.5,,0.0,5
B,RandomForest,fri_am,3110,0.0,0.1,0.7894736842105263,0.0,5
B,RandomForest,fri_am,3111,0.0,0.2583333333333333,0.8611111111111113,0.0,5
B,RandomForest,fri_am,3112,0.0,0.214766081871345,0.5686274509803921,0.0,5
B,RandomForest,fri_am,3113,0.0,0.4136706656346749,0.484375,0.0,5
B,RandomForest,fri_am,3114,0.0,0.41893810394971387,0.49333333333333335,0.0,5
B,RandomForest,fri_am,3115,0.0,0.400383218146376,0.40476190476190477,0.0,5
B,RandomForest,fri_am,3116,0.0,0.40182402705898945,0.3626373626373626,0.0,5
B,RandomForest,fri_am,3117,0.0,0.5142412138300296,0.44270833333333326,0.0,5
B,RandomForest,fri_am,3118,0.0,0.5367482725583861,0.40909090909090906,0.0,5
B,RandomForest,fri_am,3119,0.0,0.5438640128791057,0.365,0.0,5
B,RandomForest,fri_am,3120,0.0,0.6171462996927393,0.39393939393939387,0.0,5
B,RandomForest,fri_am,3121,0.0,0.6990482053707674,0.45833333333333337,0.0,5
B,RandomForest,fri_am,3122,0.0,0.7220212501306214,0.4395604395604396,0.0,5
B,RandomForest,fri_am,3123,0.0,0.7530154811280418,0.4285714285714286,0.0,5
B,RandomForest,fri_am,3124,0.0,0.7927854896508146,0.42666666666666664,0.0,5
B,RandomForest,fri_am,3125,0.0,0.843476948157192,0.453125,0.0,5
B,RandomForest,fri_am,3126,0.0,0.9061127779826561,0.5294117647058824,0.0,5
B,RandomForest,fri_am,3127,0.0,0.9398865138416224,0.5555555555555556,0.0,5
B,RandomForest,fri_am,3128,0.0,0.9579301600667902,0.42105263157894735,0.0,5
B,RandomForest,fri_am,3129,0.0,1.0000000000000002,,0.0,5
B,RandomForest,fri_am,3130,0.0,0.9150312461152446,0.15789473684210525,0.0,5
B,RandomForest,fri_am,3131,0.0,0.8996803689222621,0.10526315789473684,0.0,5
B,RandomForest,fri_am,3132,0.0,0.8294178158729243,0.1388888888888889,0.0,5
B,RandomForest,fri_am,3133,0.0,0.7811761949578376,0.19607843137254902,0.0,5
B,RandomForest,fri_am,3134,0.0,0.7811761949578376,0.19607843137254902,0.0,5
B,RandomForest,fri_am,3135,0.0,0.7945865591034958,0.23529411764705885,0.0,5
B,RandomForest,fri_am,3136,0.0,0.8067480903826741,0.27450980392156865,0.0,5
B,RandomForest,fri_am,3137,0.0,0.7945865591034958,0.23529411764705885,0.0,5
B,RandomForest,fri_am,3138,0.0,0.7945865591034958,0.23529411764705885,0.0,5
B,RandomForest,fri_am,3139,0.0,0.8239049531277722,0.29411764705882354,0.0,5
B,RandomForest,fri_am,3140,0.0,0.8239049531277722,0.29411764705882354,0.0,5
B,RandomForest,fri_am,3141,0.0,0.7993251211949991,0.2549019607843137,0.0,5
B,RandomForest,fri_am,3142,0.0,0.7993251211949991,0.2549019607843137,0.0,5
B,RandomForest,fri_am,3143,0.0,0.799191431355427,0.2549019607843137,0.0,5
B,RandomForest,fri_am,3144,0.0,0.799191431355427,0.2549019607843137,0.0,5
B,RandomForest,fri_am,3145,0.0,0.7615651687291644,0.19607843137254904,0.0,5
B,RandomForest,fri_am,3146,0.0,0.7616097320090217,0.19607843137254904,0.0,5
B,RandomForest,fri_am,3147,0.0,0.7663791456019647,0.21568627450980393,0.0,5
B,RandomForest,fri_am,3148,0.0,0.7938670172074835,0.2647058823529412,0.0,5
B,RandomForest,fri_am,3149,0.0,0.7894183612882393,0.2450980392156863,0.0,5
B,RandomForest,fri_am,3150,0.0,0.8848975984360402,0.3055555555555556,0.0,5
B,RandomForest,fri_am,3151,0.0,0.8848975984360402,0.3055555555555556,0.0,5
B,RandomForest,fri_am,3152,0.0,0.9516768373660991,0.3684210526315789,0.0,5
B,RandomForest,fri_am,3153,0.0,1.0,,0.0,5
B,RandomForest,fri_am,3154,0.0,1.0,,0.0,5
B,RandomForest,fri_am,3155,0.0,1.0,,0.0,5
B,RandomForest,fri_am,3156,0.0,1.0,,0.0,5
B,RandomForest,fri_am,3157,0.0,1.0,,0.0,5
B,RandomForest,fri_am,3158,0.0,1.0,,0.0,5
B,RandomForest,fri_am,3159,0.0,1.0,,0.0,5
B,RandomForest,fri_am,3160,0.0,1.0,,0.0,5
B,RandomForest,fri_am,3161,0.0,1.0,,0.0,5
B,RandomForest,fri_am,3162,0.0,1.0,,0.0,5
B,RandomForest,fri_am,3163,0.0,1.0,,0.0,5
B,RandomForest,fri_am,3164,0.0,1.0,,0.0,5
B,RandomForest,fri_am,3165,0.0,1.0,,0.0,5
B,RandomForest,fri_am,3166,0.0,1.0,,0.0,5
B,RandomForest,fri_am,3167,0.0,1.0,,0.0,5
B,RandomForest,fri_am,3168,0.0,1.0,,0.0,5
B,RandomForest,fri_am,3169,0.0,1.0,,0.0,5
B,RandomForest,fri_am,3170,0.0,1.0,,0.0,5
B,RandomForest,fri_am,3171,0.0,1.0,,0.0,5
B,RandomForest,fri_am,3172,0.0,1.0,,0.0,5
B,RandomForest,fri_am,3173,0.0,1.0,,0.0,5
B,RandomForest,fri_am,3174,0.0,1.0,,0.0,5
B,RandomForest,fri_am,3175,0.0,0.8321365092731395,0.0,0.0,5
B,RandomForest,fri_am,3176,0.0,0.8321365092731395,0.0,0.0,5
B,RandomForest,fri_am,3177,0.0,0.8321365092731395,0.0,0.0,5
B,RandomForest,fri_am,3178,0.0,0.8360838776941921,0.0,0.0,5
B,RandomForest,fri_am,3179,0.0,0.8360838776941921,0.0,0.0,5
B,RandomForest,fri_am,3180,0.0,0.8360838776941921,0.0,0.0,5
B,RandomForest,fri_am,3181,0.0,0.8360838776941921,0.0,0.0,5
B,RandomForest,fri_am,3182,0.0,0.8360838776941921,0.0,0.0,5
B,RandomForest,fri_am,3183,0.0,0.8360838776941921,0.0,0.0,5
B,RandomForest,fri_am,3184,0.0,0.8382768601503324,0.0,0.0,5
B,RandomForest,fri_am,3185,0.0,0.8382768601503324,0.0,0.0,5
B,RandomForest,fri_am,3186,0.0,0.8777505443608586,0.05263157894736842,0.0,5
B,RandomForest,fri_am,3187,0.0,0.8331104966489384,0.2222222222222222,0.0,5
B,RandomForest,fri_am,3188,0.0,0.8331104966489384,0.2222222222222222,0.0,5
B,RandomForest,fri_am,3189,0.0,0.8382802497353581,0.25,0.0,5
B,RandomForest,fri_am,3190,0.0,0.8430221128105545,0.2777777777777778,0.0,5
B,RandomForest,fri_am,3191,0.0,0.8382802497353581,0.25,0.0,5
B,RandomForest,fri_am,3192,0.0,0.8330263215647633,0.2222222222222222,0.0,5
B,RandomForest,fri_am,3193,0.0,0.8330263215647633,0.2222222222222222,0.0,5
B,RandomForest,fri_am,3194,0.0,0.8330263215647633,0.2222222222222222,0.0,5
B,RandomForest,fri_am,3195,0.0,0.9462993094701042,0.6388888888888888,0.0,5
B,RandomForest,fri_am,3196,0.0,0.9459954730158245,0.7647058823529411,0.0,5
B,RandomForest,fri_am,3197,0.0,0.9458356237308443,0.828125,0.0,5
B,RandomForest,fri_am,3198,0.0,0.9567840324503927,0.859375,0.0,5
B,RandomForest,fri_am,3199,0.0,0.9543958873370637,0.88,0.0,5
B,RandomForest,fri_am,3200,0.0,0.9468667089990619,0.8533333333333333,0.0,5
B,RandomForest,fri_am,3201,0.0,0.9314922006098476,0.8452380952380952,0.0,5
B,RandomForest,fri_am,3202,0.0,0.9218833570724325,0.8333333333333333,0.0,5
B,RandomForest,fri_am,3203,0.0,0.8589452245843647,0.7582417582417582,0.0,5
B,RandomForest,fri_am,3204,0.0,0.8915609779863172,0.8131868131868132,0.0,5
B,RandomForest,fri_am,3205,0.0,0.8870385773100704,0.8021978021978022,0.0,5
B,RandomForest,fri_am,3206,0.0,0.8663426066140998,0.7802197802197803,0.0,5
B,RandomForest,fri_am,3207,0.0,0.9242493034509841,0.8511904761904762,0.0,5
B,RandomForest,fri_am,3208,0.0,0.8569103721818654,0.7747252747252747,0.0,5
B,RandomForest,fri_am,3209,0.0,0.8354738241898876,0.7307692307692308,0.0,5
B,RandomForest,fri_am,3210,0.0,0.8181661318821951,0.7197802197802198,0.0,5
B,RandomForest,fri_am,3211,0.0,0.8056612756273389,0.6868131868131868,0.0,5
B,RandomForest,fri_am,3212,0.0,0.8321264770925403,0.7087912087912088,0.0,5
B,RandomForest,fri_am,3213,0.0,0.8321264770925403,0.7087912087912088,0.0,5
B,RandomForest,fri_am,3214,0.0,0.8319128018788651,0.7087912087912088,0.0,5
B,RandomForest,fri_am,3215,0.0,0.7208706389136252,0.6098901098901099,0.0,5
B,RandomForest,fri_am,3216,0.0,0.7348561607504001,0.5535714285714286,0.0,5
B,RandomForest,fri_am,3217,0.0,0.7556359017659326,0.48666666666666664,0.0,5
B,RandomForest,fri_am,3218,0.0,0.7354271535424787,0.4333333333333333,0.0,5
B,RandomForest,fri_am,3219,0.0,0.7497709146074084,0.3359375,0.0,5
B,RandomForest,fri_am,3220,0.0,0.7497709146074084,0.3359375,0.0,5
B,RandomForest,fri_am,3221,0.0,0.8089328337438882,0.28431372549019607,0.0,5
B,RandomForest,fri_am,3222,0.0,0.8199664080127567,0.32352941176470584,0.0,5
B,RandomForest,fri_am,3223,0.0,0.8219717556063394,0.33333333333333337,0.0,5
B,RandomForest,fri_am,3224,0.0,0.760739373232117,0.296875,0.0,5
B,RandomForest,fri_am,3225,0.0,0.7959466139081077,0.359375,0.0,5
B,RandomForest,fri_am,3226,0.0,0.7959466139081077,0.359375,0.0,5
B,RandomForest,fri_am,3227,0.0,0.7921885153889798,0.34375,0.0,5
B,RandomForest,fri_am,3228,0.0,0.8523206598739289,0.37254901960784315,0.0,5
B,RandomForest,fri_am,3229,0.0,0.8562185857657993,0.39215686274509803,0.0,5
B,RandomForest,fri_am,3230,0.0,0.8523206598739289,0.37254901960784315,0.0,5
B,RandomForest,fri_am,3231,0.0,0.8523113914606812,0.37254901960784315,0.0,5
B,RandomForest,fri_am,3232,0.0,0.8481548862012348,0.35294117647058826,0.0,5
B,RandomForest,fri_am,3233,0.0,0.828266931019162,0.3137254901960785,0.0,5
B,RandomForest,fri_am,3234,0.0,0.828266931019162,0.3137254901960785,0.0,5
B,RandomForest,fri_am,3235,0.0,0.9136163334047751,0.41666666666666663,0.0,5
B,RandomForest,fri_am,3236,0.0,0.9210568095952514,0.4444444444444444,0.0,5
B,RandomForest,fri_am,3237,0.0,0.9210568095952514,0.4444444444444444,0.0,5
B,RandomForest,fri_am,3238,0.0,0.9210644408528825,0.4444444444444444,0.0,5
B,RandomForest,fri_am,3239,0.0,0.9210644408528825,0.4444444444444444,0.0,5
B,RandomForest,fri_pm_scan,3666,0.0,0.9140282237441225,0.5882352941176471,0.0,5
B,RandomForest,fri_pm_scan,3667,0.0,0.9140282237441225,0.5882352941176471,0.0,5
B,RandomForest,fri_pm_scan,3668,0.0,0.8957836462589268,0.640625,0.0,5
B,RandomForest,fri_pm_scan,3669,0.0,0.8038193605446411,0.53125,0.0,5
B,RandomForest,fri_pm_scan,3670,0.0,0.8308515297643103,0.609375,0.0,5
B,RandomForest,fri_pm_scan,3671,0.0,0.7992727877557598,0.6,0.0,5
B,RandomForest,fri_pm_scan,3672,0.0,0.7502138214198696,0.5595238095238095,0.0,5
B,RandomForest,fri_pm_scan,3673,0.0,0.7192015993188892,0.5604395604395604,0.0,5
B,RandomForest,fri_pm_scan,3674,0.0,0.5669668199805583,0.4791666666666667,0.0,5
B,RandomForest,fri_pm_scan,3675,0.0,0.522967075767526,0.47474747474747475,0.0,5
B,RandomForest,fri_pm_scan,3676,0.0,0.5080255881029875,0.5299999999999999,0.0,5
B,RandomForest,fri_pm_scan,3677,0.0,0.463339007101907,0.5454545454545454,0.0,5
B,RandomForest,fri_pm_scan,3678,0.0,0.44264211665527453,0.5833333333333333,0.0,5
B,RandomForest,fri_pm_scan,3679,0.0,0.42050011392116654,0.6043956043956044,0.0,5
B,RandomForest,fri_pm_scan,3680,0.0,0.4189355965671755,0.6666666666666667,0.0,5
B,RandomForest,fri_pm_scan,3681,0.0,0.37605263157894736,0.6533333333333333,0.0,5
B,RandomForest,fri_pm_scan,3682,0.0,0.32598684210526313,0.625,0.0,5
B,RandomForest,fri_pm_scan,3683,0.0,0.1913533834586466,0.5294117647058824,0.0,5
B,RandomForest,fri_pm_scan,3684,0.0,0.1631578947368421,0.4722222222222222,0.0,5
B,RandomForest,fri_pm_scan,3685,0.0,0.25,0.9473684210526316,0.0,5
B,RandomForest,fri_pm_scan,3686,0.0,0.25,0.9473684210526316,0.0,5
B,RandomForest,fri_pm_scan,3687,0.0,0.5,,0.0,5
B,RandomForest,fri_pm_scan,3688,0.0,0.5,,0.0,5
B,RandomForest,fri_pm_scan,3689,0.0,0.5,,0.0,5
B,RandomForest,fri_pm_scan,3690,0.0,0.5,,0.0,5
B,RandomForest,fri_pm_scan,3691,0.0,0.5,,0.0,5
B,RandomForest,fri_pm_scan,3692,0.0,0.5,,0.0,5
B,RandomForest,fri_pm_scan,3693,0.0,0.5,,0.0,5
B,RandomForest,fri_pm_scan,3694,0.0,0.5,,0.0,5
B,RandomForest,fri_pm_scan,3695,0.0,0.5,,0.0,5
B,RandomForest,fri_pm_scan,3696,0.0,0.5,,0.0,5
B,RandomForest,fri_pm_scan,3697,0.0,0.5,,0.0,5
B,RandomForest,fri_pm_scan,3698,0.0,0.5,,0.0,5
B,RandomForest,fri_pm_scan,3699,0.0,0.5,,0.0,5
B,RandomForest,fri_pm_scan,3700,0.0,0.5,,0.0,5
B,RandomForest,fri_pm_scan,3701,0.0,0.07142857142857142,0.7105263157894737,0.0,5
B,RandomForest,fri_pm_scan,3702,0.0,0.0625,0.6578947368421053,0.0,5
B,RandomForest,fri_pm_scan,3703,0.0,0.14126984126984127,0.7083333333333334,0.0,5
B,RandomForest,fri_pm_scan,3704,0.0,0.20277777777777778,0.7156862745098039,0.0,5
B,RandomForest,fri_pm_scan,3705,0.0,0.26926406926406926,0.7109375,0.0,5
B,RandomForest,fri_pm_scan,3706,0.0,0.5016666666666667,0.7533333333333334,0.0,5
B,RandomForest,fri_pm_scan,3707,0.0,0.6441798941798942,0.7916666666666666,0.0,5
B,RandomForest,fri_pm_scan,3708,0.0,0.7664965986394559,0.8516483516483516,0.0,5
B,RandomForest,fri_pm_scan,3709,0.0,0.7365646258503402,0.8186813186813187,0.0,5
B,RandomForest,fri_pm_scan,3710,0.0,0.7750463821892393,0.8626373626373627,0.0,5
B,RandomForest,fri_pm_scan,3711,0.0,0.8145021645021644,0.8956043956043955,0.0,5
B,RandomForest,fri_pm_scan,3712,0.0,0.8145021645021644,0.8956043956043955,0.0,5
B,RandomForest,fri_pm_scan,3713,0.0,0.805952380952381,0.8846153846153846,0.0,5
B,RandomForest,fri_pm_scan,3714,0.0,0.805952380952381,0.8846153846153846,0.0,5
B,RandomForest,fri_pm_scan,3715,0.0,0.7988511488511487,0.8736263736263735,0.0,5
B,RandomForest,fri_pm_scan,3716,0.0,0.7928571428571427,0.8626373626373627,0.0,5
B,RandomForest,fri_pm_scan,3717,0.0,0.7506541077969648,0.8241758241758241,0.0,5
B,RandomForest,fri_pm_scan,3718,0.0,0.7506541077969648,0.8241758241758241,0.0,5
B,RandomForest,fri_pm_scan,3719,0.0,0.804985119047619,0.8333333333333333,0.0,5
B,RandomForest,fri_pm_scan,3720,0.0,0.8430765993265993,0.8383838383838383,0.0,5
B,RandomForest,fri_pm_scan,3721,0.0,0.9037037037037037,0.9090909090909091,0.0,5
B,RandomForest,fri_pm_scan,3722,0.0,0.9288720538720538,0.9393939393939393,0.0,5
B,RandomForest,fri_pm_scan,3723,0.0,0.9440972222222223,0.9583333333333334,0.0,5
B,RandomForest,fri_pm_scan,3724,0.0,0.9662698412698412,0.978021978021978,0.0,5
B,RandomForest,fri_pm_scan,3725,0.0,1.0,1.0,0.0,5
B,RandomForest,fri_pm_scan,3726,0.0,1.0,1.0,0.0,5
B,RandomForest,fri_pm_scan,3727,0.0,1.0,1.0,0.0,5
B,RandomForest,fri_pm_scan,3728,0.0,1.0,1.0,0.0,5
B,RandomForest,fri_pm_scan,3729,0.0,1.0,1.0,0.0,5
B,RandomForest,fri_pm_scan,3730,0.0,1.0,1.0,0.0,5
B,RandomForest,fri_pm_scan,3731,0.0,1.0,1.0,0.0,5
B,RandomForest,fri_pm_scan,3732,0.0,1.0,1.0,0.0,5
B,RandomForest,fri_pm_scan,3733,0.0,1.0,1.0,0.0,5
B,RandomForest,fri_pm_scan,3734,0.0,1.0,1.0,0.0,5
B,RandomForest,fri_pm_scan,3735,0.0,1.0,1.0,0.0,5
B,RandomForest,fri_pm_scan,3736,0.0,1.0,1.0,0.0,5
B,RandomForest,fri_pm_scan,3737,0.0,1.0,1.0,0.0,5
B,RandomForest,fri_pm_scan,3738,0.0,1.0,1.0,0.0,5
B,RandomForest,fri_pm_scan,3739,0.0,1.0,1.0,0.0,5
B,RandomForest,fri_pm_scan,3740,0.0,1.0,1.0,0.0,5
B,RandomForest,fri_pm_scan,3741,0.0,0.5,,0.0,5
B,RandomForest,fri_pm_scan,3742,0.0,0.5,,0.0,5
B,RandomForest,fri_pm_scan,3743,0.0,0.5,,0.0,5
B,RandomForest,fri_pm_scan,3744,0.0,0.5,,0.0,5
B,RandomForest,fri_pm_scan,3745,0.0,0.5,,0.0,5
B,RandomForest,fri_pm_scan,3746,0.0,0.5,,0.0,5
B,RandomForest,fri_pm_scan,3747,0.0,0.5,,0.0,5
B,RandomForest,fri_pm_scan,3748,0.0,0.5,,0.0,5
B,RandomForest,fri_pm_scan,3749,0.0,0.5,,0.0,5
B,RandomForest,fri_pm_scan,3750,0.0,0.5,,0.0,5
B,RandomForest,fri_pm_scan,3751,0.0,0.25,0.9473684210526315,0.0,5
B,RandomForest,fri_pm_scan,3752,0.0,0.1631578947368421,0.47222222222222227,0.0,5
B,RandomForest,fri_pm_scan,3753,0.0,0.17284688995215314,0.47058823529411764,0.0,5
B,RandomForest,fri_pm_scan,3754,0.0,0.1964413875598086,0.453125,0.0,5
B,RandomForest,fri_pm_scan,3755,0.0,0.24916951469583049,0.5066666666666667,0.0,5
B,RandomForest,fri_pm_scan,3756,0.0,0.3084287423103213,0.5476190476190477,0.0,5
B,RandomForest,fri_pm_scan,3757,0.0,0.33442725820545366,0.5164835164835164,0.0,5
B,RandomForest,fri_pm_scan,3758,0.0,0.3728159358915938,0.5104166666666667,0.0,5
B,RandomForest,fri_pm_scan,3759,0.0,0.3819117610784277,0.4242424242424242,0.0,5
B,RandomForest,fri_pm_scan,3760,0.0,0.448001998001998,0.47000000000000003,0.0,5
B,RandomForest,fri_pm_scan,3761,0.0,0.4896119032482669,0.4747474747474748,0.0,5
B,RandomForest,fri_pm_scan,3762,0.0,0.5705831205831206,0.5416666666666667,0.0,5
B,RandomForest,fri_pm_scan,3763,0.0,0.7203742838358222,0.6153846153846153,0.0,5
B,RandomForest,fri_pm_scan,3764,0.0,0.7870835513692656,0.6785714285714286,0.0,5
B,RandomForest,fri_pm_scan,3765,0.0,0.9423056573056574,0.8133333333333334,0.0,5
B,RandomForest,fri_pm_scan,3766,0.0,0.9541701354201354,0.8125,0.0,5
B,RandomForest,fri_pm_scan,3767,0.0,0.9644082633053221,0.803921568627451,0.0,5
B,RandomForest,fri_pm_scan,3768,0.0,0.973336335958885,0.7777777777777777,0.0,5
B,RandomForest,fri_pm_scan,3769,0.0,0.9944444444444445,0.8947368421052632,0.0,5
B,RandomForest,fri_pm_scan,3770,0.0,1.0,,0.0,5
B,RandomForest,fri_pm_scan,3771,0.0,1.0,,0.0,5
B,RandomForest,fri_pm_scan,3772,0.0,1.0,,0.0,5
B,RandomForest,fri_pm_scan,3773,0.0,1.0,,0.0,5
B,RandomForest,fri_pm_scan,3774,0.0,1.0,,0.0,5
B,RandomForest,fri_pm_scan,3775,0.0,1.0,,0.0,5
B,RandomForest,fri_pm_scan,3776,0.0,1.0,,0.0,5
B,RandomForest,fri_pm_scan,3777,0.0,1.0,,0.0,5
B,RandomForest,fri_pm_scan,3778,0.0,1.0,,0.0,5
B,RandomForest,fri_pm_scan,3779,0.0,1.0,,0.0,5
B,RandomForest,fri_pm_scan,3780,0.0,1.0,,0.0,5
B,RandomForest,fri_pm_scan,3781,0.0,1.0,,0.0,5
B,RandomForest,fri_pm_scan,3782,0.0,1.0,,0.0,5
B,RandomForest,fri_pm_scan,3783,0.0,1.0,,0.0,5
B,RandomForest,fri_pm_scan,3784,0.0,1.0,,0.0,5
B,RandomForest,fri_pm_scan,3785,0.0,1.0,,0.0,5
B,RandomForest,fri_pm_scan,3786,0.0,1.0,,0.0,5
B,RandomForest,fri_pm_scan,3787,0.0,1.0,,0.0,5
B,RandomForest,fri_pm_scan,3788,0.0,1.0,,0.0,5
B,RandomForest,fri_pm_scan,3789,0.0,1.0,,0.0,5
B,RandomForest,fri_pm_scan,3790,0.0,1.0,,0.0,5
B,RandomForest,fri_pm_scan,3791,0.0,1.0,,0.0,5
B,RandomForest,fri_pm_scan,3792,0.0,1.0,,0.0,5
B,RandomForest,fri_pm_scan,3793,0.0,1.0,,0.0,5
B,RandomForest,fri_pm_scan,3794,0.0,1.0,,0.0,5
B,RandomForest,fri_pm_scan,3795,0.0,1.0,,0.0,5
B,RandomForest,fri_pm_scan,3796,0.0,1.0000000000000002,,0.0,5
B,RandomForest,fri_pm_scan,3797,0.0,1.0000000000000002,,0.0,5
B,RandomForest,fri_pm_scan,3798,0.0,1.0,,0.0,5
B,RandomForest,fri_pm_scan,3799,0.0,1.0,,0.0,5
B,RandomForest,fri_pm_scan,3800,0.0,1.0,,0.0,5
B,RandomForest,fri_pm_scan,3801,0.0,1.0000000000000002,,0.0,5
B,RandomForest,fri_pm_scan,3802,0.0,1.0000000000000002,,0.0,5
B,RandomForest,fri_pm_scan,3803,0.0,1.0000000000000002,,0.0,5
B,RandomForest,fri_pm_scan,3804,0.0,1.0,,0.0,5
B,RandomForest,fri_pm_scan,3805,0.0,1.0,,0.0,5
B,RandomForest,fri_pm_scan,3806,0.0,1.0,,0.0,5
B,RandomForest,fri_pm_scan,3807,0.0,1.0,,0.0,5
B,RandomForest,fri_pm_scan,3808,0.0,1.0,,0.0,5
B,RandomForest,fri_pm_scan,3809,0.0,1.0,,0.0,5
B,RandomForest,fri_pm_scan,3810,0.0,1.0,,0.0,5
B,RandomForest,fri_pm_scan,3811,0.0,1.0,,0.0,5
B,RandomForest,fri_pm_scan,3812,0.0,1.0,,0.0,5
B,RandomForest,fri_pm_scan,3813,0.0,1.0,,0.0,5
B,RandomForest,fri_pm_scan,3814,0.0,1.0,,0.0,5
B,RandomForest,fri_pm_scan,3815,0.0,1.0,,0.0,5
B,RandomForest,fri_pm_scan,3816,0.0,1.0,,0.0,5
B,RandomForest,fri_pm_scan,3817,0.0,1.0,,0.0,5
B,RandomForest,fri_pm_scan,3818,0.0,1.0000000000000002,,0.0,5
B,RandomForest,fri_pm_scan,3819,0.0,1.0000000000000002,,0.0,5
B,RandomForest,fri_pm_scan,3820,0.0,1.0000000000000002,,0.0,5
B,RandomForest,fri_pm_scan,3821,0.0,1.0,,0.0,5
B,RandomForest,fri_pm_scan,3822,0.0,1.0,,0.0,5
B,RandomForest,fri_pm_scan,3823,0.0,1.0,,0.0,5
B,RandomForest,fri_pm_scan,3824,0.0,1.0,,0.0,5
B,RandomForest,fri_pm_scan,3825,0.0,0.9999999999999999,,0.0,5
B,RandomForest,fri_pm_scan,3826,0.0,0.9999999999999999,,0.0,5
B,RandomForest,fri_pm_scan,3827,0.0,1.0,,0.0,5
B,RandomForest,fri_pm_scan,3828,0.0,1.0,,0.0,5
B,RandomForest,fri_pm_scan,3829,0.0,1.0000000000000002,,0.0,5
B,RandomForest,fri_pm_scan,3830,0.0,1.0000000000000002,,0.0,5
B,RandomForest,fri_pm_scan,3831,0.0,1.0000000000000002,,0.0,5
B,RandomForest,fri_pm_scan,3832,0.0,1.0000000000000002,,0.0,5
B,RandomForest,fri_pm_scan,3833,0.0,0.9999999999999999,,0.0,5
B,RandomForest,fri_pm_scan,3834,0.0,0.9999999999999999,,0.0,5
B,RandomForest,fri_pm_scan,3835,0.0,1.0000000000000002,,0.0,5
B,RandomForest,fri_pm_scan,3836,0.0,1.0000000000000002,,0.0,5
B,RandomForest,fri_pm_scan,3837,0.0,1.0000000000000002,,0.0,5
B,RandomForest,fri_pm_scan,3838,0.0,0.9999999999999999,1.0,0.0,5
B,RandomForest,fri_pm_scan,3839,0.0,1.0,1.0,0.0,5
B,RandomForest,fri_pm_scan,3840,0.0,1.0,1.0,0.0,5
B,RandomForest,fri_pm_scan,3841,0.0,1.0,1.0,0.0,5
B,RandomForest,fri_pm_scan,3842,0.0,1.0,1.0,0.0,5
B,RandomForest,fri_pm_scan,3843,0.0,0.9842592592592592,0.94,0.0,5
B,RandomForest,fri_pm_scan,3844,0.0,0.9793650793650792,0.9345238095238095,0.0,5
B,RandomForest,fri_pm_scan,3845,0.0,0.9765420338175754,0.9395604395604397,0.0,5
B,RandomForest,fri_pm_scan,3846,0.0,0.9699432404540765,0.9322916666666666,0.0,5
B,RandomForest,fri_pm_scan,3847,0.0,0.9565885395993756,0.9114583333333333,0.0,5
B,RandomForest,fri_pm_scan,3848,0.0,0.9565885395993755,0.9114583333333333,0.0,5
B,RandomForest,fri_pm_scan,3849,0.0,0.9565885395993755,0.9114583333333334,0.0,5
B,RandomForest,fri_pm_scan,3850,0.0,0.9565885395993756,0.9114583333333334,0.0,5
B,RandomForest,fri_pm_scan,3851,0.0,0.9565885395993756,0.9114583333333334,0.0,5
B,RandomForest,fri_pm_scan,3852,0.0,0.9565885395993756,0.9114583333333333,0.0,5
B,RandomForest,fri_pm_scan,3853,0.0,0.9420683375791736,0.890625,0.0,5
B,RandomForest,fri_pm_scan,3854,0.0,0.9420683375791735,0.890625,0.0,5
B,RandomForest,fri_pm_scan,3855,0.0,0.9165311890473725,0.8636363636363636,0.0,5
B,RandomForest,fri_pm_scan,3856,0.0,0.8858866108092115,0.835,0.0,5
B,RandomForest,fri_pm_scan,3857,0.0,0.8345477413453419,0.765,0.0,5
B,RandomForest,fri_pm_scan,3858,0.0,0.8414439033189033,0.7849999999999999,0.0,5
B,RandomForest,fri_pm_scan,3859,0.0,0.8626344614980979,0.803030303030303,0.0,5
B,RandomForest,fri_pm_scan,3860,0.0,0.8642684484262024,0.8080808080808081,0.0,5
B,RandomForest,fri_pm_scan,3861,0.0,0.8532438669470755,0.7878787878787878,0.0,5
B,RandomForest,fri_pm_scan,3862,0.0,0.861388296047387,0.8080808080808081,0.0,5
B,RandomForest,fri_pm_scan,3863,0.0,0.8749653124653124,0.85,0.0,5
B,RandomForest,fri_pm_scan,3864,0.0,0.8973106060606061,0.88,0.0,5
B,RandomForest,fri_pm_scan,3865,0.0,0.8772899449035813,0.8282828282828283,0.0,5
B,RandomForest,fri_pm_scan,3866,0.0,0.8709778375219551,0.7916666666666667,0.0,5
B,RandomForest,fri_pm_scan,3867,0.0,0.8961642252083429,0.8229166666666667,0.0,5
B,RandomForest,fri_pm_scan,3868,0.0,0.8961642252083428,0.8229166666666667,0.0,5
B,RandomForest,fri_pm_scan,3869,0.0,0.8961642252083428,0.8229166666666667,0.0,5
B,RandomForest,fri_pm_scan,3870,0.0,0.8961642252083429,0.8229166666666667,0.0,5
B,RandomForest,fri_pm_scan,3871,0.0,0.8961642252083429,0.8229166666666667,0.0,5
B,RandomForest,fri_pm_scan,3872,0.0,0.8961642252083428,0.8229166666666667,0.0,5
B,RandomForest,fri_pm_scan,3873,0.0,0.9047660041978224,0.8585858585858586,0.0,5
B,RandomForest,fri_pm_scan,3874,0.0,0.8613618326118326,0.82,0.0,5
B,RandomForest,fri_pm_scan,3875,0.0,0.8533062770562769,0.81,0.0,5
B,RandomForest,fri_pm_scan,3876,0.0,0.8761408036408036,0.85,0.0,5
B,RandomForest,fri_pm_scan,3877,0.0,0.9007384590717924,0.8989898989898989,0.0,5
B,RandomForest,fri_pm_scan,3878,0.0,0.9007384590717924,0.8989898989898989,0.0,5
B,RandomForest,fri_pm_scan,3879,0.0,0.8966408591408591,0.8958333333333334,0.0,5
B,RandomForest,fri_pm_ddos,4277,0.0,0.8851325757575758,0.875,0.0,5
B,RandomForest,fri_pm_ddos,4278,0.0,0.8851325757575758,0.875,0.0,5
B,RandomForest,fri_pm_ddos,4279,0.0,0.8851325757575758,0.875,0.0,5
B,RandomForest,fri_pm_ddos,4280,0.0,0.8794871794871795,0.8645833333333333,0.0,5
B,RandomForest,fri_pm_ddos,4281,0.0,0.884271978021978,0.875,0.0,5
B,RandomForest,fri_pm_ddos,4282,0.0,0.9313186813186812,0.9340659340659341,0.0,5
B,RandomForest,fri_pm_ddos,4283,0.0,1.0,1.0,0.0,5
B,RandomForest,fri_pm_ddos,4284,0.0,1.0,1.0,0.0,5
B,RandomForest,fri_pm_ddos,4285,0.0,1.0,1.0,0.0,5
B,RandomForest,fri_pm_ddos,4286,0.0,1.0,1.0,0.0,5
B,RandomForest,fri_pm_ddos,4287,0.0,1.0,1.0,0.0,5
B,RandomForest,fri_pm_ddos,4288,0.0,1.0,1.0,0.0,5
B,RandomForest,fri_pm_ddos,4289,0.0,0.5,,0.0,5
B,RandomForest,fri_pm_ddos,4290,0.0,0.5,,0.0,5
B,RandomForest,fri_pm_ddos,4291,0.0,0.5,,0.0,5
B,RandomForest,fri_pm_ddos,4292,0.0,0.5,,0.0,5
B,RandomForest,fri_pm_ddos,4293,0.0,0.5,,0.0,5
B,RandomForest,fri_pm_ddos,4294,0.0,0.5,,0.0,5
B,RandomForest,fri_pm_ddos,4295,0.0,0.07142857142857142,0.736842105263158,0.0,5
B,RandomForest,fri_pm_ddos,4296,0.0,0.0759189640768588,0.38888888888888895,0.0,5
B,RandomForest,fri_pm_ddos,4297,0.0,0.10001719986240111,0.2941176470588235,0.0,5
B,RandomForest,fri_pm_ddos,4298,0.0,0.1294407894736842,0.25,0.0,5
B,RandomForest,fri_pm_ddos,4299,0.0,0.15085397316821464,0.17333333333333337,0.0,5
B,RandomForest,fri_pm_ddos,4300,0.0,0.18186612364243943,0.1488095238095238,0.0,5
B,RandomForest,fri_pm_ddos,4301,0.0,0.20943292296675753,0.12637362637362634,0.0,5
B,RandomForest,fri_pm_ddos,4302,0.0,0.23824946982841722,0.109375,0.0,5
B,RandomForest,fri_pm_ddos,4303,0.0,0.26822339453918403,0.09595959595959597,0.0,5
B,RandomForest,fri_pm_ddos,4304,0.0,0.2993979266347687,0.08500000000000002,0.0,5
B,RandomForest,fri_pm_ddos,4305,0.0,0.33193175776907835,0.07575757575757577,0.0,5
B,RandomForest,fri_pm_ddos,4306,0.0,0.36611232943469796,0.06770833333333333,0.0,5
B,RandomForest,fri_pm_ddos,4307,0.0,0.41657187841398363,0.06043956043956045,0.0,5
B,RandomForest,fri_pm_ddos,4308,0.0,0.41464880149090666,0.04945054945054946,0.0,5
B,RandomForest,fri_pm_ddos,4309,0.0,0.4739102219835303,0.06547619047619047,0.0,5
B,RandomForest,fri_pm_ddos,4310,0.0,0.5260352269562796,0.06666666666666667,0.0,5
B,RandomForest,fri_pm_ddos,4311,0.0,0.5781954887218045,0.046875,0.0,5
B,RandomForest,fri_pm_ddos,4312,0.0,0.6468413681261977,0.05882352941176472,0.0,5
B,RandomForest,fri_pm_ddos,4313,0.0,0.7345272904483431,0.08333333333333333,0.0,5
B,RandomForest,fri_pm_ddos,4314,0.0,0.8156278855032317,0.0,0.0,5
B,RandomForest,fri_pm_ddos,4315,0.0,0.8010849492151431,0.0,0.0,5
B,RandomForest,fri_pm_ddos,4316,0.0,0.8156278855032317,0.0,0.0,5
B,RandomForest,fri_pm_ddos,4317,0.0,0.7118421052631579,0.0,0.0,5
B,RandomForest,fri_pm_ddos,4318,0.0,0.7009287925696593,0.33333333333333337,0.0,5
B,RandomForest,fri_pm_ddos,4319,0.0,0.7009287925696593,0.33333333333333337,0.0,5
B,RandomForest,fri_pm_ddos,4320,0.0,0.7009287925696593,0.33333333333333337,0.0,5
B,RandomForest,fri_pm_ddos,4321,0.0,0.7009287925696593,0.33333333333333337,0.0,5
B,RandomForest,fri_pm_ddos,4322,0.0,0.7009287925696593,0.33333333333333337,0.0,5
B,RandomForest,fri_pm_ddos,4323,0.0,0.7009287925696593,0.33333333333333337,0.0,5
B,RandomForest,fri_pm_ddos,4324,0.0,0.7009287925696593,0.33333333333333337,0.0,5
B,RandomForest,fri_pm_ddos,4325,0.0,0.7009287925696593,0.33333333333333337,0.0,5
B,RandomForest,fri_pm_ddos,4326,0.0,0.7124281291463954,0.33333333333333337,0.0,5
B,RandomForest,fri_pm_ddos,4327,0.0,0.6404918546365914,0.3125,0.0,5
B,RandomForest,fri_pm_ddos,4328,0.0,0.6561168546365914,0.34375,0.0,5
B,RandomForest,fri_pm_ddos,4329,0.0,0.6561168546365914,0.34375,0.0,5
B,RandomForest,fri_pm_ddos,4330,0.0,0.6561168546365914,0.34375,0.0,5
B,RandomForest,fri_pm_ddos,4331,0.0,0.6561168546365914,0.34375,0.0,5
B,RandomForest,fri_pm_ddos,4332,0.0,0.6735138627819548,0.359375,0.0,5
B,RandomForest,fri_pm_ddos,4333,0.0,0.6735138627819548,0.359375,0.0,5
B,RandomForest,fri_pm_ddos,4334,0.0,0.6735138627819548,0.359375,0.0,5
B,RandomForest,fri_pm_ddos,4335,0.0,0.6963424185463659,0.390625,0.0,5
B,RandomForest,fri_pm_ddos,4336,0.0,0.6161605402394876,0.33333333333333326,0.0,5
B,RandomForest,fri_pm_ddos,4337,0.0,0.754920634920635,0.5333333333333333,0.0,5
B,RandomForest,fri_pm_ddos,4338,0.0,0.7781132518796993,0.4375,0.0,5
B,RandomForest,fri_pm_ddos,4339,0.0,0.7302846961152882,0.390625,0.0,5
B,RandomForest,fri_pm_ddos,4340,0.0,0.7302846961152882,0.390625,0.0,5
B,RandomForest,fri_pm_ddos,4341,0.0,0.7340538847117796,0.390625,0.0,5
B,RandomForest,fri_pm_ddos,4342,0.0,0.7340538847117796,0.390625,0.0,5
B,RandomForest,fri_pm_ddos,4343,0.0,0.7340538847117796,0.390625,0.0,5
B,RandomForest,fri_pm_ddos,4344,0.0,0.7340538847117796,0.390625,0.0,5
B,RandomForest,fri_pm_ddos,4345,0.0,0.7459586466165414,0.40625,0.0,5
B,RandomForest,fri_pm_ddos,4346,0.0,0.7308193277310924,0.52,0.0,5
B,RandomForest,fri_pm_ddos,4347,0.0,0.7950309290382821,0.578125,0.0,5
B,RandomForest,fri_pm_ddos,4348,0.0,0.8625281485143077,0.6862745098039217,0.0,5
B,RandomForest,fri_pm_ddos,4349,0.0,0.8138792772010764,0.6666666666666667,0.0,5
B,RandomForest,fri_pm_ddos,4350,0.0,0.8138792772010764,0.6666666666666667,0.0,5
B,RandomForest,fri_pm_ddos,4351,0.0,0.8138792772010764,0.6666666666666667,0.0,5
B,RandomForest,fri_pm_ddos,4352,0.0,0.8062668204536716,0.6666666666666667,0.0,5
B,RandomForest,fri_pm_ddos,4353,0.0,0.8062668204536716,0.6666666666666667,0.0,5
B,RandomForest,fri_pm_ddos,4354,0.0,0.8138792772010764,0.6666666666666667,0.0,5
B,RandomForest,fri_pm_ddos,4355,0.0,0.8138792772010764,0.6666666666666667,0.0,5
B,RandomForest,fri_pm_ddos,4356,0.0,1.0,1.0,0.0,5
B,RandomForest,fri_pm_ddos,4357,0.0,0.9999999999999999,1.0,0.0,5
B,RandomForest,fri_pm_ddos,4358,0.0,0.9999999999999998,1.0,0.0,5
B,RandomForest,fri_pm_ddos,4359,0.0,0.9999999999999998,1.0,0.0,5
B,RandomForest,fri_pm_ddos,4360,0.0,0.9999999999999998,1.0,0.0,5
B,RandomForest,fri_pm_ddos,4361,0.0,0.9999999999999998,1.0,0.0,5
B,RandomForest,fri_pm_ddos,4362,0.0,0.9999999999999998,1.0,0.0,5
B,RandomForest,fri_pm_ddos,4363,0.0,0.8961988304093569,0.5972222222222222,0.0,5
B,RandomForest,fri_pm_ddos,4364,0.0,0.8961988304093569,0.5972222222222222,0.0,5
B,RandomForest,fri_pm_ddos,4365,0.0,0.8669590643274854,0.5694444444444444,0.0,5
B,RandomForest,fri_pm_ddos,4366,0.0,0.8671052631578946,0.13157894736842105,0.0,5
B,RandomForest,fri_pm_ddos,4367,0.0,0.8260156971375807,0.07894736842105263,0.0,5
B,RandomForest,fri_pm_ddos,4368,0.0,0.8260156971375807,0.07894736842105263,0.0,5
B,RandomForest,fri_pm_ddos,4369,0.0,0.8260156971375807,0.07894736842105263,0.0,5
B,RandomForest,fri_pm_ddos,4370,0.0,0.8712603878116343,0.13157894736842105,0.0,5
B,RandomForest,fri_pm_ddos,4371,0.0,0.8712231968810917,0.5694444444444444,0.0,5
B,RandomForest,fri_pm_ddos,4372,0.0,0.8712231968810917,0.5694444444444444,0.0,5
B,RandomForest,fri_pm_ddos,4373,0.0,0.8991552956465239,0.5972222222222222,0.0,5
B,RandomForest,fri_pm_ddos,4374,0.0,0.8781676413255362,0.5833333333333334,0.0,5
B,RandomForest,fri_pm_ddos,4375,0.0,0.8413121583916219,0.5555555555555556,0.0,5
B,RandomForest,fri_pm_ddos,4376,0.0,0.8474963450292399,0.5555555555555556,0.0,5
B,RandomForest,fri_pm_ddos,4377,0.0,0.8474963450292399,0.5555555555555556,0.0,5
B,RandomForest,fri_pm_ddos,4378,0.0,0.8474963450292399,0.5555555555555556,0.0,5
B,RandomForest,fri_pm_ddos,4379,0.0,0.8480776624375241,0.7058823529411765,0.0,5
B,RandomForest,fri_pm_ddos,4380,0.0,0.8696462898885043,0.7058823529411765,0.0,5
B,RandomForest,fri_pm_ddos,4381,0.0,0.87344839896743,0.7058823529411765,0.0,5
B,RandomForest,fri_pm_ddos,4382,0.0,0.87344839896743,0.7058823529411765,0.0,5
B,RandomForest,fri_pm_ddos,4383,0.0,1.0,1.0,0.0,5
B,RandomForest,fri_pm_ddos,4384,0.0,1.0,1.0,0.0,5
B,RandomForest,fri_pm_ddos,4385,0.0,1.0,1.0,0.0,5
B,RandomForest,fri_pm_ddos,4386,0.0,1.0,1.0,0.0,5
B,RandomForest,fri_pm_ddos,4387,0.0,0.9972222222222223,0.9722222222222222,0.0,5
B,RandomForest,fri_pm_ddos,4388,0.0,0.9955882352941177,0.9705882352941176,0.0,5
B,RandomForest,fri_pm_ddos,4389,0.0,0.9955882352941177,0.9705882352941176,0.0,5
B,RandomForest,fri_pm_ddos,4390,0.0,0.9955882352941177,0.9705882352941176,0.0,5
B,RandomForest,fri_pm_ddos,4391,0.0,0.9972222222222223,0.9722222222222222,0.0,5
B,RandomForest,fri_pm_ddos,4392,0.0,0.9972222222222222,0.9722222222222222,0.0,5
B,RandomForest,fri_pm_ddos,4393,0.0,0.9972222222222223,0.9722222222222222,0.0,5
B,RandomForest,fri_pm_ddos,4394,0.0,0.9972222222222223,0.9722222222222222,0.0,5
B,RandomForest,fri_pm_ddos,4395,0.0,0.9972222222222223,0.9722222222222222,0.0,5
B,RandomForest,fri_pm_ddos,4396,0.0,0.9955882352941177,0.9705882352941176,0.0,5
B,RandomForest,fri_pm_ddos,4397,0.0,0.9955882352941177,0.9705882352941176,0.0,5
B,RandomForest,fri_pm_ddos,4398,0.0,0.9955882352941177,0.9705882352941176,0.0,5
B,RandomForest,fri_pm_ddos,4399,0.0,0.9972222222222222,0.9722222222222222,0.0,5
B,RandomForest,fri_pm_ddos,4400,0.0,0.9972222222222222,0.9722222222222222,0.0,5
B,RandomForest,fri_pm_ddos,4401,0.0,0.9972222222222222,0.9722222222222222,0.0,5
B,RandomForest,fri_pm_ddos,4402,0.0,0.9972222222222222,0.9722222222222222,0.0,5
B,RandomForest,fri_pm_ddos,4403,0.0,0.9972222222222222,0.9722222222222222,0.0,5
B,RandomForest,fri_pm_ddos,4404,0.0,0.9972222222222222,0.9722222222222222,0.0,5
B,RandomForest,fri_pm_ddos,4405,0.0,0.9955882352941177,0.9705882352941176,0.0,5
B,RandomForest,fri_pm_ddos,4406,0.0,0.9955882352941177,0.9705882352941176,0.0,5
B,RandomForest,fri_pm_ddos,4407,0.0,1.0,1.0,0.0,5
B,RandomForest,fri_pm_ddos,4408,0.0,1.0,1.0,0.0,5
B,RandomForest,fri_pm_ddos,4409,0.0,1.0,1.0,0.0,5
B,RandomForest,fri_pm_ddos,4410,0.0,1.0,1.0,0.0,5
B,RandomForest,fri_pm_ddos,4411,0.0,1.0,1.0,0.0,5
B,RandomForest,fri_pm_ddos,4412,0.0,1.0,1.0,0.0,5
B,RandomForest,fri_pm_ddos,4413,0.0,1.0,1.0,0.0,5
B,RandomForest,fri_pm_ddos,4414,0.0,1.0,1.0,0.0,5
B,RandomForest,fri_pm_ddos,4415,0.0,1.0,1.0,0.0,5
B,RandomForest,fri_pm_ddos,4416,0.0,1.0,1.0,0.0,5
B,RandomForest,fri_pm_ddos,4417,0.0,1.0,1.0,0.0,5
B,RandomForest,fri_pm_ddos,4418,0.0,1.0,1.0,0.0,5
B,RandomForest,fri_pm_ddos,4419,0.0,1.0,1.0,0.0,5
B,RandomForest,fri_pm_ddos,4420,0.0,1.0,1.0,0.0,5
B,RandomForest,fri_pm_ddos,4421,0.0,1.0,1.0,0.0,5
B,RandomForest,fri_pm_ddos,4422,0.0,0.8558823529411763,0.6862745098039217,0.0,5
B,RandomForest,fri_pm_ddos,4423,0.0,0.8526960784313725,0.765625,0.0,5
B,RandomForest,fri_pm_ddos,4424,0.0,0.8058210784313725,0.75,0.0,5
B,RandomForest,fri_pm_ddos,4425,0.0,0.8117647058823528,0.6666666666666667,0.0,5
B,RandomForest,fri_pm_ddos,4426,0.0,0.803267973856209,0.6666666666666667,0.0,5
B,RandomForest,fri_pm_ddos,4427,0.0,0.803267973856209,0.6666666666666667,0.0,5
B,RandomForest,fri_pm_ddos,4428,0.0,0.803267973856209,0.6666666666666667,0.0,5
B,RandomForest,fri_pm_ddos,4429,0.0,0.7883986928104574,0.6666666666666667,0.0,5
B,RandomForest,fri_pm_ddos,4430,0.0,0.803267973856209,0.6666666666666667,0.0,5
B,RandomForest,fri_pm_ddos,4431,0.0,0.797732843137255,0.75,0.0,5
B,RandomForest,fri_pm_ddos,4432,0.0,0.7915277777777779,0.8,0.0,5
B,RandomForest,fri_pm_ddos,4433,0.0,0.7883333333333334,0.7733333333333334,0.0,5
B,RandomForest,fri_pm_ddos,4434,0.0,0.7992187500000001,0.7265625,0.0,5
B,RandomForest,fri_pm_ddos,4435,0.0,0.7992187500000001,0.7265625,0.0,5
B,RandomForest,fri_pm_ddos,4436,0.0,0.7992187500000001,0.7265625,0.0,5
B,RandomForest,fri_pm_ddos,4437,0.0,0.7992187500000001,0.7265625,0.0,5
B,RandomForest,fri_pm_ddos,4438,0.0,0.7992187500000001,0.7265625,0.0,5
B,RandomForest,fri_pm_ddos,4439,0.0,0.7992187500000001,0.7265625,0.0,5
B,RandomForest,fri_pm_ddos,4440,0.0,0.80546875,0.7265625,0.0,5
B,RandomForest,fri_pm_ddos,4441,0.0,0.7911904761904762,0.7733333333333334,0.0,5
B,RandomForest,fri_pm_ddos,4442,0.0,0.99375,0.96875,0.0,5
B,RandomForest,fri_pm_ddos,4443,0.0,0.9955882352941177,0.9705882352941176,0.0,5
B,RandomForest,fri_pm_ddos,4444,0.0,0.9955882352941177,0.9705882352941176,0.0,5
B,RandomForest,fri_pm_ddos,4445,0.0,0.9955882352941177,0.9705882352941176,0.0,5
B,RandomForest,fri_pm_ddos,4446,0.0,0.9955882352941177,0.9705882352941176,0.0,5
B,RandomForest,fri_pm_ddos,4447,0.0,0.9955882352941177,0.9705882352941176,0.0,5
B,RandomForest,fri_pm_ddos,4448,0.0,0.9955882352941177,0.9705882352941176,0.0,5
B,RandomForest,fri_pm_ddos,4449,0.0,0.8046316964285715,0.7265625,0.0,5
B,RandomForest,fri_pm_ddos,4450,0.0,0.6971031746031746,0.5933333333333333,0.0,5
B,RandomForest,fri_pm_ddos,4451,0.0,0.6971031746031746,0.5933333333333333,0.0,5
B,RandomForest,fri_pm_ddos,4452,0.0,0.6971031746031746,0.5933333333333333,0.0,5
B,RandomForest,fri_pm_ddos,4453,0.0,0.7175536881419236,0.6266666666666666,0.0,5
B,RandomForest,fri_pm_ddos,4454,0.0,0.7175536881419236,0.6266666666666666,0.0,5
B,RandomForest,fri_pm_ddos,4455,0.0,0.7110457516339869,0.6266666666666666,0.0,5
B,RandomForest,fri_pm_ddos,4456,0.0,0.7110457516339869,0.6266666666666666,0.0,5
B,RandomForest,fri_pm_ddos,4457,0.0,0.7110457516339869,0.6266666666666666,0.0,5
B,RandomForest,fri_pm_ddos,4458,0.0,0.7110457516339869,0.6266666666666666,0.0,5
B,RandomForest,fri_pm_ddos,4459,0.0,0.7110457516339869,0.6266666666666666,0.0,5
B,RandomForest,fri_pm_ddos,4460,0.0,0.6254901960784314,0.5476190476190477,0.0,5
B,RandomForest,fri_pm_ddos,4461,0.0,0.6254901960784314,0.5476190476190477,0.0,5
B,RandomForest,fri_pm_ddos,4462,0.0,0.6516481592637056,0.5714285714285714,0.0,5
B,RandomForest,fri_pm_ddos,4463,0.0,0.6561874749899961,0.5714285714285714,0.0,5
B,RandomForest,fri_pm_ddos,4464,0.0,0.6561874749899961,0.5714285714285714,0.0,5
B,RandomForest,fri_pm_ddos,4465,0.0,0.6439425770308123,0.5714285714285714,0.0,5
B,RandomForest,fri_pm_ddos,4466,0.0,0.6439425770308123,0.5714285714285714,0.0,5
B,RandomForest,fri_pm_ddos,4467,0.0,0.6498849539815926,0.5714285714285714,0.0,5
B,RandomForest,fri_pm_ddos,4468,0.0,0.6498849539815926,0.5714285714285714,0.0,5
B,RandomForest,fri_pm_ddos,4469,0.0,0.6498849539815926,0.5714285714285714,0.0,5
B,RandomForest,fri_pm_ddos,4470,0.0,0.7077152014652014,0.7023809523809524,0.0,5
B,RandomForest,fri_pm_ddos,4471,0.0,0.7347432306255837,0.6533333333333333,0.0,5
B,RandomForest,fri_pm_ddos,4472,0.0,0.7477678571428572,0.5625,0.0,5
B,RandomForest,fri_pm_ddos,4473,0.0,0.7252987861811391,0.64,0.0,5
B,RandomForest,fri_pm_ddos,4474,0.0,0.6329731892757103,0.5476190476190477,0.0,5
B,RandomForest,fri_pm_ddos,4475,0.0,0.5765890971773324,0.5054945054945055,0.0,5
B,RandomForest,fri_pm_ddos,4476,0.0,0.5047726034858387,0.4479166666666667,0.0,5
B,RandomForest,fri_pm_ddos,4477,0.0,0.44421313980137506,0.4040404040404041,0.0,5
B,RandomForest,fri_pm_ddos,4478,0.0,0.39038738222561753,0.37,0.0,5
B,RandomForest,fri_pm_ddos,4479,0.0,0.34117081175904707,0.3434343434343434,0.0,5
B,RandomForest,fri_pm_ddos,4480,0.0,0.333917725339294,0.31313131313131315,0.0,5
B,RandomForest,fri_pm_ddos,4481,0.0,0.333917725339294,0.31313131313131315,0.0,5
B,RandomForest,fri_pm_ddos,4482,0.0,0.28407605466429,0.27083333333333337,0.0,5
B,RandomForest,fri_pm_ddos,4483,0.0,0.2456344309285486,0.28021978021978017,0.0,5
B,RandomForest,fri_pm_ddos,4484,0.0,0.20681526398438163,0.26785714285714285,0.0,5
B,RandomForest,fri_pm_ddos,4485,0.0,0.17297819827231592,0.2866666666666667,0.0,5
B,RandomForest,fri_pm_ddos,4486,0.0,0.14187118029029794,0.3203125,0.0,5
B,RandomForest,fri_pm_ddos,4487,0.0,0.11869588744588747,0.4019607843137255,0.0,5
B,RandomForest,fri_pm_ddos,4488,0.0,0.07756410256410257,0.4027777777777778,0.0,5
B,RandomForest,fri_pm_ddos,4489,0.0,0.07756410256410257,0.4027777777777778,0.0,5
B,RandomForest,fri_pm_ddos,4490,0.0,0.07183441558441558,0.3472222222222222,0.0,5
B,RandomForest,fri_pm_ddos,4491,0.0,0.03125,0.2368421052631579,0.0,5
B,RandomForest,fri_pm_ddos,4492,0.0,0.5,,0.0,5
B,RandomForest,fri_pm_ddos,4493,0.0,0.5,,0.0,5
B,RandomForest,fri_pm_ddos,4494,0.0,0.5,,0.0,5
B,RandomForest,fri_pm_ddos,4495,0.0,0.5,,0.0,5
B,RandomForest,fri_pm_ddos,4496,0.0,0.5,,0.0,5
B,RandomForest,fri_pm_ddos,4497,0.0,0.5,,0.0,5
B,RandomForest,fri_pm_ddos,4498,0.0,0.5,,0.0,5
B,RandomForest,fri_pm_ddos,4499,0.0,0.5,,0.0,5
B,RandomForest,fri_pm_ddos,4500,0.0,0.5,,0.0,5
B,StaticGCN,mon,0,0.0,0.5,,0.0,1
B,StaticGCN,mon,1,0.0,0.5,,0.0,1
B,StaticGCN,mon,2,0.0,0.5,,0.0,1
B,StaticGCN,mon,3,0.0,0.5,,0.0,1
B,StaticGCN,mon,4,0.0,0.5,,0.0,1
B,StaticGCN,mon,5,0.0,0.5,,0.0,1
B,StaticGCN,mon,6,0.0,0.5,,0.0,1
B,StaticGCN,mon,7,0.0,0.5,,0.0,1
B,StaticGCN,mon,8,0.0,0.5,,0.0,1
B,StaticGCN,mon,9,0.0,0.5,,0.0,1
B,StaticGCN,mon,10,0.0,0.5,,0.0,1
B,StaticGCN,mon,11,0.0,0.5,,0.0,1
B,StaticGCN,mon,12,0.0,0.5,,0.0,1
B,StaticGCN,mon,13,0.0,0.5,,0.0,1
B,StaticGCN,mon,14,0.0,0.5,,0.0,1
B,StaticGCN,mon,15,0.0,0.5,,0.0,1
B,StaticGCN,mon,16,0.0,0.5,,0.0,1
B,StaticGCN,mon,17,0.0,0.5,,0.0,1
B,StaticGCN,mon,18,0.0,0.5,,0.0,1
B,StaticGCN,mon,19,0.0,0.5,,0.0,1
B,StaticGCN,mon,20,0.0,0.5,,0.0,1
B,StaticGCN,mon,21,0.0,0.5,,0.0,1
B,StaticGCN,mon,22,0.0,0.5,,0.0,1
B,StaticGCN,mon,23,0.0,0.5,,0.0,1
B,StaticGCN,mon,24,0.0,0.5,,0.0,1
B,StaticGCN,mon,25,0.0,0.5,,0.0,1
B,StaticGCN,mon,26,0.0,0.5,,0.0,1
B,StaticGCN,mon,27,0.0,0.5,,0.0,1
B,StaticGCN,mon,28,0.0,0.5,,0.0,1
B,StaticGCN,mon,29,0.0,0.5,,0.0,1
B,StaticGCN,mon,30,0.0,0.5,,0.0,1
B,StaticGCN,mon,31,0.0,0.5,,0.0,1
B,StaticGCN,mon,32,0.0,0.5,,0.0,1
B,StaticGCN,mon,33,0.0,0.5,,0.0,1
B,StaticGCN,mon,34,0.0,0.5,,0.0,1
B,StaticGCN,mon,35,0.0,0.5,,0.0,1
B,StaticGCN,mon,36,0.0,0.5,,0.0,1
B,StaticGCN,mon,37,0.0,0.5,,0.0,1
B,StaticGCN,mon,38,0.0,0.5,,0.0,1
B,StaticGCN,mon,39,0.0,0.5,,0.0,1
B,StaticGCN,mon,40,0.0,0.5,,0.0,1
B,StaticGCN,mon,41,0.0,0.5,,0.0,1
B,StaticGCN,mon,42,0.0,0.5,,0.0,1
B,StaticGCN,mon,43,0.0,0.5,,0.0,1
B,StaticGCN,mon,44,0.0,0.5,,0.0,1
B,StaticGCN,mon,45,0.0,0.5,,0.0,1
B,StaticGCN,mon,46,0.0,0.5,,0.0,1
B,StaticGCN,mon,47,0.0,0.5,,0.0,1
B,StaticGCN,mon,48,0.0,0.5,,0.0,1
B,StaticGCN,mon,49,0.0,0.5,,0.0,1
B,StaticGCN,mon,50,0.0,0.5,,0.0,1
B,StaticGCN,mon,51,0.0,0.5,,0.0,1
B,StaticGCN,mon,52,0.0,0.5,,0.0,1
B,StaticGCN,mon,53,0.0,0.5,,0.0,1
B,StaticGCN,mon,54,0.0,0.5,,0.0,1
B,StaticGCN,mon,55,0.0,0.5,,0.0,1
B,StaticGCN,mon,56,0.0,0.5,,0.0,1
B,StaticGCN,mon,57,0.0,0.5,,0.0,1
B,StaticGCN,mon,58,0.0,0.5,,0.0,1
B,StaticGCN,mon,59,0.0,0.5,,0.0,1
B,StaticGCN,mon,60,0.0,0.5,,0.0,1
B,StaticGCN,mon,61,0.0,0.5,,0.0,1
B,StaticGCN,mon,62,0.0,0.5,,0.0,1
B,StaticGCN,mon,63,0.0,0.5,,0.0,1
B,StaticGCN,mon,64,0.0,0.5,,0.0,1
B,StaticGCN,mon,65,0.0,0.5,,0.0,1
B,StaticGCN,mon,66,0.0,0.5,,0.0,1
B,StaticGCN,mon,67,0.0,0.5,,0.0,1
B,StaticGCN,mon,68,0.0,0.5,,0.0,1
B,StaticGCN,mon,69,0.0,0.5,,0.0,1
B,StaticGCN,mon,70,0.0,0.5,,0.0,1
B,StaticGCN,mon,71,0.0,0.5,,0.0,1
B,StaticGCN,mon,72,0.0,0.5,,0.0,1
B,StaticGCN,mon,73,0.0,0.5,,0.0,1
B,StaticGCN,mon,74,0.0,0.5,,0.05,1
B,StaticGCN,mon,75,0.0,0.5,,0.1,1
B,StaticGCN,mon,76,0.0,0.5,,0.1,1
B,StaticGCN,mon,77,0.0,0.5,,0.1,1
B,StaticGCN,mon,78,0.0,0.5,,0.1,1
B,StaticGCN,mon,79,0.0,0.5,,0.1,1
B,StaticGCN,mon,80,0.0,0.5,,0.1,1
B,StaticGCN,mon,81,0.0,0.5,,0.1,1
B,StaticGCN,mon,82,0.0,0.5,,0.1,1
B,StaticGCN,mon,83,0.0,0.5,,0.1,1
B,StaticGCN,mon,84,0.0,0.5,,0.1,1
B,StaticGCN,mon,85,0.0,0.5,,0.1,1
B,StaticGCN,mon,86,0.0,0.5,,0.1,1
B,StaticGCN,mon,87,0.0,0.5,,0.1,1
B,StaticGCN,mon,88,0.0,0.5,,0.1,1
B,StaticGCN,mon,89,0.0,0.5,,0.1,1
B,StaticGCN,mon,90,0.0,0.5,,0.1,1
B,StaticGCN,mon,91,0.0,0.5,,0.1,1
B,StaticGCN,mon,92,0.0,0.5,,0.1,1
B,StaticGCN,mon,93,0.0,0.5,,0.1,1
B,StaticGCN,mon,94,0.0,0.5,,0.05,1
B,StaticGCN,mon,95,0.0,0.5,,0.0,1
B,StaticGCN,mon,96,0.0,0.5,,0.0,1
B,StaticGCN,mon,97,0.0,0.5,,0.05,1
B,StaticGCN,mon,98,0.0,0.5,,0.05,1
B,StaticGCN,mon,99,0.0,0.5,,0.05,1
B,StaticGCN,mon,100,0.0,0.5,,0.05,1
B,StaticGCN,mon,101,0.0,0.5,,0.05,1
B,StaticGCN,mon,102,0.0,0.5,,0.05,1
B,StaticGCN,mon,103,0.0,0.5,,0.05,1
B,StaticGCN,mon,104,0.0,0.5,,0.05,1
B,StaticGCN,mon,105,0.0,0.5,,0.05,1
B,StaticGCN,mon,106,0.0,0.5,,0.05,1
B,StaticGCN,mon,107,0.0,0.5,,0.05,1
B,StaticGCN,mon,108,0.0,0.5,,0.05,1
B,StaticGCN,mon,109,0.0,0.5,,0.05,1
B,StaticGCN,mon,110,0.0,0.5,,0.05,1
B,StaticGCN,mon,111,0.0,0.5,,0.05,1
B,StaticGCN,mon,112,0.0,0.5,,0.05,1
B,StaticGCN,mon,113,0.0,0.5,,0.05,1
B,StaticGCN,mon,114,0.0,0.5,,0.05,1
B,StaticGCN,mon,115,0.0,0.5,,0.05,1
B,StaticGCN,mon,116,0.0,0.5,,0.05,1
B,StaticGCN,mon,117,0.0,0.5,,0.0,1
B,StaticGCN,mon,118,0.0,0.5,,0.0,1
B,StaticGCN,mon,119,0.0,0.5,,0.0,1
B,StaticGCN,mon,120,0.0,0.5,,0.0,1
B,StaticGCN,mon,121,0.0,0.5,,0.0,1
B,StaticGCN,mon,122,0.0,0.5,,0.0,1
B,StaticGCN,mon,123,0.0,0.5,,0.0,1
B,StaticGCN,mon,124,0.0,0.5,,0.0,1
B,StaticGCN,mon,125,0.0,0.5,,0.0,1
B,StaticGCN,mon,126,0.0,0.5,,0.0,1
B,StaticGCN,mon,127,0.0,0.5,,0.0,1
B,StaticGCN,mon,128,0.0,0.5,,0.0,1
B,StaticGCN,mon,129,0.0,0.5,,0.0,1
B,StaticGCN,mon,130,0.0,0.5,,0.0,1
B,StaticGCN,mon,131,0.0,0.5,,0.0,1
B,StaticGCN,mon,132,0.0,0.5,,0.0,1
B,StaticGCN,mon,133,0.0,0.5,,0.0,1
B,StaticGCN,mon,134,0.0,0.5,,0.0,1
B,StaticGCN,mon,135,0.0,0.5,,0.05,1
B,StaticGCN,mon,136,0.0,0.5,,0.05,1
B,StaticGCN,mon,137,0.0,0.5,,0.05,1
B,StaticGCN,mon,138,0.0,0.5,,0.05,1
B,StaticGCN,mon,139,0.0,0.5,,0.05,1
B,StaticGCN,mon,140,0.0,0.5,,0.05,1
B,StaticGCN,mon,141,0.0,0.5,,0.05,1
B,StaticGCN,mon,142,0.0,0.5,,0.05,1
B,StaticGCN,mon,143,0.0,0.5,,0.05,1
B,StaticGCN,mon,144,0.0,0.5,,0.05,1
B,StaticGCN,mon,145,0.0,0.5,,0.05,1
B,StaticGCN,mon,146,0.0,0.5,,0.05,1
B,StaticGCN,mon,147,0.0,0.5,,0.05,1
B,StaticGCN,mon,148,0.0,0.5,,0.05,1
B,StaticGCN,mon,149,0.0,0.5,,0.05,1
B,StaticGCN,mon,150,0.0,0.5,,0.05,1
B,StaticGCN,mon,151,0.0,0.5,,0.05,1
B,StaticGCN,mon,152,0.0,0.5,,0.05,1
B,StaticGCN,mon,153,0.0,0.5,,0.05,1
B,StaticGCN,mon,154,0.0,0.5,,0.05,1
B,StaticGCN,mon,155,0.0,0.5,,0.0,1
B,StaticGCN,mon,156,0.0,0.5,,0.0,1
B,StaticGCN,mon,157,0.0,0.5,,0.0,1
B,StaticGCN,mon,158,0.0,0.5,,0.0,1
B,StaticGCN,mon,159,0.0,0.5,,0.0,1
B,StaticGCN,mon,160,0.0,0.5,,0.0,1
B,StaticGCN,mon,161,0.0,0.5,,0.0,1
B,StaticGCN,mon,162,0.0,0.5,,0.0,1
B,StaticGCN,mon,163,0.0,0.5,,0.0,1
B,StaticGCN,mon,164,0.0,0.5,,0.0,1
B,StaticGCN,mon,165,0.0,0.5,,0.0,1
B,StaticGCN,mon,166,0.0,0.5,,0.0,1
B,StaticGCN,mon,167,0.0,0.5,,0.0,1
B,StaticGCN,mon,168,0.0,0.5,,0.0,1
B,StaticGCN,mon,169,0.0,0.5,,0.0,1
B,StaticGCN,mon,170,0.0,0.5,,0.0,1
B,StaticGCN,mon,171,0.0,0.5,,0.0,1
B,StaticGCN,mon,172,0.0,0.5,,0.0,1
B,StaticGCN,mon,173,0.0,0.5,,0.0,1
B,StaticGCN,mon,174,0.0,0.5,,0.0,1
B,StaticGCN,mon,175,0.0,0.5,,0.0,1
B,StaticGCN,mon,176,0.0,0.5,,0.0,1
B,StaticGCN,mon,177,0.0,0.5,,0.05,1
B,StaticGCN,mon,178,0.0,0.5,,0.05,1
B,StaticGCN,mon,179,0.0,0.5,,0.05,1
B,StaticGCN,mon,180,0.0,0.5,,0.05,1
B,StaticGCN,mon,181,0.0,0.5,,0.05,1
B,StaticGCN,mon,182,0.0,0.5,,0.05,1
B,StaticGCN,mon,183,0.0,0.5,,0.05,1
B,StaticGCN,mon,184,0.0,0.5,,0.05,1
B,StaticGCN,mon,185,0.0,0.5,,0.05,1
B,StaticGCN,mon,186,0.0,0.5,,0.05,1
B,StaticGCN,mon,187,0.0,0.5,,0.05,1
B,StaticGCN,mon,188,0.0,0.5,,0.05,1
B,StaticGCN,mon,189,0.0,0.5,,0.05,1
B,StaticGCN,mon,190,0.0,0.5,,0.05,1
B,StaticGCN,mon,191,0.0,0.5,,0.05,1
B,StaticGCN,mon,192,0.0,0.5,,0.05,1
B,StaticGCN,mon,193,0.0,0.5,,0.05,1
B,StaticGCN,mon,194,0.0,0.5,,0.05,1
B,StaticGCN,mon,195,0.0,0.5,,0.05,1
B,StaticGCN,mon,196,0.0,0.5,,0.05,1
B,StaticGCN,mon,197,0.0,0.5,,0.0,1
B,StaticGCN,mon,198,0.0,0.5,,0.0,1
B,StaticGCN,mon,199,0.0,0.5,,0.0,1
B,StaticGCN,mon,200,0.0,0.5,,0.0,1
B,StaticGCN,mon,201,0.0,0.5,,0.0,1
B,StaticGCN,mon,202,0.0,0.5,,0.0,1
B,StaticGCN,mon,203,0.0,0.5,,0.0,1
B,StaticGCN,mon,204,0.0,0.5,,0.0,1
B,StaticGCN,mon,205,0.0,0.5,,0.0,1
B,StaticGCN,mon,206,0.0,0.5,,0.0,1
B,StaticGCN,mon,207,0.0,0.5,,0.0,1
B,StaticGCN,mon,208,0.0,0.5,,0.0,1
B,StaticGCN,mon,209,0.0,0.5,,0.0,1
B,StaticGCN,mon,210,0.0,0.5,,0.0,1
B,StaticGCN,mon,211,0.0,0.5,,0.0,1
B,StaticGCN,mon,212,0.0,0.5,,0.0,1
B,StaticGCN,mon,213,0.0,0.5,,0.0,1
B,StaticGCN,mon,214,0.0,0.5,,0.0,1
B,StaticGCN,mon,215,0.0,0.5,,0.0,1
B,StaticGCN,mon,216,0.0,0.5,,0.0,1
B,StaticGCN,mon,217,0.0,0.5,,0.0,1
B,StaticGCN,mon,218,0.0,0.5,,0.0,1
B,StaticGCN,mon,219,0.0,0.5,,0.0,1
B,StaticGCN,mon,220,0.0,0.5,,0.0,1
B,StaticGCN,mon,221,0.0,0.5,,0.0,1
B,StaticGCN,mon,222,0.0,0.5,,0.0,1
B,StaticGCN,mon,223,0.0,0.5,,0.0,1
B,StaticGCN,mon,224,0.0,0.5,,0.0,1
B,StaticGCN,mon,225,0.0,0.5,,0.0,1
B,StaticGCN,mon,226,0.0,0.5,,0.0,1
B,StaticGCN,mon,227,0.0,0.5,,0.0,1
B,StaticGCN,mon,228,0.0,0.5,,0.0,1
B,StaticGCN,mon,229,0.0,0.5,,0.0,1
B,StaticGCN,mon,230,0.0,0.5,,0.0,1
B,StaticGCN,mon,231,0.0,0.5,,0.0,1
B,StaticGCN,mon,232,0.0,0.5,,0.0,1
B,StaticGCN,mon,233,0.0,0.5,,0.0,1
B,StaticGCN,mon,234,0.0,0.5,,0.0,1
B,StaticGCN,mon,235,0.0,0.5,,0.0,1
B,StaticGCN,mon,236,0.0,0.5,,0.0,1
B,StaticGCN,mon,237,0.0,0.5,,0.0,1
B,StaticGCN,mon,238,0.0,0.5,,0.0,1
B,StaticGCN,mon,239,0.0,0.5,,0.0,1
B,StaticGCN,mon,240,0.0,0.5,,0.0,1
B,StaticGCN,mon,241,0.0,0.5,,0.0,1
B,StaticGCN,mon,242,0.0,0.5,,0.0,1
B,StaticGCN,mon,243,0.0,0.5,,0.0,1
B,StaticGCN,mon,244,0.0,0.5,,0.0,1
B,StaticGCN,mon,245,0.0,0.5,,0.0,1
B,StaticGCN,mon,246,0.0,0.5,,0.0,1
B,StaticGCN,mon,247,0.0,0.5,,0.0,1
B,StaticGCN,mon,248,0.0,0.5,,0.0,1
B,StaticGCN,mon,249,0.0,0.5,,0.0,1
B,StaticGCN,mon,250,0.0,0.5,,0.0,1
B,StaticGCN,mon,251,0.0,0.5,,0.0,1
B,StaticGCN,mon,252,0.0,0.5,,0.0,1
B,StaticGCN,mon,253,0.0,0.5,,0.0,1
B,StaticGCN,mon,254,0.0,0.5,,0.0,1
B,StaticGCN,mon,255,0.0,0.5,,0.0,1
B,StaticGCN,mon,256,0.0,0.5,,0.0,1
B,StaticGCN,mon,257,0.0,0.5,,0.0,1
B,StaticGCN,mon,258,0.0,0.5,,0.0,1
B,StaticGCN,mon,259,0.0,0.5,,0.0,1
B,StaticGCN,mon,260,0.0,0.5,,0.0,1
B,StaticGCN,mon,261,0.0,0.5,,0.0,1
B,StaticGCN,mon,262,0.0,0.5,,0.0,1
B,StaticGCN,mon,263,0.0,0.5,,0.0,1
B,StaticGCN,mon,264,0.0,0.5,,0.0,1
B,StaticGCN,mon,265,0.0,0.5,,0.0,1
B,StaticGCN,mon,266,0.0,0.5,,0.0,1
B,StaticGCN,mon,267,0.0,0.5,,0.0,1
B,StaticGCN,mon,268,0.0,0.5,,0.0,1
B,StaticGCN,mon,269,0.0,0.5,,0.0,1
B,StaticGCN,mon,270,0.0,0.5,,0.0,1
B,StaticGCN,mon,271,0.0,0.5,,0.0,1
B,StaticGCN,mon,272,0.0,0.5,,0.0,1
B,StaticGCN,mon,273,0.0,0.5,,0.0,1
B,StaticGCN,mon,274,0.0,0.5,,0.0,1
B,StaticGCN,mon,275,0.0,0.5,,0.0,1
B,StaticGCN,mon,276,0.0,0.5,,0.0,1
B,StaticGCN,mon,277,0.0,0.5,,0.0,1
B,StaticGCN,mon,278,0.0,0.5,,0.0,1
B,StaticGCN,mon,279,0.0,0.5,,0.0,1
B,StaticGCN,mon,280,0.0,0.5,,0.0,1
B,StaticGCN,mon,281,0.0,0.5,,0.0,1
B,StaticGCN,mon,282,0.0,0.5,,0.0,1
B,StaticGCN,mon,283,0.0,0.5,,0.0,1
B,StaticGCN,mon,284,0.0,0.5,,0.0,1
B,StaticGCN,mon,285,0.0,0.5,,0.0,1
B,StaticGCN,mon,286,0.0,0.5,,0.0,1
B,StaticGCN,mon,287,0.0,0.5,,0.0,1
B,StaticGCN,mon,288,0.0,0.5,,0.0,1
B,StaticGCN,mon,289,0.0,0.5,,0.0,1
B,StaticGCN,mon,290,0.0,0.5,,0.0,1
B,StaticGCN,mon,291,0.0,0.5,,0.0,1
B,StaticGCN,mon,292,0.0,0.5,,0.0,1
B,StaticGCN,mon,293,0.0,0.5,,0.0,1
B,StaticGCN,mon,294,0.0,0.5,,0.0,1
B,StaticGCN,mon,295,0.0,0.5,,0.0,1
B,StaticGCN,mon,296,0.0,0.5,,0.0,1
B,StaticGCN,mon,297,0.0,0.5,,0.0,1
B,StaticGCN,mon,298,0.0,0.5,,0.0,1
B,StaticGCN,mon,299,0.0,0.5,,0.0,1
B,StaticGCN,mon,300,0.0,0.5,,0.0,1
B,StaticGCN,mon,301,0.0,0.5,,0.0,1
B,StaticGCN,mon,302,0.0,0.5,,0.0,1
B,StaticGCN,mon,303,0.0,0.5,,0.0,1
B,StaticGCN,mon,304,0.0,0.5,,0.0,1
B,StaticGCN,mon,305,0.0,0.5,,0.0,1
B,StaticGCN,mon,306,0.0,0.5,,0.0,1
B,StaticGCN,mon,307,0.0,0.5,,0.0,1
B,StaticGCN,mon,308,0.0,0.5,,0.0,1
B,StaticGCN,mon,309,0.0,0.5,,0.0,1
B,StaticGCN,mon,310,0.0,0.5,,0.0,1
B,StaticGCN,mon,311,0.0,0.5,,0.0,1
B,StaticGCN,mon,312,0.0,0.5,,0.0,1
B,StaticGCN,mon,313,0.0,0.5,,0.0,1
B,StaticGCN,mon,314,0.0,0.5,,0.0,1
B,StaticGCN,mon,315,0.0,0.5,,0.0,1
B,StaticGCN,mon,316,0.0,0.5,,0.0,1
B,StaticGCN,mon,317,0.0,0.5,,0.0,1
B,StaticGCN,mon,318,0.0,0.5,,0.0,1
B,StaticGCN,mon,319,0.0,0.5,,0.0,1
B,StaticGCN,mon,320,0.0,0.5,,0.0,1
B,StaticGCN,mon,321,0.0,0.5,,0.0,1
B,StaticGCN,mon,322,0.0,0.5,,0.0,1
B,StaticGCN,mon,323,0.0,0.5,,0.0,1
B,StaticGCN,mon,324,0.0,0.5,,0.0,1
B,StaticGCN,mon,325,0.0,0.5,,0.0,1
B,StaticGCN,mon,326,0.0,0.5,,0.0,1
B,StaticGCN,mon,327,0.0,0.5,,0.0,1
B,StaticGCN,mon,328,0.0,0.5,,0.0,1
B,StaticGCN,mon,329,0.0,0.5,,0.0,1
B,StaticGCN,mon,330,0.0,0.5,,0.0,1
B,StaticGCN,mon,331,0.0,0.5,,0.0,1
B,StaticGCN,mon,332,0.0,0.5,,0.0,1
B,StaticGCN,mon,333,0.0,0.5,,0.0,1
B,StaticGCN,mon,334,0.0,0.5,,0.0,1
B,StaticGCN,mon,335,0.0,0.5,,0.0,1
B,StaticGCN,mon,336,0.0,0.5,,0.0,1
B,StaticGCN,mon,337,0.0,0.5,,0.0,1
B,StaticGCN,mon,338,0.0,0.5,,0.0,1
B,StaticGCN,mon,339,0.0,0.5,,0.0,1
B,StaticGCN,mon,340,0.0,0.5,,0.0,1
B,StaticGCN,mon,341,0.0,0.5,,0.0,1
B,StaticGCN,mon,342,0.0,0.5,,0.0,1
B,StaticGCN,mon,343,0.0,0.5,,0.0,1
B,StaticGCN,mon,344,0.0,0.5,,0.0,1
B,StaticGCN,mon,345,0.0,0.5,,0.0,1
B,StaticGCN,mon,346,0.0,0.5,,0.0,1
B,StaticGCN,mon,347,0.0,0.5,,0.0,1
B,StaticGCN,mon,348,0.0,0.5,,0.0,1
B,StaticGCN,mon,349,0.0,0.5,,0.0,1
B,StaticGCN,mon,350,0.0,0.5,,0.0,1
B,StaticGCN,mon,351,0.0,0.5,,0.0,1
B,StaticGCN,mon,352,0.0,0.5,,0.0,1
B,StaticGCN,mon,353,0.0,0.5,,0.0,1
B,StaticGCN,mon,354,0.0,0.5,,0.0,1
B,StaticGCN,mon,355,0.0,0.5,,0.0,1
B,StaticGCN,mon,356,0.0,0.5,,0.0,1
B,StaticGCN,mon,357,0.0,0.5,,0.0,1
B,StaticGCN,mon,358,0.0,0.5,,0.0,1
B,StaticGCN,mon,359,0.0,0.5,,0.0,1
B,StaticGCN,mon,360,0.0,0.5,,0.0,1
B,StaticGCN,mon,361,0.0,0.5,,0.0,1
B,StaticGCN,mon,362,0.0,0.5,,0.0,1
B,StaticGCN,mon,363,0.0,0.5,,0.0,1
B,StaticGCN,mon,364,0.0,0.5,,0.0,1
B,StaticGCN,mon,365,0.0,0.5,,0.0,1
B,StaticGCN,mon,366,0.0,0.5,,0.0,1
B,StaticGCN,mon,367,0.0,0.5,,0.0,1
B,StaticGCN,mon,368,0.0,0.5,,0.0,1
B,StaticGCN,mon,369,0.0,0.5,,0.0,1
B,StaticGCN,mon,370,0.0,0.5,,0.0,1
B,StaticGCN,mon,371,0.0,0.5,,0.0,1
B,StaticGCN,mon,372,0.0,0.5,,0.0,1
B,StaticGCN,mon,373,0.0,0.5,,0.0,1
B,StaticGCN,mon,374,0.0,0.5,,0.0,1
B,StaticGCN,mon,375,0.0,0.5,,0.0,1
B,StaticGCN,mon,376,0.0,0.5,,0.0,1
B,StaticGCN,mon,377,0.0,0.5,,0.0,1
B,StaticGCN,mon,378,0.0,0.5,,0.0,1
B,StaticGCN,mon,379,0.0,0.5,,0.0,1
B,StaticGCN,mon,380,0.0,0.5,,0.0,1
B,StaticGCN,mon,381,0.0,0.5,,0.0,1
B,StaticGCN,mon,382,0.0,0.5,,0.0,1
B,StaticGCN,mon,383,0.0,0.5,,0.0,1
B,StaticGCN,mon,384,0.0,0.5,,0.0,1
B,StaticGCN,mon,385,0.0,0.5,,0.0,1
B,StaticGCN,mon,386,0.0,0.5,,0.0,1
B,StaticGCN,mon,387,0.0,0.5,,0.0,1
B,StaticGCN,mon,388,0.0,0.5,,0.0,1
B,StaticGCN,mon,389,0.0,0.5,,0.0,1
B,StaticGCN,mon,390,0.0,0.5,,0.0,1
B,StaticGCN,mon,391,0.0,0.5,,0.0,1
B,StaticGCN,mon,392,0.0,0.5,,0.0,1
B,StaticGCN,mon,393,0.0,0.5,,0.0,1
B,StaticGCN,mon,394,0.0,0.5,,0.0,1
B,StaticGCN,mon,395,0.0,0.5,,0.0,1
B,StaticGCN,mon,396,0.0,0.5,,0.0,1
B,StaticGCN,mon,397,0.0,0.5,,0.0,1
B,StaticGCN,mon,398,0.0,0.5,,0.0,1
B,StaticGCN,mon,399,0.0,0.5,,0.0,1
B,StaticGCN,mon,400,0.0,0.5,,0.0,1
B,StaticGCN,mon,401,0.0,0.5,,0.0,1
B,StaticGCN,mon,402,0.0,0.5,,0.0,1
B,StaticGCN,mon,403,0.0,0.5,,0.0,1
B,StaticGCN,mon,404,0.0,0.5,,0.0,1
B,StaticGCN,mon,405,0.0,0.5,,0.0,1
B,StaticGCN,mon,406,0.0,0.5,,0.0,1
B,StaticGCN,mon,407,0.0,0.5,,0.0,1
B,StaticGCN,mon,408,0.0,0.5,,0.0,1
B,StaticGCN,mon,409,0.0,0.5,,0.0,1
B,StaticGCN,mon,410,0.0,0.5,,0.0,1
B,StaticGCN,mon,411,0.0,0.5,,0.0,1
B,StaticGCN,mon,412,0.0,0.5,,0.0,1
B,StaticGCN,mon,413,0.0,0.5,,0.0,1
B,StaticGCN,mon,414,0.0,0.5,,0.0,1
B,StaticGCN,mon,415,0.0,0.5,,0.0,1
B,StaticGCN,mon,416,0.0,0.5,,0.0,1
B,StaticGCN,mon,417,0.0,0.5,,0.0,1
B,StaticGCN,mon,418,0.0,0.5,,0.0,1
B,StaticGCN,mon,419,0.0,0.5,,0.0,1
B,StaticGCN,mon,420,0.0,0.5,,0.0,1
B,StaticGCN,mon,421,0.0,0.5,,0.0,1
B,StaticGCN,mon,422,0.0,0.5,,0.0,1
B,StaticGCN,mon,423,0.0,0.5,,0.0,1
B,StaticGCN,mon,424,0.0,0.5,,0.0,1
B,StaticGCN,mon,425,0.0,0.5,,0.0,1
B,StaticGCN,mon,426,0.0,0.5,,0.0,1
B,StaticGCN,mon,427,0.0,0.5,,0.0,1
B,StaticGCN,mon,428,0.0,0.5,,0.0,1
B,StaticGCN,mon,429,0.0,0.5,,0.0,1
B,StaticGCN,mon,430,0.0,0.5,,0.0,1
B,StaticGCN,mon,431,0.0,0.5,,0.0,1
B,StaticGCN,mon,432,0.0,0.5,,0.0,1
B,StaticGCN,mon,433,0.0,0.5,,0.0,1
B,StaticGCN,mon,434,0.0,0.5,,0.0,1
B,StaticGCN,mon,435,0.0,0.5,,0.0,1
B,StaticGCN,mon,436,0.0,0.5,,0.0,1
B,StaticGCN,mon,437,0.0,0.5,,0.0,1
B,StaticGCN,mon,438,0.0,0.5,,0.0,1
B,StaticGCN,mon,439,0.0,0.5,,0.0,1
B,StaticGCN,mon,440,0.0,0.5,,0.0,1
B,StaticGCN,mon,441,0.0,0.5,,0.0,1
B,StaticGCN,mon,442,0.0,0.5,,0.0,1
B,StaticGCN,mon,443,0.0,0.5,,0.0,1
B,StaticGCN,mon,444,0.0,0.5,,0.0,1
B,StaticGCN,mon,445,0.0,0.5,,0.0,1
B,StaticGCN,mon,446,0.0,0.5,,0.0,1
B,StaticGCN,mon,447,0.0,0.5,,0.0,1
B,StaticGCN,mon,448,0.0,0.5,,0.0,1
B,StaticGCN,mon,449,0.0,0.5,,0.0,1
B,StaticGCN,mon,450,0.0,0.5,,0.0,1
B,StaticGCN,mon,451,0.0,0.5,,0.0,1
B,StaticGCN,mon,452,0.0,0.5,,0.0,1
B,StaticGCN,mon,453,0.0,0.5,,0.0,1
B,StaticGCN,mon,454,0.0,0.5,,0.0,1
B,StaticGCN,mon,455,0.0,0.5,,0.0,1
B,StaticGCN,mon,456,0.0,0.5,,0.0,1
B,StaticGCN,mon,457,0.0,0.5,,0.0,1
B,StaticGCN,mon,458,0.0,0.5,,0.0,1
B,StaticGCN,mon,459,0.0,0.5,,0.0,1
B,StaticGCN,mon,460,0.0,0.5,,0.0,1
B,StaticGCN,mon,461,0.0,0.5,,0.0,1
B,StaticGCN,mon,462,0.0,0.5,,0.0,1
B,StaticGCN,mon,463,0.0,0.5,,0.0,1
B,StaticGCN,mon,464,0.0,0.5,,0.0,1
B,StaticGCN,mon,465,0.0,0.5,,0.0,1
B,StaticGCN,mon,466,0.0,0.5,,0.0,1
B,StaticGCN,mon,467,0.0,0.5,,0.0,1
B,StaticGCN,mon,468,0.0,0.5,,0.0,1
B,StaticGCN,mon,469,0.0,0.5,,0.0,1
B,StaticGCN,mon,470,0.0,0.5,,0.0,1
B,StaticGCN,mon,471,0.0,0.5,,0.0,1
B,StaticGCN,mon,472,0.0,0.5,,0.0,1
B,StaticGCN,mon,473,0.0,0.5,,0.0,1
B,StaticGCN,mon,474,0.0,0.5,,0.0,1
B,StaticGCN,mon,475,0.0,0.5,,0.0,1
B,StaticGCN,mon,476,0.0,0.5,,0.0,1
B,StaticGCN,mon,477,0.0,0.5,,0.0,1
B,StaticGCN,mon,478,0.0,0.5,,0.0,1
B,StaticGCN,mon,479,0.0,0.5,,0.0,1
B,StaticGCN,mon,480,0.0,0.5,,0.0,1
B,StaticGCN,mon,481,0.0,0.5,,0.0,1
B,StaticGCN,mon,482,0.0,0.5,,0.0,1
B,StaticGCN,mon,483,0.0,0.5,,0.0,1
B,StaticGCN,mon,484,0.0,0.5,,0.0,1
B,StaticGCN,mon,485,0.0,0.5,,0.0,1
B,StaticGCN,mon,486,0.0,0.5,,0.0,1
B,StaticGCN,mon,487,0.0,0.5,,0.0,1
B,StaticGCN,mon,488,0.0,0.5,,0.0,1
B,StaticGCN,mon,489,0.0,0.5,,0.0,1
B,StaticGCN,mon,490,0.0,0.5,,0.0,1
B,StaticGCN,mon,491,0.0,0.5,,0.0,1
B,StaticGCN,mon,492,0.0,0.5,,0.0,1
B,StaticGCN,mon,493,0.0,0.5,,0.0,1
B,StaticGCN,mon,494,0.0,0.5,,0.0,1
B,StaticGCN,mon,495,0.0,0.5,,0.0,1
B,StaticGCN,mon,496,0.0,0.5,,0.0,1
B,StaticGCN,mon,497,0.0,0.5,,0.0,1
B,StaticGCN,mon,498,0.0,0.5,,0.0,1
B,StaticGCN,mon,499,0.0,0.5,,0.0,1
B,StaticGCN,mon,500,0.0,0.5,,0.0,1
B,StaticGCN,mon,501,0.0,0.5,,0.0,1
B,StaticGCN,mon,502,0.0,0.5,,0.0,1
B,StaticGCN,tue,611,0.0,0.5,,0.0,2
B,StaticGCN,tue,612,0.0,0.5,,0.0,2
B,StaticGCN,tue,613,0.0,0.5,,0.0,2
B,StaticGCN,tue,614,0.0,0.5,,0.0,2
B,StaticGCN,tue,615,0.0,0.5,,0.0,2
B,StaticGCN,tue,616,0.0,0.5,,0.0,2
B,StaticGCN,tue,617,0.0,0.5,,0.0,2
B,StaticGCN,tue,618,0.0,0.5,,0.05,2
B,StaticGCN,tue,619,0.0,0.5,,0.05,2
B,StaticGCN,tue,620,0.0,0.5,,0.05,2
B,StaticGCN,tue,621,0.0,0.5,,0.05,2
B,StaticGCN,tue,622,0.6666666666666666,1.0,1.0,0.05263157894736842,2
B,StaticGCN,tue,623,0.8,1.0,1.0,0.05555555555555555,2
B,StaticGCN,tue,624,0.8571428571428571,1.0,1.0,0.058823529411764705,2
B,StaticGCN,tue,625,0.8888888888888888,1.0,1.0,0.0625,2
B,StaticGCN,tue,626,0.9090909090909091,1.0,1.0,0.06666666666666667,2
B,StaticGCN,tue,627,0.9230769230769231,1.0,1.0,0.07142857142857142,2
B,StaticGCN,tue,628,0.9333333333333333,0.9999999999999998,1.0,0.07692307692307693,2
B,StaticGCN,tue,629,0.9411764705882353,1.0,1.0,0.08333333333333333,2
B,StaticGCN,tue,630,0.9473684210526315,1.0000000000000002,1.0,0.09090909090909091,2
B,StaticGCN,tue,631,0.9523809523809523,0.9999999999999999,1.0,0.1,2
B,StaticGCN,tue,632,0.9565217391304348,1.0,1.0,0.1111111111111111,2
B,StaticGCN,tue,633,0.96,1.0,1.0,0.125,2
B,StaticGCN,tue,634,0.9629629629629629,0.9942941673710903,0.989010989010989,0.14285714285714285,2
B,StaticGCN,tue,635,0.9655172413793104,0.9950680272108843,0.9880952380952381,0.16666666666666666,2
B,StaticGCN,tue,636,0.967741935483871,0.9956944444444444,0.9866666666666667,0.2,2
B,StaticGCN,tue,637,0.9696969696969697,0.9962086397058824,0.984375,0.25,2
B,StaticGCN,tue,638,1.0,1.0,1.0,0.0,2
B,StaticGCN,tue,639,1.0,1.0,1.0,0.0,2
B,StaticGCN,tue,640,1.0,0.9999999999999998,1.0,0.0,2
B,StaticGCN,tue,641,1.0,1.0000000000000002,,0.0,2
B,StaticGCN,tue,642,1.0,1.0000000000000002,,0.0,2
B,StaticGCN,tue,643,1.0,1.0000000000000002,,0.0,2
B,StaticGCN,tue,644,1.0,1.0000000000000002,,0.0,2
B,StaticGCN,tue,645,1.0,1.0000000000000002,,0.0,2
B,StaticGCN,tue,646,1.0,1.0000000000000002,,0.0,2
B,StaticGCN,tue,647,1.0,1.0000000000000002,,0.0,2
B,StaticGCN,tue,648,1.0,1.0000000000000002,,0.0,2
B,StaticGCN,tue,649,1.0,1.0000000000000002,,0.0,2
B,StaticGCN,tue,650,1.0,1.0000000000000002,,0.0,2
B,StaticGCN,tue,651,1.0,1.0000000000000002,,0.0,2
B,StaticGCN,tue,652,1.0,1.0000000000000002,,0.0,2
B,StaticGCN,tue,653,1.0,1.0000000000000002,,0.0,2
B,StaticGCN,tue,654,1.0,1.0000000000000002,,0.0,2
B,StaticGCN,tue,655,1.0,1.0000000000000002,,0.0,2
B,StaticGCN,tue,656,1.0,1.0000000000000002,,0.0,2
B,StaticGCN,tue,657,1.0,1.0000000000000002,,0.0,2
B,StaticGCN,tue,658,1.0,1.0000000000000002,,0.0,2
B,StaticGCN,tue,659,1.0,1.0000000000000002,,0.0,2
B,StaticGCN,tue,660,1.0,1.0000000000000002,,0.0,2
B,StaticGCN,tue,661,1.0,1.0000000000000002,,0.0,2
B,StaticGCN,tue,662,1.0,1.0000000000000002,,0.0,2
B,StaticGCN,tue,663,1.0,1.0000000000000002,,0.0,2
B,StaticGCN,tue,664,1.0,1.0000000000000002,,0.0,2
B,StaticGCN,tue,665,1.0,1.0000000000000002,,0.0,2
B,StaticGCN,tue,666,1.0,1.0000000000000002,,0.0,2
B,StaticGCN,tue,667,1.0,1.0000000000000002,,0.0,2
B,StaticGCN,tue,668,1.0,1.0000000000000002,,0.0,2
B,StaticGCN,tue,669,1.0,1.0000000000000002,,0.0,2
B,StaticGCN,tue,670,1.0,1.0000000000000002,,0.0,2
B,StaticGCN,tue,671,1.0,1.0000000000000002,,0.0,2
B,StaticGCN,tue,672,1.0,1.0000000000000002,,0.0,2
B,StaticGCN,tue,673,1.0,1.0000000000000002,,0.0,2
B,StaticGCN,tue,674,1.0,0.9999999999999998,1.0,0.0,2
B,StaticGCN,tue,675,1.0,1.0,1.0,0.0,2
B,StaticGCN,tue,676,1.0,1.0,1.0,0.0,2
B,StaticGCN,tue,677,1.0,1.0,1.0,0.0,2
B,StaticGCN,tue,678,0.967741935483871,0.9871710526315789,0.9375,0.0,2
B,StaticGCN,tue,679,0.9655172413793104,0.9828947368421053,0.9333333333333333,0.0,2
B,StaticGCN,tue,680,0.9629629629629629,0.9780075187969923,0.9285714285714286,0.0,2
B,StaticGCN,tue,681,0.96,0.9723684210526313,0.9230769230769231,0.0,2
B,StaticGCN,tue,682,0.9565217391304348,0.9657894736842106,0.9166666666666666,0.0,2
B,StaticGCN,tue,683,0.9523809523809523,0.9580143540669857,0.9090909090909091,0.0,2
B,StaticGCN,tue,684,0.9473684210526315,0.9486842105263157,0.9,0.0,2
B,StaticGCN,tue,685,0.9411764705882353,0.937280701754386,0.8888888888888888,0.0,2
B,StaticGCN,tue,686,0.9333333333333333,0.9230263157894737,0.875,0.0,2
B,StaticGCN,tue,687,0.9230769230769231,0.9046992481203007,0.8571428571428571,0.0,2
B,StaticGCN,tue,688,0.9090909090909091,0.8802631578947369,0.8333333333333334,0.0,2
B,StaticGCN,tue,689,0.8888888888888888,0.8460526315789474,0.8,0.0,2
B,StaticGCN,tue,690,0.8571428571428571,0.7947368421052632,0.75,0.0,2
B,StaticGCN,tue,691,0.8,0.7092105263157895,0.6666666666666666,0.0,2
B,StaticGCN,tue,692,0.6666666666666666,0.5381578947368421,0.5,0.0,2
B,StaticGCN,tue,693,0.0,0.025,0.0,0.0,2
B,StaticGCN,tue,694,0.0,0.025,0.0,0.0,2
B,StaticGCN,tue,695,0.0,0.025,0.0,0.0,2
B,StaticGCN,tue,696,0.0,0.025,0.0,0.0,2
B,StaticGCN,tue,697,0.0,0.025,0.0,0.0,2
B,StaticGCN,tue,698,0.0,0.5,,0.0,2
B,StaticGCN,tue,699,0.0,0.5,,0.0,2
B,StaticGCN,tue,700,0.0,0.5,,0.0,2
B,StaticGCN,tue,701,0.0,0.5,,0.0,2
B,StaticGCN,tue,702,0.0,0.5,,0.0,2
B,StaticGCN,tue,703,0.0,0.5,,0.0,2
B,StaticGCN,tue,704,0.0,0.5,,0.0,2
B,StaticGCN,tue,705,0.0,0.5,,0.0,2
B,StaticGCN,tue,706,0.0,0.5,,0.0,2
B,StaticGCN,tue,707,0.0,0.5,,0.0,2
B,StaticGCN,tue,708,0.0,0.5,,0.0,2
B,StaticGCN,tue,709,0.0,0.5,,0.0,2
B,StaticGCN,tue,710,0.0,0.5,,0.0,2
B,StaticGCN,tue,711,0.0,0.5,,0.0,2
B,StaticGCN,tue,712,0.0,0.5,,0.0,2
B,StaticGCN,tue,713,0.0,0.5,,0.0,2
B,StaticGCN,tue,714,0.0,0.5,,0.0,2
B,StaticGCN,tue,715,0.0,0.5,,0.0,2
B,StaticGCN,tue,716,0.0,0.5,,0.0,2
B,StaticGCN,tue,717,0.0,0.5,,0.0,2
B,StaticGCN,tue,718,0.0,0.5,,0.0,2
B,StaticGCN,tue,719,0.0,0.5,,0.0,2
B,StaticGCN,tue,720,0.0,0.5,,0.0,2
B,StaticGCN,tue,721,0.0,0.5,,0.0,2
B,StaticGCN,tue,722,0.0,0.5,,0.0,2
B,StaticGCN,tue,723,0.0,0.5,,0.0,2
B,StaticGCN,tue,724,0.0,0.5,,0.0,2
B,StaticGCN,tue,725,0.0,0.5,,0.0,2
B,StaticGCN,tue,726,0.0,0.5,,0.0,2
B,StaticGCN,tue,727,0.0,0.5,,0.0,2
B,StaticGCN,tue,728,0.0,0.5,,0.0,2
B,StaticGCN,tue,729,0.0,0.5,,0.0,2
B,StaticGCN,tue,730,0.0,0.5,,0.0,2
B,StaticGCN,tue,731,0.0,0.5,,0.0,2
B,StaticGCN,tue,732,0.0,0.5,,0.0,2
B,StaticGCN,tue,733,0.0,0.5,,0.0,2
B,StaticGCN,tue,734,0.0,0.5,,0.0,2
B,StaticGCN,tue,735,0.0,0.5,,0.0,2
B,StaticGCN,tue,736,0.0,0.5,,0.0,2
B,StaticGCN,tue,737,0.0,0.5,,0.0,2
B,StaticGCN,tue,738,0.0,0.5,,0.0,2
B,StaticGCN,tue,739,0.0,0.5,,0.0,2
B,StaticGCN,tue,740,0.0,0.5,,0.0,2
B,StaticGCN,tue,741,0.0,0.5,,0.0,2
B,StaticGCN,tue,742,0.0,0.5,,0.0,2
B,StaticGCN,tue,743,0.0,0.5,,0.0,2
B,StaticGCN,tue,744,0.0,0.5,,0.0,2
B,StaticGCN,tue,745,0.0,0.5,,0.0,2
B,StaticGCN,tue,746,0.0,0.5,,0.0,2
B,StaticGCN,tue,747,0.0,0.5,,0.0,2
B,StaticGCN,tue,748,0.0,0.5,,0.0,2
B,StaticGCN,tue,749,0.0,0.5,,0.0,2
B,StaticGCN,tue,750,0.0,0.5,,0.0,2
B,StaticGCN,tue,751,0.0,0.5,,0.0,2
B,StaticGCN,tue,752,0.0,0.5,,0.0,2
B,StaticGCN,tue,753,0.0,0.5,,0.0,2
B,StaticGCN,tue,754,0.0,0.5,,0.0,2
B,StaticGCN,tue,755,0.0,0.5,,0.0,2
B,StaticGCN,tue,756,0.0,0.5,,0.0,2
B,StaticGCN,tue,757,0.0,0.5,,0.0,2
B,StaticGCN,tue,758,0.0,0.5,,0.0,2
B,StaticGCN,tue,759,0.0,0.5,,0.0,2
B,StaticGCN,tue,760,0.0,0.5,,0.0,2
B,StaticGCN,tue,761,0.0,0.5,,0.0,2
B,StaticGCN,tue,762,0.0,0.5,,0.0,2
B,StaticGCN,tue,763,0.0,0.5,,0.0,2
B,StaticGCN,tue,764,0.0,0.5,,0.0,2
B,StaticGCN,tue,765,0.0,0.5,,0.0,2
B,StaticGCN,tue,766,1.0,1.0,1.0,0.0,2
B,StaticGCN,tue,767,1.0,1.0,1.0,0.0,2
B,StaticGCN,tue,768,1.0,1.0,1.0,0.0,2
B,StaticGCN,tue,769,0.8571428571428571,1.0,1.0,0.0,2
B,StaticGCN,tue,770,0.8888888888888888,1.0,1.0,0.0,2
B,StaticGCN,tue,771,0.8,0.9742063492063491,0.9880952380952381,0.0,2
B,StaticGCN,tue,772,0.7272727272727273,0.9326530612244897,0.956043956043956,0.0,2
B,StaticGCN,tue,773,0.6666666666666666,0.9375248015873016,0.9583333333333334,0.0,2
B,StaticGCN,tue,774,0.6153846153846154,0.9507896424563094,0.9595959595959596,0.0,2
B,StaticGCN,tue,775,0.6666666666666666,0.9904545454545454,0.99,0.0,2
B,StaticGCN,tue,776,0.625,1.0,1.0,0.0,2
B,StaticGCN,tue,777,0.5882352941176471,1.0,1.0,0.0,2
B,StaticGCN,tue,778,0.5555555555555556,0.9999999999999998,1.0,0.0,2
B,StaticGCN,tue,779,0.6,0.9999999999999999,1.0,0.0,2
B,StaticGCN,tue,780,0.5714285714285714,1.0,1.0,0.0,2
B,StaticGCN,tue,781,0.5454545454545454,1.0,1.0,0.0,2
B,StaticGCN,tue,782,0.5217391304347826,1.0,1.0,0.0,2
B,StaticGCN,tue,783,0.5,1.0,1.0,0.0,2
B,StaticGCN,tue,784,0.48,0.9999999999999998,1.0,0.0,2
B,StaticGCN,tue,785,0.5185185185185185,1.0000000000000002,,0.0,2
B,StaticGCN,tue,786,0.46153846153846156,1.0000000000000002,,0.0,2
B,StaticGCN,tue,787,0.4,1.0000000000000002,,0.0,2
B,StaticGCN,tue,788,0.3333333333333333,1.0000000000000002,,0.0,2
B,StaticGCN,tue,789,0.3333333333333333,1.0000000000000002,,0.0,2
B,StaticGCN,tue,790,0.2608695652173913,1.0000000000000002,,0.0,2
B,StaticGCN,tue,791,0.3333333333333333,1.0000000000000002,,0.0,2
B,StaticGCN,tue,792,0.4,1.0000000000000002,,0.0,2
B,StaticGCN,tue,793,0.46153846153846156,1.0000000000000002,,0.0,2
B,StaticGCN,tue,794,0.46153846153846156,1.0000000000000002,,0.0,2
B,StaticGCN,tue,795,0.46153846153846156,1.0000000000000002,,0.0,2
B,StaticGCN,tue,796,0.46153846153846156,1.0000000000000002,,0.0,2
B,StaticGCN,tue,797,0.46153846153846156,1.0000000000000002,,0.0,2
B,StaticGCN,tue,798,0.5185185185185185,1.0000000000000002,,0.0,2
B,StaticGCN,tue,799,0.46153846153846156,1.0000000000000002,,0.0,2
B,StaticGCN,tue,800,0.5185185185185185,1.0000000000000002,,0.0,2
B,StaticGCN,tue,801,0.5185185185185185,1.0000000000000002,,0.0,2
B,StaticGCN,tue,802,0.5714285714285714,1.0000000000000002,,0.0,2
B,StaticGCN,tue,803,0.6206896551724138,1.0000000000000002,,0.0,2
B,StaticGCN,tue,804,0.6666666666666666,1.0000000000000002,,0.0,2
B,StaticGCN,tue,805,0.6206896551724138,1.0000000000000002,,0.0,2
B,StaticGCN,tue,806,0.6666666666666666,1.0000000000000002,,0.0,2
B,StaticGCN,tue,807,0.7096774193548387,1.0000000000000002,,0.0,2
B,StaticGCN,tue,808,0.75,1.0000000000000002,,0.0,2
B,StaticGCN,tue,809,0.7878787878787878,1.0000000000000002,,0.0,2
B,StaticGCN,tue,810,0.8235294117647058,1.0000000000000002,,0.0,2
B,StaticGCN,tue,811,0.7878787878787878,1.0000000000000002,,0.0,2
B,StaticGCN,tue,812,0.7741935483870968,0.997299168975069,0.9473684210526315,0.0,2
B,StaticGCN,tue,813,0.7586206896551724,0.9969948018193633,0.9722222222222222,0.0,2
B,StaticGCN,tue,814,0.7857142857142857,0.9966359092656671,0.9803921568627452,0.0,2
B,StaticGCN,tue,815,0.7692307692307693,0.9962086397058824,0.984375,0.0,2
B,StaticGCN,tue,816,0.8,0.9919117647058824,0.9733333333333334,0.0,2
B,StaticGCN,tue,817,0.8333333333333334,0.987001050420168,0.9642857142857143,0.0,2
B,StaticGCN,tue,818,0.8181818181818182,0.9850961538461536,0.9670329670329669,0.0,2
B,StaticGCN,tue,819,0.8571428571428571,0.9827380952380954,0.96875,0.0,2
B,StaticGCN,tue,820,0.8421052631578947,0.9748917748917749,0.9595959595959596,0.0,2
B,StaticGCN,tue,821,0.8888888888888888,0.9703296703296703,0.96,0.0,2
B,StaticGCN,tue,822,0.875,0.9643874643874646,0.9595959595959596,0.0,2
B,StaticGCN,tue,823,0.8571428571428571,0.9564393939393939,0.9583333333333334,0.0,2
B,StaticGCN,tue,824,0.8333333333333334,0.9454545454545453,0.956043956043956,0.0,2
B,StaticGCN,tue,825,0.9090909090909091,0.9204545454545454,0.9404761904761905,0.0,2
B,StaticGCN,tue,826,0.8888888888888888,0.8854545454545455,0.92,0.0,2
B,StaticGCN,tue,827,0.8571428571428571,0.8416666666666667,0.90625,0.0,2
B,StaticGCN,tue,828,0.8,0.7638888888888888,0.8823529411764706,0.0,2
B,StaticGCN,tue,829,0.6666666666666666,0.5868055555555556,0.8055555555555556,0.0,2
B,StaticGCN,tue,830,0.0,0.05555555555555555,0.5789473684210527,0.0,2
B,StaticGCN,tue,831,0.0,0.5,,0.0,2
B,StaticGCN,tue,832,0.0,0.5,,0.0,2
B,StaticGCN,tue,833,0.0,0.5,,0.0,2
B,StaticGCN,tue,834,0.0,0.5,,0.0,2
B,StaticGCN,tue,835,0.0,0.5,,0.0,2
B,StaticGCN,tue,836,0.0,0.5,,0.0,2
B,StaticGCN,tue,837,0.0,0.5,,0.0,2
B,StaticGCN,tue,838,0.0,0.5,,0.0,2
B,StaticGCN,tue,839,0.0,0.5,,0.0,2
B,StaticGCN,tue,840,0.0,0.5,,0.0,2
B,StaticGCN,tue,841,0.0,0.5,,0.0,2
B,StaticGCN,tue,842,0.0,0.5,,0.0,2
B,StaticGCN,tue,843,0.0,0.5,,0.0,2
B,StaticGCN,tue,844,0.0,0.5,,0.0,2
B,StaticGCN,tue,845,0.0,0.5,,0.0,2
B,StaticGCN,tue,846,0.0,0.5,,0.0,2
B,StaticGCN,tue,847,0.0,0.5,,0.0,2
B,StaticGCN,tue,848,0.0,0.5,,0.0,2
B,StaticGCN,tue,849,0.0,0.5,,0.0,2
B,StaticGCN,tue,850,0.0,0.5,,0.0,2
B,StaticGCN,tue,851,0.0,0.5,,0.0,2
B,StaticGCN,tue,852,0.0,0.5,,0.0,2
B,StaticGCN,tue,853,0.0,0.5,,0.0,2
B,StaticGCN,tue,854,0.0,0.5,,0.0,2
B,StaticGCN,tue,855,0.0,0.5,,0.0,2
B,StaticGCN,tue,856,0.0,0.5,,0.0,2
B,StaticGCN,tue,857,0.0,0.5,,0.0,2
B,StaticGCN,tue,858,0.0,0.5,,0.0,2
B,StaticGCN,tue,859,0.0,0.5,,0.0,2
B,StaticGCN,tue,860,0.0,0.5,,0.0,2
B,StaticGCN,tue,861,0.0,0.5,,0.0,2
B,StaticGCN,tue,862,0.0,0.5,,0.0,2
B,StaticGCN,tue,863,0.0,0.5,,0.0,2
B,StaticGCN,tue,864,0.0,0.5,,0.0,2
B,StaticGCN,tue,865,0.0,0.5,,0.0,2
B,StaticGCN,tue,866,0.0,0.5,,0.0,2
B,StaticGCN,tue,867,0.0,0.5,,0.0,2
B,StaticGCN,tue,868,0.0,0.5,,0.0,2
B,StaticGCN,tue,869,0.0,0.5,,0.0,2
B,StaticGCN,tue,870,0.0,0.5,,0.0,2
B,StaticGCN,tue,871,0.0,0.5,,0.0,2
B,StaticGCN,tue,872,0.0,0.5,,0.0,2
B,StaticGCN,tue,873,0.0,0.5,,0.0,2
B,StaticGCN,tue,874,0.0,0.5,,0.0,2
B,StaticGCN,tue,875,0.0,0.5,,0.0,2
B,StaticGCN,tue,876,0.0,0.5,,0.0,2
B,StaticGCN,tue,877,0.0,0.08333333333333333,0.736842105263158,0.0,2
B,StaticGCN,tue,878,0.0,0.23809523809523808,0.8333333333333334,0.0,2
B,StaticGCN,tue,879,0.0,0.26884920634920634,0.784313725490196,0.0,2
B,StaticGCN,tue,880,0.0,0.2773944805194805,0.703125,0.0,2
B,StaticGCN,tue,881,0.0,0.3212842712842713,0.6933333333333334,0.0,2
B,StaticGCN,tue,882,0.0,0.31466671729829626,0.5595238095238095,0.0,2
B,StaticGCN,tue,883,0.0,0.49283571482819605,0.6153846153846154,0.0,2
B,StaticGCN,tue,884,0.0,0.6067793682925262,0.6458333333333334,0.0,2
B,StaticGCN,tue,885,0.0,0.6253882731952907,0.6363636363636364,0.0,2
B,StaticGCN,tue,886,0.0,0.6940313633734686,0.6900000000000001,0.0,2
B,StaticGCN,tue,887,0.0,0.7543789742952423,0.6969696969696969,0.0,2
B,StaticGCN,tue,888,0.0,0.7609517766590136,0.6666666666666667,0.0,2
B,StaticGCN,tue,889,0.0,0.8332650031030597,0.7252747252747253,0.0,2
B,StaticGCN,tue,890,0.0,0.8428566081996531,0.7023809523809524,0.0,2
B,StaticGCN,tue,891,0.0,0.8483318514703964,0.6533333333333333,0.0,2
B,StaticGCN,tue,892,0.0,0.9107406866331982,0.75,0.0,2
B,StaticGCN,tue,893,0.0,0.9187791298222003,0.7058823529411766,0.0,2
B,StaticGCN,tue,894,0.0,0.9942982456140352,0.9444444444444444,0.0,2
B,StaticGCN,tue,895,0.0,0.997299168975069,0.9473684210526315,0.0,2
B,StaticGCN,tue,896,0.0,1.0000000000000002,,0.0,2
B,StaticGCN,tue,897,0.0,1.0000000000000002,,0.0,2
B,StaticGCN,tue,898,0.0,1.0000000000000002,,0.0,2
B,StaticGCN,tue,899,0.0,1.0000000000000002,,0.0,2
B,StaticGCN,tue,900,0.0,1.0000000000000002,,0.0,2
B,StaticGCN,tue,901,0.0,1.0000000000000002,,0.0,2
B,StaticGCN,tue,902,0.0,1.0000000000000002,,0.0,2
B,StaticGCN,tue,903,0.0,1.0000000000000002,,0.0,2
B,StaticGCN,tue,904,0.0,1.0000000000000002,,0.0,2
B,StaticGCN,tue,905,0.0,1.0000000000000002,,0.0,2
B,StaticGCN,tue,906,0.0,1.0000000000000002,,0.0,2
B,StaticGCN,tue,907,0.0,1.0000000000000002,,0.0,2
B,StaticGCN,tue,908,0.0,1.0000000000000002,,0.0,2
B,StaticGCN,tue,909,0.0,1.0000000000000002,,0.0,2
B,StaticGCN,tue,910,0.0,1.0000000000000002,,0.0,2
B,StaticGCN,tue,911,0.0,1.0000000000000002,,0.0,2
B,StaticGCN,tue,912,0.0,1.0000000000000002,,0.0,2
B,StaticGCN,tue,913,0.0,1.0000000000000002,,0.0,2
B,StaticGCN,tue,914,0.0,1.0000000000000002,,0.0,2
B,StaticGCN,tue,915,0.0,1.0000000000000002,,0.0,2
B,StaticGCN,tue,916,0.0,1.0000000000000002,,0.0,2
B,StaticGCN,tue,917,0.0,1.0000000000000002,,0.0,2
B,StaticGCN,tue,918,0.0,1.0000000000000002,,0.0,2
B,StaticGCN,tue,919,0.0,1.0000000000000002,,0.0,2
B,StaticGCN,tue,920,0.0,1.0000000000000002,,0.0,2
B,StaticGCN,tue,921,0.0,1.0000000000000002,,0.0,2
B,StaticGCN,tue,922,0.0,1.0000000000000002,,0.0,2
B,StaticGCN,tue,923,0.0,1.0000000000000002,,0.0,2
B,StaticGCN,tue,924,0.0,1.0000000000000002,,0.0,2
B,StaticGCN,tue,925,0.0,1.0000000000000002,,0.0,2
B,StaticGCN,tue,926,0.0,1.0000000000000002,,0.0,2
B,StaticGCN,tue,927,0.0,1.0000000000000002,,0.0,2
B,StaticGCN,tue,928,0.0,1.0000000000000002,,0.0,2
B,StaticGCN,tue,929,0.0,1.0000000000000002,,0.0,2
B,StaticGCN,tue,930,0.0,1.0000000000000002,,0.0,2
B,StaticGCN,tue,931,0.0,1.0000000000000002,,0.0,2
B,StaticGCN,tue,932,0.0,1.0000000000000002,,0.0,2
B,StaticGCN,tue,933,0.0,1.0000000000000002,,0.0,2
B,StaticGCN,tue,934,0.0,1.0000000000000002,,0.0,2
B,StaticGCN,tue,935,0.0,1.0000000000000002,,0.0,2
B,StaticGCN,tue,936,0.0,1.0000000000000002,,0.0,2
B,StaticGCN,tue,937,0.0,1.0000000000000002,,0.0,2
B,StaticGCN,tue,938,0.0,1.0000000000000002,,0.0,2
B,StaticGCN,tue,939,0.0,1.0000000000000002,,0.0,2
B,StaticGCN,tue,940,0.0,1.0000000000000002,,0.0,2
B,StaticGCN,tue,941,0.0,1.0000000000000002,,0.0,2
B,StaticGCN,tue,942,0.0,1.0000000000000002,,0.0,2
B,StaticGCN,tue,943,0.0,1.0000000000000002,,0.0,2
B,StaticGCN,tue,944,0.0,1.0000000000000002,,0.0,2
B,StaticGCN,tue,945,0.0,1.0000000000000002,,0.0,2
B,StaticGCN,tue,946,0.0,1.0000000000000002,,0.0,2
B,StaticGCN,tue,947,0.0,1.0000000000000002,,0.0,2
B,StaticGCN,tue,948,0.0,1.0000000000000002,,0.0,2
B,StaticGCN,tue,949,0.0,1.0000000000000002,,0.0,2
B,StaticGCN,tue,950,0.0,1.0000000000000002,,0.0,2
B,StaticGCN,tue,951,0.0,1.0000000000000002,,0.0,2
B,StaticGCN,tue,952,0.0,1.0000000000000002,,0.0,2
B,StaticGCN,tue,953,0.0,1.0000000000000002,,0.0,2
B,StaticGCN,tue,954,0.0,1.0000000000000002,,0.0,2
B,StaticGCN,tue,955,0.0,1.0000000000000002,,0.0,2
B,StaticGCN,tue,956,0.0,1.0000000000000002,,0.0,2
B,StaticGCN,tue,957,0.0,1.0000000000000002,,0.0,2
B,StaticGCN,tue,958,0.0,1.0000000000000002,,0.0,2
B,StaticGCN,tue,959,0.0,1.0000000000000002,,0.0,2
B,StaticGCN,tue,960,0.0,1.0000000000000002,,0.0,2
B,StaticGCN,tue,961,0.0,1.0000000000000002,,0.0,2
B,StaticGCN,tue,962,0.0,1.0000000000000002,,0.0,2
B,StaticGCN,tue,963,0.0,1.0000000000000002,,0.0,2
B,StaticGCN,tue,964,0.0,1.0000000000000002,,0.0,2
B,StaticGCN,tue,965,0.0,1.0000000000000002,,0.0,2
B,StaticGCN,tue,966,0.0,1.0000000000000002,,0.0,2
B,StaticGCN,tue,967,0.0,1.0000000000000002,,0.0,2
B,StaticGCN,tue,968,0.0,1.0000000000000002,,0.0,2
B,StaticGCN,tue,969,0.0,1.0000000000000002,,0.0,2
B,StaticGCN,tue,970,0.09523809523809523,1.0000000000000002,,0.0,2
B,StaticGCN,tue,971,0.09523809523809523,1.0000000000000002,,0.0,2
B,StaticGCN,tue,972,0.09523809523809523,1.0000000000000002,,0.0,2
B,StaticGCN,tue,973,0.09523809523809523,1.0000000000000002,,0.0,2
B,StaticGCN,tue,974,0.09523809523809523,1.0000000000000002,,0.0,2
B,StaticGCN,tue,975,0.09523809523809523,1.0000000000000002,,0.0,2
B,StaticGCN,tue,976,0.09523809523809523,1.0000000000000002,,0.0,2
B,StaticGCN,tue,977,0.09523809523809523,1.0000000000000002,,0.0,2
B,StaticGCN,tue,978,0.09523809523809523,1.0000000000000002,,0.0,2
B,StaticGCN,tue,979,0.09523809523809523,1.0000000000000002,,0.0,2
B,StaticGCN,tue,980,0.09523809523809523,1.0000000000000002,,0.0,2
B,StaticGCN,tue,981,0.09523809523809523,1.0000000000000002,,0.0,2
B,StaticGCN,tue,982,0.09523809523809523,1.0000000000000002,,0.0,2
B,StaticGCN,tue,983,0.09523809523809523,1.0000000000000002,,0.0,2
B,StaticGCN,tue,984,0.09523809523809523,1.0000000000000002,,0.0,2
B,StaticGCN,tue,985,0.09523809523809523,1.0000000000000002,,0.0,2
B,StaticGCN,tue,986,0.09523809523809523,1.0000000000000002,,0.0,2
B,StaticGCN,tue,987,0.09523809523809523,1.0000000000000002,,0.0,2
B,StaticGCN,tue,988,0.09523809523809523,1.0000000000000002,,0.0,2
B,StaticGCN,tue,989,0.09523809523809523,1.0000000000000002,,0.0,2
B,StaticGCN,tue,990,0.0,1.0000000000000002,,0.0,2
B,StaticGCN,tue,991,0.0,1.0000000000000002,,0.0,2
B,StaticGCN,tue,992,0.0,1.0000000000000002,,0.0,2
B,StaticGCN,tue,993,0.0,1.0000000000000002,,0.0,2
B,StaticGCN,tue,994,0.0,1.0000000000000002,,0.0,2
B,StaticGCN,tue,995,0.0,1.0000000000000002,,0.0,2
B,StaticGCN,tue,996,0.0,1.0000000000000002,,0.0,2
B,StaticGCN,tue,997,0.0,1.0000000000000002,,0.0,2
B,StaticGCN,tue,998,0.0,1.0000000000000002,,0.0,2
B,StaticGCN,tue,999,0.0,1.0000000000000002,,0.0,2
B,StaticGCN,tue,1000,0.0,1.0000000000000002,,0.0,2
B,StaticGCN,tue,1001,0.0,1.0000000000000002,,0.0,2
B,StaticGCN,tue,1002,0.0,1.0000000000000002,,0.0,2
B,StaticGCN,tue,1003,0.0,1.0000000000000002,,0.0,2
B,StaticGCN,tue,1004,0.0,1.0000000000000002,,0.0,2
B,StaticGCN,tue,1005,0.0,1.0000000000000002,,0.0,2
B,StaticGCN,tue,1006,0.0,1.0000000000000002,,0.0,2
B,StaticGCN,tue,1007,0.0,1.0000000000000002,,0.0,2
B,StaticGCN,tue,1008,0.0,1.0000000000000002,,0.0,2
B,StaticGCN,tue,1009,0.0,1.0000000000000002,,0.0,2
B,StaticGCN,tue,1010,0.0,1.0000000000000002,,0.0,2
B,StaticGCN,tue,1011,0.0,1.0000000000000002,,0.0,2
B,StaticGCN,tue,1012,0.0,1.0000000000000002,,0.0,2
B,StaticGCN,tue,1013,0.0,1.0000000000000002,,0.0,2
B,StaticGCN,tue,1014,0.0,1.0000000000000002,,0.0,2
B,StaticGCN,tue,1015,0.0,1.0000000000000002,,0.0,2
B,StaticGCN,tue,1016,0.0,1.0000000000000002,,0.0,2
B,StaticGCN,tue,1017,0.0,1.0000000000000002,,0.0,2
B,StaticGCN,tue,1018,0.0,1.0000000000000002,,0.0,2
B,StaticGCN,tue,1019,0.0,1.0000000000000002,,0.0,2
B,StaticGCN,tue,1020,0.0,1.0000000000000002,,0.0,2
B,StaticGCN,tue,1021,0.0,1.0000000000000002,,0.0,2
B,StaticGCN,tue,1022,0.0,1.0000000000000002,,0.0,2
B,StaticGCN,tue,1023,0.0,1.0000000000000002,,0.0,2
B,StaticGCN,tue,1024,0.0,1.0000000000000002,,0.0,2
B,StaticGCN,tue,1025,0.0,1.0000000000000002,,0.0,2
B,StaticGCN,tue,1026,0.0,1.0000000000000002,,0.0,2
B,StaticGCN,tue,1027,0.0,1.0000000000000002,,0.0,2
B,StaticGCN,tue,1028,0.0,1.0000000000000002,,0.0,2
B,StaticGCN,tue,1029,0.0,1.0000000000000002,,0.0,2
B,StaticGCN,tue,1030,0.0,1.0000000000000002,,0.0,2
B,StaticGCN,tue,1031,0.0,1.0000000000000002,,0.0,2
B,StaticGCN,tue,1032,0.0,1.0000000000000002,,0.0,2
B,StaticGCN,wed,1222,0.0,0.9999999999999998,1.0,0.0,3
B,StaticGCN,wed,1223,0.0,1.0,1.0,0.0,3
B,StaticGCN,wed,1224,0.0,1.0,1.0,0.0,3
B,StaticGCN,wed,1225,0.0,1.0,1.0,0.0,3
B,StaticGCN,wed,1226,0.0,1.0,1.0,0.0,3
B,StaticGCN,wed,1227,0.0,0.9999999999999999,1.0,0.0,3
B,StaticGCN,wed,1228,0.0,0.9806808688387635,0.9404761904761905,0.0,3
B,StaticGCN,wed,1229,0.0,0.9750337381916327,0.9340659340659341,0.0,3
B,StaticGCN,wed,1230,0.0,0.961185318093213,0.9166666666666666,0.0,3
B,StaticGCN,wed,1231,0.0,0.9448190034314436,0.898989898989899,0.0,3
B,StaticGCN,wed,1232,0.0,0.9322248803827752,0.89,0.0,3
B,StaticGCN,wed,1233,0.0,0.8931969021881303,0.8585858585858587,0.0,3
B,StaticGCN,wed,1234,0.0,0.8666927736006683,0.84375,0.0,3
B,StaticGCN,wed,1235,0.0,0.8851593268886502,0.8571428571428572,0.0,3
B,StaticGCN,wed,1236,0.0,0.8827972709551657,0.8452380952380952,0.0,3
B,StaticGCN,wed,1237,0.0,0.6618713450292397,0.7733333333333333,0.0,3
B,StaticGCN,wed,1238,0.0,0.4325657894736842,0.71875,0.0,3
B,StaticGCN,wed,1239,0.0,0.32261208576998046,0.6470588235294117,0.0,3
B,StaticGCN,wed,1240,0.0,0.1652046783625731,0.5,0.0,3
B,StaticGCN,wed,1241,0.0,0.02631578947368421,0.052631578947368474,0.0,3
B,StaticGCN,wed,1242,0.0,0.025,0.0,0.0,3
B,StaticGCN,wed,1243,0.0,0.025,0.0,0.0,3
B,StaticGCN,wed,1244,0.0,0.025,0.0,0.0,3
B,StaticGCN,wed,1245,0.0,0.025,0.0,0.0,3
B,StaticGCN,wed,1246,0.0,0.025,0.0,0.0,3
B,StaticGCN,wed,1247,0.0,0.025,0.0,0.0,3
B,StaticGCN,wed,1248,0.0,0.027777777777777776,0.10526315789473684,0.0,3
B,StaticGCN,wed,1249,0.0,0.16748366013071897,0.5277777777777778,0.0,3
B,StaticGCN,wed,1250,0.0,0.15590170278637772,0.3529411764705882,0.0,3
B,StaticGCN,wed,1251,0.0,0.20146828468229397,0.4375,0.0,3
B,StaticGCN,wed,1252,0.0,0.21565347191508183,0.37333333333333335,0.0,3
B,StaticGCN,wed,1253,0.0,0.4571539141972578,0.4880952380952381,0.0,3
B,StaticGCN,wed,1254,0.0,0.5844711568838061,0.5384615384615384,0.0,3
B,StaticGCN,wed,1255,0.0,0.673827990626075,0.59375,0.0,3
B,StaticGCN,wed,1256,0.0,0.7000296902386687,0.6161616161616161,0.0,3
B,StaticGCN,wed,1257,0.0,0.7307132721509656,0.64,0.0,3
B,StaticGCN,wed,1258,0.0,0.7465231097513676,0.6262626262626263,0.0,3
B,StaticGCN,wed,1259,0.0,0.740754915735566,0.5625,0.0,3
B,StaticGCN,wed,1260,0.0,0.7635545032023359,0.5604395604395604,0.0,3
B,StaticGCN,wed,1261,0.0,0.7687120861103611,0.5,0.0,3
B,StaticGCN,wed,1262,0.0,0.8310601779255029,0.56,0.0,3
B,StaticGCN,wed,1263,0.0,0.8423472618712556,0.5,0.0,3
B,StaticGCN,wed,1264,0.0,0.8810576043980707,0.4901960784313726,0.0,3
B,StaticGCN,wed,1265,0.0,0.8853596748766117,0.5098039215686275,0.0,3
B,StaticGCN,wed,1266,0.0,0.9071043268927688,0.4444444444444444,0.0,3
B,StaticGCN,wed,1267,0.1,0.9812162307212817,0.6842105263157895,0.0,3
B,StaticGCN,wed,1268,0.1,0.9848503159343145,0.7368421052631579,0.0,3
B,StaticGCN,wed,1269,0.1,0.9812162307212817,0.6842105263157895,0.0,3
B,StaticGCN,wed,1270,0.1,0.9848503159343145,0.7368421052631579,0.0,3
B,StaticGCN,wed,1271,0.1,0.9812162307212817,0.6842105263157895,0.0,3
B,StaticGCN,wed,1272,0.1,0.9848503159343145,0.7368421052631579,0.0,3
B,StaticGCN,wed,1273,0.1,0.9812162307212817,0.6842105263157895,0.0,3
B,StaticGCN,wed,1274,0.19047619047619047,0.9812162307212817,0.6842105263157895,0.0,3
B,StaticGCN,wed,1275,0.19047619047619047,0.9812162307212817,0.6842105263157895,0.0,3
B,StaticGCN,wed,1276,0.19047619047619047,0.9812162307212817,0.6842105263157895,0.0,3
B,StaticGCN,wed,1277,0.2727272727272727,0.9812162307212817,0.6842105263157895,0.0,3
B,StaticGCN,wed,1278,0.34782608695652173,0.9812162307212817,0.6842105263157895,0.0,3
B,StaticGCN,wed,1279,0.36363636363636365,0.9680173336391087,0.7222222222222222,0.0,3
B,StaticGCN,wed,1280,0.36363636363636365,0.9680173336391087,0.7222222222222222,0.0,3
B,StaticGCN,wed,1281,0.36363636363636365,0.9680173336391087,0.7222222222222222,0.0,3
B,StaticGCN,wed,1282,0.36363636363636365,0.9603453759671511,0.6666666666666666,0.0,3
B,StaticGCN,wed,1283,0.38095238095238093,0.9337508262089396,0.6470588235294119,0.0,3
B,StaticGCN,wed,1284,0.38095238095238093,0.9200702257636332,0.5882352941176472,0.0,3
B,StaticGCN,wed,1285,0.38095238095238093,0.9061127779826561,0.5294117647058824,0.0,3
B,StaticGCN,wed,1286,0.4,0.88795512622912,0.5625,0.0,3
B,StaticGCN,wed,1287,0.3333333333333333,0.83559240495773,0.5066666666666666,0.0,3
B,StaticGCN,wed,1288,0.3333333333333333,0.8252749446402696,0.4933333333333333,0.0,3
B,StaticGCN,wed,1289,0.3333333333333333,0.8252749446402696,0.4933333333333333,0.0,3
B,StaticGCN,wed,1290,0.3333333333333333,0.7935691504344754,0.4266666666666667,0.0,3
B,StaticGCN,wed,1291,0.3333333333333333,0.7935691504344754,0.4266666666666667,0.0,3
B,StaticGCN,wed,1292,0.3333333333333333,0.7859506578159828,0.4,0.0,3
B,StaticGCN,wed,1293,0.3333333333333333,0.7859506578159828,0.4,0.0,3
B,StaticGCN,wed,1294,0.23529411764705882,0.7497277140930392,0.33333333333333337,0.0,3
B,StaticGCN,wed,1295,0.23529411764705882,0.7415206433859685,0.30666666666666664,0.0,3
B,StaticGCN,wed,1296,0.23529411764705882,0.7185576804230054,0.25333333333333335,0.0,3
B,StaticGCN,wed,1297,0.125,0.6747613841267092,0.1866666666666667,0.0,3
B,StaticGCN,wed,1298,0.0,0.6217851936505187,0.12000000000000001,0.0,3
B,StaticGCN,wed,1299,0.0,0.6724400857140795,0.109375,0.0,3
B,StaticGCN,wed,1300,0.0,0.6057734190474129,0.046875,0.0,3
B,StaticGCN,wed,1301,0.0,0.6057734190474129,0.046875,0.0,3
B,StaticGCN,wed,1302,0.0,0.6057734190474129,0.046875,0.0,3
B,StaticGCN,wed,1303,0.0,0.6709871193275855,0.03921568627450981,0.0,3
B,StaticGCN,wed,1304,0.0,0.6709871193275855,0.03921568627450981,0.0,3
B,StaticGCN,wed,1305,0.0,0.7465474455025538,0.027777777777777776,0.0,3
B,StaticGCN,wed,1306,0.0,0.8382768601503324,0.0,0.0,3
B,StaticGCN,wed,1307,0.0,1.0000000000000002,,0.0,3
B,StaticGCN,wed,1308,0.0,1.0000000000000002,,0.0,3
B,StaticGCN,wed,1309,0.0,1.0000000000000002,,0.0,3
B,StaticGCN,wed,1310,0.0,1.0000000000000002,,0.0,3
B,StaticGCN,wed,1311,0.0,1.0000000000000002,,0.0,3
B,StaticGCN,wed,1312,0.0,1.0000000000000002,,0.0,3
B,StaticGCN,wed,1313,0.0,1.0000000000000002,,0.0,3
B,StaticGCN,wed,1314,0.0,1.0000000000000002,,0.0,3
B,StaticGCN,wed,1315,0.0,1.0000000000000002,,0.0,3
B,StaticGCN,wed,1316,0.0,1.0000000000000002,,0.0,3
B,StaticGCN,wed,1317,0.0,1.0000000000000002,,0.0,3
B,StaticGCN,wed,1318,0.0,1.0000000000000002,,0.0,3
B,StaticGCN,wed,1319,0.0,1.0000000000000002,,0.0,3
B,StaticGCN,wed,1320,0.0,1.0000000000000002,,0.0,3
B,StaticGCN,wed,1321,0.0,1.0000000000000002,,0.0,3
B,StaticGCN,wed,1322,0.0,1.0000000000000002,,0.0,3
B,StaticGCN,wed,1323,0.0,1.0000000000000002,,0.0,3
B,StaticGCN,wed,1324,0.0,1.0000000000000002,,0.0,3
B,StaticGCN,wed,1325,0.0,1.0000000000000002,,0.0,3
B,StaticGCN,wed,1326,0.0,1.0000000000000002,,0.0,3
B,StaticGCN,wed,1327,0.0,1.0000000000000002,,0.0,3
B,StaticGCN,wed,1328,0.0,1.0000000000000002,,0.0,3
B,StaticGCN,wed,1329,0.0,1.0000000000000002,,0.0,3
B,StaticGCN,wed,1330,0.0,1.0000000000000002,,0.0,3
B,StaticGCN,wed,1331,0.0,1.0000000000000002,,0.0,3
B,StaticGCN,wed,1332,0.0,1.0000000000000002,,0.0,3
B,StaticGCN,wed,1333,0.0,1.0000000000000002,,0.0,3
B,StaticGCN,wed,1334,0.0,1.0000000000000002,,0.0,3
B,StaticGCN,wed,1335,0.0,1.0000000000000002,,0.0,3
B,StaticGCN,wed,1336,0.0,1.0000000000000002,,0.0,3
B,StaticGCN,wed,1337,0.0,1.0000000000000002,,0.0,3
B,StaticGCN,wed,1338,0.0,1.0000000000000002,,0.0,3
B,StaticGCN,wed,1339,0.0,1.0000000000000002,,0.0,3
B,StaticGCN,wed,1340,0.0,1.0000000000000002,,0.0,3
B,StaticGCN,wed,1341,0.0,1.0000000000000002,,0.0,3
B,StaticGCN,wed,1342,0.0,1.0000000000000002,,0.0,3
B,StaticGCN,wed,1343,0.0,1.0000000000000002,,0.0,3
B,StaticGCN,wed,1344,0.0,1.0000000000000002,,0.0,3
B,StaticGCN,wed,1345,0.0,1.0000000000000002,,0.0,3
B,StaticGCN,wed,1346,0.0,1.0000000000000002,,0.0,3
B,StaticGCN,wed,1347,0.0,1.0000000000000002,,0.0,3
B,StaticGCN,wed,1348,0.0,1.0000000000000002,,0.0,3
B,StaticGCN,wed,1349,0.0,1.0000000000000002,,0.0,3
B,StaticGCN,wed,1350,0.0,1.0000000000000002,,0.0,3
B,StaticGCN,wed,1351,0.0,1.0000000000000002,,0.0,3
B,StaticGCN,wed,1352,0.0,1.0000000000000002,,0.0,3
B,StaticGCN,wed,1353,0.0,1.0000000000000002,,0.0,3
B,StaticGCN,wed,1354,0.0,1.0000000000000002,,0.0,3
B,StaticGCN,wed,1355,0.0,1.0000000000000002,,0.0,3
B,StaticGCN,wed,1356,0.0,1.0000000000000002,,0.0,3
B,StaticGCN,wed,1357,0.0,1.0000000000000002,,0.0,3
B,StaticGCN,wed,1358,0.0,1.0000000000000002,,0.0,3
B,StaticGCN,wed,1359,0.0,1.0000000000000002,,0.0,3
B,StaticGCN,wed,1360,0.0,1.0000000000000002,,0.0,3
B,StaticGCN,wed,1361,0.0,1.0000000000000002,,0.0,3
B,StaticGCN,wed,1362,0.0,1.0000000000000002,,0.0,3
B,StaticGCN,wed,1363,0.0,1.0000000000000002,,0.0,3
B,StaticGCN,wed,1364,0.0,1.0000000000000002,,0.0,3
B,StaticGCN,wed,1365,0.0,1.0000000000000002,,0.0,3
B,StaticGCN,wed,1366,0.0,1.0000000000000002,,0.0,3
B,StaticGCN,wed,1367,0.0,1.0000000000000002,,0.0,3
B,StaticGCN,wed,1368,0.0,1.0000000000000002,,0.0,3
B,StaticGCN,wed,1369,0.0,1.0000000000000002,,0.0,3
B,StaticGCN,wed,1370,0.0,1.0000000000000002,,0.0,3
B,StaticGCN,wed,1371,0.0,1.0000000000000002,,0.0,3
B,StaticGCN,wed,1372,0.0,1.0000000000000002,,0.0,3
B,StaticGCN,wed,1373,0.0,1.0000000000000002,,0.0,3
B,StaticGCN,wed,1374,0.0,1.0000000000000002,,0.0,3
B,StaticGCN,wed,1375,0.0,1.0000000000000002,,0.0,3
B,StaticGCN,wed,1376,0.0,1.0000000000000002,,0.0,3
B,StaticGCN,wed,1377,0.0,1.0000000000000002,,0.0,3
B,StaticGCN,wed,1378,0.0,1.0000000000000002,,0.0,3
B,StaticGCN,wed,1379,0.0,1.0000000000000002,,0.0,3
B,StaticGCN,wed,1380,0.0,1.0000000000000002,,0.0,3
B,StaticGCN,wed,1381,0.0,1.0000000000000002,,0.0,3
B,StaticGCN,wed,1382,0.0,1.0000000000000002,,0.0,3
B,StaticGCN,wed,1383,0.0,1.0000000000000002,,0.0,3
B,StaticGCN,wed,1384,0.0,1.0000000000000002,,0.0,3
B,StaticGCN,wed,1385,0.0,1.0000000000000002,,0.0,3
B,StaticGCN,wed,1386,0.0,1.0000000000000002,,0.0,3
B,StaticGCN,wed,1387,0.0,1.0000000000000002,,0.0,3
B,StaticGCN,wed,1388,0.0,1.0000000000000002,,0.0,3
B,StaticGCN,wed,1389,0.0,1.0000000000000002,,0.0,3
B,StaticGCN,wed,1390,0.0,1.0000000000000002,,0.0,3
B,StaticGCN,wed,1391,0.0,1.0000000000000002,,0.0,3
B,StaticGCN,wed,1392,0.0,1.0000000000000002,,0.0,3
B,StaticGCN,wed,1393,0.0,1.0000000000000002,,0.0,3
B,StaticGCN,wed,1394,0.0,1.0000000000000002,,0.0,3
B,StaticGCN,wed,1395,0.0,1.0000000000000002,,0.0,3
B,StaticGCN,wed,1396,0.0,1.0000000000000002,,0.0,3
B,StaticGCN,wed,1397,0.0,1.0000000000000002,,0.0,3
B,StaticGCN,wed,1398,0.0,1.0000000000000002,,0.0,3
B,StaticGCN,wed,1399,0.0,1.0000000000000002,,0.0,3
B,StaticGCN,wed,1400,0.0,1.0000000000000002,,0.0,3
B,StaticGCN,wed,1401,0.0,1.0000000000000002,,0.0,3
B,StaticGCN,wed,1402,0.0,1.0000000000000002,,0.0,3
B,StaticGCN,wed,1403,0.0,1.0000000000000002,,0.0,3
B,StaticGCN,wed,1404,0.0,1.0000000000000002,,0.0,3
B,StaticGCN,wed,1405,0.0,1.0000000000000002,,0.0,3
B,StaticGCN,wed,1406,0.0,1.0000000000000002,,0.0,3
B,StaticGCN,wed,1407,0.0,1.0000000000000002,,0.0,3
B,StaticGCN,wed,1408,0.0,1.0000000000000002,,0.0,3
B,StaticGCN,wed,1409,0.0,1.0000000000000002,,0.0,3
B,StaticGCN,wed,1410,0.0,1.0000000000000002,,0.0,3
B,StaticGCN,wed,1411,0.0,1.0000000000000002,,0.0,3
B,StaticGCN,wed,1412,0.0,1.0000000000000002,,0.0,3
B,StaticGCN,wed,1413,0.0,1.0000000000000002,,0.0,3
B,StaticGCN,wed,1414,0.0,1.0000000000000002,,0.0,3
B,StaticGCN,wed,1415,0.0,1.0000000000000002,,0.0,3
B,StaticGCN,wed,1416,0.0,1.0000000000000002,,0.0,3
B,StaticGCN,wed,1417,0.0,1.0000000000000002,,0.0,3
B,StaticGCN,wed,1418,0.0,1.0000000000000002,,0.0,3
B,StaticGCN,wed,1419,0.0,1.0000000000000002,,0.0,3
B,StaticGCN,wed,1420,0.0,1.0000000000000002,,0.0,3
B,StaticGCN,wed,1421,0.0,1.0000000000000002,,0.0,3
B,StaticGCN,wed,1422,0.0,1.0000000000000002,,0.0,3
B,StaticGCN,wed,1423,0.0,1.0000000000000002,,0.0,3
B,StaticGCN,wed,1424,0.0,1.0000000000000002,,0.0,3
B,StaticGCN,wed,1425,0.0,1.0000000000000002,,0.0,3
B,StaticGCN,wed,1426,0.0,1.0000000000000002,,0.0,3
B,StaticGCN,wed,1427,0.0,1.0000000000000002,,0.0,3
B,StaticGCN,wed,1428,0.0,1.0000000000000002,,0.0,3
B,StaticGCN,wed,1429,0.0,1.0000000000000002,,0.0,3
B,StaticGCN,wed,1430,0.0,1.0000000000000002,,0.0,3
B,StaticGCN,wed,1431,0.0,1.0000000000000002,,0.0,3
B,StaticGCN,wed,1432,0.0,1.0000000000000002,,0.0,3
B,StaticGCN,wed,1433,0.0,1.0000000000000002,,0.0,3
B,StaticGCN,wed,1434,0.0,1.0000000000000002,,0.0,3
B,StaticGCN,wed,1435,0.0,1.0000000000000002,,0.0,3
B,StaticGCN,wed,1436,0.0,1.0000000000000002,,0.0,3
B,StaticGCN,wed,1437,0.0,1.0000000000000002,,0.0,3
B,StaticGCN,wed,1438,0.0,1.0000000000000002,,0.0,3
B,StaticGCN,wed,1439,0.0,1.0000000000000002,,0.0,3
B,StaticGCN,wed,1440,0.0,1.0000000000000002,,0.0,3
B,StaticGCN,wed,1441,0.0,1.0000000000000002,,0.0,3
B,StaticGCN,wed,1442,0.0,1.0000000000000002,,0.0,3
B,StaticGCN,wed,1443,0.0,1.0000000000000002,,0.0,3
B,StaticGCN,wed,1444,0.0,1.0000000000000002,,0.0,3
B,StaticGCN,wed,1445,0.0,1.0000000000000002,,0.0,3
B,StaticGCN,wed,1446,0.0,1.0000000000000002,,0.0,3
B,StaticGCN,wed,1447,0.0,1.0000000000000002,,0.0,3
B,StaticGCN,wed,1448,0.0,1.0000000000000002,,0.0,3
B,StaticGCN,wed,1449,0.0,1.0000000000000002,,0.0,3
B,StaticGCN,wed,1450,0.0,1.0000000000000002,,0.0,3
B,StaticGCN,wed,1451,0.0,1.0000000000000002,,0.0,3
B,StaticGCN,wed,1452,0.0,1.0000000000000002,,0.0,3
B,StaticGCN,wed,1453,0.0,1.0000000000000002,,0.0,3
B,StaticGCN,wed,1454,0.0,1.0000000000000002,,0.0,3
B,StaticGCN,wed,1455,0.0,1.0000000000000002,,0.0,3
B,StaticGCN,wed,1456,0.0,1.0000000000000002,,0.0,3
B,StaticGCN,wed,1457,0.0,1.0000000000000002,,0.0,3
B,StaticGCN,wed,1458,0.0,1.0000000000000002,,0.0,3
B,StaticGCN,wed,1459,0.0,1.0000000000000002,,0.0,3
B,StaticGCN,wed,1460,0.0,1.0000000000000002,,0.0,3
B,StaticGCN,wed,1461,0.0,1.0000000000000002,,0.0,3
B,StaticGCN,wed,1462,0.0,1.0000000000000002,,0.0,3
B,StaticGCN,wed,1463,0.0,1.0000000000000002,,0.0,3
B,StaticGCN,wed,1464,0.0,1.0000000000000002,,0.0,3
B,StaticGCN,wed,1465,0.0,1.0000000000000002,,0.0,3
B,StaticGCN,wed,1466,0.0,1.0000000000000002,,0.0,3
B,StaticGCN,wed,1467,0.0,1.0000000000000002,,0.0,3
B,StaticGCN,wed,1468,0.0,1.0000000000000002,,0.0,3
B,StaticGCN,wed,1469,0.0,1.0000000000000002,,0.0,3
B,StaticGCN,wed,1470,0.0,1.0000000000000002,,0.0,3
B,StaticGCN,wed,1471,0.0,1.0000000000000002,,0.0,3
B,StaticGCN,wed,1472,0.0,1.0000000000000002,,0.0,3
B,StaticGCN,wed,1473,0.0,1.0000000000000002,,0.0,3
B,StaticGCN,wed,1474,0.0,0.8382768601503324,0.0,0.0,3
B,StaticGCN,wed,1475,0.0,0.8382768601503324,0.0,0.0,3
B,StaticGCN,wed,1476,0.0,0.7419178158729243,0.0,0.0,3
B,StaticGCN,wed,1477,0.0,0.6636341781511149,0.0,0.0,3
B,StaticGCN,wed,1478,0.0,0.6636341781511149,0.0,0.0,3
B,StaticGCN,wed,1479,0.0,0.6709871193275855,0.03921568627450981,0.0,3
B,StaticGCN,wed,1480,0.0,0.7303008448177816,0.09803921568627452,0.0,3
B,StaticGCN,wed,1481,0.0,0.7454969232491542,0.13725490196078433,0.0,3
B,StaticGCN,wed,1482,0.0,0.759572553501255,0.17647058823529416,0.0,3
B,StaticGCN,wed,1483,0.0,0.796932497478846,0.23529411764705885,0.0,3
B,StaticGCN,wed,1484,0.0,0.796932497478846,0.23529411764705885,0.0,3
B,StaticGCN,wed,1485,0.0,0.8086621893555966,0.27450980392156865,0.0,3
B,StaticGCN,wed,1486,0.0,0.8086621893555966,0.27450980392156865,0.0,3
B,StaticGCN,wed,1487,0.0,0.8194114890754847,0.3137254901960784,0.0,3
B,StaticGCN,wed,1488,0.0,0.8464688271622345,0.3725490196078432,0.0,3
B,StaticGCN,wed,1489,0.0,0.8688693025038864,0.43137254901960786,0.0,3
B,StaticGCN,wed,1490,0.0,0.8881789144605572,0.4901960784313726,0.0,3
B,StaticGCN,wed,1491,0.0,0.8961439886021019,0.5294117647058825,0.0,3
B,StaticGCN,wed,1492,0.0,0.8961439886021019,0.5294117647058825,0.0,3
B,StaticGCN,wed,1493,0.0,0.8961439886021019,0.5294117647058825,0.0,3
B,StaticGCN,wed,1494,0.0,0.8918419181235608,0.5098039215686275,0.0,3
B,StaticGCN,wed,1495,0.0,0.8862936876880858,0.609375,0.0,3
B,StaticGCN,wed,1496,0.0,0.9288493958687941,0.703125,0.0,3
B,StaticGCN,wed,1497,0.0,0.9288493958687941,0.703125,0.0,3
B,StaticGCN,wed,1498,0.0,0.9144174579004299,0.72,0.0,3
B,StaticGCN,wed,1499,0.0,0.8210675212914265,0.6190476190476191,0.0,3
B,StaticGCN,wed,1500,0.0,0.801883168001589,0.6373626373626373,0.0,3
B,StaticGCN,wed,1501,0.0,0.7605577232221971,0.6041666666666667,0.0,3
B,StaticGCN,wed,1502,0.0,0.7428168820812362,0.606060606060606,0.0,3
B,StaticGCN,wed,1503,0.0,0.6573395610237714,0.55,0.0,3
B,StaticGCN,wed,1504,0.0,0.6567032585672936,0.5858585858585859,0.0,3
B,StaticGCN,wed,1505,0.0,0.6463502506265664,0.59375,0.0,3
B,StaticGCN,wed,1506,0.0,0.4534461152882205,0.6043956043956045,0.07692307692307693,3
B,StaticGCN,wed,1507,0.0,0.42348927875243664,0.5952380952380952,0.07142857142857142,3
B,StaticGCN,wed,1508,0.0,0.3271052631578947,0.5333333333333333,0.06666666666666667,3
B,StaticGCN,wed,1509,0.0,0.22419590643274853,0.4375,0.0625,3
B,StaticGCN,wed,1510,0.0,0.12490253411306043,0.2941176470588235,0.058823529411764705,3
B,StaticGCN,wed,1511,0.0,0.05131578947368421,0.0,0.05555555555555555,3
B,StaticGCN,wed,1512,0.0,0.025,0.0,0.05263157894736842,3
B,StaticGCN,wed,1513,0.0,0.5,,0.05,3
B,StaticGCN,wed,1514,0.0,0.5,,0.05,3
B,StaticGCN,wed,1515,0.0,0.5,,0.05,3
B,StaticGCN,wed,1516,0.0,0.5,,0.05,3
B,StaticGCN,wed,1517,0.0,0.5,,0.05,3
B,StaticGCN,wed,1518,0.0,0.5,,0.05,3
B,StaticGCN,wed,1519,0.0,0.5,,0.05,3
B,StaticGCN,wed,1520,0.0,0.5,,0.05,3
B,StaticGCN,wed,1521,0.0,0.5,,0.05,3
B,StaticGCN,wed,1522,0.0,0.5,,0.05,3
B,StaticGCN,wed,1523,0.0,0.5,,0.05,3
B,StaticGCN,wed,1524,0.0,0.5,,0.05,3
B,StaticGCN,wed,1525,0.0,0.5,,0.05,3
B,StaticGCN,wed,1526,0.0,0.5,,0.0,3
B,StaticGCN,wed,1527,0.0,0.5,,0.0,3
B,StaticGCN,wed,1528,0.0,0.5,,0.0,3
B,StaticGCN,wed,1529,0.0,0.5,,0.0,3
B,StaticGCN,wed,1530,0.0,0.5,,0.0,3
B,StaticGCN,wed,1531,0.0,0.5,,0.0,3
B,StaticGCN,wed,1532,0.0,0.5,,0.0,3
B,StaticGCN,wed,1533,0.0,0.5,,0.0,3
B,StaticGCN,wed,1534,0.0,0.5,,0.0,3
B,StaticGCN,wed,1535,0.0,0.5,,0.0,3
B,StaticGCN,wed,1536,0.0,0.5,,0.0,3
B,StaticGCN,wed,1537,0.0,0.5,,0.0,3
B,StaticGCN,wed,1538,0.0,0.5,,0.0,3
B,StaticGCN,wed,1539,0.0,0.5,,0.0,3
B,StaticGCN,wed,1540,0.0,0.5,,0.0,3
B,StaticGCN,wed,1541,0.0,0.5,,0.0,3
B,StaticGCN,wed,1542,0.0,0.5,,0.0,3
B,StaticGCN,wed,1543,0.0,0.5,,0.0,3
B,StaticGCN,wed,1544,0.0,0.5,,0.0,3
B,StaticGCN,wed,1545,0.0,0.5,,0.0,3
B,StaticGCN,wed,1546,0.0,0.5,,0.0,3
B,StaticGCN,wed,1547,0.0,0.5,,0.0,3
B,StaticGCN,wed,1548,0.0,0.5,,0.0,3
B,StaticGCN,wed,1549,0.0,0.5,,0.0,3
B,StaticGCN,wed,1550,0.0,0.5,,0.0,3
B,StaticGCN,wed,1551,0.0,0.5,,0.0,3
B,StaticGCN,wed,1552,0.0,0.5,,0.0,3
B,StaticGCN,wed,1553,0.0,0.5,,0.0,3
B,StaticGCN,wed,1554,0.0,0.5,,0.0,3
B,StaticGCN,wed,1555,0.0,0.5,,0.0,3
B,StaticGCN,wed,1556,0.0,0.5,,0.0,3
B,StaticGCN,wed,1557,0.0,0.5,,0.0,3
B,StaticGCN,wed,1558,0.0,0.5,,0.0,3
B,StaticGCN,wed,1559,0.0,0.5,,0.0,3
B,StaticGCN,wed,1560,0.0,0.5,,0.0,3
B,StaticGCN,wed,1561,0.0,0.5,,0.0,3
B,StaticGCN,wed,1562,0.0,0.5,,0.0,3
B,StaticGCN,wed,1563,0.0,0.5,,0.0,3
B,StaticGCN,wed,1564,0.0,0.5,,0.0,3
B,StaticGCN,wed,1565,0.0,0.5,,0.0,3
B,StaticGCN,wed,1566,0.0,0.5,,0.0,3
B,StaticGCN,wed,1567,0.0,0.5,,0.0,3
B,StaticGCN,wed,1568,0.0,0.5,,0.0,3
B,StaticGCN,wed,1569,0.0,0.5,,0.0,3
B,StaticGCN,wed,1570,0.0,0.038461538461538464,0.368421052631579,0.0,3
B,StaticGCN,wed,1571,0.0,0.038461538461538464,0.368421052631579,0.0,3
B,StaticGCN,wed,1572,0.0,0.038461538461538464,0.368421052631579,0.0,3
B,StaticGCN,wed,1573,0.0,0.038461538461538464,0.368421052631579,0.05263157894736842,3
B,StaticGCN,wed,1574,0.0,0.038461538461538464,0.368421052631579,0.05263157894736842,3
B,StaticGCN,wed,1575,0.0,0.038461538461538464,0.368421052631579,0.05263157894736842,3
B,StaticGCN,wed,1576,0.0,0.038461538461538464,0.368421052631579,0.05263157894736842,3
B,StaticGCN,wed,1577,0.0,0.038461538461538464,0.368421052631579,0.05263157894736842,3
B,StaticGCN,wed,1578,0.0,0.038461538461538464,0.368421052631579,0.05263157894736842,3
B,StaticGCN,wed,1579,0.0,0.038461538461538464,0.368421052631579,0.05263157894736842,3
B,StaticGCN,wed,1580,0.0,0.038461538461538464,0.368421052631579,0.05263157894736842,3
B,StaticGCN,wed,1581,0.0,0.038461538461538464,0.368421052631579,0.05263157894736842,3
B,StaticGCN,wed,1582,0.0,0.03571428571428571,0.3157894736842105,0.05263157894736842,3
B,StaticGCN,wed,1583,0.0,0.03571428571428571,0.3157894736842105,0.05263157894736842,3
B,StaticGCN,wed,1584,0.0,0.03333333333333333,0.26315789473684215,0.10526315789473684,3
B,StaticGCN,wed,1585,0.0,0.03125,0.21052631578947367,0.15789473684210525,3
B,StaticGCN,wed,1586,0.0,0.03125,0.21052631578947367,0.21052631578947367,3
B,StaticGCN,wed,1587,0.0,0.029411764705882353,0.1578947368421053,0.2631578947368421,3
B,StaticGCN,wed,1588,0.0,0.027777777777777776,0.10526315789473684,0.2631578947368421,3
B,StaticGCN,wed,1589,0.0,0.027777777777777776,0.10526315789473684,0.2631578947368421,3
B,StaticGCN,wed,1590,0.0,0.5,,0.3,3
B,StaticGCN,wed,1591,0.0,0.5,,0.35,3
B,StaticGCN,wed,1592,0.0,0.5,,0.4,3
B,StaticGCN,wed,1593,0.0,0.5,,0.35,3
B,StaticGCN,wed,1594,0.0,0.5,,0.4,3
B,StaticGCN,wed,1595,0.0,0.5,,0.4,3
B,StaticGCN,wed,1596,0.0,0.5,,0.4,3
B,StaticGCN,wed,1597,0.0,0.5,,0.45,3
B,StaticGCN,wed,1598,0.0,0.5,,0.45,3
B,StaticGCN,wed,1599,0.0,0.5,,0.45,3
B,StaticGCN,wed,1600,0.0,0.5,,0.45,3
B,StaticGCN,wed,1601,0.0,0.5,,0.45,3
B,StaticGCN,wed,1602,0.0,0.5,,0.45,3
B,StaticGCN,wed,1603,0.0,0.5,,0.45,3
B,StaticGCN,wed,1604,0.0,0.5,,0.4,3
B,StaticGCN,wed,1605,0.0,0.5,,0.35,3
B,StaticGCN,wed,1606,0.0,0.5,,0.3,3
B,StaticGCN,wed,1607,0.0,0.5,,0.25,3
B,StaticGCN,wed,1608,0.0,0.5,,0.25,3
B,StaticGCN,wed,1609,0.0,0.5,,0.25,3
B,StaticGCN,wed,1610,0.0,0.5,,0.2,3
B,StaticGCN,wed,1611,0.0,0.5,,0.15,3
B,StaticGCN,wed,1612,0.0,0.5,,0.1,3
B,StaticGCN,wed,1613,0.0,0.5,,0.1,3
B,StaticGCN,wed,1614,0.0,0.5,,0.05,3
B,StaticGCN,wed,1615,0.0,0.5,,0.05,3
B,StaticGCN,wed,1616,0.0,0.5,,0.05,3
B,StaticGCN,wed,1617,0.0,0.5,,0.0,3
B,StaticGCN,wed,1618,0.0,0.5,,0.0,3
B,StaticGCN,wed,1619,0.0,0.5,,0.0,3
B,StaticGCN,wed,1620,0.0,0.5,,0.0,3
B,StaticGCN,wed,1621,0.0,0.5,,0.0,3
B,StaticGCN,wed,1622,0.0,0.5,,0.0,3
B,StaticGCN,wed,1623,0.0,0.5,,0.0,3
B,StaticGCN,wed,1624,0.0,0.5,,0.0,3
B,StaticGCN,wed,1625,0.0,0.5,,0.0,3
B,StaticGCN,wed,1626,0.0,0.5,,0.0,3
B,StaticGCN,wed,1627,0.0,0.5,,0.0,3
B,StaticGCN,wed,1628,0.0,0.5,,0.0,3
B,StaticGCN,wed,1629,0.0,0.5,,0.0,3
B,StaticGCN,wed,1630,0.0,0.5,,0.0,3
B,StaticGCN,wed,1631,0.0,0.5,,0.0,3
B,StaticGCN,wed,1632,0.0,0.5,,0.0,3
B,StaticGCN,wed,1633,0.0,0.5,,0.0,3
B,StaticGCN,wed,1634,0.0,0.5,,0.0,3
B,StaticGCN,wed,1635,0.0,0.5,,0.0,3
B,StaticGCN,wed,1636,0.0,0.5,,0.0,3
B,StaticGCN,wed,1637,0.0,0.5,,0.0,3
B,StaticGCN,wed,1638,0.0,0.5,,0.0,3
B,StaticGCN,wed,1639,0.0,0.5,,0.0,3
B,StaticGCN,wed,1640,0.0,0.5,,0.0,3
B,StaticGCN,wed,1641,0.0,0.5,,0.0,3
B,StaticGCN,wed,1642,0.0,0.5,,0.0,3
B,StaticGCN,wed,1643,0.0,0.5,,0.0,3
B,StaticGCN,wed,1644,0.0,0.5,,0.0,3
B,StaticGCN,wed,1645,0.0,0.5,,0.0,3
B,StaticGCN,wed,1646,0.0,0.5,,0.0,3
B,StaticGCN,wed,1647,0.0,0.5,,0.0,3
B,StaticGCN,wed,1648,0.0,0.5,,0.0,3
B,StaticGCN,wed,1649,0.0,0.5,,0.0,3
B,StaticGCN,wed,1650,0.0,0.5,,0.0,3
B,StaticGCN,wed,1651,0.0,0.5,,0.0,3
B,StaticGCN,wed,1652,0.0,0.5,,0.0,3
B,StaticGCN,wed,1653,0.0,0.5,,0.0,3
B,StaticGCN,wed,1654,0.0,0.5,,0.0,3
B,StaticGCN,wed,1655,0.0,0.5,,0.0,3
B,StaticGCN,wed,1656,0.0,0.5,,0.0,3
B,StaticGCN,wed,1657,0.0,0.5,,0.0,3
B,StaticGCN,wed,1658,0.0,0.5,,0.0,3
B,StaticGCN,wed,1659,0.0,0.5,,0.0,3
B,StaticGCN,wed,1660,0.0,0.5,,0.0,3
B,StaticGCN,wed,1661,0.0,0.5,,0.0,3
B,StaticGCN,wed,1662,0.0,0.5,,0.0,3
B,StaticGCN,wed,1663,0.0,0.5,,0.0,3
B,StaticGCN,wed,1664,0.0,0.5,,0.0,3
B,StaticGCN,wed,1665,0.0,0.5,,0.0,3
B,StaticGCN,wed,1666,0.0,0.5,,0.0,3
B,StaticGCN,wed,1667,0.0,0.5,,0.0,3
B,StaticGCN,wed,1668,0.0,0.025,0.0,0.0,3
B,StaticGCN,wed,1669,0.0,0.052046783625730994,0.02777777777777779,0.0,3
B,StaticGCN,wed,1670,0.0,0.08067022130489623,0.03921568627450981,0.0,3
B,StaticGCN,wed,1671,0.0,0.11060694014447885,0.046875,0.0,3
B,StaticGCN,wed,1672,0.0,0.14190230478156174,0.05333333333333332,0.0,3
B,StaticGCN,wed,1673,0.0,0.16725289531017087,0.0,0.0,3
B,StaticGCN,wed,1674,0.0,0.19944618198156455,0.0,0.0,3
B,StaticGCN,wed,1675,0.0,0.23320653160049445,0.0,0.0,3
B,StaticGCN,wed,1676,0.0,0.26872384056336585,0.0,0.0,3
B,StaticGCN,wed,1677,0.0,0.30622859682457204,0.0,0.0,3
B,StaticGCN,wed,1678,0.0,0.34600521558374076,0.0,0.0,3
B,StaticGCN,wed,1679,0.0,0.3884116571423073,0.0,0.0,3
B,StaticGCN,wed,1680,0.0,0.43390941538417127,0.0,0.0,3
B,StaticGCN,wed,1681,0.0,0.4831115755098506,0.0,0.0,3
B,StaticGCN,wed,1682,0.0,0.5368645587298837,0.0,0.0,3
B,StaticGCN,wed,1683,0.0,0.5963984190474129,0.0,0.0,3
B,StaticGCN,wed,1684,0.0,0.6636341781511149,0.0,0.0,3
B,StaticGCN,wed,1685,0.0,0.7419178158729243,0.0,0.0,3
B,StaticGCN,wed,1686,0.0,0.8382768601503324,0.0,0.0,3
B,StaticGCN,wed,1687,0.0,1.0000000000000002,,0.0,3
B,StaticGCN,wed,1688,0.0,1.0000000000000002,,0.0,3
B,StaticGCN,wed,1689,0.0,1.0000000000000002,,0.0,3
B,StaticGCN,wed,1690,0.0,1.0000000000000002,,0.0,3
B,StaticGCN,wed,1691,0.0,1.0000000000000002,,0.0,3
B,StaticGCN,wed,1692,0.0,1.0000000000000002,,0.0,3
B,StaticGCN,wed,1693,0.0,1.0000000000000002,,0.0,3
B,StaticGCN,wed,1694,0.0,1.0000000000000002,,0.0,3
B,StaticGCN,wed,1695,0.0,1.0000000000000002,,0.0,3
B,StaticGCN,wed,1696,0.0,1.0000000000000002,,0.0,3
B,StaticGCN,wed,1697,0.0,1.0000000000000002,,0.0,3
B,StaticGCN,wed,1698,0.0,1.0000000000000002,,0.0,3
B,StaticGCN,wed,1699,0.0,1.0000000000000002,,0.0,3
B,StaticGCN,wed,1700,0.0,1.0000000000000002,,0.0,3
B,StaticGCN,wed,1701,0.0,1.0000000000000002,,0.0,3
B,StaticGCN,wed,1702,0.0,1.0000000000000002,,0.0,3
B,StaticGCN,wed,1703,0.0,1.0000000000000002,,0.0,3
B,StaticGCN,wed,1704,0.0,1.0000000000000002,,0.0,3
B,StaticGCN,wed,1705,0.0,1.0000000000000002,,0.0,3
B,StaticGCN,wed,1706,0.0,1.0000000000000002,,0.0,3
B,StaticGCN,wed,1707,0.0,1.0000000000000002,,0.0,3
B,StaticGCN,wed,1708,0.0,1.0000000000000002,,0.0,3
B,StaticGCN,wed,1709,0.0,1.0000000000000002,,0.0,3
B,StaticGCN,wed,1710,0.0,1.0000000000000002,,0.0,3
B,StaticGCN,wed,1711,0.0,1.0000000000000002,,0.0,3
B,StaticGCN,wed,1712,0.0,1.0000000000000002,,0.0,3
B,StaticGCN,wed,1713,0.0,1.0000000000000002,,0.0,3
B,StaticGCN,wed,1714,0.0,1.0000000000000002,,0.0,3
B,StaticGCN,wed,1715,0.0,1.0000000000000002,,0.0,3
B,StaticGCN,wed,1716,0.0,1.0000000000000002,,0.0,3
B,StaticGCN,wed,1717,0.0,1.0000000000000002,,0.0,3
B,StaticGCN,wed,1718,0.0,1.0000000000000002,,0.0,3
B,StaticGCN,wed,1719,0.0,1.0000000000000002,,0.0,3
B,StaticGCN,wed,1720,0.0,1.0000000000000002,,0.0,3
B,StaticGCN,wed,1721,0.0,1.0000000000000002,,0.0,3
B,StaticGCN,wed,1722,0.0,1.0000000000000002,,0.0,3
B,StaticGCN,wed,1723,0.0,1.0000000000000002,,0.0,3
B,StaticGCN,wed,1724,0.0,1.0000000000000002,,0.0,3
B,StaticGCN,wed,1725,0.0,1.0000000000000002,,0.0,3
B,StaticGCN,wed,1726,0.0,1.0000000000000002,,0.0,3
B,StaticGCN,wed,1727,0.0,1.0000000000000002,,0.0,3
B,StaticGCN,wed,1728,0.0,1.0000000000000002,,0.0,3
B,StaticGCN,wed,1729,0.0,1.0000000000000002,,0.0,3
B,StaticGCN,wed,1730,0.0,1.0000000000000002,,0.0,3
B,StaticGCN,wed,1731,0.0,1.0000000000000002,,0.0,3
B,StaticGCN,wed,1732,0.0,1.0000000000000002,,0.0,3
B,StaticGCN,wed,1733,0.0,1.0000000000000002,,0.0,3
B,StaticGCN,wed,1734,0.0,1.0000000000000002,,0.0,3
B,StaticGCN,wed,1735,0.0,1.0000000000000002,,0.0,3
B,StaticGCN,wed,1736,0.0,1.0000000000000002,,0.0,3
B,StaticGCN,wed,1737,0.0,1.0000000000000002,,0.0,3
B,StaticGCN,wed,1738,0.0,1.0000000000000002,,0.0,3
B,StaticGCN,wed,1739,0.0,1.0000000000000002,,0.0,3
B,StaticGCN,wed,1740,0.0,1.0000000000000002,,0.0,3
B,StaticGCN,wed,1741,0.0,1.0000000000000002,,0.0,3
B,StaticGCN,wed,1742,0.0,1.0000000000000002,,0.0,3
B,StaticGCN,wed,1743,0.0,1.0000000000000002,,0.0,3
B,StaticGCN,wed,1744,0.0,1.0000000000000002,,0.0,3
B,StaticGCN,wed,1745,0.0,1.0000000000000002,,0.0,3
B,StaticGCN,wed,1746,0.0,1.0000000000000002,,0.0,3
B,StaticGCN,wed,1747,0.0,1.0000000000000002,,0.0,3
B,StaticGCN,wed,1748,0.0,1.0000000000000002,,0.0,3
B,StaticGCN,wed,1749,0.0,1.0000000000000002,,0.0,3
B,StaticGCN,wed,1750,0.0,1.0000000000000002,,0.0,3
B,StaticGCN,wed,1751,0.0,1.0000000000000002,,0.0,3
B,StaticGCN,wed,1752,0.0,1.0000000000000002,,0.0,3
B,StaticGCN,wed,1753,0.0,1.0000000000000002,,0.0,3
B,StaticGCN,wed,1754,0.0,1.0000000000000002,,0.0,3
B,StaticGCN,wed,1755,0.0,1.0000000000000002,,0.0,3
B,StaticGCN,wed,1756,0.0,1.0000000000000002,,0.0,3
B,StaticGCN,wed,1757,0.0,1.0000000000000002,,0.0,3
B,StaticGCN,wed,1758,0.0,1.0000000000000002,,0.0,3
B,StaticGCN,wed,1759,0.0,1.0000000000000002,,0.0,3
B,StaticGCN,wed,1760,0.0,1.0000000000000002,,0.0,3
B,StaticGCN,wed,1761,0.0,1.0000000000000002,,0.0,3
B,StaticGCN,wed,1762,0.0,1.0000000000000002,,0.0,3
B,StaticGCN,wed,1763,0.0,1.0000000000000002,,0.0,3
B,StaticGCN,wed,1764,0.0,1.0000000000000002,,0.0,3
B,StaticGCN,wed,1765,0.0,1.0000000000000002,,0.0,3
B,StaticGCN,wed,1766,0.0,1.0000000000000002,,0.0,3
B,StaticGCN,wed,1767,0.0,1.0000000000000002,,0.0,3
B,StaticGCN,wed,1768,0.0,1.0000000000000002,,0.0,3
B,StaticGCN,wed,1769,0.0,1.0000000000000002,,0.0,3
B,StaticGCN,wed,1770,0.0,1.0000000000000002,,0.0,3
B,StaticGCN,wed,1771,0.0,1.0000000000000002,,0.0,3
B,StaticGCN,wed,1772,0.0,1.0000000000000002,,0.0,3
B,StaticGCN,wed,1773,0.0,1.0000000000000002,,0.0,3
B,StaticGCN,wed,1774,0.0,1.0000000000000002,,0.0,3
B,StaticGCN,wed,1775,0.0,1.0000000000000002,,0.0,3
B,StaticGCN,wed,1776,0.0,1.0000000000000002,,0.0,3
B,StaticGCN,wed,1777,0.0,1.0000000000000002,,0.0,3
B,StaticGCN,wed,1778,0.0,1.0000000000000002,,0.0,3
B,StaticGCN,wed,1779,0.0,1.0000000000000002,,0.0,3
B,StaticGCN,wed,1780,0.0,1.0000000000000002,,0.0,3
B,StaticGCN,wed,1781,0.0,1.0000000000000002,,0.0,3
B,StaticGCN,wed,1782,0.0,1.0000000000000002,,0.0,3
B,StaticGCN,wed,1783,0.0,1.0000000000000002,,0.0,3
B,StaticGCN,wed,1784,0.0,1.0000000000000002,,0.0,3
B,StaticGCN,wed,1785,0.0,1.0000000000000002,,0.0,3
B,StaticGCN,wed,1786,0.0,1.0000000000000002,,0.0,3
B,StaticGCN,wed,1787,0.0,1.0000000000000002,,0.0,3
B,StaticGCN,wed,1788,0.0,1.0000000000000002,,0.0,3
B,StaticGCN,wed,1789,0.0,1.0000000000000002,,0.0,3
B,StaticGCN,wed,1790,0.0,1.0000000000000002,,0.0,3
B,StaticGCN,wed,1791,0.0,1.0000000000000002,,0.0,3
B,StaticGCN,wed,1792,0.0,1.0000000000000002,,0.0,3
B,StaticGCN,wed,1793,0.0,1.0000000000000002,,0.0,3
B,StaticGCN,wed,1794,0.0,1.0000000000000002,,0.0,3
B,StaticGCN,wed,1795,0.0,1.0000000000000002,,0.0,3
B,StaticGCN,wed,1796,0.0,1.0000000000000002,,0.0,3
B,StaticGCN,wed,1797,0.0,1.0000000000000002,,0.0,3
B,StaticGCN,wed,1798,0.0,1.0000000000000002,,0.0,3
B,StaticGCN,wed,1799,0.0,1.0000000000000002,,0.0,3
B,StaticGCN,wed,1800,0.0,1.0000000000000002,,0.0,3
B,StaticGCN,wed,1801,0.0,1.0000000000000002,,0.0,3
B,StaticGCN,wed,1802,0.0,1.0000000000000002,,0.0,3
B,StaticGCN,wed,1803,0.0,1.0000000000000002,,0.0,3
B,StaticGCN,wed,1804,0.0,1.0000000000000002,,0.0,3
B,StaticGCN,wed,1805,0.0,1.0000000000000002,,0.0,3
B,StaticGCN,wed,1806,0.0,1.0000000000000002,,0.0,3
B,StaticGCN,wed,1807,0.0,1.0000000000000002,,0.0,3
B,StaticGCN,wed,1808,0.0,1.0000000000000002,,0.0,3
B,StaticGCN,wed,1809,0.0,1.0000000000000002,,0.0,3
B,StaticGCN,wed,1810,0.0,1.0000000000000002,,0.0,3
B,StaticGCN,wed,1811,0.0,1.0000000000000002,,0.0,3
B,StaticGCN,wed,1812,0.0,1.0000000000000002,,0.0,3
B,StaticGCN,wed,1813,0.0,1.0000000000000002,,0.0,3
B,StaticGCN,wed,1814,0.0,1.0000000000000002,,0.0,3
B,StaticGCN,wed,1815,0.0,1.0000000000000002,,0.0,3
B,StaticGCN,wed,1816,0.0,1.0000000000000002,,0.0,3
B,StaticGCN,wed,1817,0.0,1.0000000000000002,,0.0,3
B,StaticGCN,wed,1818,0.0,1.0000000000000002,,0.0,3
B,StaticGCN,wed,1819,0.0,1.0000000000000002,,0.0,3
B,StaticGCN,wed,1820,0.0,1.0000000000000002,,0.0,3
B,StaticGCN,wed,1821,0.0,1.0000000000000002,,0.0,3
B,StaticGCN,wed,1822,0.0,1.0000000000000002,,0.0,3
B,StaticGCN,wed,1823,0.0,1.0000000000000002,,0.0,3
B,StaticGCN,wed,1824,0.0,1.0000000000000002,,0.0,3
B,StaticGCN,wed,1825,0.0,1.0000000000000002,,0.0,3
B,StaticGCN,wed,1826,0.0,1.0000000000000002,,0.0,3
B,StaticGCN,wed,1827,0.0,1.0000000000000002,,0.0,3
B,StaticGCN,wed,1828,0.0,1.0000000000000002,,0.0,3
B,StaticGCN,wed,1829,0.0,1.0000000000000002,,0.0,3
B,StaticGCN,wed,1830,0.0,1.0000000000000002,,0.0,3
B,StaticGCN,wed,1831,0.0,1.0000000000000002,,0.0,3
B,StaticGCN,wed,1832,0.0,1.0000000000000002,,0.0,3
B,StaticGCN,thu_am,1833,0.0,0.8777505443608586,0.05263157894736842,0.0,4
B,StaticGCN,thu_am,1834,0.0,0.8652957337974109,0.4444444444444445,0.0,4
B,StaticGCN,thu_am,1835,0.0,0.8600714465424899,0.6274509803921569,0.0,4
B,StaticGCN,thu_am,1836,0.0,0.8481959977049954,0.6875,0.0,4
B,StaticGCN,thu_am,1837,0.0,0.7008503208464509,0.5466666666666666,0.0,4
B,StaticGCN,thu_am,1838,0.0,0.6949377915501866,0.6428571428571429,0.0,4
B,StaticGCN,thu_am,1839,0.0,0.6038339614131468,0.5494505494505495,0.0,4
B,StaticGCN,thu_am,1840,0.0,0.5864292264108439,0.6041666666666666,0.0,4
B,StaticGCN,thu_am,1841,0.0,0.5074941621064616,0.5353535353535354,0.0,4
B,StaticGCN,thu_am,1842,0.0,0.49464063714063716,0.6,0.0,4
B,StaticGCN,thu_am,1843,0.0,0.4234096150762817,0.5454545454545454,0.0,4
B,StaticGCN,thu_am,1844,0.0,0.35981726606726605,0.5,0.0,4
B,StaticGCN,thu_am,1845,0.0,0.34718175513212274,0.46875,0.0,4
B,StaticGCN,thu_am,1846,0.0,0.2897280357364391,0.4285714285714286,0.0,4
B,StaticGCN,thu_am,1847,0.0,0.2897280357364391,0.4285714285714286,0.0,4
B,StaticGCN,thu_am,1848,0.0,0.30171347093615997,0.4725274725274725,0.0,4
B,StaticGCN,thu_am,1849,0.0,0.2507833329524506,0.45238095238095244,0.0,4
B,StaticGCN,thu_am,1850,0.0,0.20114059143470908,0.4266666666666667,0.0,4
B,StaticGCN,thu_am,1851,0.0,0.2276918179859356,0.5066666666666667,0.0,4
B,StaticGCN,thu_am,1852,0.0,0.44125242404654175,0.6133333333333333,0.0,4
B,StaticGCN,thu_am,1853,0.0,0.5224584171275347,0.6666666666666667,0.0,4
B,StaticGCN,thu_am,1854,0.0,0.5487493715434891,0.6703296703296704,0.0,4
B,StaticGCN,thu_am,1855,0.0,0.6030057667006196,0.6770833333333334,0.0,4
B,StaticGCN,thu_am,1856,0.0,0.5997465769524593,0.6262626262626263,0.0,4
B,StaticGCN,thu_am,1857,0.0,0.7686146247543306,0.71,0.0,4
B,StaticGCN,thu_am,1858,0.0,0.8068982083916647,0.7070707070707071,0.0,4
B,StaticGCN,thu_am,1859,0.0,0.8115975352333712,0.6875,0.0,4
B,StaticGCN,thu_am,1860,0.0,0.8043485795316587,0.6153846153846154,0.0,4
B,StaticGCN,thu_am,1861,0.0,0.8433711001269601,0.6309523809523809,0.0,4
B,StaticGCN,thu_am,1862,0.0,0.8507298492128212,0.5733333333333334,0.0,4
B,StaticGCN,thu_am,1863,0.0,0.8684025637997194,0.546875,0.0,4
B,StaticGCN,thu_am,1864,0.0,0.9091056664859252,0.5882352941176471,0.0,4
B,StaticGCN,thu_am,1865,0.0,0.9165579897550395,0.627450980392157,0.0,4
B,StaticGCN,thu_am,1866,0.0,0.9417481495590372,0.6388888888888888,0.0,4
B,StaticGCN,thu_am,1867,0.0,0.9444447057643653,0.6666666666666666,0.0,4
B,StaticGCN,thu_am,1868,0.0,0.9444447057643653,0.6666666666666666,0.0,4
B,StaticGCN,thu_am,1869,0.0,0.9446678375939412,0.3157894736842105,0.0,4
B,StaticGCN,thu_am,1870,0.0,1.0000000000000002,,0.0,4
B,StaticGCN,thu_am,1871,0.0,1.0000000000000002,,0.0,4
B,StaticGCN,thu_am,1872,0.0,1.0000000000000002,,0.0,4
B,StaticGCN,thu_am,1873,0.0,1.0000000000000002,,0.0,4
B,StaticGCN,thu_am,1874,0.0,1.0000000000000002,,0.0,4
B,StaticGCN,thu_am,1875,0.0,1.0000000000000002,,0.0,4
B,StaticGCN,thu_am,1876,0.0,1.0000000000000002,,0.0,4
B,StaticGCN,thu_am,1877,0.0,1.0000000000000002,,0.0,4
B,StaticGCN,thu_am,1878,0.0,1.0000000000000002,,0.0,4
B,StaticGCN,thu_am,1879,0.0,1.0000000000000002,,0.0,4
B,StaticGCN,thu_am,1880,0.0,1.0000000000000002,,0.0,4
B,StaticGCN,thu_am,1881,0.0,1.0000000000000002,,0.0,4
B,StaticGCN,thu_am,1882,0.0,1.0000000000000002,,0.0,4
B,StaticGCN,thu_am,1883,0.0,1.0000000000000002,,0.0,4
B,StaticGCN,thu_am,1884,0.0,1.0000000000000002,,0.0,4
B,StaticGCN,thu_am,1885,0.0,1.0000000000000002,,0.0,4
B,StaticGCN,thu_am,1886,0.0,1.0000000000000002,,0.0,4
B,StaticGCN,thu_am,1887,0.0,1.0000000000000002,,0.0,4
B,StaticGCN,thu_am,1888,0.0,1.0000000000000002,,0.0,4
B,StaticGCN,thu_am,1889,0.0,1.0000000000000002,,0.0,4
B,StaticGCN,thu_am,1890,0.0,1.0000000000000002,,0.0,4
B,StaticGCN,thu_am,1891,0.0,1.0000000000000002,,0.0,4
B,StaticGCN,thu_am,1892,0.0,1.0000000000000002,,0.0,4
B,StaticGCN,thu_am,1893,0.0,1.0000000000000002,,0.0,4
B,StaticGCN,thu_am,1894,0.0,1.0000000000000002,,0.0,4
B,StaticGCN,thu_am,1895,0.0,0.9685096390673218,0.5263157894736842,0.0,4
B,StaticGCN,thu_am,1896,0.0,0.8473992171876589,0.3055555555555556,0.0,4
B,StaticGCN,thu_am,1897,0.0,0.7789437052253478,0.27450980392156865,0.0,4
B,StaticGCN,thu_am,1898,0.0,0.7525960408700347,0.359375,0.0,4
B,StaticGCN,thu_am,1899,0.0,0.7414389875690185,0.4666666666666666,0.0,4
B,StaticGCN,thu_am,1900,0.0,0.7139489308482564,0.48809523809523814,0.0,4
B,StaticGCN,thu_am,1901,0.0,0.7042771384102653,0.5494505494505495,0.0,4
B,StaticGCN,thu_am,1902,0.0,0.6626445049045669,0.5416666666666667,0.0,4
B,StaticGCN,thu_am,1903,0.0,0.6758389493490112,0.5520833333333334,0.0,4
B,StaticGCN,thu_am,1904,0.0,0.67857928159302,0.5625,0.0,4
B,StaticGCN,thu_am,1905,0.0,0.6848503253640638,0.5729166666666666,0.0,4
B,StaticGCN,thu_am,1906,0.0,0.6462704275929897,0.5,0.0,4
B,StaticGCN,thu_am,1907,0.0,0.6602080694718079,0.5416666666666666,0.0,4
B,StaticGCN,thu_am,1908,0.0,0.640018305532044,0.5,0.0,4
B,StaticGCN,thu_am,1909,0.0,0.6660042439357455,0.5625,0.0,4
B,StaticGCN,thu_am,1910,0.0,0.6984609076424092,0.6145833333333334,0.0,4
B,StaticGCN,thu_am,1911,0.0,0.67919868838019,0.5729166666666667,0.0,4
B,StaticGCN,thu_am,1912,0.0,0.7257264661579678,0.59375,0.0,4
B,StaticGCN,thu_am,1913,0.0,0.7257264661579678,0.59375,0.0,4
B,StaticGCN,thu_am,1914,0.0,0.7257264661579678,0.59375,0.0,4
B,StaticGCN,thu_am,1915,0.0,0.783505533688613,0.6153846153846154,0.0,4
B,StaticGCN,thu_am,1916,0.0,0.8656391098949701,0.6904761904761906,0.0,4
B,StaticGCN,thu_am,1917,0.0,0.9175389607444007,0.7857142857142858,0.0,4
B,StaticGCN,thu_am,1918,0.0,0.9128145185199585,0.773809523809524,0.0,4
B,StaticGCN,thu_am,1919,0.0,0.9154878685617296,0.7857142857142857,0.0,4
B,StaticGCN,thu_am,1920,0.0,0.9436624760115472,0.8266666666666667,0.0,4
B,StaticGCN,thu_am,1921,0.0,0.9462828628414929,0.796875,0.0,4
B,StaticGCN,thu_am,1922,0.0,0.9731303599474244,0.8627450980392157,0.0,4
B,StaticGCN,thu_am,1923,0.0,0.9648457403955037,0.8235294117647058,0.0,4
B,StaticGCN,thu_am,1924,0.0,0.9305794129009106,0.75,0.0,4
B,StaticGCN,thu_am,1925,0.0,0.8262271662232963,0.6266666666666667,0.0,4
B,StaticGCN,thu_am,1926,0.0,0.8062534521844561,0.6428571428571428,0.0,4
B,StaticGCN,thu_am,1927,0.0,0.7019635140467482,0.5824175824175825,0.0,4
B,StaticGCN,thu_am,1928,0.0,0.6867549010157369,0.6145833333333333,0.0,4
B,StaticGCN,thu_am,1929,0.0,0.6392536685880339,0.5858585858585859,0.0,4
B,StaticGCN,thu_am,1930,0.0,0.6074475498701505,0.59,0.0,4
B,StaticGCN,thu_am,1931,0.0,0.5631645389449826,0.5858585858585859,0.0,4
B,StaticGCN,thu_am,1932,0.0,0.5328565628343105,0.5833333333333334,0.0,4
B,StaticGCN,thu_am,1933,0.0,0.44395021503878207,0.5164835164835164,0.0,4
B,StaticGCN,thu_am,1934,0.0,0.42412573415862886,0.5238095238095238,0.0,4
B,StaticGCN,thu_am,1935,0.0,0.21104883420672893,0.44,0.0,4
B,StaticGCN,thu_am,1936,0.0,0.17505090852130323,0.4375,0.0,4
B,StaticGCN,thu_am,1937,0.0,0.16519008919357217,0.40625,0.0,4
B,StaticGCN,thu_am,1938,0.0,0.16519008919357217,0.40625,0.0,4
B,StaticGCN,thu_am,1939,0.0,0.16063320064868053,0.375,0.0,4
B,StaticGCN,thu_am,1940,0.0,0.0946758235457926,0.2352941176470588,0.0,4
B,StaticGCN,thu_am,1941,0.0,0.07387218045112781,0.33333333333333337,0.0,4
B,StaticGCN,thu_am,1942,0.0,0.025,0.0,0.0,4
B,StaticGCN,thu_am,1943,0.0,0.5,,0.0,4
B,StaticGCN,thu_am,1944,0.0,0.5,,0.0,4
B,StaticGCN,thu_am,1945,0.0,0.5,,0.0,4
B,StaticGCN,thu_am,1946,0.0,0.5,,0.0,4
B,StaticGCN,thu_am,1947,0.0,0.5,,0.0,4
B,StaticGCN,thu_am,1948,0.0,0.5,,0.0,4
B,StaticGCN,thu_am,1949,0.0,0.5,,0.0,4
B,StaticGCN,thu_am,1950,0.0,0.5,,0.0,4
B,StaticGCN,thu_am,1951,0.0,0.5,,0.0,4
B,StaticGCN,thu_am,1952,0.0,0.5,,0.0,4
B,StaticGCN,thu_am,1953,0.0,0.5,,0.0,4
B,StaticGCN,thu_am,1954,0.0,0.5,,0.0,4
B,StaticGCN,thu_am,1955,0.0,0.5,,0.0,4
B,StaticGCN,thu_am,1956,0.0,0.5,,0.0,4
B,StaticGCN,thu_am,1957,0.0,0.5,,0.0,4
B,StaticGCN,thu_am,1958,0.0,0.5,,0.0,4
B,StaticGCN,thu_am,1959,0.0,0.5,,0.0,4
B,StaticGCN,thu_am,1960,0.0,0.5,,0.0,4
B,StaticGCN,thu_am,1961,0.0,0.5,,0.0,4
B,StaticGCN,thu_am,1962,0.0,0.5,,0.0,4
B,StaticGCN,thu_am,1963,0.0,0.5,,0.0,4
B,StaticGCN,thu_am,1964,0.0,0.5,,0.0,4
B,StaticGCN,thu_am,1965,0.0,0.5,,0.0,4
B,StaticGCN,thu_am,1966,0.0,0.5,,0.0,4
B,StaticGCN,thu_am,1967,0.0,0.5,,0.0,4
B,StaticGCN,thu_am,1968,0.0,0.5,,0.0,4
B,StaticGCN,thu_am,1969,0.0,0.5,,0.0,4
B,StaticGCN,thu_am,1970,0.0,0.5,,0.0,4
B,StaticGCN,thu_am,1971,0.0,0.5,,0.0,4
B,StaticGCN,thu_am,1972,0.0,0.5,,0.0,4
B,StaticGCN,thu_am,1973,0.0,0.5,,0.0,4
B,StaticGCN,thu_am,1974,0.0,0.5,,0.0,4
B,StaticGCN,thu_am,1975,0.0,0.5,,0.0,4
B,StaticGCN,thu_am,1976,0.0,0.5,,0.0,4
B,StaticGCN,thu_am,1977,0.0,0.5,,0.0,4
B,StaticGCN,thu_am,1978,0.0,0.5,,0.0,4
B,StaticGCN,thu_am,1979,0.0,0.5,,0.0,4
B,StaticGCN,thu_am,1980,0.0,0.5,,0.0,4
B,StaticGCN,thu_am,1981,0.0,0.5,,0.0,4
B,StaticGCN,thu_am,1982,0.0,0.5,,0.0,4
B,StaticGCN,thu_am,1983,0.0,0.5,,0.0,4
B,StaticGCN,thu_am,1984,0.0,0.5,,0.0,4
B,StaticGCN,thu_am,1985,0.0,0.5,,0.0,4
B,StaticGCN,thu_am,1986,0.0,0.5,,0.0,4
B,StaticGCN,thu_am,1987,0.0,0.5,,0.0,4
B,StaticGCN,thu_am,1988,0.0,0.5,,0.0,4
B,StaticGCN,thu_am,1989,0.0,0.5,,0.0,4
B,StaticGCN,thu_am,1990,0.0,0.5,,0.0,4
B,StaticGCN,thu_am,1991,0.0,0.5,,0.0,4
B,StaticGCN,thu_am,1992,0.0,0.5,,0.0,4
B,StaticGCN,thu_am,1993,0.0,0.5,,0.0,4
B,StaticGCN,thu_am,1994,0.0,0.5,,0.0,4
B,StaticGCN,thu_am,1995,0.0,0.5,,0.0,4
B,StaticGCN,thu_am,1996,0.0,0.5,,0.0,4
B,StaticGCN,thu_am,1997,0.0,0.5,,0.0,4
B,StaticGCN,thu_pm,2444,0.0,0.5,,0.0,4
B,StaticGCN,thu_pm,2445,0.0,0.5,,0.0,4
B,StaticGCN,thu_pm,2446,0.0,0.5,,0.0,4
B,StaticGCN,thu_pm,2447,0.0,0.5,,0.0,4
B,StaticGCN,thu_pm,2448,0.0,0.5,,0.0,4
B,StaticGCN,thu_pm,2449,0.0,0.5,,0.0,4
B,StaticGCN,thu_pm,2450,0.0,0.5,,0.0,4
B,StaticGCN,thu_pm,2451,0.0,0.5,,0.0,4
B,StaticGCN,thu_pm,2452,0.0,0.5,,0.0,4
B,StaticGCN,thu_pm,2453,0.0,0.5,,0.0,4
B,StaticGCN,thu_pm,2454,0.0,0.5,,0.0,4
B,StaticGCN,thu_pm,2455,0.0,0.5,,0.0,4
B,StaticGCN,thu_pm,2456,0.0,0.5,,0.0,4
B,StaticGCN,thu_pm,2457,0.0,0.5,,0.0,4
B,StaticGCN,thu_pm,2458,0.0,0.5,,0.0,4
B,StaticGCN,thu_pm,2459,0.0,0.5,,0.0,4
B,StaticGCN,thu_pm,2460,0.0,0.5,,0.0,4
B,StaticGCN,thu_pm,2461,0.0,0.5,,0.0,4
B,StaticGCN,thu_pm,2462,0.0,0.5,,0.0,4
B,StaticGCN,thu_pm,2463,0.0,0.5,,0.0,4
B,StaticGCN,thu_pm,2464,0.0,0.5,,0.0,4
B,StaticGCN,thu_pm,2465,0.0,0.5,,0.0,4
B,StaticGCN,thu_pm,2466,0.0,0.5,,0.0,4
B,StaticGCN,thu_pm,2467,0.0,0.5,,0.0,4
B,StaticGCN,thu_pm,2468,0.0,0.5,,0.0,4
B,StaticGCN,thu_pm,2469,0.0,0.5,,0.0,4
B,StaticGCN,thu_pm,2470,0.0,0.5,,0.0,4
B,StaticGCN,thu_pm,2471,0.0,0.5,,0.0,4
B,StaticGCN,thu_pm,2472,0.0,0.5,,0.0,4
B,StaticGCN,thu_pm,2473,0.0,0.5,,0.0,4
B,StaticGCN,thu_pm,2474,0.0,0.5,,0.0,4
B,StaticGCN,thu_pm,2475,0.0,0.5,,0.0,4
B,StaticGCN,thu_pm,2476,0.0,0.5,,0.0,4
B,StaticGCN,thu_pm,2477,0.0,0.5,,0.0,4
B,StaticGCN,thu_pm,2478,0.0,0.5,,0.0,4
B,StaticGCN,thu_pm,2479,0.0,0.5,,0.0,4
B,StaticGCN,thu_pm,2480,0.0,0.5,,0.0,4
B,StaticGCN,thu_pm,2481,0.0,0.5,,0.0,4
B,StaticGCN,thu_pm,2482,0.0,0.5,,0.0,4
B,StaticGCN,thu_pm,2483,0.0,0.5,,0.0,4
B,StaticGCN,thu_pm,2484,0.0,0.5,,0.0,4
B,StaticGCN,thu_pm,2485,0.0,0.5,,0.0,4
B,StaticGCN,thu_pm,2486,0.0,0.5,,0.0,4
B,StaticGCN,thu_pm,2487,0.0,0.5,,0.0,4
B,StaticGCN,thu_pm,2488,0.0,0.5,,0.0,4
B,StaticGCN,thu_pm,2489,0.0,0.5,,0.0,4
B,StaticGCN,thu_pm,2490,0.0,0.5,,0.0,4
B,StaticGCN,thu_pm,2491,0.0,0.5,,0.0,4
B,StaticGCN,thu_pm,2492,0.0,0.5,,0.0,4
B,StaticGCN,thu_pm,2493,0.0,0.5,,0.05,4
B,StaticGCN,thu_pm,2494,0.0,0.5,,0.1,4
B,StaticGCN,thu_pm,2495,0.0,0.5,,0.1,4
B,StaticGCN,thu_pm,2496,0.0,0.5,,0.1,4
B,StaticGCN,thu_pm,2497,0.0,0.5,,0.1,4
B,StaticGCN,thu_pm,2498,0.0,0.5,,0.1,4
B,StaticGCN,thu_pm,2499,0.0,0.5,,0.1,4
B,StaticGCN,thu_pm,2500,0.0,0.5,,0.1,4
B,StaticGCN,thu_pm,2501,0.0,0.5,,0.1,4
B,StaticGCN,thu_pm,2502,0.0,0.5,,0.1,4
B,StaticGCN,thu_pm,2503,0.0,0.5,,0.1,4
B,StaticGCN,thu_pm,2504,0.0,0.5,,0.1,4
B,StaticGCN,thu_pm,2505,0.0,0.5,,0.1,4
B,StaticGCN,thu_pm,2506,0.0,0.5,,0.1,4
B,StaticGCN,thu_pm,2507,0.0,0.5,,0.1,4
B,StaticGCN,thu_pm,2508,0.0,0.029411764705882353,0.1578947368421053,0.10526315789473684,4
B,StaticGCN,thu_pm,2509,0.0,0.027777777777777776,0.10526315789473684,0.10526315789473684,4
B,StaticGCN,thu_pm,2510,0.0,0.06748366013071896,0.3055555555555556,0.1111111111111111,4
B,StaticGCN,thu_pm,2511,0.0,0.06748366013071896,0.3055555555555556,0.1111111111111111,4
B,StaticGCN,thu_pm,2512,0.0,0.06748366013071896,0.3055555555555556,0.1111111111111111,4
B,StaticGCN,thu_pm,2513,0.0,0.06748366013071896,0.3055555555555556,0.05555555555555555,4
B,StaticGCN,thu_pm,2514,0.0,0.09108688797156289,0.21568627450980393,0.0,4
B,StaticGCN,thu_pm,2515,0.0,0.11794590643274853,0.171875,0.0,4
B,StaticGCN,thu_pm,2516,0.0,0.15385892616155772,0.2,0.0,4
B,StaticGCN,thu_pm,2517,0.0,0.15385892616155772,0.2,0.0,4
B,StaticGCN,thu_pm,2518,0.0,0.16048188653451811,0.24,0.0,4
B,StaticGCN,thu_pm,2519,0.0,0.19143173934195606,0.21428571428571427,0.0,4
B,StaticGCN,thu_pm,2520,0.0,0.19631481922503596,0.23809523809523808,0.0,4
B,StaticGCN,thu_pm,2521,0.0,0.19353704144725817,0.22619047619047616,0.07142857142857142,4
B,StaticGCN,thu_pm,2522,0.0,0.2065053593207618,0.28571428571428564,0.07142857142857142,4
B,StaticGCN,thu_pm,2523,0.0,0.23089391258895903,0.23076923076923075,0.07692307692307693,4
B,StaticGCN,thu_pm,2524,0.0,0.277276768961173,0.2604166666666667,0.08333333333333333,4
B,StaticGCN,thu_pm,2525,0.0,0.3390758288075109,0.31313131313131315,0.09090909090909091,4
B,StaticGCN,thu_pm,2526,0.0,0.3831579338274385,0.32,0.1,4
B,StaticGCN,thu_pm,2527,0.0,0.36325505892456356,0.27,0.1,4
B,StaticGCN,thu_pm,2528,0.0,0.39357251924202385,0.32999999999999996,0.1,4
B,StaticGCN,thu_pm,2529,0.0,0.49019807708943647,0.4040404040404041,0.1111111111111111,4
B,StaticGCN,thu_pm,2530,0.0,0.4263106144801191,0.36,0.1,4
B,StaticGCN,thu_pm,2531,0.0,0.4263106144801191,0.36,0.1,4
B,StaticGCN,thu_pm,2532,0.0,0.41940585257535723,0.35,0.1,4
B,StaticGCN,thu_pm,2533,0.0,0.44021150525600994,0.3999999999999999,0.1,4
B,StaticGCN,thu_pm,2534,0.0,0.4237547256187607,0.45454545454545453,0.09090909090909091,4
B,StaticGCN,thu_pm,2535,0.0,0.39743666421297996,0.4791666666666667,0.08333333333333333,4
B,StaticGCN,thu_pm,2536,0.0,0.36785947970158495,0.4835164835164835,0.07692307692307693,4
B,StaticGCN,thu_pm,2537,0.0,0.37197203381413907,0.4945054945054945,0.07692307692307693,4
B,StaticGCN,thu_pm,2538,0.0,0.36406565447918826,0.4725274725274725,0.07692307692307693,4
B,StaticGCN,thu_pm,2539,0.0,0.358880374011953,0.5476190476190477,0.07142857142857142,4
B,StaticGCN,thu_pm,2540,0.0,0.35212289537947433,0.5238095238095238,0.07142857142857142,4
B,StaticGCN,thu_pm,2541,0.0,0.5465673398239187,0.5476190476190477,0.0,4
B,StaticGCN,thu_pm,2542,0.0,0.5291777237210673,0.511904761904762,0.0,4
B,StaticGCN,thu_pm,2543,0.0,0.5786974789915966,0.64,0.0,4
B,StaticGCN,thu_pm,2544,0.0,0.6553571428571429,0.765625,0.0,4
B,StaticGCN,thu_pm,2545,0.0,0.3349206349206349,0.7254901960784313,0.0,4
B,StaticGCN,thu_pm,2546,0.0,0.41666666666666663,0.9444444444444444,0.0,4
B,StaticGCN,thu_pm,2547,0.0,0.41666666666666663,0.9444444444444444,0.0,4
B,StaticGCN,thu_pm,2548,0.0,0.25,0.9473684210526316,0.0,4
B,StaticGCN,thu_pm,2549,0.0,0.5,,0.0,4
B,StaticGCN,thu_pm,2550,0.0,0.5,,0.0,4
B,StaticGCN,thu_pm,2551,0.0,0.5,,0.0,4
B,StaticGCN,thu_pm,2552,0.0,0.5,,0.0,4
B,StaticGCN,thu_pm,2553,0.0,0.5,,0.0,4
B,StaticGCN,thu_pm,2554,0.0,1.0,1.0,0.0,4
B,StaticGCN,thu_pm,2555,0.0,0.25,0.9473684210526316,0.05263157894736842,4
B,StaticGCN,thu_pm,2556,0.0,0.16666666666666666,0.8947368421052632,0.10526315789473684,4
B,StaticGCN,thu_pm,2557,0.0,0.16666666666666666,0.8947368421052632,0.10526315789473684,4
B,StaticGCN,thu_pm,2558,0.0,0.16666666666666666,0.8947368421052632,0.10526315789473684,4
B,StaticGCN,thu_pm,2559,0.4,0.7083333333333333,0.9444444444444444,0.1111111111111111,4
B,StaticGCN,thu_pm,2560,0.3333333333333333,0.6625,0.9166666666666667,0.16666666666666666,4
B,StaticGCN,thu_pm,2561,0.3333333333333333,0.6625,0.9166666666666667,0.16666666666666666,4
B,StaticGCN,thu_pm,2562,0.2857142857142857,0.5083333333333333,0.875,0.2222222222222222,4
B,StaticGCN,thu_pm,2563,0.4444444444444444,0.5714285714285714,0.892156862745098,0.23529411764705882,4
B,StaticGCN,thu_pm,2564,0.4,0.5545634920634921,0.872549019607843,0.29411764705882354,4
B,StaticGCN,thu_pm,2565,0.36363636363636365,0.4583333333333333,0.8235294117647058,0.35294117647058826,4
B,StaticGCN,thu_pm,2566,0.3333333333333333,0.4037037037037037,0.7745098039215687,0.4117647058823529,4
B,StaticGCN,thu_pm,2567,0.3333333333333333,0.4037037037037037,0.7745098039215687,0.4117647058823529,4
B,StaticGCN,thu_pm,2568,0.3076923076923077,0.36767676767676766,0.7254901960784313,0.47058823529411764,4
B,StaticGCN,thu_pm,2569,0.4,0.5043290043290043,0.75,0.5,4
B,StaticGCN,thu_pm,2570,0.375,0.4737293956043956,0.703125,0.5625,4
B,StaticGCN,thu_pm,2571,0.35294117647058826,0.4499771062271062,0.65625,0.625,4
B,StaticGCN,thu_pm,2572,0.3333333333333333,0.430952380952381,0.609375,0.6875,4
B,StaticGCN,thu_pm,2573,0.4,0.514280303030303,0.62,0.7333333333333333,4
B,StaticGCN,thu_pm,2574,0.4,0.553030303030303,0.6875,0.75,4
B,StaticGCN,thu_pm,2575,0.42105263157894735,0.553030303030303,0.6875,0.6875,4
B,StaticGCN,thu_pm,2576,0.4444444444444444,0.553030303030303,0.6875,0.625,4
B,StaticGCN,thu_pm,2577,0.5,0.6051282051282051,0.68,0.6666666666666666,4
B,StaticGCN,thu_pm,2578,0.47619047619047616,0.6051282051282051,0.68,0.7333333333333333,4
B,StaticGCN,thu_pm,2579,0.42105263157894735,0.553030303030303,0.6875,0.6875,4
B,StaticGCN,thu_pm,2580,0.4444444444444444,0.553030303030303,0.6875,0.625,4
B,StaticGCN,thu_pm,2581,0.42105263157894735,0.5384615384615384,0.6484375,0.6875,4
B,StaticGCN,thu_pm,2582,0.5,0.5142191142191141,0.6266666666666667,0.6666666666666666,4
B,StaticGCN,thu_pm,2583,0.42105263157894735,0.553030303030303,0.6875,0.6875,4
B,StaticGCN,thu_pm,2584,0.42105263157894735,0.5384615384615384,0.6484375,0.6875,4
B,StaticGCN,thu_pm,2585,0.42105263157894735,0.5384615384615384,0.6484375,0.6875,4
B,StaticGCN,thu_pm,2586,0.4444444444444444,0.553030303030303,0.6875,0.625,4
B,StaticGCN,thu_pm,2587,0.42105263157894735,0.5384615384615384,0.6484375,0.6875,4
B,StaticGCN,thu_pm,2588,0.5,0.5142191142191141,0.6266666666666667,0.6666666666666666,4
B,StaticGCN,thu_pm,2589,0.42105263157894735,0.41914335664335667,0.578125,0.6875,4
B,StaticGCN,thu_pm,2590,0.4444444444444444,0.4348484848484848,0.625,0.625,4
B,StaticGCN,thu_pm,2591,0.4444444444444444,0.4348484848484848,0.625,0.625,4
B,StaticGCN,thu_pm,2592,0.4444444444444444,0.4348484848484848,0.625,0.625,4
B,StaticGCN,thu_pm,2593,0.35294117647058826,0.309006734006734,0.5882352941176471,0.6470588235294118,4
B,StaticGCN,thu_pm,2594,0.4444444444444444,0.4465909090909091,0.65625,0.625,4
B,StaticGCN,thu_pm,2595,0.42105263157894735,0.4343580031080031,0.625,0.6875,4
B,StaticGCN,thu_pm,2596,0.42105263157894735,0.4343580031080031,0.625,0.6875,4
B,StaticGCN,thu_pm,2597,0.35294117647058826,0.31132154882154883,0.5980392156862745,0.6470588235294118,4
B,StaticGCN,thu_pm,2598,0.4444444444444444,0.4343580031080031,0.625,0.625,4
B,StaticGCN,thu_pm,2599,0.42105263157894735,0.4185377122877123,0.578125,0.6875,4
B,StaticGCN,thu_pm,2600,0.4,0.40525308025308027,0.53125,0.75,4
B,StaticGCN,thu_pm,2601,0.47619047619047616,0.4994921744921744,0.5866666666666667,0.7333333333333333,4
B,StaticGCN,thu_pm,2602,0.4,0.5373917748917749,0.640625,0.75,4
B,StaticGCN,thu_pm,2603,0.4,0.525,0.6015625,0.75,4
B,StaticGCN,thu_pm,2604,0.4,0.525,0.6015625,0.75,4
B,StaticGCN,thu_pm,2605,0.4,0.5373917748917749,0.640625,0.75,4
B,StaticGCN,thu_pm,2606,0.45454545454545453,0.48432518461930224,0.5333333333333333,0.8,4
B,StaticGCN,thu_pm,2607,0.45454545454545453,0.48432518461930224,0.5333333333333333,0.8,4
B,StaticGCN,thu_pm,2608,0.38095238095238093,0.5335227272727273,0.625,0.8125,4
B,StaticGCN,thu_pm,2609,0.38095238095238093,0.5335227272727273,0.625,0.8125,4
B,StaticGCN,thu_pm,2610,0.36363636363636365,0.5215992647058824,0.5859375,0.875,4
B,StaticGCN,thu_pm,2611,0.43478260869565216,0.5877450980392157,0.6266666666666667,0.8666666666666667,4
B,StaticGCN,thu_pm,2612,0.43478260869565216,0.5998663101604279,0.6533333333333333,0.8666666666666667,4
B,StaticGCN,thu_pm,2613,0.45454545454545453,0.6033712121212121,0.6666666666666667,0.8,4
B,StaticGCN,thu_pm,2614,0.38095238095238093,0.5335227272727273,0.625,0.8125,4
B,StaticGCN,thu_pm,2615,0.38095238095238093,0.5335227272727273,0.625,0.8125,4
B,StaticGCN,thu_pm,2616,0.43478260869565216,0.4878782981724158,0.5466666666666666,0.8666666666666667,4
B,StaticGCN,thu_pm,2617,0.4166666666666667,0.4744024276377218,0.5,0.9333333333333333,4
B,StaticGCN,thu_pm,2618,0.36363636363636365,0.39432029367691135,0.484375,0.875,4
B,StaticGCN,thu_pm,2619,0.38095238095238093,0.4059294871794872,0.53125,0.8125,4
B,StaticGCN,thu_pm,2620,0.38095238095238093,0.4196518759018759,0.578125,0.8125,4
B,StaticGCN,thu_pm,2621,0.3,0.28525733525733526,0.49019607843137253,0.8235294117647058,4
B,StaticGCN,thu_pm,2622,0.38095238095238093,0.28025169275169276,0.453125,0.8125,4
B,StaticGCN,thu_pm,2623,0.38095238095238093,0.28025169275169276,0.453125,0.8125,4
B,StaticGCN,thu_pm,2624,0.38095238095238093,0.28025169275169276,0.453125,0.8125,4
B,StaticGCN,thu_pm,2625,0.38095238095238093,0.2772213897213897,0.4375,0.8125,4
B,StaticGCN,thu_pm,2626,0.3,0.28185795685795684,0.47058823529411764,0.8235294117647058,4
B,StaticGCN,thu_pm,2627,0.38095238095238093,0.4153540903540904,0.5625,0.8125,4
B,StaticGCN,thu_pm,2628,0.38095238095238093,0.40226648351648353,0.515625,0.8125,4
B,StaticGCN,thu_pm,2629,0.38095238095238093,0.40226648351648353,0.515625,0.8125,4
B,StaticGCN,thu_pm,2630,0.38095238095238093,0.40782203907203907,0.53125,0.8125,4
B,StaticGCN,thu_pm,2631,0.3157894736842105,0.28417277167277166,0.48039215686274506,0.7647058823529411,4
B,StaticGCN,thu_pm,2632,0.3157894736842105,0.2686750545206428,0.3984375,0.75,4
B,StaticGCN,thu_pm,2633,0.3,0.2612300689506572,0.359375,0.8125,4
B,StaticGCN,thu_pm,2634,0.3,0.2629661800617683,0.3671875,0.8125,4
B,StaticGCN,thu_pm,2635,0.3157894736842105,0.26612552072110895,0.3828125,0.75,4
B,StaticGCN,thu_pm,2636,0.2222222222222222,0.2629661800617683,0.3671875,0.75,4
B,StaticGCN,thu_pm,2637,0.23529411764705882,0.2709071973777856,0.40625,0.6875,4
B,StaticGCN,thu_pm,2638,0.23529411764705882,0.2709071973777856,0.40625,0.6875,4
B,StaticGCN,thu_pm,2639,0.23529411764705882,0.27391986077647845,0.421875,0.6875,4
B,StaticGCN,thu_pm,2640,0.25,0.28098359973359976,0.453125,0.625,4
B,StaticGCN,thu_pm,2641,0.26666666666666666,0.29515692640692637,0.5078125,0.5625,4
B,StaticGCN,thu_pm,2642,0.15384615384615385,0.3027694527694528,0.5588235294117647,0.5294117647058824,4
B,StaticGCN,thu_pm,2643,0.16666666666666666,0.31320716320716324,0.5882352941176471,0.47058823529411764,4
B,StaticGCN,thu_pm,2644,0.18181818181818182,0.33244301994301995,0.6372549019607843,0.4117647058823529,4
B,StaticGCN,thu_pm,2645,0.2,0.34004884004884006,0.6568627450980392,0.35294117647058826,4
B,StaticGCN,thu_pm,2646,0.2222222222222222,0.34996947496947495,0.6764705882352942,0.29411764705882354,4
B,StaticGCN,thu_pm,2647,0.0,0.10096153846153846,0.5555555555555556,0.2777777777777778,4
B,StaticGCN,thu_pm,2648,0.0,0.1143939393939394,0.6111111111111112,0.2222222222222222,4
B,StaticGCN,thu_pm,2649,0.0,0.1268939393939394,0.6388888888888888,0.16666666666666666,4
B,StaticGCN,thu_pm,2650,0.0,0.1477272727272727,0.6666666666666666,0.1111111111111111,4
B,StaticGCN,thu_pm,2651,0.0,0.14262820512820512,0.6388888888888888,0.1111111111111111,4
B,StaticGCN,thu_pm,2652,0.0,0.16666666666666666,0.8947368421052632,0.10526315789473684,4
B,StaticGCN,thu_pm,2653,0.0,0.25,0.9473684210526316,0.05263157894736842,4
B,StaticGCN,thu_pm,2654,0.0,1.0,1.0,0.0,4
B,StaticGCN,thu_pm,2655,0.0,1.0,1.0,0.0,4
B,StaticGCN,thu_pm,2656,0.0,0.5,,0.0,4
B,StaticGCN,thu_pm,2657,0.0,0.5,,0.0,4
B,StaticGCN,thu_pm,2658,0.0,0.5,,0.0,4
B,StaticGCN,thu_pm,2659,0.0,0.5,,0.0,4
B,StaticGCN,thu_pm,2660,0.0,0.5,,0.0,4
B,StaticGCN,thu_pm,2661,0.0,0.5,,0.0,4
B,StaticGCN,thu_pm,2662,0.0,0.5,,0.0,4
B,StaticGCN,thu_pm,2663,0.0,0.5,,0.0,4
B,StaticGCN,thu_pm,2664,0.0,0.5,,0.0,4
B,StaticGCN,thu_pm,2665,0.0,0.5,,0.0,4
B,StaticGCN,thu_pm,2666,0.0,0.5,,0.0,4
B,StaticGCN,thu_pm,2667,0.0,0.5,,0.0,4
B,StaticGCN,thu_pm,2668,0.0,0.5,,0.0,4
B,StaticGCN,thu_pm,2669,0.0,0.5,,0.0,4
B,StaticGCN,thu_pm,2670,0.0,0.5,,0.0,4
B,StaticGCN,thu_pm,2671,0.0,0.5,,0.0,4
B,StaticGCN,thu_pm,2672,0.0,0.5,,0.0,4
B,StaticGCN,thu_pm,2673,0.0,0.5,,0.0,4
B,StaticGCN,thu_pm,2674,0.0,0.5,,0.0,4
B,StaticGCN,thu_pm,2675,0.0,0.5,,0.0,4
B,StaticGCN,thu_pm,2676,0.0,0.5,,0.0,4
B,StaticGCN,thu_pm,2677,0.0,0.5,,0.0,4
B,StaticGCN,thu_pm,2678,0.0,0.5,,0.0,4
B,StaticGCN,thu_pm,2679,0.0,0.5,,0.0,4
B,StaticGCN,thu_pm,2680,0.0,0.5,,0.0,4
B,StaticGCN,thu_pm,2681,0.0,0.5,,0.0,4
B,StaticGCN,thu_pm,2682,0.0,0.5,,0.0,4
B,StaticGCN,thu_pm,2683,0.0,0.5,,0.0,4
B,StaticGCN,thu_pm,2684,0.0,0.5,,0.0,4
B,StaticGCN,thu_pm,2685,0.0,0.5,,0.0,4
B,StaticGCN,thu_pm,2686,0.0,0.5,,0.0,4
B,StaticGCN,thu_pm,2687,0.0,0.5,,0.05,4
B,StaticGCN,thu_pm,2688,0.0,0.5,,0.05,4
B,StaticGCN,thu_pm,2689,0.0,0.5,,0.05,4
B,StaticGCN,thu_pm,2690,0.0,0.5,,0.05,4
B,StaticGCN,thu_pm,2691,0.0,0.5,,0.05,4
B,StaticGCN,thu_pm,2692,0.0,0.5,,0.05,4
B,StaticGCN,thu_pm,2693,0.0,0.5,,0.05,4
B,StaticGCN,thu_pm,2694,0.0,0.5,,0.05,4
B,StaticGCN,thu_pm,2695,0.0,0.5,,0.05,4
B,StaticGCN,thu_pm,2696,0.0,0.5,,0.05,4
B,StaticGCN,fri_am,3055,0.0,0.5,,0.05,5
B,StaticGCN,fri_am,3056,0.0,0.5,,0.05,5
B,StaticGCN,fri_am,3057,0.0,0.5,,0.05,5
B,StaticGCN,fri_am,3058,0.0,0.5,,0.05,5
B,StaticGCN,fri_am,3059,0.0,0.5,,0.05,5
B,StaticGCN,fri_am,3060,0.0,0.5,,0.05,5
B,StaticGCN,fri_am,3061,0.0,0.5,,0.05,5
B,StaticGCN,fri_am,3062,0.0,0.5,,0.05,5
B,StaticGCN,fri_am,3063,0.0,0.5,,0.05,5
B,StaticGCN,fri_am,3064,0.0,0.5,,0.05,5
B,StaticGCN,fri_am,3065,0.0,0.5,,0.0,5
B,StaticGCN,fri_am,3066,0.0,0.5,,0.0,5
B,StaticGCN,fri_am,3067,0.0,0.5,,0.0,5
B,StaticGCN,fri_am,3068,0.0,0.5,,0.0,5
B,StaticGCN,fri_am,3069,0.0,0.5,,0.0,5
B,StaticGCN,fri_am,3070,0.0,0.5,,0.0,5
B,StaticGCN,fri_am,3071,0.0,0.5,,0.0,5
B,StaticGCN,fri_am,3072,0.0,0.5,,0.0,5
B,StaticGCN,fri_am,3073,0.0,0.5,,0.0,5
B,StaticGCN,fri_am,3074,0.0,0.5,,0.0,5
B,StaticGCN,fri_am,3075,0.0,0.5,,0.0,5
B,StaticGCN,fri_am,3076,0.0,0.5,,0.0,5
B,StaticGCN,fri_am,3077,0.0,0.5,,0.0,5
B,StaticGCN,fri_am,3078,0.0,0.045454545454545456,0.4736842105263158,0.0,5
B,StaticGCN,fri_am,3079,0.0,0.0706439393939394,0.3333333333333333,0.0,5
B,StaticGCN,fri_am,3080,0.0,0.0706439393939394,0.3333333333333333,0.0,5
B,StaticGCN,fri_am,3081,0.0,0.0706439393939394,0.3333333333333333,0.0,5
B,StaticGCN,fri_am,3082,0.0,0.0706439393939394,0.3333333333333333,0.0,5
B,StaticGCN,fri_am,3083,0.0,0.06587009803921569,0.27777777777777773,0.0,5
B,StaticGCN,fri_am,3084,0.0,0.06426753393665158,0.25,0.0,5
B,StaticGCN,fri_am,3085,0.0,0.06587009803921569,0.27777777777777773,0.0,5
B,StaticGCN,fri_am,3086,0.0,0.06426753393665158,0.25,0.0,5
B,StaticGCN,fri_am,3087,0.0,0.06034080298786181,0.19444444444444448,0.0,5
B,StaticGCN,fri_am,3088,0.0,0.06171442936148819,0.22222222222222227,0.0,5
B,StaticGCN,fri_am,3089,0.0,0.05806182121971595,0.16666666666666669,0.0,5
B,StaticGCN,fri_am,3090,0.0,0.05806182121971595,0.16666666666666669,0.0,5
B,StaticGCN,fri_am,3091,0.0,0.05806182121971595,0.16666666666666669,0.0,5
B,StaticGCN,fri_am,3092,0.0,0.05806182121971595,0.16666666666666669,0.0,5
B,StaticGCN,fri_am,3093,0.0,0.054824561403508776,0.1111111111111111,0.0,5
B,StaticGCN,fri_am,3094,0.0,0.054824561403508776,0.1111111111111111,0.0,5
B,StaticGCN,fri_am,3095,0.0,0.053782894736842106,0.08333333333333331,0.0,5
B,StaticGCN,fri_am,3096,0.0,0.053782894736842106,0.08333333333333331,0.0,5
B,StaticGCN,fri_am,3097,0.0,0.05286377708978328,0.05555555555555558,0.0,5
B,StaticGCN,fri_am,3098,0.0,0.025,0.0,0.0,5
B,StaticGCN,fri_am,3099,0.0,0.5,,0.0,5
B,StaticGCN,fri_am,3100,0.0,0.5,,0.0,5
B,StaticGCN,fri_am,3101,0.0,0.5,,0.0,5
B,StaticGCN,fri_am,3102,0.0,0.5,,0.0,5
B,StaticGCN,fri_am,3103,0.0,0.5,,0.0,5
B,StaticGCN,fri_am,3104,0.0,0.5,,0.0,5
B,StaticGCN,fri_am,3105,0.0,0.5,,0.0,5
B,StaticGCN,fri_am,3106,0.0,0.5,,0.0,5
B,StaticGCN,fri_am,3107,0.0,0.5,,0.0,5
B,StaticGCN,fri_am,3108,0.0,0.5,,0.0,5
B,StaticGCN,fri_am,3109,0.0,0.5,,0.0,5
B,StaticGCN,fri_am,3110,0.0,0.125,0.8421052631578947,0.0,5
B,StaticGCN,fri_am,3111,0.0,0.29166666666666663,0.8888888888888888,0.0,5
B,StaticGCN,fri_am,3112,0.0,0.2732323232323232,0.7647058823529411,0.0,5
B,StaticGCN,fri_am,3113,0.0,0.29450757575757575,0.71875,0.0,5
B,StaticGCN,fri_am,3114,0.0,0.3570183982683982,0.6666666666666667,0.0,5
B,StaticGCN,fri_am,3115,0.0,0.369490231990232,0.6190476190476191,0.0,5
B,StaticGCN,fri_am,3116,0.0,0.41736765218908073,0.6373626373626373,0.0,5
B,StaticGCN,fri_am,3117,0.0,0.6319215506715506,0.6979166666666667,0.0,5
B,StaticGCN,fri_am,3118,0.0,0.7068067462675305,0.7070707070707071,0.0,5
B,StaticGCN,fri_am,3119,0.0,0.7980670677361854,0.77,0.0,5
B,StaticGCN,fri_am,3120,0.0,0.8403736563495923,0.797979797979798,0.0,5
B,StaticGCN,fri_am,3121,0.0,0.826931052013289,0.7291666666666667,0.0,5
B,StaticGCN,fri_am,3122,0.0,0.8688442742592539,0.7582417582417582,0.0,5
B,StaticGCN,fri_am,3123,0.0,0.9245583390085268,0.8214285714285714,0.0,5
B,StaticGCN,fri_am,3124,0.0,0.9405266419740104,0.8266666666666667,0.0,5
B,StaticGCN,fri_am,3125,0.0,0.9504604286966903,0.8125,0.0,5
B,StaticGCN,fri_am,3126,0.0,0.9588163033368826,0.7843137254901961,0.0,5
B,StaticGCN,fri_am,3127,0.0,0.9717545628987838,0.7777777777777778,0.0,5
B,StaticGCN,fri_am,3128,0.0,0.9730949660210697,0.5789473684210527,0.0,5
B,StaticGCN,fri_am,3129,0.0,1.0000000000000002,,0.0,5
B,StaticGCN,fri_am,3130,0.0,0.9365224741854201,0.2631578947368421,0.0,5
B,StaticGCN,fri_am,3131,0.0,0.9446678375939412,0.3157894736842105,0.0,5
B,StaticGCN,fri_am,3132,0.0,0.9089151703702788,0.38888888888888884,0.0,5
B,StaticGCN,fri_am,3133,0.0,0.8837364614886924,0.4509803921568628,0.0,5
B,StaticGCN,fri_am,3134,0.0,0.8837364614886924,0.4509803921568628,0.0,5
B,StaticGCN,fri_am,3135,0.0,0.8837364614886924,0.4509803921568628,0.0,5
B,StaticGCN,fri_am,3136,0.0,0.8926479748119704,0.4901960784313726,0.0,5
B,StaticGCN,fri_am,3137,0.0,0.8887572576859593,0.47058823529411764,0.0,5
B,StaticGCN,fri_am,3138,0.0,0.8704884350053719,0.411764705882353,0.0,5
B,StaticGCN,fri_am,3139,0.0,0.86058795966372,0.37254901960784315,0.0,5
B,StaticGCN,fri_am,3140,0.0,0.86058795966372,0.37254901960784315,0.0,5
B,StaticGCN,fri_am,3141,0.0,0.86058795966372,0.37254901960784315,0.0,5
B,StaticGCN,fri_am,3142,0.0,0.839054346218342,0.3137254901960785,0.0,5
B,StaticGCN,fri_am,3143,0.0,0.839054346218342,0.3137254901960785,0.0,5
B,StaticGCN,fri_am,3144,0.1111111111111111,0.839054346218342,0.3137254901960785,0.0,5
B,StaticGCN,fri_am,3145,0.1111111111111111,0.8140893602239441,0.25490196078431376,0.0,5
B,StaticGCN,fri_am,3146,0.1111111111111111,0.7840823574228236,0.19607843137254904,0.0,5
B,StaticGCN,fri_am,3147,0.1111111111111111,0.7700067271707228,0.15686274509803924,0.0,5
B,StaticGCN,fri_am,3148,0.1111111111111111,0.7700067271707228,0.15686274509803924,0.0,5
B,StaticGCN,fri_am,3149,0.1111111111111111,0.7757490240894903,0.17647058823529413,0.0,5
B,StaticGCN,fri_am,3150,0.10526315789473684,0.8730024719575804,0.25,0.0,5
B,StaticGCN,fri_am,3151,0.10526315789473684,0.8534918899469983,0.19444444444444442,0.0,5
B,StaticGCN,fri_am,3152,0.1,0.9268733513784024,0.21052631578947367,0.0,5
B,StaticGCN,fri_am,3153,0.09523809523809523,1.0000000000000002,,0.0,5
B,StaticGCN,fri_am,3154,0.09523809523809523,1.0000000000000002,,0.0,5
B,StaticGCN,fri_am,3155,0.09523809523809523,1.0000000000000002,,0.0,5
B,StaticGCN,fri_am,3156,0.09523809523809523,1.0000000000000002,,0.0,5
B,StaticGCN,fri_am,3157,0.09523809523809523,1.0000000000000002,,0.0,5
B,StaticGCN,fri_am,3158,0.09523809523809523,1.0000000000000002,,0.0,5
B,StaticGCN,fri_am,3159,0.09523809523809523,1.0000000000000002,,0.0,5
B,StaticGCN,fri_am,3160,0.09523809523809523,1.0000000000000002,,0.0,5
B,StaticGCN,fri_am,3161,0.09523809523809523,1.0000000000000002,,0.0,5
B,StaticGCN,fri_am,3162,0.09523809523809523,1.0000000000000002,,0.0,5
B,StaticGCN,fri_am,3163,0.09523809523809523,1.0000000000000002,,0.0,5
B,StaticGCN,fri_am,3164,0.0,1.0000000000000002,,0.0,5
B,StaticGCN,fri_am,3165,0.0,1.0000000000000002,,0.0,5
B,StaticGCN,fri_am,3166,0.0,1.0000000000000002,,0.0,5
B,StaticGCN,fri_am,3167,0.0,1.0000000000000002,,0.0,5
B,StaticGCN,fri_am,3168,0.0,1.0000000000000002,,0.0,5
B,StaticGCN,fri_am,3169,0.0,1.0000000000000002,,0.0,5
B,StaticGCN,fri_am,3170,0.0,1.0000000000000002,,0.0,5
B,StaticGCN,fri_am,3171,0.0,1.0000000000000002,,0.0,5
B,StaticGCN,fri_am,3172,0.0,1.0000000000000002,,0.0,5
B,StaticGCN,fri_am,3173,0.0,1.0000000000000002,,0.0,5
B,StaticGCN,fri_am,3174,0.0,1.0000000000000002,,0.0,5
B,StaticGCN,fri_am,3175,0.0,0.997299168975069,0.9473684210526315,0.0,5
B,StaticGCN,fri_am,3176,0.0,0.997299168975069,0.9473684210526315,0.0,5
B,StaticGCN,fri_am,3177,0.0,0.997299168975069,0.9473684210526315,0.0,5
B,StaticGCN,fri_am,3178,0.0,0.997299168975069,0.9473684210526315,0.0,5
B,StaticGCN,fri_am,3179,0.0,0.997299168975069,0.9473684210526315,0.0,5
B,StaticGCN,fri_am,3180,0.0,0.997299168975069,0.9473684210526315,0.0,5
B,StaticGCN,fri_am,3181,0.0,0.997299168975069,0.9473684210526315,0.0,5
B,StaticGCN,fri_am,3182,0.0,0.997299168975069,0.9473684210526315,0.0,5
B,StaticGCN,fri_am,3183,0.0,0.997299168975069,0.9473684210526315,0.0,5
B,StaticGCN,fri_am,3184,0.0,0.997299168975069,0.9473684210526315,0.0,5
B,StaticGCN,fri_am,3185,0.0,0.9999999999999998,1.0,0.0,5
B,StaticGCN,fri_am,3186,0.0,0.9999999999999998,1.0,0.0,5
B,StaticGCN,fri_am,3187,0.0,0.9518851819548415,0.6944444444444444,0.0,5
B,StaticGCN,fri_am,3188,0.0,0.9518851819548415,0.6944444444444444,0.0,5
B,StaticGCN,fri_am,3189,0.0,0.9584438239301503,0.7222222222222222,0.0,5
B,StaticGCN,fri_am,3190,0.0,0.9584438239301503,0.7222222222222222,0.0,5
B,StaticGCN,fri_am,3191,0.0,0.9584438239301503,0.7222222222222222,0.0,5
B,StaticGCN,fri_am,3192,0.0,0.9643080214610145,0.75,0.0,5
B,StaticGCN,fri_am,3193,0.0,0.9643080214610145,0.75,0.0,5
B,StaticGCN,fri_am,3194,0.0,0.9643080214610145,0.75,0.0,5
B,StaticGCN,fri_am,3195,0.0,0.9419605200822952,0.5555555555555556,0.0,5
B,StaticGCN,fri_am,3196,0.0,0.8373470665698857,0.3921568627450981,0.0,5
B,StaticGCN,fri_am,3197,0.0,0.764338465112459,0.34375,0.0,5
B,StaticGCN,fri_am,3198,0.0,0.7561152647017585,0.3125,0.0,5
B,StaticGCN,fri_am,3199,0.0,0.739079380944706,0.39999999999999997,0.0,5
B,StaticGCN,fri_am,3200,0.0,0.739079380944706,0.39999999999999997,0.0,5
B,StaticGCN,fri_am,3201,0.0,0.7253235802356766,0.4880952380952381,0.0,5
B,StaticGCN,fri_am,3202,0.0,0.6694571252620788,0.4285714285714286,0.0,5
B,StaticGCN,fri_am,3203,0.0,0.6450420669669301,0.46153846153846156,0.0,5
B,StaticGCN,fri_am,3204,0.0,0.625379357881144,0.4175824175824176,0.0,5
B,StaticGCN,fri_am,3205,0.0,0.6124355708988956,0.38461538461538464,0.0,5
B,StaticGCN,fri_am,3206,0.0,0.6124355708988956,0.38461538461538464,0.0,5
B,StaticGCN,fri_am,3207,0.0,0.7089096370360191,0.44047619047619047,0.0,5
B,StaticGCN,fri_am,3208,0.0,0.6839874164892026,0.46153846153846156,0.0,5
B,StaticGCN,fri_am,3209,0.0,0.6195326404959651,0.39560439560439564,0.0,5
B,StaticGCN,fri_am,3210,0.0,0.6356415316048563,0.4285714285714286,0.0,5
B,StaticGCN,fri_am,3211,0.0,0.6160361369994616,0.3846153846153847,0.0,5
B,StaticGCN,fri_am,3212,0.0,0.5957897167530413,0.3406593406593407,0.0,5
B,StaticGCN,fri_am,3213,0.0,0.5957897167530413,0.3406593406593407,0.0,5
B,StaticGCN,fri_am,3214,0.0,0.5752768962402208,0.29670329670329676,0.0,5
B,StaticGCN,fri_am,3215,0.0,0.5924335643584273,0.3516483516483517,0.0,5
B,StaticGCN,fri_am,3216,0.0,0.6681601087864909,0.40476190476190477,0.0,5
B,StaticGCN,fri_am,3217,0.0,0.8006151774495427,0.5066666666666666,0.0,5
B,StaticGCN,fri_am,3218,0.0,0.8006151774495427,0.5066666666666666,0.0,5
B,StaticGCN,fri_am,3219,0.0,0.8458288387201893,0.546875,0.0,5
B,StaticGCN,fri_am,3220,0.0,0.868848527364878,0.59375,0.0,5
B,StaticGCN,fri_am,3221,0.0,0.8774340629068821,0.47058823529411764,0.0,5
B,StaticGCN,fri_am,3222,0.0,0.8774340629068821,0.47058823529411764,0.0,5
B,StaticGCN,fri_am,3223,0.0,0.9313249479430503,0.7058823529411765,0.0,5
B,StaticGCN,fri_am,3224,0.0,0.8919760075236082,0.640625,0.0,5
B,StaticGCN,fri_am,3225,0.0,0.8954544301426557,0.65625,0.0,5
B,StaticGCN,fri_am,3226,0.0,0.8759169797458304,0.609375,0.0,5
B,StaticGCN,fri_am,3227,0.0,0.8537157434820941,0.5625,0.0,5
B,StaticGCN,fri_am,3228,0.1111111111111111,0.9275649824183789,0.6862745098039216,0.0,5
B,StaticGCN,fri_am,3229,0.1111111111111111,0.9392030992035545,0.7254901960784313,0.0,5
B,StaticGCN,fri_am,3230,0.1111111111111111,0.9275649824183789,0.6862745098039216,0.0,5
B,StaticGCN,fri_am,3231,0.1111111111111111,0.9354431336788831,0.7058823529411765,0.0,5
B,StaticGCN,fri_am,3232,0.1111111111111111,0.9354431336788831,0.7058823529411765,0.0,5
B,StaticGCN,fri_am,3233,0.1111111111111111,0.9392030992035545,0.7254901960784313,0.0,5
B,StaticGCN,fri_am,3234,0.1111111111111111,0.9461475436479989,0.7450980392156863,0.0,5
B,StaticGCN,fri_am,3235,0.2,0.9643080214610145,0.75,0.0,5
B,StaticGCN,fri_am,3236,0.2857142857142857,0.9696110517640446,0.7777777777777778,0.0,5
B,StaticGCN,fri_am,3237,0.36363636363636365,0.9696110517640446,0.7777777777777778,0.0,5
B,StaticGCN,fri_am,3238,0.43478260869565216,0.9744511191041121,0.8055555555555556,0.0,5
B,StaticGCN,fri_am,3239,0.5,0.978902686055679,0.8333333333333333,0.0,5
B,StaticGCN,fri_pm_scan,3666,0.5,0.9235518386993529,0.6666666666666667,0.3333333333333333,5
B,StaticGCN,fri_pm_scan,3667,0.5,0.9235518386993529,0.6666666666666667,0.3333333333333333,5
B,StaticGCN,fri_pm_scan,3668,0.5217391304347826,0.9080508181296688,0.6875,0.25,5
B,StaticGCN,fri_pm_scan,3669,0.5217391304347826,0.8840940567430505,0.578125,0.25,5
B,StaticGCN,fri_pm_scan,3670,0.5217391304347826,0.8746255738370676,0.546875,0.25,5
B,StaticGCN,fri_pm_scan,3671,0.5454545454545454,0.8469599725752976,0.5466666666666666,0.2,5
B,StaticGCN,fri_pm_scan,3672,0.5714285714285714,0.8392748945670772,0.5952380952380952,0.16666666666666666,5
B,StaticGCN,fri_pm_scan,3673,0.6,0.8284506835679732,0.6263736263736264,0.14285714285714285,5
B,StaticGCN,fri_pm_scan,3674,0.5555555555555556,0.7839949885712271,0.59375,0.125,5
B,StaticGCN,fri_pm_scan,3675,0.5882352941176471,0.7828417970058836,0.6262626262626262,0.1111111111111111,5
B,StaticGCN,fri_pm_scan,3676,0.625,0.801737431814831,0.7,0.1,5
B,StaticGCN,fri_pm_scan,3677,0.6666666666666666,0.8213558132804779,0.7474747474747474,0.09090909090909091,5
B,StaticGCN,fri_pm_scan,3678,0.7142857142857143,0.8666927736006683,0.84375,0.08333333333333333,5
B,StaticGCN,fri_pm_scan,3679,0.7692307692307693,0.9326530612244897,0.956043956043956,0.07692307692307693,5
B,StaticGCN,fri_pm_scan,3680,0.8333333333333334,0.9742063492063491,0.9880952380952381,0.07142857142857142,5
B,StaticGCN,fri_pm_scan,3681,0.8,0.9633333333333334,0.9866666666666667,0.06666666666666667,5
B,StaticGCN,fri_pm_scan,3682,0.75,0.94375,0.984375,0.0625,5
B,StaticGCN,fri_pm_scan,3683,0.6666666666666666,0.9027777777777777,0.9803921568627451,0.058823529411764705,5
B,StaticGCN,fri_pm_scan,3684,0.5,0.7916666666666666,0.9722222222222222,0.05555555555555555,5
B,StaticGCN,fri_pm_scan,3685,0.0,0.25,0.9473684210526316,0.05263157894736842,5
B,StaticGCN,fri_pm_scan,3686,0.0,1.0,1.0,0.0,5
B,StaticGCN,fri_pm_scan,3687,0.0,0.5,,0.0,5
B,StaticGCN,fri_pm_scan,3688,0.0,0.5,,0.0,5
B,StaticGCN,fri_pm_scan,3689,0.0,0.5,,0.0,5
B,StaticGCN,fri_pm_scan,3690,0.0,0.5,,0.0,5
B,StaticGCN,fri_pm_scan,3691,0.0,0.5,,0.0,5
B,StaticGCN,fri_pm_scan,3692,0.0,0.5,,0.0,5
B,StaticGCN,fri_pm_scan,3693,0.0,0.5,,0.0,5
B,StaticGCN,fri_pm_scan,3694,0.0,0.5,,0.0,5
B,StaticGCN,fri_pm_scan,3695,0.0,0.5,,0.0,5
B,StaticGCN,fri_pm_scan,3696,0.0,0.5,,0.0,5
B,StaticGCN,fri_pm_scan,3697,0.0,0.5,,0.0,5
B,StaticGCN,fri_pm_scan,3698,0.0,0.5,,0.0,5
B,StaticGCN,fri_pm_scan,3699,0.0,0.5,,0.0,5
B,StaticGCN,fri_pm_scan,3700,0.0,0.5,,0.0,5
B,StaticGCN,fri_pm_scan,3701,0.0,0.125,0.8421052631578947,0.0,5
B,StaticGCN,fri_pm_scan,3702,0.0,0.125,0.8421052631578947,0.0,5
B,StaticGCN,fri_pm_scan,3703,0.0,0.225,0.8333333333333334,0.0,5
B,StaticGCN,fri_pm_scan,3704,0.5,0.5916666666666667,0.8823529411764706,0.0,5
B,StaticGCN,fri_pm_scan,3705,0.4,0.5461805555555556,0.828125,0.0,5
B,StaticGCN,fri_pm_scan,3706,0.3333333333333333,0.5565873015873015,0.8133333333333335,0.0,5
B,StaticGCN,fri_pm_scan,3707,0.2857142857142857,0.5719426406926407,0.7976190476190476,0.0,5
B,StaticGCN,fri_pm_scan,3708,0.25,0.6848794063079777,0.8131868131868132,0.0,5
B,StaticGCN,fri_pm_scan,3709,0.25,0.6687053026338741,0.7912087912087912,0.0,5
B,StaticGCN,fri_pm_scan,3710,0.25,0.6632107971393686,0.7802197802197802,0.0,5
B,StaticGCN,fri_pm_scan,3711,0.25,0.6632107971393686,0.7802197802197802,0.0,5
B,StaticGCN,fri_pm_scan,3712,0.25,0.6632107971393686,0.7802197802197802,0.0,5
B,StaticGCN,fri_pm_scan,3713,0.25,0.6632107971393686,0.7802197802197802,0.0,5
B,StaticGCN,fri_pm_scan,3714,0.25,0.6632107971393686,0.7802197802197802,0.0,5
B,StaticGCN,fri_pm_scan,3715,0.25,0.7143445839874412,0.8241758241758241,0.0,5
B,StaticGCN,fri_pm_scan,3716,0.25,0.7930533751962323,0.8791208791208791,0.0,5
B,StaticGCN,fri_pm_scan,3717,0.25,0.9156617192331478,0.9340659340659341,0.0,5
B,StaticGCN,fri_pm_scan,3718,0.25,0.9092098377812663,0.9230769230769231,0.0,5
B,StaticGCN,fri_pm_scan,3719,0.2222222222222222,0.86492673992674,0.8645833333333333,0.0,5
B,StaticGCN,fri_pm_scan,3720,0.2,0.88219881969882,0.8787878787878787,0.0,5
B,StaticGCN,fri_pm_scan,3721,0.2,0.8618284493284496,0.8686868686868686,0.0,5
B,StaticGCN,fri_pm_scan,3722,0.2,0.8238875322208656,0.8383838383838383,0.0,5
B,StaticGCN,fri_pm_scan,3723,0.2222222222222222,0.7662660256410256,0.8125,0.0,5
B,StaticGCN,fri_pm_scan,3724,0.0,0.6957590029018599,0.8021978021978022,0.0,5
B,StaticGCN,fri_pm_scan,3725,0.0,0.7251803751803751,0.8571428571428571,0.0,5
B,StaticGCN,fri_pm_scan,3726,0.0,0.5585064935064935,0.8,0.0,5
B,StaticGCN,fri_pm_scan,3727,0.0,0.5496212121212121,0.8125,0.0,5
B,StaticGCN,fri_pm_scan,3728,0.0,0.20934343434343433,0.7058823529411765,0.0,5
B,StaticGCN,fri_pm_scan,3729,0.0,0.2509259259259259,0.7647058823529412,0.0,5
B,StaticGCN,fri_pm_scan,3730,0.0,0.2175925925925926,0.7254901960784315,0.0,5
B,StaticGCN,fri_pm_scan,3731,0.0,0.2175925925925926,0.7254901960784315,0.0,5
B,StaticGCN,fri_pm_scan,3732,0.0,0.2175925925925926,0.7254901960784315,0.0,5
B,StaticGCN,fri_pm_scan,3733,0.0,0.20934343434343433,0.7058823529411765,0.0,5
B,StaticGCN,fri_pm_scan,3734,0.0,0.20934343434343433,0.7058823529411765,0.0,5
B,StaticGCN,fri_pm_scan,3735,0.0,0.20934343434343433,0.7058823529411765,0.0,5
B,StaticGCN,fri_pm_scan,3736,0.0,0.20252525252525252,0.6862745098039216,0.0,5
B,StaticGCN,fri_pm_scan,3737,0.0,0.1967948717948718,0.6666666666666666,0.0,5
B,StaticGCN,fri_pm_scan,3738,0.0,0.20252525252525252,0.6862745098039216,0.0,5
B,StaticGCN,fri_pm_scan,3739,0.0,0.17559523809523808,0.7777777777777778,0.0,5
B,StaticGCN,fri_pm_scan,3740,0.0,0.125,0.8421052631578947,0.0,5
B,StaticGCN,fri_pm_scan,3741,0.0,0.5,,0.0,5
B,StaticGCN,fri_pm_scan,3742,0.0,0.5,,0.0,5
B,StaticGCN,fri_pm_scan,3743,0.0,0.5,,0.0,5
B,StaticGCN,fri_pm_scan,3744,0.0,0.5,,0.0,5
B,StaticGCN,fri_pm_scan,3745,0.0,0.5,,0.05,5
B,StaticGCN,fri_pm_scan,3746,0.0,0.5,,0.05,5
B,StaticGCN,fri_pm_scan,3747,0.0,0.5,,0.05,5
B,StaticGCN,fri_pm_scan,3748,0.0,0.5,,0.05,5
B,StaticGCN,fri_pm_scan,3749,0.0,0.5,,0.05,5
B,StaticGCN,fri_pm_scan,3750,0.0,0.5,,0.05,5
B,StaticGCN,fri_pm_scan,3751,0.6666666666666666,1.0,1.0,0.05263157894736842,5
B,StaticGCN,fri_pm_scan,3752,0.8,1.0,1.0,0.05555555555555555,5
B,StaticGCN,fri_pm_scan,3753,0.8571428571428571,1.0,1.0,0.058823529411764705,5
B,StaticGCN,fri_pm_scan,3754,0.8888888888888888,1.0,1.0,0.0625,5
B,StaticGCN,fri_pm_scan,3755,0.9090909090909091,1.0,1.0,0.06666666666666667,5
B,StaticGCN,fri_pm_scan,3756,0.9230769230769231,1.0,1.0,0.07142857142857142,5
B,StaticGCN,fri_pm_scan,3757,0.9333333333333333,1.0,1.0,0.07692307692307693,5
B,StaticGCN,fri_pm_scan,3758,0.9411764705882353,1.0,1.0,0.08333333333333333,5
B,StaticGCN,fri_pm_scan,3759,0.9473684210526315,1.0,1.0,0.09090909090909091,5
B,StaticGCN,fri_pm_scan,3760,0.9523809523809523,1.0,1.0,0.1,5
B,StaticGCN,fri_pm_scan,3761,0.9565217391304348,1.0,1.0,0.1111111111111111,5
B,StaticGCN,fri_pm_scan,3762,0.96,1.0,1.0,0.125,5
B,StaticGCN,fri_pm_scan,3763,0.9629629629629629,1.0,1.0,0.14285714285714285,5
B,StaticGCN,fri_pm_scan,3764,0.9655172413793104,1.0,1.0,0.16666666666666666,5
B,StaticGCN,fri_pm_scan,3765,1.0,1.0,1.0,0.0,5
B,StaticGCN,fri_pm_scan,3766,1.0,1.0,1.0,0.0,5
B,StaticGCN,fri_pm_scan,3767,1.0,1.0,1.0,0.0,5
B,StaticGCN,fri_pm_scan,3768,1.0,1.0,1.0,0.0,5
B,StaticGCN,fri_pm_scan,3769,1.0,1.0,1.0,0.0,5
B,StaticGCN,fri_pm_scan,3770,1.0,1.0,,0.0,5
B,StaticGCN,fri_pm_scan,3771,1.0,1.0,,0.0,5
B,StaticGCN,fri_pm_scan,3772,1.0,1.0,,0.0,5
B,StaticGCN,fri_pm_scan,3773,1.0,1.0,,0.0,5
B,StaticGCN,fri_pm_scan,3774,1.0,1.0,,0.0,5
B,StaticGCN,fri_pm_scan,3775,1.0,1.0,,0.0,5
B,StaticGCN,fri_pm_scan,3776,1.0,1.0,,0.0,5
B,StaticGCN,fri_pm_scan,3777,1.0,1.0,,0.0,5
B,StaticGCN,fri_pm_scan,3778,1.0,1.0,,0.0,5
B,StaticGCN,fri_pm_scan,3779,1.0,1.0,,0.0,5
B,StaticGCN,fri_pm_scan,3780,1.0,1.0,,0.0,5
B,StaticGCN,fri_pm_scan,3781,1.0,1.0,,0.0,5
B,StaticGCN,fri_pm_scan,3782,1.0,1.0,,0.0,5
B,StaticGCN,fri_pm_scan,3783,1.0,1.0,,0.0,5
B,StaticGCN,fri_pm_scan,3784,1.0,1.0,,0.0,5
B,StaticGCN,fri_pm_scan,3785,1.0,1.0,,0.0,5
B,StaticGCN,fri_pm_scan,3786,1.0,1.0,,0.0,5
B,StaticGCN,fri_pm_scan,3787,1.0,1.0,,0.0,5
B,StaticGCN,fri_pm_scan,3788,1.0,1.0,,0.0,5
B,StaticGCN,fri_pm_scan,3789,1.0,1.0,,0.0,5
B,StaticGCN,fri_pm_scan,3790,1.0,1.0,,0.0,5
B,StaticGCN,fri_pm_scan,3791,1.0,1.0,,0.0,5
B,StaticGCN,fri_pm_scan,3792,1.0,1.0,,0.0,5
B,StaticGCN,fri_pm_scan,3793,1.0,1.0,,0.0,5
B,StaticGCN,fri_pm_scan,3794,1.0,1.0,,0.0,5
B,StaticGCN,fri_pm_scan,3795,1.0,1.0,,0.0,5
B,StaticGCN,fri_pm_scan,3796,1.0,1.0,,0.0,5
B,StaticGCN,fri_pm_scan,3797,1.0,1.0,,0.0,5
B,StaticGCN,fri_pm_scan,3798,1.0,1.0,,0.0,5
B,StaticGCN,fri_pm_scan,3799,1.0,1.0,,0.0,5
B,StaticGCN,fri_pm_scan,3800,1.0,1.0,,0.0,5
B,StaticGCN,fri_pm_scan,3801,1.0,1.0,,0.0,5
B,StaticGCN,fri_pm_scan,3802,1.0,1.0,,0.0,5
B,StaticGCN,fri_pm_scan,3803,1.0,1.0,,0.0,5
B,StaticGCN,fri_pm_scan,3804,1.0,1.0,,0.0,5
B,StaticGCN,fri_pm_scan,3805,1.0,1.0,,0.0,5
B,StaticGCN,fri_pm_scan,3806,1.0,1.0,,0.0,5
B,StaticGCN,fri_pm_scan,3807,1.0,1.0,,0.0,5
B,StaticGCN,fri_pm_scan,3808,1.0,1.0,,0.0,5
B,StaticGCN,fri_pm_scan,3809,1.0,1.0,,0.0,5
B,StaticGCN,fri_pm_scan,3810,1.0,1.0,,0.0,5
B,StaticGCN,fri_pm_scan,3811,1.0,1.0,,0.0,5
B,StaticGCN,fri_pm_scan,3812,1.0,1.0,,0.0,5
B,StaticGCN,fri_pm_scan,3813,1.0,1.0,,0.0,5
B,StaticGCN,fri_pm_scan,3814,1.0,1.0,,0.0,5
B,StaticGCN,fri_pm_scan,3815,1.0,1.0,,0.0,5
B,StaticGCN,fri_pm_scan,3816,1.0,1.0,,0.0,5
B,StaticGCN,fri_pm_scan,3817,1.0,1.0,,0.0,5
B,StaticGCN,fri_pm_scan,3818,1.0,1.0,,0.0,5
B,StaticGCN,fri_pm_scan,3819,1.0,1.0,,0.0,5
B,StaticGCN,fri_pm_scan,3820,1.0,1.0,,0.0,5
B,StaticGCN,fri_pm_scan,3821,1.0,1.0,,0.0,5
B,StaticGCN,fri_pm_scan,3822,1.0,1.0,,0.0,5
B,StaticGCN,fri_pm_scan,3823,1.0,1.0,,0.0,5
B,StaticGCN,fri_pm_scan,3824,1.0,1.0,,0.0,5
B,StaticGCN,fri_pm_scan,3825,1.0,1.0,,0.0,5
B,StaticGCN,fri_pm_scan,3826,1.0,1.0,,0.0,5
B,StaticGCN,fri_pm_scan,3827,1.0,1.0,,0.0,5
B,StaticGCN,fri_pm_scan,3828,1.0,1.0,,0.0,5
B,StaticGCN,fri_pm_scan,3829,1.0,1.0,,0.0,5
B,StaticGCN,fri_pm_scan,3830,1.0,1.0,,0.0,5
B,StaticGCN,fri_pm_scan,3831,1.0,1.0,,0.0,5
B,StaticGCN,fri_pm_scan,3832,1.0,1.0,,0.0,5
B,StaticGCN,fri_pm_scan,3833,1.0,1.0,,0.0,5
B,StaticGCN,fri_pm_scan,3834,1.0,1.0,,0.0,5
B,StaticGCN,fri_pm_scan,3835,1.0,1.0,,0.0,5
B,StaticGCN,fri_pm_scan,3836,1.0,1.0,,0.0,5
B,StaticGCN,fri_pm_scan,3837,1.0,1.0,,0.0,5
B,StaticGCN,fri_pm_scan,3838,1.0,1.0,1.0,0.0,5
B,StaticGCN,fri_pm_scan,3839,1.0,1.0,1.0,0.0,5
B,StaticGCN,fri_pm_scan,3840,1.0,1.0,1.0,0.0,5
B,StaticGCN,fri_pm_scan,3841,1.0,1.0,1.0,0.0,5
B,StaticGCN,fri_pm_scan,3842,1.0,1.0,1.0,0.0,5
B,StaticGCN,fri_pm_scan,3843,0.9655172413793104,0.9956944444444444,0.9866666666666667,0.0,5
B,StaticGCN,fri_pm_scan,3844,0.9629629629629629,0.9950680272108844,0.9880952380952381,0.0,5
B,StaticGCN,fri_pm_scan,3845,0.96,0.9942941673710904,0.989010989010989,0.0,5
B,StaticGCN,fri_pm_scan,3846,0.9565217391304348,0.9933226495726496,0.9895833333333334,0.0,5
B,StaticGCN,fri_pm_scan,3847,0.9565217391304348,0.9933226495726496,0.9895833333333334,0.0,5
B,StaticGCN,fri_pm_scan,3848,0.9565217391304348,0.9933226495726496,0.9895833333333334,0.0,5
B,StaticGCN,fri_pm_scan,3849,0.9565217391304348,0.9933226495726496,0.9895833333333334,0.0,5
B,StaticGCN,fri_pm_scan,3850,0.9565217391304348,0.9933226495726496,0.9895833333333334,0.0,5
B,StaticGCN,fri_pm_scan,3851,0.9565217391304348,0.9933226495726496,0.9895833333333334,0.0,5
B,StaticGCN,fri_pm_scan,3852,0.9565217391304348,0.9933226495726496,0.9895833333333334,0.0,5
B,StaticGCN,fri_pm_scan,3853,0.9565217391304348,0.9933226495726496,0.9895833333333334,0.0,5
B,StaticGCN,fri_pm_scan,3854,0.9565217391304348,0.9933226495726496,0.9895833333333334,0.0,5
B,StaticGCN,fri_pm_scan,3855,0.9523809523809523,0.9854312354312355,0.9797979797979798,0.0,5
B,StaticGCN,fri_pm_scan,3856,0.9,0.9759615384615384,0.97,0.1,5
B,StaticGCN,fri_pm_scan,3857,0.8421052631578947,0.9393398268398269,0.92,0.1,5
B,StaticGCN,fri_pm_scan,3858,0.8421052631578947,0.9393398268398269,0.92,0.1,5
B,StaticGCN,fri_pm_scan,3859,0.8,0.9416961826052735,0.9191919191919191,0.1111111111111111,5
B,StaticGCN,fri_pm_scan,3860,0.8,0.9465746374837284,0.9292929292929293,0.1111111111111111,5
B,StaticGCN,fri_pm_scan,3861,0.8,0.9292782974601157,0.898989898989899,0.1111111111111111,5
B,StaticGCN,fri_pm_scan,3862,0.8,0.9292782974601157,0.898989898989899,0.1111111111111111,5
B,StaticGCN,fri_pm_scan,3863,0.8421052631578947,0.9334249084249084,0.91,0.1,5
B,StaticGCN,fri_pm_scan,3864,0.8421052631578947,0.9382783882783883,0.92,0.1,5
B,StaticGCN,fri_pm_scan,3865,0.8,0.9187812187812188,0.8787878787878788,0.1111111111111111,5
B,StaticGCN,fri_pm_scan,3866,0.8181818181818182,0.9307310744810745,0.875,0.125,5
B,StaticGCN,fri_pm_scan,3867,0.8181818181818182,0.9307310744810745,0.875,0.125,5
B,StaticGCN,fri_pm_scan,3868,0.8181818181818182,0.9307310744810745,0.875,0.125,5
B,StaticGCN,fri_pm_scan,3869,0.8181818181818182,0.9307310744810745,0.875,0.125,5
B,StaticGCN,fri_pm_scan,3870,0.8181818181818182,0.9307310744810745,0.875,0.125,5
B,StaticGCN,fri_pm_scan,3871,0.8181818181818182,0.9307310744810745,0.875,0.125,5
B,StaticGCN,fri_pm_scan,3872,0.8181818181818182,0.9307310744810745,0.875,0.125,5
B,StaticGCN,fri_pm_scan,3873,0.8,0.9101211288711288,0.8585858585858586,0.1111111111111111,5
B,StaticGCN,fri_pm_scan,3874,0.7777777777777778,0.8893136030636031,0.85,0.1,5
B,StaticGCN,fri_pm_scan,3875,0.7777777777777778,0.9047885447885448,0.88,0.1,5
B,StaticGCN,fri_pm_scan,3876,0.8235294117647058,0.9182287157287157,0.9,0.0,5
B,StaticGCN,fri_pm_scan,3877,0.875,0.935334418667752,0.9292929292929293,0.0,5
B,StaticGCN,fri_pm_scan,3878,0.875,0.9305114638447971,0.9191919191919191,0.0,5
B,StaticGCN,fri_pm_scan,3879,0.9333333333333333,0.9443681318681318,0.9375,0.0,5
B,StaticGCN,fri_pm_ddos,4277,0.9333333333333333,0.9443681318681318,0.9375,0.0,5
B,StaticGCN,fri_pm_ddos,4278,0.9333333333333333,0.9499198717948718,0.9479166666666666,0.0,5
B,StaticGCN,fri_pm_ddos,4279,0.9333333333333333,0.9499198717948718,0.9479166666666666,0.0,5
B,StaticGCN,fri_pm_ddos,4280,0.9333333333333333,0.9564393939393939,0.9583333333333334,0.0,5
B,StaticGCN,fri_pm_ddos,4281,0.9333333333333333,0.9564393939393939,0.9583333333333334,0.0,5
B,StaticGCN,fri_pm_ddos,4282,1.0,1.0,1.0,0.0,5
B,StaticGCN,fri_pm_ddos,4283,1.0,1.0,1.0,0.0,5
B,StaticGCN,fri_pm_ddos,4284,1.0,1.0,1.0,0.0,5
B,StaticGCN,fri_pm_ddos,4285,1.0,1.0,1.0,0.0,5
B,StaticGCN,fri_pm_ddos,4286,1.0,1.0,1.0,0.0,5
B,StaticGCN,fri_pm_ddos,4287,1.0,1.0,1.0,0.0,5
B,StaticGCN,fri_pm_ddos,4288,1.0,1.0,1.0,0.0,5
B,StaticGCN,fri_pm_ddos,4289,0.0,0.5,,0.0,5
B,StaticGCN,fri_pm_ddos,4290,0.0,0.5,,0.0,5
B,StaticGCN,fri_pm_ddos,4291,0.0,0.5,,0.0,5
B,StaticGCN,fri_pm_ddos,4292,0.0,0.5,,0.0,5
B,StaticGCN,fri_pm_ddos,4293,0.0,0.5,,0.0,5
B,StaticGCN,fri_pm_ddos,4294,0.0,0.5,,0.0,5
B,StaticGCN,fri_pm_ddos,4295,0.0,0.02631578947368421,0.052631578947368474,0.0,5
B,StaticGCN,fri_pm_ddos,4296,0.0,0.05131578947368421,0.0,0.0,5
B,StaticGCN,fri_pm_ddos,4297,0.0,0.07860623781676414,0.0,0.0,5
B,StaticGCN,fri_pm_ddos,4298,0.0,0.10695734434124526,0.0,0.0,5
B,StaticGCN,fri_pm_ddos,4299,0.0,0.13646800825593394,0.0,0.0,5
B,StaticGCN,fri_pm_ddos,4300,0.0,0.16725289531017087,0.0,0.0,5
B,StaticGCN,fri_pm_ddos,4301,0.0,0.19944618198156455,0.0,0.0,5
B,StaticGCN,fri_pm_ddos,4302,0.0,0.23320653160049445,0.0,0.0,5
B,StaticGCN,fri_pm_ddos,4303,0.0,0.26872384056336585,0.0,0.0,5
B,StaticGCN,fri_pm_ddos,4304,0.0,0.30622859682457204,0.0,0.0,5
B,StaticGCN,fri_pm_ddos,4305,0.0,0.34600521558374076,0.0,0.0,5
B,StaticGCN,fri_pm_ddos,4306,0.0,0.3884116571423073,0.0,0.0,5
B,StaticGCN,fri_pm_ddos,4307,0.0,0.43390941538417127,0.0,0.0,5
B,StaticGCN,fri_pm_ddos,4308,0.0,0.4588410573972612,0.10989010989010993,0.0,5
B,StaticGCN,fri_pm_ddos,4309,0.0,0.5109017416928738,0.11904761904761903,0.0,5
B,StaticGCN,fri_pm_ddos,4310,0.0,0.5718298249451501,0.1466666666666666,0.0,5
B,StaticGCN,fri_pm_ddos,4311,0.0,0.6407668977908916,0.1875,0.0,5
B,StaticGCN,fri_pm_ddos,4312,0.0,0.7212015699096831,0.25490196078431376,0.0,5
B,StaticGCN,fri_pm_ddos,4313,0.0,0.8204768340152757,0.3888888888888889,0.0,5
B,StaticGCN,fri_pm_ddos,4314,0.0,0.9848503159343145,0.7368421052631579,0.0,5
B,StaticGCN,fri_pm_ddos,4315,0.0,0.9812162307212817,0.6842105263157895,0.0,5
B,StaticGCN,fri_pm_ddos,4316,0.0,0.9812162307212817,0.6842105263157895,0.0,5
B,StaticGCN,fri_pm_ddos,4317,0.0,0.8171368869253286,0.3611111111111111,0.0,5
B,StaticGCN,fri_pm_ddos,4318,0.0,0.8086574193931686,0.5686274509803921,0.0,5
B,StaticGCN,fri_pm_ddos,4319,0.0,0.8046442756741425,0.5490196078431373,0.0,5
B,StaticGCN,fri_pm_ddos,4320,0.0,0.8046442756741425,0.5490196078431373,0.0,5
B,StaticGCN,fri_pm_ddos,4321,0.0,0.8046442756741425,0.5490196078431373,0.0,5
B,StaticGCN,fri_pm_ddos,4322,0.0,0.8046442756741425,0.5490196078431373,0.0,5
B,StaticGCN,fri_pm_ddos,4323,0.0,0.8046442756741425,0.5490196078431373,0.0,5
B,StaticGCN,fri_pm_ddos,4324,0.0,0.8003422051956015,0.5294117647058824,0.0,5
B,StaticGCN,fri_pm_ddos,4325,0.0,0.8003422051956015,0.5294117647058824,0.0,5
B,StaticGCN,fri_pm_ddos,4326,0.0,0.8046442756741425,0.5490196078431373,0.0,5
B,StaticGCN,fri_pm_ddos,4327,0.0,0.7741451404739912,0.5625,0.0,5
B,StaticGCN,fri_pm_ddos,4328,0.0,0.7851899550344308,0.609375,0.0,5
B,StaticGCN,fri_pm_ddos,4329,0.0,0.7897609049178806,0.625,0.0,5
B,StaticGCN,fri_pm_ddos,4330,0.0,0.7897609049178806,0.625,0.0,5
B,StaticGCN,fri_pm_ddos,4331,0.0,0.7897609049178806,0.625,0.0,5
B,StaticGCN,fri_pm_ddos,4332,0.0,0.7897609049178806,0.625,0.0,5
B,StaticGCN,fri_pm_ddos,4333,0.0,0.7817115324153832,0.59375,0.0,5
B,StaticGCN,fri_pm_ddos,4334,0.0,0.7817115324153832,0.59375,0.0,5
B,StaticGCN,fri_pm_ddos,4335,0.0,0.786282482298833,0.609375,0.0,5
B,StaticGCN,fri_pm_ddos,4336,0.0,0.7571291264634918,0.6133333333333333,0.0,5
B,StaticGCN,fri_pm_ddos,4337,0.0,0.9390197874021403,0.8133333333333332,0.0,5
B,StaticGCN,fri_pm_ddos,4338,0.0,0.9463789830203336,0.78125,0.0,5
B,StaticGCN,fri_pm_ddos,4339,0.0,0.9556509610423116,0.8125,0.0,5
B,StaticGCN,fri_pm_ddos,4340,0.0,0.9556509610423116,0.8125,0.0,5
B,StaticGCN,fri_pm_ddos,4341,0.0,0.9556509610423116,0.8125,0.0,5
B,StaticGCN,fri_pm_ddos,4342,0.0,0.9463789830203336,0.78125,0.0,5
B,StaticGCN,fri_pm_ddos,4343,0.0,0.9326885068298574,0.734375,0.0,5
B,StaticGCN,fri_pm_ddos,4344,0.0,0.9326885068298574,0.734375,0.0,5
B,StaticGCN,fri_pm_ddos,4345,0.0,0.9463789830203336,0.78125,0.0,5
B,StaticGCN,fri_pm_ddos,4346,0.0,0.9390197874021403,0.8133333333333332,0.0,5
B,StaticGCN,fri_pm_ddos,4347,0.0,0.9635567047331752,0.859375,0.0,5
B,StaticGCN,fri_pm_ddos,4348,0.0,0.9808436421325695,0.9019607843137256,0.0,5
B,StaticGCN,fri_pm_ddos,4349,0.0,0.9808436421325695,0.9019607843137256,0.0,5
B,StaticGCN,fri_pm_ddos,4350,0.0,0.9808436421325695,0.9019607843137256,0.0,5
B,StaticGCN,fri_pm_ddos,4351,0.0,0.9808436421325695,0.9019607843137256,0.0,5
B,StaticGCN,fri_pm_ddos,4352,0.0,0.9761302183014986,0.8823529411764707,0.0,5
B,StaticGCN,fri_pm_ddos,4353,0.0,0.9761302183014986,0.8823529411764707,0.0,5
B,StaticGCN,fri_pm_ddos,4354,0.0,0.9761302183014986,0.8823529411764707,0.0,5
B,StaticGCN,fri_pm_ddos,4355,0.0,0.9710054411178979,0.8627450980392157,0.0,5
B,StaticGCN,fri_pm_ddos,4356,0.0,1.0,1.0,0.0,5
B,StaticGCN,fri_pm_ddos,4357,0.0,0.9999999999999998,1.0,0.0,5
B,StaticGCN,fri_pm_ddos,4358,0.0,0.9999999999999998,1.0,0.0,5
B,StaticGCN,fri_pm_ddos,4359,0.0,0.9999999999999998,1.0,0.0,5
B,StaticGCN,fri_pm_ddos,4360,0.0,0.9999999999999998,1.0,0.0,5
B,StaticGCN,fri_pm_ddos,4361,0.0,0.9999999999999998,1.0,0.0,5
B,StaticGCN,fri_pm_ddos,4362,0.0,0.9999999999999998,1.0,0.0,5
B,StaticGCN,fri_pm_ddos,4363,0.0,1.0,1.0,0.0,5
B,StaticGCN,fri_pm_ddos,4364,0.0,1.0,1.0,0.0,5
B,StaticGCN,fri_pm_ddos,4365,0.0,1.0,1.0,0.0,5
B,StaticGCN,fri_pm_ddos,4366,0.0,0.9999999999999998,1.0,0.0,5
B,StaticGCN,fri_pm_ddos,4367,0.0,0.9999999999999998,1.0,0.0,5
B,StaticGCN,fri_pm_ddos,4368,0.0,0.9999999999999998,1.0,0.0,5
B,StaticGCN,fri_pm_ddos,4369,0.0,0.9999999999999998,1.0,0.0,5
B,StaticGCN,fri_pm_ddos,4370,0.0,0.9999999999999998,1.0,0.0,5
B,StaticGCN,fri_pm_ddos,4371,0.0,1.0,1.0,0.0,5
B,StaticGCN,fri_pm_ddos,4372,0.0,1.0,1.0,0.0,5
B,StaticGCN,fri_pm_ddos,4373,0.0,1.0,1.0,0.0,5
B,StaticGCN,fri_pm_ddos,4374,0.0,1.0,1.0,0.0,5
B,StaticGCN,fri_pm_ddos,4375,0.0,1.0,1.0,0.0,5
B,StaticGCN,fri_pm_ddos,4376,0.0,1.0,1.0,0.0,5
B,StaticGCN,fri_pm_ddos,4377,0.0,1.0,1.0,0.0,5
B,StaticGCN,fri_pm_ddos,4378,0.0,1.0,1.0,0.0,5
B,StaticGCN,fri_pm_ddos,4379,0.0,1.0,1.0,0.0,5
B,StaticGCN,fri_pm_ddos,4380,0.0,0.9909442724458204,0.9411764705882353,0.0,5
B,StaticGCN,fri_pm_ddos,4381,0.0,0.9909442724458204,0.9411764705882353,0.0,5
B,StaticGCN,fri_pm_ddos,4382,0.0,0.9909442724458204,0.9411764705882353,0.0,5
B,StaticGCN,fri_pm_ddos,4383,0.0,0.9942982456140352,0.9444444444444444,0.0,5
B,StaticGCN,fri_pm_ddos,4384,0.0,0.9942982456140352,0.9444444444444444,0.0,5
B,StaticGCN,fri_pm_ddos,4385,0.0,0.9942982456140352,0.9444444444444444,0.0,5
B,StaticGCN,fri_pm_ddos,4386,0.0,0.9942982456140352,0.9444444444444444,0.0,5
B,StaticGCN,fri_pm_ddos,4387,0.0,0.9882878492527616,0.8888888888888888,0.0,5
B,StaticGCN,fri_pm_ddos,4388,0.0,0.9869078694429269,0.9215686274509803,0.0,5
B,StaticGCN,fri_pm_ddos,4389,0.0,0.9869078694429269,0.9215686274509803,0.0,5
B,StaticGCN,fri_pm_ddos,4390,0.0,0.9869078694429269,0.9215686274509803,0.0,5
B,StaticGCN,fri_pm_ddos,4391,0.0,0.9938176050147156,0.9444444444444444,0.0,5
B,StaticGCN,fri_pm_ddos,4392,0.0,0.9938176050147156,0.9444444444444444,0.0,5
B,StaticGCN,fri_pm_ddos,4393,0.0,0.9938176050147156,0.9444444444444444,0.0,5
B,StaticGCN,fri_pm_ddos,4394,0.0,0.9938176050147156,0.9444444444444444,0.0,5
B,StaticGCN,fri_pm_ddos,4395,0.0,0.9938176050147156,0.9444444444444444,0.0,5
B,StaticGCN,fri_pm_ddos,4396,0.0,0.9869078694429269,0.9215686274509803,0.0,5
B,StaticGCN,fri_pm_ddos,4397,0.0,0.9831088498350837,0.9019607843137255,0.0,5
B,StaticGCN,fri_pm_ddos,4398,0.0,0.9831088498350837,0.9019607843137255,0.0,5
B,StaticGCN,fri_pm_ddos,4399,0.0,0.9938176050147156,0.9444444444444444,0.0,5
B,StaticGCN,fri_pm_ddos,4400,0.0,0.9969948018193633,0.9722222222222222,0.0,5
B,StaticGCN,fri_pm_ddos,4401,0.0,0.9969948018193633,0.9722222222222222,0.0,5
B,StaticGCN,fri_pm_ddos,4402,0.0,0.9969948018193633,0.9722222222222222,0.0,5
B,StaticGCN,fri_pm_ddos,4403,0.0,0.9969948018193633,0.9722222222222222,0.0,5
B,StaticGCN,fri_pm_ddos,4404,0.0,0.9969948018193633,0.9722222222222222,0.0,5
B,StaticGCN,fri_pm_ddos,4405,0.0,0.9900677118112468,0.9411764705882353,0.0,5
B,StaticGCN,fri_pm_ddos,4406,0.0,0.9900677118112468,0.9411764705882353,0.0,5
B,StaticGCN,fri_pm_ddos,4407,0.0,0.9966359092656671,0.9803921568627452,0.0,5
B,StaticGCN,fri_pm_ddos,4408,0.0,0.9969948018193633,0.9722222222222222,0.0,5
B,StaticGCN,fri_pm_ddos,4409,0.0,0.9969948018193633,0.9722222222222222,0.0,5
B,StaticGCN,fri_pm_ddos,4410,0.0,0.9969948018193633,0.9722222222222222,0.0,5
B,StaticGCN,fri_pm_ddos,4411,0.0,0.9969948018193633,0.9722222222222222,0.0,5
B,StaticGCN,fri_pm_ddos,4412,0.0,0.9969948018193633,0.9722222222222222,0.0,5
B,StaticGCN,fri_pm_ddos,4413,0.0,0.9969948018193633,0.9722222222222222,0.0,5
B,StaticGCN,fri_pm_ddos,4414,0.0,0.9966359092656671,0.9803921568627452,0.0,5
B,StaticGCN,fri_pm_ddos,4415,0.0,0.9966359092656671,0.9803921568627452,0.0,5
B,StaticGCN,fri_pm_ddos,4416,0.0,0.9969948018193633,0.9722222222222222,0.0,5
B,StaticGCN,fri_pm_ddos,4417,0.0,0.9969948018193633,0.9722222222222222,0.0,5
B,StaticGCN,fri_pm_ddos,4418,0.0,0.9969948018193633,0.9722222222222222,0.0,5
B,StaticGCN,fri_pm_ddos,4419,0.0,0.9969948018193633,0.9722222222222222,0.0,5
B,StaticGCN,fri_pm_ddos,4420,0.0,0.9969948018193633,0.9722222222222222,0.0,5
B,StaticGCN,fri_pm_ddos,4421,0.0,0.9969948018193633,0.9722222222222222,0.0,5
B,StaticGCN,fri_pm_ddos,4422,0.0,0.9966359092656671,0.9803921568627452,0.0,5
B,StaticGCN,fri_pm_ddos,4423,0.0,0.9962086397058824,0.984375,0.0,5
B,StaticGCN,fri_pm_ddos,4424,0.0,1.0,1.0,0.0,5
B,StaticGCN,fri_pm_ddos,4425,0.0,1.0,1.0,0.0,5
B,StaticGCN,fri_pm_ddos,4426,0.0,1.0,1.0,0.0,5
B,StaticGCN,fri_pm_ddos,4427,0.0,1.0,1.0,0.0,5
B,StaticGCN,fri_pm_ddos,4428,0.0,1.0,1.0,0.0,5
B,StaticGCN,fri_pm_ddos,4429,0.0,1.0,1.0,0.0,5
B,StaticGCN,fri_pm_ddos,4430,0.0,1.0,1.0,0.0,5
B,StaticGCN,fri_pm_ddos,4431,0.0,0.978212703350571,0.921875,0.0,5
B,StaticGCN,fri_pm_ddos,4432,0.0,0.9749962537462536,0.9333333333333333,0.0,5
B,StaticGCN,fri_pm_ddos,4433,0.0,0.9749962537462536,0.9333333333333333,0.0,5
B,StaticGCN,fri_pm_ddos,4434,0.0,0.978212703350571,0.921875,0.0,5
B,StaticGCN,fri_pm_ddos,4435,0.0,0.978212703350571,0.921875,0.0,5
B,StaticGCN,fri_pm_ddos,4436,0.0,0.9727676275929953,0.90625,0.0,5
B,StaticGCN,fri_pm_ddos,4437,0.0,0.978212703350571,0.921875,0.0,5
B,StaticGCN,fri_pm_ddos,4438,0.0,0.9832207161710839,0.9375,0.0,5
B,StaticGCN,fri_pm_ddos,4439,0.0,0.9832207161710839,0.9375,0.0,5
B,StaticGCN,fri_pm_ddos,4440,0.0,0.978212703350571,0.921875,0.0,5
B,StaticGCN,fri_pm_ddos,4441,0.0,0.9749962537462536,0.9333333333333333,0.0,5
B,StaticGCN,fri_pm_ddos,4442,0.0,0.978212703350571,0.921875,0.0,5
B,StaticGCN,fri_pm_ddos,4443,0.0,0.9808436421325695,0.9019607843137256,0.0,5
B,StaticGCN,fri_pm_ddos,4444,0.0,0.9761302183014986,0.8823529411764707,0.0,5
B,StaticGCN,fri_pm_ddos,4445,0.0,0.9710054411178979,0.8627450980392157,0.0,5
B,StaticGCN,fri_pm_ddos,4446,0.0,0.9761302183014986,0.8823529411764707,0.0,5
B,StaticGCN,fri_pm_ddos,4447,0.0,0.9808436421325695,0.9019607843137256,0.0,5
B,StaticGCN,fri_pm_ddos,4448,0.0,0.9808436421325695,0.9019607843137256,0.0,5
B,StaticGCN,fri_pm_ddos,4449,0.0,0.7991962388102094,0.671875,0.0,5
B,StaticGCN,fri_pm_ddos,4450,0.0,0.6933291817115347,0.5333333333333333,0.0,5
B,StaticGCN,fri_pm_ddos,4451,0.0,0.7119812322753499,0.6,0.0,5
B,StaticGCN,fri_pm_ddos,4452,0.0,0.7119812322753499,0.6,0.0,5
B,StaticGCN,fri_pm_ddos,4453,0.0,0.7119812322753499,0.6,0.0,5
B,StaticGCN,fri_pm_ddos,4454,0.0,0.7119812322753499,0.6,0.0,5
B,StaticGCN,fri_pm_ddos,4455,0.0,0.7119812322753499,0.6,0.0,5
B,StaticGCN,fri_pm_ddos,4456,0.0,0.7119812322753499,0.6,0.0,5
B,StaticGCN,fri_pm_ddos,4457,0.0,0.7119812322753499,0.6,0.0,5
B,StaticGCN,fri_pm_ddos,4458,0.0,0.7119812322753499,0.6,0.0,5
B,StaticGCN,fri_pm_ddos,4459,0.0,0.7119812322753499,0.6,0.0,5
B,StaticGCN,fri_pm_ddos,4460,0.0,0.6881269582425044,0.6309523809523809,0.0,5
B,StaticGCN,fri_pm_ddos,4461,0.0,0.6881269582425044,0.6309523809523809,0.0,5
B,StaticGCN,fri_pm_ddos,4462,0.0,0.6881269582425044,0.6309523809523809,0.0,5
B,StaticGCN,fri_pm_ddos,4463,0.0,0.6881269582425044,0.6309523809523809,0.0,5
B,StaticGCN,fri_pm_ddos,4464,0.0,0.6923263302990194,0.6428571428571429,0.0,5
B,StaticGCN,fri_pm_ddos,4465,0.0,0.6963016704350737,0.6547619047619048,0.0,5
B,StaticGCN,fri_pm_ddos,4466,0.0,0.6963016704350737,0.6547619047619048,0.0,5
B,StaticGCN,fri_pm_ddos,4467,0.0,0.6963016704350737,0.6547619047619048,0.0,5
B,StaticGCN,fri_pm_ddos,4468,0.0,0.6963016704350737,0.6547619047619048,0.0,5
B,StaticGCN,fri_pm_ddos,4469,0.0,0.7884462322224928,0.7976190476190477,0.0,5
B,StaticGCN,fri_pm_ddos,4470,0.0,0.9771371048419366,0.9404761904761905,0.0,5
B,StaticGCN,fri_pm_ddos,4471,0.0,0.9799509803921568,0.9333333333333333,0.0,5
B,StaticGCN,fri_pm_ddos,4472,0.0,0.9822747355521155,0.921875,0.0,5
B,StaticGCN,fri_pm_ddos,4473,0.0,0.842386159735231,0.7466666666666666,0.0,5
B,StaticGCN,fri_pm_ddos,4474,0.0,0.6884658826111724,0.6190476190476191,0.0,5
B,StaticGCN,fri_pm_ddos,4475,0.0,0.6077716903508757,0.5604395604395604,0.0,5
B,StaticGCN,fri_pm_ddos,4476,0.0,0.5383681133681134,0.5104166666666666,0.0,5
B,StaticGCN,fri_pm_ddos,4477,0.0,0.4714489424716698,0.45454545454545453,0.0,5
B,StaticGCN,fri_pm_ddos,4478,0.0,0.4131697469197469,0.42000000000000004,0.0,5
B,StaticGCN,fri_pm_ddos,4479,0.0,0.35827559785893115,0.38383838383838387,0.0,5
B,StaticGCN,fri_pm_ddos,4480,0.0,0.33084489947235046,0.29292929292929293,0.0,5
B,StaticGCN,fri_pm_ddos,4481,0.0,0.3074712868830516,0.202020202020202,0.0,5
B,StaticGCN,fri_pm_ddos,4482,0.0,0.2666781237553296,0.19791666666666663,0.0,5
B,StaticGCN,fri_pm_ddos,4483,0.0,0.22543106986384298,0.15384615384615385,0.0,5
B,StaticGCN,fri_pm_ddos,4484,0.0,0.18842742225095166,0.1428571428571429,0.0,5
B,StaticGCN,fri_pm_ddos,4485,0.0,0.1532889822595705,0.1333333333333333,0.0,5
B,StaticGCN,fri_pm_ddos,4486,0.0,0.11981209150326798,0.125,0.0,5
B,StaticGCN,fri_pm_ddos,4487,0.0,0.08782679738562092,0.11764705882352944,0.0,5
B,StaticGCN,fri_pm_ddos,4488,0.0,0.057189542483660136,0.11111111111111116,0.0,5
B,StaticGCN,fri_pm_ddos,4489,0.0,0.054093567251461985,0.05555555555555558,0.0,5
B,StaticGCN,fri_pm_ddos,4490,0.0,0.05131578947368421,0.0,0.0,5
B,StaticGCN,fri_pm_ddos,4491,0.0,0.025,0.0,0.0,5
B,StaticGCN,fri_pm_ddos,4492,0.0,0.5,,0.0,5
B,StaticGCN,fri_pm_ddos,4493,0.0,0.5,,0.0,5
B,StaticGCN,fri_pm_ddos,4494,0.0,0.5,,0.0,5
B,StaticGCN,fri_pm_ddos,4495,0.0,0.5,,0.0,5
B,StaticGCN,fri_pm_ddos,4496,0.0,0.5,,0.0,5
B,StaticGCN,fri_pm_ddos,4497,0.0,0.5,,0.0,5
B,StaticGCN,fri_pm_ddos,4498,0.0,0.5,,0.0,5
B,StaticGCN,fri_pm_ddos,4499,0.0,0.5,,0.0,5
B,StaticGCN,fri_pm_ddos,4500,0.0,0.5,,0.0,5
B,GAT+LSTM,mon,6,0.0,0.5,,0.0,1
B,GAT+LSTM,mon,7,0.0,0.5,,0.0,1
B,GAT+LSTM,mon,8,0.0,0.5,,0.0,1
B,GAT+LSTM,mon,9,0.0,0.5,,0.0,1
B,GAT+LSTM,mon,10,0.0,0.5,,0.0,1
B,GAT+LSTM,mon,11,0.0,0.5,,0.0,1
B,GAT+LSTM,mon,12,0.0,0.5,,0.0,1
B,GAT+LSTM,mon,13,0.0,0.5,,0.0,1
B,GAT+LSTM,mon,14,0.0,0.5,,0.0,1
B,GAT+LSTM,mon,15,0.0,0.5,,0.0,1
B,GAT+LSTM,mon,16,0.0,0.5,,0.0,1
B,GAT+LSTM,mon,17,0.0,0.5,,0.0,1
B,GAT+LSTM,mon,18,0.0,0.5,,0.0,1
B,GAT+LSTM,mon,19,0.0,0.5,,0.0,1
B,GAT+LSTM,mon,20,0.0,0.5,,0.0,1
B,GAT+LSTM,mon,21,0.0,0.5,,0.0,1
B,GAT+LSTM,mon,22,0.0,0.5,,0.0,1
B,GAT+LSTM,mon,23,0.0,0.5,,0.0,1
B,GAT+LSTM,mon,24,0.0,0.5,,0.0,1
B,GAT+LSTM,mon,25,0.0,0.5,,0.0,1
B,GAT+LSTM,mon,26,0.0,0.5,,0.0,1
B,GAT+LSTM,mon,27,0.0,0.5,,0.0,1
B,GAT+LSTM,mon,28,0.0,0.5,,0.0,1
B,GAT+LSTM,mon,29,0.0,0.5,,0.0,1
B,GAT+LSTM,mon,30,0.0,0.5,,0.0,1
B,GAT+LSTM,mon,31,0.0,0.5,,0.0,1
B,GAT+LSTM,mon,32,0.0,0.5,,0.0,1
B,GAT+LSTM,mon,33,0.0,0.5,,0.0,1
B,GAT+LSTM,mon,34,0.0,0.5,,0.0,1
B,GAT+LSTM,mon,35,0.0,0.5,,0.0,1
B,GAT+LSTM,mon,36,0.0,0.5,,0.0,1
B,GAT+LSTM,mon,37,0.0,0.5,,0.0,1
B,GAT+LSTM,mon,38,0.0,0.5,,0.0,1
B,GAT+LSTM,mon,39,0.0,0.5,,0.0,1
B,GAT+LSTM,mon,40,0.0,0.5,,0.0,1
B,GAT+LSTM,mon,41,0.0,0.5,,0.0,1
B,GAT+LSTM,mon,42,0.0,0.5,,0.0,1
B,GAT+LSTM,mon,43,0.0,0.5,,0.0,1
B,GAT+LSTM,mon,44,0.0,0.5,,0.0,1
B,GAT+LSTM,mon,45,0.0,0.5,,0.0,1
B,GAT+LSTM,mon,46,0.0,0.5,,0.0,1
B,GAT+LSTM,mon,47,0.0,0.5,,0.0,1
B,GAT+LSTM,mon,48,0.0,0.5,,0.0,1
B,GAT+LSTM,mon,49,0.0,0.5,,0.0,1
B,GAT+LSTM,mon,50,0.0,0.5,,0.0,1
B,GAT+LSTM,mon,51,0.0,0.5,,0.0,1
B,GAT+LSTM,mon,52,0.0,0.5,,0.0,1
B,GAT+LSTM,mon,53,0.0,0.5,,0.0,1
B,GAT+LSTM,mon,54,0.0,0.5,,0.0,1
B,GAT+LSTM,mon,55,0.0,0.5,,0.0,1
B,GAT+LSTM,mon,56,0.0,0.5,,0.0,1
B,GAT+LSTM,mon,57,0.0,0.5,,0.0,1
B,GAT+LSTM,mon,58,0.0,0.5,,0.0,1
B,GAT+LSTM,mon,59,0.0,0.5,,0.0,1
B,GAT+LSTM,mon,60,0.0,0.5,,0.0,1
B,GAT+LSTM,mon,61,0.0,0.5,,0.0,1
B,GAT+LSTM,mon,62,0.0,0.5,,0.0,1
B,GAT+LSTM,mon,63,0.0,0.5,,0.0,1
B,GAT+LSTM,mon,64,0.0,0.5,,0.0,1
B,GAT+LSTM,mon,65,0.0,0.5,,0.0,1
B,GAT+LSTM,mon,66,0.0,0.5,,0.0,1
B,GAT+LSTM,mon,67,0.0,0.5,,0.0,1
B,GAT+LSTM,mon,68,0.0,0.5,,0.0,1
B,GAT+LSTM,mon,69,0.0,0.5,,0.0,1
B,GAT+LSTM,mon,70,0.0,0.5,,0.0,1
B,GAT+LSTM,mon,71,0.0,0.5,,0.0,1
B,GAT+LSTM,mon,72,0.0,0.5,,0.0,1
B,GAT+LSTM,mon,73,0.0,0.5,,0.0,1
B,GAT+LSTM,mon,74,0.0,0.5,,0.0,1
B,GAT+LSTM,mon,75,0.0,0.5,,0.0,1
B,GAT+LSTM,mon,76,0.0,0.5,,0.0,1
B,GAT+LSTM,mon,77,0.0,0.5,,0.0,1
B,GAT+LSTM,mon,78,0.0,0.5,,0.0,1
B,GAT+LSTM,mon,79,0.0,0.5,,0.0,1
B,GAT+LSTM,mon,80,0.0,0.5,,0.0,1
B,GAT+LSTM,mon,81,0.0,0.5,,0.0,1
B,GAT+LSTM,mon,82,0.0,0.5,,0.0,1
B,GAT+LSTM,mon,83,0.0,0.5,,0.0,1
B,GAT+LSTM,mon,84,0.0,0.5,,0.0,1
B,GAT+LSTM,mon,85,0.0,0.5,,0.0,1
B,GAT+LSTM,mon,86,0.0,0.5,,0.0,1
B,GAT+LSTM,mon,87,0.0,0.5,,0.0,1
B,GAT+LSTM,mon,88,0.0,0.5,,0.0,1
B,GAT+LSTM,mon,89,0.0,0.5,,0.0,1
B,GAT+LSTM,mon,90,0.0,0.5,,0.0,1
B,GAT+LSTM,mon,91,0.0,0.5,,0.0,1
B,GAT+LSTM,mon,92,0.0,0.5,,0.0,1
B,GAT+LSTM,mon,93,0.0,0.5,,0.0,1
B,GAT+LSTM,mon,94,0.0,0.5,,0.0,1
B,GAT+LSTM,mon,95,0.0,0.5,,0.0,1
B,GAT+LSTM,mon,96,0.0,0.5,,0.0,1
B,GAT+LSTM,mon,97,0.0,0.5,,0.0,1
B,GAT+LSTM,mon,98,0.0,0.5,,0.0,1
B,GAT+LSTM,mon,99,0.0,0.5,,0.0,1
B,GAT+LSTM,mon,100,0.0,0.5,,0.0,1
B,GAT+LSTM,mon,101,0.0,0.5,,0.0,1
B,GAT+LSTM,mon,102,0.0,0.5,,0.0,1
B,GAT+LSTM,mon,103,0.0,0.5,,0.0,1
B,GAT+LSTM,mon,104,0.0,0.5,,0.0,1
B,GAT+LSTM,mon,105,0.0,0.5,,0.0,1
B,GAT+LSTM,mon,106,0.0,0.5,,0.0,1
B,GAT+LSTM,mon,107,0.0,0.5,,0.0,1
B,GAT+LSTM,mon,108,0.0,0.5,,0.0,1
B,GAT+LSTM,mon,109,0.0,0.5,,0.0,1
B,GAT+LSTM,mon,110,0.0,0.5,,0.0,1
B,GAT+LSTM,mon,111,0.0,0.5,,0.0,1
B,GAT+LSTM,mon,112,0.0,0.5,,0.0,1
B,GAT+LSTM,mon,113,0.0,0.5,,0.0,1
B,GAT+LSTM,mon,114,0.0,0.5,,0.0,1
B,GAT+LSTM,mon,115,0.0,0.5,,0.0,1
B,GAT+LSTM,mon,116,0.0,0.5,,0.0,1
B,GAT+LSTM,mon,117,0.0,0.5,,0.0,1
B,GAT+LSTM,mon,118,0.0,0.5,,0.0,1
B,GAT+LSTM,mon,119,0.0,0.5,,0.0,1
B,GAT+LSTM,mon,120,0.0,0.5,,0.0,1
B,GAT+LSTM,mon,121,0.0,0.5,,0.0,1
B,GAT+LSTM,mon,122,0.0,0.5,,0.0,1
B,GAT+LSTM,mon,123,0.0,0.5,,0.0,1
B,GAT+LSTM,mon,124,0.0,0.5,,0.0,1
B,GAT+LSTM,mon,125,0.0,0.5,,0.0,1
B,GAT+LSTM,mon,126,0.0,0.5,,0.0,1
B,GAT+LSTM,mon,127,0.0,0.5,,0.0,1
B,GAT+LSTM,mon,128,0.0,0.5,,0.0,1
B,GAT+LSTM,mon,129,0.0,0.5,,0.0,1
B,GAT+LSTM,mon,130,0.0,0.5,,0.0,1
B,GAT+LSTM,mon,131,0.0,0.5,,0.0,1
B,GAT+LSTM,mon,132,0.0,0.5,,0.0,1
B,GAT+LSTM,mon,133,0.0,0.5,,0.0,1
B,GAT+LSTM,mon,134,0.0,0.5,,0.0,1
B,GAT+LSTM,mon,135,0.0,0.5,,0.0,1
B,GAT+LSTM,mon,136,0.0,0.5,,0.0,1
B,GAT+LSTM,mon,137,0.0,0.5,,0.0,1
B,GAT+LSTM,mon,138,0.0,0.5,,0.0,1
B,GAT+LSTM,mon,139,0.0,0.5,,0.0,1
B,GAT+LSTM,mon,140,0.0,0.5,,0.0,1
B,GAT+LSTM,mon,141,0.0,0.5,,0.0,1
B,GAT+LSTM,mon,142,0.0,0.5,,0.0,1
B,GAT+LSTM,mon,143,0.0,0.5,,0.0,1
B,GAT+LSTM,mon,144,0.0,0.5,,0.0,1
B,GAT+LSTM,mon,145,0.0,0.5,,0.0,1
B,GAT+LSTM,mon,146,0.0,0.5,,0.0,1
B,GAT+LSTM,mon,147,0.0,0.5,,0.0,1
B,GAT+LSTM,mon,148,0.0,0.5,,0.0,1
B,GAT+LSTM,mon,149,0.0,0.5,,0.0,1
B,GAT+LSTM,mon,150,0.0,0.5,,0.0,1
B,GAT+LSTM,mon,151,0.0,0.5,,0.0,1
B,GAT+LSTM,mon,152,0.0,0.5,,0.0,1
B,GAT+LSTM,mon,153,0.0,0.5,,0.0,1
B,GAT+LSTM,mon,154,0.0,0.5,,0.0,1
B,GAT+LSTM,mon,155,0.0,0.5,,0.0,1
B,GAT+LSTM,mon,156,0.0,0.5,,0.0,1
B,GAT+LSTM,mon,157,0.0,0.5,,0.0,1
B,GAT+LSTM,mon,158,0.0,0.5,,0.0,1
B,GAT+LSTM,mon,159,0.0,0.5,,0.0,1
B,GAT+LSTM,mon,160,0.0,0.5,,0.0,1
B,GAT+LSTM,mon,161,0.0,0.5,,0.0,1
B,GAT+LSTM,mon,162,0.0,0.5,,0.0,1
B,GAT+LSTM,mon,163,0.0,0.5,,0.0,1
B,GAT+LSTM,mon,164,0.0,0.5,,0.0,1
B,GAT+LSTM,mon,165,0.0,0.5,,0.0,1
B,GAT+LSTM,mon,166,0.0,0.5,,0.0,1
B,GAT+LSTM,mon,167,0.0,0.5,,0.0,1
B,GAT+LSTM,mon,168,0.0,0.5,,0.0,1
B,GAT+LSTM,mon,169,0.0,0.5,,0.0,1
B,GAT+LSTM,mon,170,0.0,0.5,,0.0,1
B,GAT+LSTM,mon,171,0.0,0.5,,0.0,1
B,GAT+LSTM,mon,172,0.0,0.5,,0.0,1
B,GAT+LSTM,mon,173,0.0,0.5,,0.0,1
B,GAT+LSTM,mon,174,0.0,0.5,,0.0,1
B,GAT+LSTM,mon,175,0.0,0.5,,0.0,1
B,GAT+LSTM,mon,176,0.0,0.5,,0.0,1
B,GAT+LSTM,mon,177,0.0,0.5,,0.0,1
B,GAT+LSTM,mon,178,0.0,0.5,,0.0,1
B,GAT+LSTM,mon,179,0.0,0.5,,0.0,1
B,GAT+LSTM,mon,180,0.0,0.5,,0.0,1
B,GAT+LSTM,mon,181,0.0,0.5,,0.0,1
B,GAT+LSTM,mon,182,0.0,0.5,,0.0,1
B,GAT+LSTM,mon,183,0.0,0.5,,0.0,1
B,GAT+LSTM,mon,184,0.0,0.5,,0.0,1
B,GAT+LSTM,mon,185,0.0,0.5,,0.0,1
B,GAT+LSTM,mon,186,0.0,0.5,,0.0,1
B,GAT+LSTM,mon,187,0.0,0.5,,0.0,1
B,GAT+LSTM,mon,188,0.0,0.5,,0.0,1
B,GAT+LSTM,mon,189,0.0,0.5,,0.0,1
B,GAT+LSTM,mon,190,0.0,0.5,,0.0,1
B,GAT+LSTM,mon,191,0.0,0.5,,0.0,1
B,GAT+LSTM,mon,192,0.0,0.5,,0.0,1
B,GAT+LSTM,mon,193,0.0,0.5,,0.0,1
B,GAT+LSTM,mon,194,0.0,0.5,,0.0,1
B,GAT+LSTM,mon,195,0.0,0.5,,0.0,1
B,GAT+LSTM,mon,196,0.0,0.5,,0.0,1
B,GAT+LSTM,mon,197,0.0,0.5,,0.0,1
B,GAT+LSTM,mon,198,0.0,0.5,,0.0,1
B,GAT+LSTM,mon,199,0.0,0.5,,0.0,1
B,GAT+LSTM,mon,200,0.0,0.5,,0.0,1
B,GAT+LSTM,mon,201,0.0,0.5,,0.0,1
B,GAT+LSTM,mon,202,0.0,0.5,,0.0,1
B,GAT+LSTM,mon,203,0.0,0.5,,0.0,1
B,GAT+LSTM,mon,204,0.0,0.5,,0.0,1
B,GAT+LSTM,mon,205,0.0,0.5,,0.0,1
B,GAT+LSTM,mon,206,0.0,0.5,,0.0,1
B,GAT+LSTM,mon,207,0.0,0.5,,0.0,1
B,GAT+LSTM,mon,208,0.0,0.5,,0.0,1
B,GAT+LSTM,mon,209,0.0,0.5,,0.0,1
B,GAT+LSTM,mon,210,0.0,0.5,,0.0,1
B,GAT+LSTM,mon,211,0.0,0.5,,0.0,1
B,GAT+LSTM,mon,212,0.0,0.5,,0.0,1
B,GAT+LSTM,mon,213,0.0,0.5,,0.0,1
B,GAT+LSTM,mon,214,0.0,0.5,,0.0,1
B,GAT+LSTM,mon,215,0.0,0.5,,0.0,1
B,GAT+LSTM,mon,216,0.0,0.5,,0.0,1
B,GAT+LSTM,mon,217,0.0,0.5,,0.0,1
B,GAT+LSTM,mon,218,0.0,0.5,,0.0,1
B,GAT+LSTM,mon,219,0.0,0.5,,0.0,1
B,GAT+LSTM,mon,220,0.0,0.5,,0.0,1
B,GAT+LSTM,mon,221,0.0,0.5,,0.0,1
B,GAT+LSTM,mon,222,0.0,0.5,,0.0,1
B,GAT+LSTM,mon,223,0.0,0.5,,0.0,1
B,GAT+LSTM,mon,224,0.0,0.5,,0.0,1
B,GAT+LSTM,mon,225,0.0,0.5,,0.0,1
B,GAT+LSTM,mon,226,0.0,0.5,,0.0,1
B,GAT+LSTM,mon,227,0.0,0.5,,0.0,1
B,GAT+LSTM,mon,228,0.0,0.5,,0.0,1
B,GAT+LSTM,mon,229,0.0,0.5,,0.0,1
B,GAT+LSTM,mon,230,0.0,0.5,,0.0,1
B,GAT+LSTM,mon,231,0.0,0.5,,0.0,1
B,GAT+LSTM,mon,232,0.0,0.5,,0.0,1
B,GAT+LSTM,mon,233,0.0,0.5,,0.0,1
B,GAT+LSTM,mon,234,0.0,0.5,,0.0,1
B,GAT+LSTM,mon,235,0.0,0.5,,0.0,1
B,GAT+LSTM,mon,236,0.0,0.5,,0.0,1
B,GAT+LSTM,mon,237,0.0,0.5,,0.0,1
B,GAT+LSTM,mon,238,0.0,0.5,,0.0,1
B,GAT+LSTM,mon,239,0.0,0.5,,0.0,1
B,GAT+LSTM,mon,240,0.0,0.5,,0.0,1
B,GAT+LSTM,mon,241,0.0,0.5,,0.0,1
B,GAT+LSTM,mon,242,0.0,0.5,,0.0,1
B,GAT+LSTM,mon,243,0.0,0.5,,0.0,1
B,GAT+LSTM,mon,244,0.0,0.5,,0.0,1
B,GAT+LSTM,mon,245,0.0,0.5,,0.0,1
B,GAT+LSTM,mon,246,0.0,0.5,,0.0,1
B,GAT+LSTM,mon,247,0.0,0.5,,0.0,1
B,GAT+LSTM,mon,248,0.0,0.5,,0.0,1
B,GAT+LSTM,mon,249,0.0,0.5,,0.0,1
B,GAT+LSTM,mon,250,0.0,0.5,,0.0,1
B,GAT+LSTM,mon,251,0.0,0.5,,0.0,1
B,GAT+LSTM,mon,252,0.0,0.5,,0.0,1
B,GAT+LSTM,mon,253,0.0,0.5,,0.0,1
B,GAT+LSTM,mon,254,0.0,0.5,,0.0,1
B,GAT+LSTM,mon,255,0.0,0.5,,0.0,1
B,GAT+LSTM,mon,256,0.0,0.5,,0.0,1
B,GAT+LSTM,mon,257,0.0,0.5,,0.0,1
B,GAT+LSTM,mon,258,0.0,0.5,,0.0,1
B,GAT+LSTM,mon,259,0.0,0.5,,0.0,1
B,GAT+LSTM,mon,260,0.0,0.5,,0.0,1
B,GAT+LSTM,mon,261,0.0,0.5,,0.0,1
B,GAT+LSTM,mon,262,0.0,0.5,,0.0,1
B,GAT+LSTM,mon,263,0.0,0.5,,0.0,1
B,GAT+LSTM,mon,264,0.0,0.5,,0.0,1
B,GAT+LSTM,mon,265,0.0,0.5,,0.0,1
B,GAT+LSTM,mon,266,0.0,0.5,,0.0,1
B,GAT+LSTM,mon,267,0.0,0.5,,0.0,1
B,GAT+LSTM,mon,268,0.0,0.5,,0.0,1
B,GAT+LSTM,mon,269,0.0,0.5,,0.0,1
B,GAT+LSTM,mon,270,0.0,0.5,,0.0,1
B,GAT+LSTM,mon,271,0.0,0.5,,0.0,1
B,GAT+LSTM,mon,272,0.0,0.5,,0.0,1
B,GAT+LSTM,mon,273,0.0,0.5,,0.0,1
B,GAT+LSTM,mon,274,0.0,0.5,,0.0,1
B,GAT+LSTM,mon,275,0.0,0.5,,0.0,1
B,GAT+LSTM,mon,276,0.0,0.5,,0.0,1
B,GAT+LSTM,mon,277,0.0,0.5,,0.0,1
B,GAT+LSTM,mon,278,0.0,0.5,,0.0,1
B,GAT+LSTM,mon,279,0.0,0.5,,0.0,1
B,GAT+LSTM,mon,280,0.0,0.5,,0.0,1
B,GAT+LSTM,mon,281,0.0,0.5,,0.0,1
B,GAT+LSTM,mon,282,0.0,0.5,,0.0,1
B,GAT+LSTM,mon,283,0.0,0.5,,0.0,1
B,GAT+LSTM,mon,284,0.0,0.5,,0.0,1
B,GAT+LSTM,mon,285,0.0,0.5,,0.0,1
B,GAT+LSTM,mon,286,0.0,0.5,,0.0,1
B,GAT+LSTM,mon,287,0.0,0.5,,0.0,1
B,GAT+LSTM,mon,288,0.0,0.5,,0.0,1
B,GAT+LSTM,mon,289,0.0,0.5,,0.0,1
B,GAT+LSTM,mon,290,0.0,0.5,,0.0,1
B,GAT+LSTM,mon,291,0.0,0.5,,0.0,1
B,GAT+LSTM,mon,292,0.0,0.5,,0.0,1
B,GAT+LSTM,mon,293,0.0,0.5,,0.0,1
B,GAT+LSTM,mon,294,0.0,0.5,,0.0,1
B,GAT+LSTM,mon,295,0.0,0.5,,0.0,1
B,GAT+LSTM,mon,296,0.0,0.5,,0.0,1
B,GAT+LSTM,mon,297,0.0,0.5,,0.0,1
B,GAT+LSTM,mon,298,0.0,0.5,,0.0,1
B,GAT+LSTM,mon,299,0.0,0.5,,0.0,1
B,GAT+LSTM,mon,300,0.0,0.5,,0.0,1
B,GAT+LSTM,mon,301,0.0,0.5,,0.0,1
B,GAT+LSTM,mon,302,0.0,0.5,,0.0,1
B,GAT+LSTM,mon,303,0.0,0.5,,0.0,1
B,GAT+LSTM,mon,304,0.0,0.5,,0.0,1
B,GAT+LSTM,mon,305,0.0,0.5,,0.0,1
B,GAT+LSTM,mon,306,0.0,0.5,,0.0,1
B,GAT+LSTM,mon,307,0.0,0.5,,0.0,1
B,GAT+LSTM,mon,308,0.0,0.5,,0.0,1
B,GAT+LSTM,mon,309,0.0,0.5,,0.0,1
B,GAT+LSTM,mon,310,0.0,0.5,,0.0,1
B,GAT+LSTM,mon,311,0.0,0.5,,0.0,1
B,GAT+LSTM,mon,312,0.0,0.5,,0.0,1
B,GAT+LSTM,mon,313,0.0,0.5,,0.0,1
B,GAT+LSTM,mon,314,0.0,0.5,,0.0,1
B,GAT+LSTM,mon,315,0.0,0.5,,0.0,1
B,GAT+LSTM,mon,316,0.0,0.5,,0.0,1
B,GAT+LSTM,mon,317,0.0,0.5,,0.0,1
B,GAT+LSTM,mon,318,0.0,0.5,,0.0,1
B,GAT+LSTM,mon,319,0.0,0.5,,0.0,1
B,GAT+LSTM,mon,320,0.0,0.5,,0.0,1
B,GAT+LSTM,mon,321,0.0,0.5,,0.0,1
B,GAT+LSTM,mon,322,0.0,0.5,,0.0,1
B,GAT+LSTM,mon,323,0.0,0.5,,0.0,1
B,GAT+LSTM,mon,324,0.0,0.5,,0.0,1
B,GAT+LSTM,mon,325,0.0,0.5,,0.0,1
B,GAT+LSTM,mon,326,0.0,0.5,,0.0,1
B,GAT+LSTM,mon,327,0.0,0.5,,0.0,1
B,GAT+LSTM,mon,328,0.0,0.5,,0.0,1
B,GAT+LSTM,mon,329,0.0,0.5,,0.0,1
B,GAT+LSTM,mon,330,0.0,0.5,,0.0,1
B,GAT+LSTM,mon,331,0.0,0.5,,0.0,1
B,GAT+LSTM,mon,332,0.0,0.5,,0.0,1
B,GAT+LSTM,mon,333,0.0,0.5,,0.0,1
B,GAT+LSTM,mon,334,0.0,0.5,,0.0,1
B,GAT+LSTM,mon,335,0.0,0.5,,0.0,1
B,GAT+LSTM,mon,336,0.0,0.5,,0.0,1
B,GAT+LSTM,mon,337,0.0,0.5,,0.0,1
B,GAT+LSTM,mon,338,0.0,0.5,,0.0,1
B,GAT+LSTM,mon,339,0.0,0.5,,0.0,1
B,GAT+LSTM,mon,340,0.0,0.5,,0.0,1
B,GAT+LSTM,mon,341,0.0,0.5,,0.0,1
B,GAT+LSTM,mon,342,0.0,0.5,,0.0,1
B,GAT+LSTM,mon,343,0.0,0.5,,0.0,1
B,GAT+LSTM,mon,344,0.0,0.5,,0.0,1
B,GAT+LSTM,mon,345,0.0,0.5,,0.0,1
B,GAT+LSTM,mon,346,0.0,0.5,,0.0,1
B,GAT+LSTM,mon,347,0.0,0.5,,0.0,1
B,GAT+LSTM,mon,348,0.0,0.5,,0.0,1
B,GAT+LSTM,mon,349,0.0,0.5,,0.0,1
B,GAT+LSTM,mon,350,0.0,0.5,,0.0,1
B,GAT+LSTM,mon,351,0.0,0.5,,0.0,1
B,GAT+LSTM,mon,352,0.0,0.5,,0.0,1
B,GAT+LSTM,mon,353,0.0,0.5,,0.0,1
B,GAT+LSTM,mon,354,0.0,0.5,,0.0,1
B,GAT+LSTM,mon,355,0.0,0.5,,0.0,1
B,GAT+LSTM,mon,356,0.0,0.5,,0.0,1
B,GAT+LSTM,mon,357,0.0,0.5,,0.0,1
B,GAT+LSTM,mon,358,0.0,0.5,,0.0,1
B,GAT+LSTM,mon,359,0.0,0.5,,0.0,1
B,GAT+LSTM,mon,360,0.0,0.5,,0.0,1
B,GAT+LSTM,mon,361,0.0,0.5,,0.0,1
B,GAT+LSTM,mon,362,0.0,0.5,,0.0,1
B,GAT+LSTM,mon,363,0.0,0.5,,0.0,1
B,GAT+LSTM,mon,364,0.0,0.5,,0.0,1
B,GAT+LSTM,mon,365,0.0,0.5,,0.0,1
B,GAT+LSTM,mon,366,0.0,0.5,,0.0,1
B,GAT+LSTM,mon,367,0.0,0.5,,0.0,1
B,GAT+LSTM,mon,368,0.0,0.5,,0.0,1
B,GAT+LSTM,mon,369,0.0,0.5,,0.0,1
B,GAT+LSTM,mon,370,0.0,0.5,,0.0,1
B,GAT+LSTM,mon,371,0.0,0.5,,0.0,1
B,GAT+LSTM,mon,372,0.0,0.5,,0.0,1
B,GAT+LSTM,mon,373,0.0,0.5,,0.0,1
B,GAT+LSTM,mon,374,0.0,0.5,,0.0,1
B,GAT+LSTM,mon,375,0.0,0.5,,0.0,1
B,GAT+LSTM,mon,376,0.0,0.5,,0.0,1
B,GAT+LSTM,mon,377,0.0,0.5,,0.0,1
B,GAT+LSTM,mon,378,0.0,0.5,,0.0,1
B,GAT+LSTM,mon,379,0.0,0.5,,0.0,1
B,GAT+LSTM,mon,380,0.0,0.5,,0.0,1
B,GAT+LSTM,mon,381,0.0,0.5,,0.0,1
B,GAT+LSTM,mon,382,0.0,0.5,,0.0,1
B,GAT+LSTM,mon,383,0.0,0.5,,0.0,1
B,GAT+LSTM,mon,384,0.0,0.5,,0.0,1
B,GAT+LSTM,mon,385,0.0,0.5,,0.0,1
B,GAT+LSTM,mon,386,0.0,0.5,,0.0,1
B,GAT+LSTM,mon,387,0.0,0.5,,0.0,1
B,GAT+LSTM,mon,388,0.0,0.5,,0.0,1
B,GAT+LSTM,mon,389,0.0,0.5,,0.0,1
B,GAT+LSTM,mon,390,0.0,0.5,,0.0,1
B,GAT+LSTM,mon,391,0.0,0.5,,0.0,1
B,GAT+LSTM,mon,392,0.0,0.5,,0.0,1
B,GAT+LSTM,mon,393,0.0,0.5,,0.0,1
B,GAT+LSTM,mon,394,0.0,0.5,,0.0,1
B,GAT+LSTM,mon,395,0.0,0.5,,0.0,1
B,GAT+LSTM,mon,396,0.0,0.5,,0.0,1
B,GAT+LSTM,mon,397,0.0,0.5,,0.0,1
B,GAT+LSTM,mon,398,0.0,0.5,,0.0,1
B,GAT+LSTM,mon,399,0.0,0.5,,0.0,1
B,GAT+LSTM,mon,400,0.0,0.5,,0.0,1
B,GAT+LSTM,mon,401,0.0,0.5,,0.0,1
B,GAT+LSTM,mon,402,0.0,0.5,,0.0,1
B,GAT+LSTM,mon,403,0.0,0.5,,0.0,1
B,GAT+LSTM,mon,404,0.0,0.5,,0.0,1
B,GAT+LSTM,mon,405,0.0,0.5,,0.0,1
B,GAT+LSTM,mon,406,0.0,0.5,,0.0,1
B,GAT+LSTM,mon,407,0.0,0.5,,0.0,1
B,GAT+LSTM,mon,408,0.0,0.5,,0.0,1
B,GAT+LSTM,mon,409,0.0,0.5,,0.0,1
B,GAT+LSTM,mon,410,0.0,0.5,,0.0,1
B,GAT+LSTM,mon,411,0.0,0.5,,0.0,1
B,GAT+LSTM,mon,412,0.0,0.5,,0.0,1
B,GAT+LSTM,mon,413,0.0,0.5,,0.0,1
B,GAT+LSTM,mon,414,0.0,0.5,,0.0,1
B,GAT+LSTM,mon,415,0.0,0.5,,0.0,1
B,GAT+LSTM,mon,416,0.0,0.5,,0.0,1
B,GAT+LSTM,mon,417,0.0,0.5,,0.0,1
B,GAT+LSTM,mon,418,0.0,0.5,,0.0,1
B,GAT+LSTM,mon,419,0.0,0.5,,0.0,1
B,GAT+LSTM,mon,420,0.0,0.5,,0.0,1
B,GAT+LSTM,mon,421,0.0,0.5,,0.0,1
B,GAT+LSTM,mon,422,0.0,0.5,,0.0,1
B,GAT+LSTM,mon,423,0.0,0.5,,0.0,1
B,GAT+LSTM,mon,424,0.0,0.5,,0.0,1
B,GAT+LSTM,mon,425,0.0,0.5,,0.0,1
B,GAT+LSTM,mon,426,0.0,0.5,,0.0,1
B,GAT+LSTM,mon,427,0.0,0.5,,0.0,1
B,GAT+LSTM,mon,428,0.0,0.5,,0.0,1
B,GAT+LSTM,mon,429,0.0,0.5,,0.0,1
B,GAT+LSTM,mon,430,0.0,0.5,,0.0,1
B,GAT+LSTM,mon,431,0.0,0.5,,0.0,1
B,GAT+LSTM,mon,432,0.0,0.5,,0.0,1
B,GAT+LSTM,mon,433,0.0,0.5,,0.0,1
B,GAT+LSTM,mon,434,0.0,0.5,,0.0,1
B,GAT+LSTM,mon,435,0.0,0.5,,0.0,1
B,GAT+LSTM,mon,436,0.0,0.5,,0.0,1
B,GAT+LSTM,mon,437,0.0,0.5,,0.0,1
B,GAT+LSTM,mon,438,0.0,0.5,,0.0,1
B,GAT+LSTM,mon,439,0.0,0.5,,0.0,1
B,GAT+LSTM,mon,440,0.0,0.5,,0.0,1
B,GAT+LSTM,mon,441,0.0,0.5,,0.0,1
B,GAT+LSTM,mon,442,0.0,0.5,,0.0,1
B,GAT+LSTM,mon,443,0.0,0.5,,0.0,1
B,GAT+LSTM,mon,444,0.0,0.5,,0.0,1
B,GAT+LSTM,mon,445,0.0,0.5,,0.0,1
B,GAT+LSTM,mon,446,0.0,0.5,,0.0,1
B,GAT+LSTM,mon,447,0.0,0.5,,0.0,1
B,GAT+LSTM,mon,448,0.0,0.5,,0.0,1
B,GAT+LSTM,mon,449,0.0,0.5,,0.0,1
B,GAT+LSTM,mon,450,0.0,0.5,,0.0,1
B,GAT+LSTM,mon,451,0.0,0.5,,0.0,1
B,GAT+LSTM,mon,452,0.0,0.5,,0.0,1
B,GAT+LSTM,mon,453,0.0,0.5,,0.0,1
B,GAT+LSTM,mon,454,0.0,0.5,,0.0,1
B,GAT+LSTM,mon,455,0.0,0.5,,0.0,1
B,GAT+LSTM,mon,456,0.0,0.5,,0.0,1
B,GAT+LSTM,mon,457,0.0,0.5,,0.0,1
B,GAT+LSTM,mon,458,0.0,0.5,,0.0,1
B,GAT+LSTM,mon,459,0.0,0.5,,0.0,1
B,GAT+LSTM,mon,460,0.0,0.5,,0.0,1
B,GAT+LSTM,mon,461,0.0,0.5,,0.0,1
B,GAT+LSTM,mon,462,0.0,0.5,,0.0,1
B,GAT+LSTM,mon,463,0.0,0.5,,0.0,1
B,GAT+LSTM,mon,464,0.0,0.5,,0.0,1
B,GAT+LSTM,mon,465,0.0,0.5,,0.0,1
B,GAT+LSTM,mon,466,0.0,0.5,,0.0,1
B,GAT+LSTM,mon,467,0.0,0.5,,0.0,1
B,GAT+LSTM,mon,468,0.0,0.5,,0.0,1
B,GAT+LSTM,mon,469,0.0,0.5,,0.0,1
B,GAT+LSTM,mon,470,0.0,0.5,,0.0,1
B,GAT+LSTM,mon,471,0.0,0.5,,0.0,1
B,GAT+LSTM,mon,472,0.0,0.5,,0.0,1
B,GAT+LSTM,mon,473,0.0,0.5,,0.0,1
B,GAT+LSTM,mon,474,0.0,0.5,,0.0,1
B,GAT+LSTM,mon,475,0.0,0.5,,0.0,1
B,GAT+LSTM,mon,476,0.0,0.5,,0.0,1
B,GAT+LSTM,mon,477,0.0,0.5,,0.0,1
B,GAT+LSTM,mon,478,0.0,0.5,,0.0,1
B,GAT+LSTM,mon,479,0.0,0.5,,0.0,1
B,GAT+LSTM,mon,480,0.0,0.5,,0.0,1
B,GAT+LSTM,mon,481,0.0,0.5,,0.0,1
B,GAT+LSTM,mon,482,0.0,0.5,,0.0,1
B,GAT+LSTM,mon,483,0.0,0.5,,0.0,1
B,GAT+LSTM,mon,484,0.0,0.5,,0.0,1
B,GAT+LSTM,mon,485,0.0,0.5,,0.0,1
B,GAT+LSTM,mon,486,0.0,0.5,,0.0,1
B,GAT+LSTM,mon,487,0.0,0.5,,0.0,1
B,GAT+LSTM,mon,488,0.0,0.5,,0.0,1
B,GAT+LSTM,mon,489,0.0,0.5,,0.0,1
B,GAT+LSTM,mon,490,0.0,0.5,,0.0,1
B,GAT+LSTM,mon,491,0.0,0.5,,0.0,1
B,GAT+LSTM,mon,492,0.0,0.5,,0.0,1
B,GAT+LSTM,mon,493,0.0,0.5,,0.0,1
B,GAT+LSTM,mon,494,0.0,0.5,,0.0,1
B,GAT+LSTM,mon,495,0.0,0.5,,0.0,1
B,GAT+LSTM,mon,496,0.0,0.5,,0.0,1
B,GAT+LSTM,mon,497,0.0,0.5,,0.0,1
B,GAT+LSTM,mon,498,0.0,0.5,,0.0,1
B,GAT+LSTM,mon,499,0.0,0.5,,0.0,1
B,GAT+LSTM,mon,500,0.0,0.5,,0.0,1
B,GAT+LSTM,mon,501,0.0,0.5,,0.0,1
B,GAT+LSTM,mon,502,0.0,0.5,,0.0,1
B,GAT+LSTM,tue,611,0.0,0.5,,0.0,2
B,GAT+LSTM,tue,612,0.0,0.5,,0.0,2
B,GAT+LSTM,tue,613,0.0,0.5,,0.0,2
B,GAT+LSTM,tue,614,0.0,0.5,,0.0,2
B,GAT+LSTM,tue,615,0.0,0.5,,0.0,2
B,GAT+LSTM,tue,616,0.0,0.5,,0.0,2
B,GAT+LSTM,tue,617,0.0,0.5,,0.0,2
B,GAT+LSTM,tue,618,0.0,0.5,,0.0,2
B,GAT+LSTM,tue,619,0.0,0.5,,0.0,2
B,GAT+LSTM,tue,620,0.0,0.5,,0.0,2
B,GAT+LSTM,tue,621,0.0,0.5,,0.0,2
B,GAT+LSTM,tue,622,0.0,1.0,1.0,0.0,2
B,GAT+LSTM,tue,623,0.6666666666666666,1.0,1.0,0.0,2
B,GAT+LSTM,tue,624,0.8,1.0,1.0,0.0,2
B,GAT+LSTM,tue,625,0.8571428571428571,1.0,1.0,0.0,2
B,GAT+LSTM,tue,626,0.8888888888888888,1.0,1.0,0.0,2
B,GAT+LSTM,tue,627,0.9090909090909091,1.0,1.0,0.0,2
B,GAT+LSTM,tue,628,0.9230769230769231,0.9999999999999998,1.0,0.0,2
B,GAT+LSTM,tue,629,0.9333333333333333,1.0,1.0,0.0,2
B,GAT+LSTM,tue,630,0.9411764705882353,1.0000000000000002,1.0,0.0,2
B,GAT+LSTM,tue,631,0.9473684210526315,0.9999999999999999,1.0,0.0,2
B,GAT+LSTM,tue,632,0.9523809523809523,1.0,1.0,0.0,2
B,GAT+LSTM,tue,633,0.9565217391304348,1.0,1.0,0.0,2
B,GAT+LSTM,tue,634,0.96,0.9999999999999998,1.0,0.0,2
B,GAT+LSTM,tue,635,0.9629629629629629,0.9999999999999999,1.0,0.0,2
B,GAT+LSTM,tue,636,0.9655172413793104,1.0,1.0,0.0,2
B,GAT+LSTM,tue,637,0.967741935483871,1.0,1.0,0.0,2
B,GAT+LSTM,tue,638,0.9696969696969697,1.0,1.0,0.0,2
B,GAT+LSTM,tue,639,0.9714285714285714,1.0,1.0,0.0,2
B,GAT+LSTM,tue,640,0.972972972972973,0.9999999999999998,1.0,0.0,2
B,GAT+LSTM,tue,641,0.9743589743589743,1.0000000000000002,,0.0,2
B,GAT+LSTM,tue,642,1.0,1.0000000000000002,,0.0,2
B,GAT+LSTM,tue,643,1.0,1.0000000000000002,,0.0,2
B,GAT+LSTM,tue,644,1.0,1.0000000000000002,,0.0,2
B,GAT+LSTM,tue,645,1.0,1.0000000000000002,,0.0,2
B,GAT+LSTM,tue,646,1.0,1.0000000000000002,,0.0,2
B,GAT+LSTM,tue,647,1.0,1.0000000000000002,,0.0,2
B,GAT+LSTM,tue,648,1.0,1.0000000000000002,,0.0,2
B,GAT+LSTM,tue,649,1.0,1.0000000000000002,,0.0,2
B,GAT+LSTM,tue,650,1.0,1.0000000000000002,,0.0,2
B,GAT+LSTM,tue,651,1.0,1.0000000000000002,,0.0,2
B,GAT+LSTM,tue,652,1.0,1.0000000000000002,,0.0,2
B,GAT+LSTM,tue,653,1.0,1.0000000000000002,,0.0,2
B,GAT+LSTM,tue,654,1.0,1.0000000000000002,,0.0,2
B,GAT+LSTM,tue,655,1.0,1.0000000000000002,,0.0,2
B,GAT+LSTM,tue,656,1.0,1.0000000000000002,,0.0,2
B,GAT+LSTM,tue,657,1.0,1.0000000000000002,,0.0,2
B,GAT+LSTM,tue,658,1.0,1.0000000000000002,,0.0,2
B,GAT+LSTM,tue,659,1.0,1.0000000000000002,,0.0,2
B,GAT+LSTM,tue,660,1.0,1.0000000000000002,,0.0,2
B,GAT+LSTM,tue,661,1.0,1.0000000000000002,,0.0,2
B,GAT+LSTM,tue,662,1.0,1.0000000000000002,,0.0,2
B,GAT+LSTM,tue,663,1.0,1.0000000000000002,,0.0,2
B,GAT+LSTM,tue,664,1.0,1.0000000000000002,,0.0,2
B,GAT+LSTM,tue,665,1.0,1.0000000000000002,,0.0,2
B,GAT+LSTM,tue,666,1.0,1.0000000000000002,,0.0,2
B,GAT+LSTM,tue,667,1.0,1.0000000000000002,,0.0,2
B,GAT+LSTM,tue,668,1.0,1.0000000000000002,,0.0,2
B,GAT+LSTM,tue,669,1.0,1.0000000000000002,,0.0,2
B,GAT+LSTM,tue,670,1.0,1.0000000000000002,,0.0,2
B,GAT+LSTM,tue,671,1.0,1.0000000000000002,,0.0,2
B,GAT+LSTM,tue,672,1.0,1.0000000000000002,,0.0,2
B,GAT+LSTM,tue,673,1.0,1.0000000000000002,,0.0,2
B,GAT+LSTM,tue,674,1.0,0.9999999999999998,1.0,0.0,2
B,GAT+LSTM,tue,675,1.0,1.0,1.0,0.0,2
B,GAT+LSTM,tue,676,1.0,1.0,1.0,0.0,2
B,GAT+LSTM,tue,677,1.0,1.0,1.0,0.0,2
B,GAT+LSTM,tue,678,0.967741935483871,0.9928513071895425,0.96875,0.0,2
B,GAT+LSTM,tue,679,0.9655172413793104,0.9919117647058824,0.9733333333333334,0.0,2
B,GAT+LSTM,tue,680,0.9629629629629629,0.9907738095238094,0.9761904761904763,0.0,2
B,GAT+LSTM,tue,681,0.96,0.9893772893772892,0.9780219780219781,0.0,2
B,GAT+LSTM,tue,682,0.9565217391304348,0.9876373626373628,0.9791666666666666,0.0,2
B,GAT+LSTM,tue,683,0.9523809523809523,0.9854312354312356,0.9797979797979798,0.0,2
B,GAT+LSTM,tue,684,0.9473684210526315,0.9825757575757575,0.9800000000000001,0.0,2
B,GAT+LSTM,tue,685,0.9411764705882353,0.978787878787879,0.9797979797979797,0.0,2
B,GAT+LSTM,tue,686,0.9333333333333333,0.9736111111111111,0.9791666666666667,0.0,2
B,GAT+LSTM,tue,687,0.9230769230769231,0.9662698412698412,0.978021978021978,0.0,2
B,GAT+LSTM,tue,688,0.9090909090909091,0.9553571428571428,0.9761904761904763,0.0,2
B,GAT+LSTM,tue,689,0.8888888888888888,0.9380952380952381,0.9733333333333334,0.0,2
B,GAT+LSTM,tue,690,0.8571428571428571,0.9083333333333333,0.96875,0.0,2
B,GAT+LSTM,tue,691,0.8,0.8500000000000001,0.9607843137254901,0.0,2
B,GAT+LSTM,tue,692,0.6666666666666666,0.7083333333333333,0.9444444444444444,0.0,2
B,GAT+LSTM,tue,693,0.0,0.16666666666666666,0.8947368421052632,0.0,2
B,GAT+LSTM,tue,694,0.0,0.25,0.9473684210526316,0.0,2
B,GAT+LSTM,tue,695,0.0,1.0,1.0,0.0,2
B,GAT+LSTM,tue,696,0.0,1.0,1.0,0.0,2
B,GAT+LSTM,tue,697,0.0,1.0,1.0,0.0,2
B,GAT+LSTM,tue,698,0.0,0.5,,0.0,2
B,GAT+LSTM,tue,699,0.0,0.5,,0.0,2
B,GAT+LSTM,tue,700,0.0,0.5,,0.0,2
B,GAT+LSTM,tue,701,0.0,0.5,,0.0,2
B,GAT+LSTM,tue,702,0.0,0.5,,0.0,2
B,GAT+LSTM,tue,703,0.0,0.5,,0.0,2
B,GAT+LSTM,tue,704,0.0,0.5,,0.0,2
B,GAT+LSTM,tue,705,0.0,0.5,,0.0,2
B,GAT+LSTM,tue,706,0.0,0.5,,0.0,2
B,GAT+LSTM,tue,707,0.0,0.5,,0.0,2
B,GAT+LSTM,tue,708,0.0,0.5,,0.0,2
B,GAT+LSTM,tue,709,0.0,0.5,,0.0,2
B,GAT+LSTM,tue,710,0.0,0.5,,0.0,2
B,GAT+LSTM,tue,711,0.0,0.5,,0.0,2
B,GAT+LSTM,tue,712,0.0,0.5,,0.0,2
B,GAT+LSTM,tue,713,0.0,0.5,,0.0,2
B,GAT+LSTM,tue,714,0.0,0.5,,0.0,2
B,GAT+LSTM,tue,715,0.0,0.5,,0.0,2
B,GAT+LSTM,tue,716,0.0,0.5,,0.0,2
B,GAT+LSTM,tue,717,0.0,0.5,,0.0,2
B,GAT+LSTM,tue,718,0.0,0.5,,0.0,2
B,GAT+LSTM,tue,719,0.0,0.5,,0.0,2
B,GAT+LSTM,tue,720,0.0,0.5,,0.0,2
B,GAT+LSTM,tue,721,0.0,0.5,,0.0,2
B,GAT+LSTM,tue,722,0.0,0.5,,0.0,2
B,GAT+LSTM,tue,723,0.0,0.5,,0.0,2
B,GAT+LSTM,tue,724,0.0,0.5,,0.0,2
B,GAT+LSTM,tue,725,0.0,0.5,,0.0,2
B,GAT+LSTM,tue,726,0.0,0.5,,0.0,2
B,GAT+LSTM,tue,727,0.0,0.5,,0.0,2
B,GAT+LSTM,tue,728,0.0,0.5,,0.0,2
B,GAT+LSTM,tue,729,0.0,0.5,,0.0,2
B,GAT+LSTM,tue,730,0.0,0.5,,0.0,2
B,GAT+LSTM,tue,731,0.0,0.5,,0.0,2
B,GAT+LSTM,tue,732,0.0,0.5,,0.0,2
B,GAT+LSTM,tue,733,0.0,0.5,,0.0,2
B,GAT+LSTM,tue,734,0.0,0.5,,0.0,2
B,GAT+LSTM,tue,735,0.0,0.5,,0.0,2
B,GAT+LSTM,tue,736,0.0,0.5,,0.0,2
B,GAT+LSTM,tue,737,0.0,0.5,,0.0,2
B,GAT+LSTM,tue,738,0.0,0.5,,0.0,2
B,GAT+LSTM,tue,739,0.0,0.5,,0.0,2
B,GAT+LSTM,tue,740,0.0,0.5,,0.0,2
B,GAT+LSTM,tue,741,0.0,0.5,,0.0,2
B,GAT+LSTM,tue,742,0.0,0.5,,0.0,2
B,GAT+LSTM,tue,743,0.0,0.5,,0.0,2
B,GAT+LSTM,tue,744,0.0,0.5,,0.0,2
B,GAT+LSTM,tue,745,0.0,0.5,,0.0,2
B,GAT+LSTM,tue,746,0.0,0.5,,0.0,2
B,GAT+LSTM,tue,747,0.0,0.5,,0.0,2
B,GAT+LSTM,tue,748,0.0,0.5,,0.0,2
B,GAT+LSTM,tue,749,0.0,0.5,,0.0,2
B,GAT+LSTM,tue,750,0.0,0.5,,0.0,2
B,GAT+LSTM,tue,751,0.0,0.5,,0.0,2
B,GAT+LSTM,tue,752,0.0,0.5,,0.0,2
B,GAT+LSTM,tue,753,0.0,0.5,,0.0,2
B,GAT+LSTM,tue,754,0.0,0.5,,0.0,2
B,GAT+LSTM,tue,755,0.0,0.5,,0.0,2
B,GAT+LSTM,tue,756,0.0,0.5,,0.0,2
B,GAT+LSTM,tue,757,0.0,0.5,,0.0,2
B,GAT+LSTM,tue,758,0.0,0.5,,0.0,2
B,GAT+LSTM,tue,759,0.0,0.5,,0.0,2
B,GAT+LSTM,tue,760,0.0,0.5,,0.0,2
B,GAT+LSTM,tue,761,0.0,0.5,,0.0,2
B,GAT+LSTM,tue,762,0.0,0.5,,0.0,2
B,GAT+LSTM,tue,763,0.0,0.5,,0.0,2
B,GAT+LSTM,tue,764,0.0,0.5,,0.0,2
B,GAT+LSTM,tue,765,0.0,0.5,,0.0,2
B,GAT+LSTM,tue,766,0.0,1.0,1.0,0.0,2
B,GAT+LSTM,tue,767,0.0,1.0,1.0,0.0,2
B,GAT+LSTM,tue,768,0.0,1.0,1.0,0.0,2
B,GAT+LSTM,tue,769,0.4,1.0,1.0,0.0,2
B,GAT+LSTM,tue,770,0.5714285714285714,1.0,1.0,0.0,2
B,GAT+LSTM,tue,771,0.6666666666666666,1.0,1.0,0.0,2
B,GAT+LSTM,tue,772,0.7272727272727273,0.9999999999999998,1.0,0.0,2
B,GAT+LSTM,tue,773,0.7692307692307693,1.0,1.0,0.0,2
B,GAT+LSTM,tue,774,0.8,1.0000000000000002,1.0,0.0,2
B,GAT+LSTM,tue,775,0.8235294117647058,0.9999999999999999,1.0,0.0,2
B,GAT+LSTM,tue,776,0.8421052631578947,1.0,1.0,0.0,2
B,GAT+LSTM,tue,777,0.8571428571428571,1.0,1.0,0.0,2
B,GAT+LSTM,tue,778,0.8695652173913043,0.9999999999999998,1.0,0.0,2
B,GAT+LSTM,tue,779,0.88,0.9999999999999999,1.0,0.0,2
B,GAT+LSTM,tue,780,0.8888888888888888,1.0,1.0,0.0,2
B,GAT+LSTM,tue,781,0.896551724137931,1.0,1.0,0.0,2
B,GAT+LSTM,tue,782,0.9032258064516129,1.0,1.0,0.0,2
B,GAT+LSTM,tue,783,0.9090909090909091,1.0,1.0,0.0,2
B,GAT+LSTM,tue,784,0.9142857142857143,0.9999999999999998,1.0,0.0,2
B,GAT+LSTM,tue,785,0.918918918918919,1.0000000000000002,,0.0,2
B,GAT+LSTM,tue,786,0.9473684210526315,1.0000000000000002,,0.0,2
B,GAT+LSTM,tue,787,0.9743589743589743,1.0000000000000002,,0.0,2
B,GAT+LSTM,tue,788,1.0,1.0000000000000002,,0.0,2
B,GAT+LSTM,tue,789,1.0,1.0000000000000002,,0.0,2
B,GAT+LSTM,tue,790,0.9743589743589743,1.0000000000000002,,0.0,2
B,GAT+LSTM,tue,791,0.9743589743589743,1.0000000000000002,,0.0,2
B,GAT+LSTM,tue,792,0.9743589743589743,1.0000000000000002,,0.0,2
B,GAT+LSTM,tue,793,0.9743589743589743,1.0000000000000002,,0.0,2
B,GAT+LSTM,tue,794,0.9743589743589743,1.0000000000000002,,0.0,2
B,GAT+LSTM,tue,795,0.9743589743589743,1.0000000000000002,,0.0,2
B,GAT+LSTM,tue,796,0.9743589743589743,1.0000000000000002,,0.0,2
B,GAT+LSTM,tue,797,0.9743589743589743,1.0000000000000002,,0.0,2
B,GAT+LSTM,tue,798,0.9743589743589743,1.0000000000000002,,0.0,2
B,GAT+LSTM,tue,799,0.9743589743589743,1.0000000000000002,,0.0,2
B,GAT+LSTM,tue,800,0.9743589743589743,1.0000000000000002,,0.0,2
B,GAT+LSTM,tue,801,0.9743589743589743,1.0000000000000002,,0.0,2
B,GAT+LSTM,tue,802,0.9743589743589743,1.0000000000000002,,0.0,2
B,GAT+LSTM,tue,803,0.9743589743589743,1.0000000000000002,,0.0,2
B,GAT+LSTM,tue,804,0.9743589743589743,1.0000000000000002,,0.0,2
B,GAT+LSTM,tue,805,0.9743589743589743,1.0000000000000002,,0.0,2
B,GAT+LSTM,tue,806,0.9743589743589743,1.0000000000000002,,0.0,2
B,GAT+LSTM,tue,807,0.9743589743589743,1.0000000000000002,,0.0,2
B,GAT+LSTM,tue,808,0.9743589743589743,1.0000000000000002,,0.0,2
B,GAT+LSTM,tue,809,0.9743589743589743,1.0000000000000002,,0.0,2
B,GAT+LSTM,tue,810,1.0,1.0000000000000002,,0.0,2
B,GAT+LSTM,tue,811,1.0,1.0000000000000002,,0.0,2
B,GAT+LSTM,tue,812,0.9743589743589743,0.997299168975069,0.9473684210526315,1.0,2
B,GAT+LSTM,tue,813,0.972972972972973,0.9969948018193633,0.9722222222222222,0.5,2
B,GAT+LSTM,tue,814,0.9714285714285714,0.9966359092656671,0.9803921568627452,0.3333333333333333,2
B,GAT+LSTM,tue,815,0.9696969696969697,0.9962086397058824,0.984375,0.25,2
B,GAT+LSTM,tue,816,0.967741935483871,0.9956944444444444,0.9866666666666667,0.2,2
B,GAT+LSTM,tue,817,0.9655172413793104,0.9950680272108843,0.9880952380952381,0.16666666666666666,2
B,GAT+LSTM,tue,818,0.9629629629629629,0.9942941673710903,0.989010989010989,0.14285714285714285,2
B,GAT+LSTM,tue,819,0.96,0.9933226495726496,0.9895833333333334,0.125,2
B,GAT+LSTM,tue,820,0.9565217391304348,0.9920798898071626,0.9898989898989898,0.1111111111111111,2
B,GAT+LSTM,tue,821,0.9523809523809523,0.9904545454545454,0.99,0.1,2
B,GAT+LSTM,tue,822,0.9473684210526315,0.9882716049382718,0.9898989898989898,0.09090909090909091,2
B,GAT+LSTM,tue,823,0.9411764705882353,0.9852430555555556,0.9895833333333333,0.08333333333333333,2
B,GAT+LSTM,tue,824,0.9333333333333333,0.9808673469387754,0.989010989010989,0.07692307692307693,2
B,GAT+LSTM,tue,825,0.9230769230769231,0.9742063492063491,0.9880952380952381,0.07142857142857142,2
B,GAT+LSTM,tue,826,0.9090909090909091,0.9633333333333334,0.9866666666666667,0.06666666666666667,2
B,GAT+LSTM,tue,827,0.8888888888888888,1.0,1.0,0.0625,2
B,GAT+LSTM,tue,828,0.8571428571428571,1.0,1.0,0.058823529411764705,2
B,GAT+LSTM,tue,829,0.8,1.0,1.0,0.05555555555555555,2
B,GAT+LSTM,tue,830,0.6666666666666666,1.0,1.0,0.05263157894736842,2
B,GAT+LSTM,tue,831,0.0,0.5,,0.05,2
B,GAT+LSTM,tue,832,0.0,0.5,,0.0,2
B,GAT+LSTM,tue,833,0.0,0.5,,0.0,2
B,GAT+LSTM,tue,834,0.0,0.5,,0.0,2
B,GAT+LSTM,tue,835,0.0,0.5,,0.0,2
B,GAT+LSTM,tue,836,0.0,0.5,,0.0,2
B,GAT+LSTM,tue,837,0.0,0.5,,0.0,2
B,GAT+LSTM,tue,838,0.0,0.5,,0.0,2
B,GAT+LSTM,tue,839,0.0,0.5,,0.0,2
B,GAT+LSTM,tue,840,0.0,0.5,,0.0,2
B,GAT+LSTM,tue,841,0.0,0.5,,0.0,2
B,GAT+LSTM,tue,842,0.0,0.5,,0.0,2
B,GAT+LSTM,tue,843,0.0,0.5,,0.0,2
B,GAT+LSTM,tue,844,0.0,0.5,,0.0,2
B,GAT+LSTM,tue,845,0.0,0.5,,0.0,2
B,GAT+LSTM,tue,846,0.0,0.5,,0.0,2
B,GAT+LSTM,tue,847,0.0,0.5,,0.0,2
B,GAT+LSTM,tue,848,0.0,0.5,,0.0,2
B,GAT+LSTM,tue,849,0.0,0.5,,0.0,2
B,GAT+LSTM,tue,850,0.0,0.5,,0.0,2
B,GAT+LSTM,tue,851,0.0,0.5,,0.0,2
B,GAT+LSTM,tue,852,0.0,0.5,,0.0,2
B,GAT+LSTM,tue,853,0.0,0.5,,0.0,2
B,GAT+LSTM,tue,854,0.0,0.5,,0.0,2
B,GAT+LSTM,tue,855,0.0,0.5,,0.0,2
B,GAT+LSTM,tue,856,0.0,0.5,,0.0,2
B,GAT+LSTM,tue,857,0.0,0.5,,0.0,2
B,GAT+LSTM,tue,858,0.0,0.5,,0.0,2
B,GAT+LSTM,tue,859,0.0,0.5,,0.0,2
B,GAT+LSTM,tue,860,0.0,0.5,,0.0,2
B,GAT+LSTM,tue,861,0.0,0.5,,0.0,2
B,GAT+LSTM,tue,862,0.0,0.5,,0.0,2
B,GAT+LSTM,tue,863,0.0,0.5,,0.0,2
B,GAT+LSTM,tue,864,0.0,0.5,,0.0,2
B,GAT+LSTM,tue,865,0.0,0.5,,0.0,2
B,GAT+LSTM,tue,866,0.0,0.5,,0.0,2
B,GAT+LSTM,tue,867,0.0,0.5,,0.0,2
B,GAT+LSTM,tue,868,0.0,0.5,,0.0,2
B,GAT+LSTM,tue,869,0.0,0.5,,0.0,2
B,GAT+LSTM,tue,870,0.0,0.5,,0.0,2
B,GAT+LSTM,tue,871,0.0,0.5,,0.0,2
B,GAT+LSTM,tue,872,0.0,0.5,,0.0,2
B,GAT+LSTM,tue,873,0.0,0.5,,0.0,2
B,GAT+LSTM,tue,874,0.0,0.5,,0.0,2
B,GAT+LSTM,tue,875,0.0,0.5,,0.0,2
B,GAT+LSTM,tue,876,0.0,0.5,,0.0,2
B,GAT+LSTM,tue,877,0.0,0.025,0.0,0.0,2
B,GAT+LSTM,tue,878,0.0,0.05131578947368421,0.0,0.0,2
B,GAT+LSTM,tue,879,0.0,0.07860623781676414,0.0,0.0,2
B,GAT+LSTM,tue,880,0.0,0.10695734434124526,0.0,0.0,2
B,GAT+LSTM,tue,881,0.0,0.13646800825593394,0.0,0.0,2
B,GAT+LSTM,tue,882,0.0,0.16810759616487173,0.023809523809523815,0.0,2
B,GAT+LSTM,tue,883,0.0,0.20315318926000042,0.054945054945054944,0.0,2
B,GAT+LSTM,tue,884,0.0,0.2404222325661954,0.07291666666666666,0.0,2
B,GAT+LSTM,tue,885,0.0,0.2762851064579651,0.07070707070707069,0.0,2
B,GAT+LSTM,tue,886,0.0,0.31437447872045393,0.06999999999999999,0.0,2
B,GAT+LSTM,tue,887,0.0,0.3598510919296171,0.09090909090909091,0.0,2
B,GAT+LSTM,tue,888,0.0,0.40973570346635363,0.11458333333333334,0.0,2
B,GAT+LSTM,tue,889,0.0,0.4567895267258211,0.1208791208791209,0.0,2
B,GAT+LSTM,tue,890,0.0,0.5247819091444699,0.16666666666666666,0.0,2
B,GAT+LSTM,tue,891,0.0,0.581168958034283,0.17333333333333334,0.0,2
B,GAT+LSTM,tue,892,0.0,0.6670031615271553,0.234375,0.0,2
B,GAT+LSTM,tue,893,0.0,0.8078961253542386,0.2941176470588235,0.0,2
B,GAT+LSTM,tue,894,0.0,0.8372881862432946,0.16666666666666666,0.0,2
B,GAT+LSTM,tue,895,0.0,0.8996803689222621,0.10526315789473684,0.0,2
B,GAT+LSTM,tue,896,0.0,1.0000000000000002,,0.0,2
B,GAT+LSTM,tue,897,0.0,1.0000000000000002,,0.0,2
B,GAT+LSTM,tue,898,0.0,1.0000000000000002,,0.0,2
B,GAT+LSTM,tue,899,0.0,1.0000000000000002,,0.0,2
B,GAT+LSTM,tue,900,0.0,1.0000000000000002,,0.0,2
B,GAT+LSTM,tue,901,0.0,1.0000000000000002,,0.0,2
B,GAT+LSTM,tue,902,0.0,1.0000000000000002,,0.0,2
B,GAT+LSTM,tue,903,0.0,1.0000000000000002,,0.0,2
B,GAT+LSTM,tue,904,0.0,1.0000000000000002,,0.0,2
B,GAT+LSTM,tue,905,0.0,1.0000000000000002,,0.0,2
B,GAT+LSTM,tue,906,0.0,1.0000000000000002,,0.0,2
B,GAT+LSTM,tue,907,0.0,1.0000000000000002,,0.0,2
B,GAT+LSTM,tue,908,0.0,1.0000000000000002,,0.0,2
B,GAT+LSTM,tue,909,0.0,1.0000000000000002,,0.0,2
B,GAT+LSTM,tue,910,0.0,1.0000000000000002,,0.0,2
B,GAT+LSTM,tue,911,0.0,1.0000000000000002,,0.0,2
B,GAT+LSTM,tue,912,0.0,1.0000000000000002,,0.0,2
B,GAT+LSTM,tue,913,0.0,1.0000000000000002,,0.0,2
B,GAT+LSTM,tue,914,0.0,1.0000000000000002,,0.0,2
B,GAT+LSTM,tue,915,0.0,1.0000000000000002,,0.0,2
B,GAT+LSTM,tue,916,0.0,1.0000000000000002,,0.0,2
B,GAT+LSTM,tue,917,0.0,1.0000000000000002,,0.0,2
B,GAT+LSTM,tue,918,0.0,1.0000000000000002,,0.0,2
B,GAT+LSTM,tue,919,0.0,1.0000000000000002,,0.0,2
B,GAT+LSTM,tue,920,0.0,1.0000000000000002,,0.0,2
B,GAT+LSTM,tue,921,0.0,1.0000000000000002,,0.0,2
B,GAT+LSTM,tue,922,0.0,1.0000000000000002,,0.0,2
B,GAT+LSTM,tue,923,0.0,1.0000000000000002,,0.0,2
B,GAT+LSTM,tue,924,0.0,1.0000000000000002,,0.0,2
B,GAT+LSTM,tue,925,0.0,1.0000000000000002,,0.0,2
B,GAT+LSTM,tue,926,0.0,1.0000000000000002,,0.0,2
B,GAT+LSTM,tue,927,0.0,1.0000000000000002,,0.0,2
B,GAT+LSTM,tue,928,0.0,1.0000000000000002,,0.0,2
B,GAT+LSTM,tue,929,0.0,1.0000000000000002,,0.0,2
B,GAT+LSTM,tue,930,0.0,1.0000000000000002,,0.0,2
B,GAT+LSTM,tue,931,0.0,1.0000000000000002,,0.0,2
B,GAT+LSTM,tue,932,0.0,1.0000000000000002,,0.0,2
B,GAT+LSTM,tue,933,0.0,1.0000000000000002,,0.0,2
B,GAT+LSTM,tue,934,0.0,1.0000000000000002,,0.0,2
B,GAT+LSTM,tue,935,0.0,1.0000000000000002,,0.0,2
B,GAT+LSTM,tue,936,0.0,1.0000000000000002,,0.0,2
B,GAT+LSTM,tue,937,0.0,1.0000000000000002,,0.0,2
B,GAT+LSTM,tue,938,0.0,1.0000000000000002,,0.0,2
B,GAT+LSTM,tue,939,0.0,1.0000000000000002,,0.0,2
B,GAT+LSTM,tue,940,0.0,1.0000000000000002,,0.0,2
B,GAT+LSTM,tue,941,0.0,1.0000000000000002,,0.0,2
B,GAT+LSTM,tue,942,0.0,1.0000000000000002,,0.0,2
B,GAT+LSTM,tue,943,0.0,1.0000000000000002,,0.0,2
B,GAT+LSTM,tue,944,0.0,1.0000000000000002,,0.0,2
B,GAT+LSTM,tue,945,0.0,1.0000000000000002,,0.0,2
B,GAT+LSTM,tue,946,0.0,1.0000000000000002,,0.0,2
B,GAT+LSTM,tue,947,0.0,1.0000000000000002,,0.0,2
B,GAT+LSTM,tue,948,0.0,1.0000000000000002,,0.0,2
B,GAT+LSTM,tue,949,0.0,1.0000000000000002,,0.0,2
B,GAT+LSTM,tue,950,0.0,1.0000000000000002,,0.0,2
B,GAT+LSTM,tue,951,0.0,1.0000000000000002,,0.0,2
B,GAT+LSTM,tue,952,0.0,1.0000000000000002,,0.0,2
B,GAT+LSTM,tue,953,0.0,1.0000000000000002,,0.0,2
B,GAT+LSTM,tue,954,0.0,1.0000000000000002,,0.0,2
B,GAT+LSTM,tue,955,0.0,1.0000000000000002,,0.0,2
B,GAT+LSTM,tue,956,0.0,1.0000000000000002,,0.0,2
B,GAT+LSTM,tue,957,0.0,1.0000000000000002,,0.0,2
B,GAT+LSTM,tue,958,0.0,1.0000000000000002,,0.0,2
B,GAT+LSTM,tue,959,0.0,1.0000000000000002,,0.0,2
B,GAT+LSTM,tue,960,0.0,1.0000000000000002,,0.0,2
B,GAT+LSTM,tue,961,0.0,1.0000000000000002,,0.0,2
B,GAT+LSTM,tue,962,0.0,1.0000000000000002,,0.0,2
B,GAT+LSTM,tue,963,0.0,1.0000000000000002,,0.0,2
B,GAT+LSTM,tue,964,0.0,1.0000000000000002,,0.0,2
B,GAT+LSTM,tue,965,0.0,1.0000000000000002,,0.0,2
B,GAT+LSTM,tue,966,0.0,1.0000000000000002,,0.0,2
B,GAT+LSTM,tue,967,0.0,1.0000000000000002,,0.0,2
B,GAT+LSTM,tue,968,0.0,1.0000000000000002,,0.0,2
B,GAT+LSTM,tue,969,0.0,1.0000000000000002,,0.0,2
B,GAT+LSTM,tue,970,0.0,1.0000000000000002,,0.0,2
B,GAT+LSTM,tue,971,0.0,1.0000000000000002,,0.0,2
B,GAT+LSTM,tue,972,0.0,1.0000000000000002,,0.0,2
B,GAT+LSTM,tue,973,0.0,1.0000000000000002,,0.0,2
B,GAT+LSTM,tue,974,0.0,1.0000000000000002,,0.0,2
B,GAT+LSTM,tue,975,0.0,1.0000000000000002,,0.0,2
B,GAT+LSTM,tue,976,0.0,1.0000000000000002,,0.0,2
B,GAT+LSTM,tue,977,0.0,1.0000000000000002,,0.0,2
B,GAT+LSTM,tue,978,0.0,1.0000000000000002,,0.0,2
B,GAT+LSTM,tue,979,0.0,1.0000000000000002,,0.0,2
B,GAT+LSTM,tue,980,0.0,1.0000000000000002,,0.0,2
B,GAT+LSTM,tue,981,0.0,1.0000000000000002,,0.0,2
B,GAT+LSTM,tue,982,0.0,1.0000000000000002,,0.0,2
B,GAT+LSTM,tue,983,0.0,1.0000000000000002,,0.0,2
B,GAT+LSTM,tue,984,0.0,1.0000000000000002,,0.0,2
B,GAT+LSTM,tue,985,0.0,1.0000000000000002,,0.0,2
B,GAT+LSTM,tue,986,0.0,1.0000000000000002,,0.0,2
B,GAT+LSTM,tue,987,0.0,1.0000000000000002,,0.0,2
B,GAT+LSTM,tue,988,0.0,1.0000000000000002,,0.0,2
B,GAT+LSTM,tue,989,0.0,1.0000000000000002,,0.0,2
B,GAT+LSTM,tue,990,0.0,1.0000000000000002,,0.0,2
B,GAT+LSTM,tue,991,0.0,1.0000000000000002,,0.0,2
B,GAT+LSTM,tue,992,0.0,1.0000000000000002,,0.0,2
B,GAT+LSTM,tue,993,0.0,1.0000000000000002,,0.0,2
B,GAT+LSTM,tue,994,0.0,1.0000000000000002,,0.0,2
B,GAT+LSTM,tue,995,0.0,1.0000000000000002,,0.0,2
B,GAT+LSTM,tue,996,0.0,1.0000000000000002,,0.0,2
B,GAT+LSTM,tue,997,0.0,1.0000000000000002,,0.0,2
B,GAT+LSTM,tue,998,0.0,1.0000000000000002,,0.0,2
B,GAT+LSTM,tue,999,0.0,1.0000000000000002,,0.0,2
B,GAT+LSTM,tue,1000,0.0,1.0000000000000002,,0.0,2
B,GAT+LSTM,tue,1001,0.0,1.0000000000000002,,0.0,2
B,GAT+LSTM,tue,1002,0.0,1.0000000000000002,,0.0,2
B,GAT+LSTM,tue,1003,0.0,1.0000000000000002,,0.0,2
B,GAT+LSTM,tue,1004,0.0,1.0000000000000002,,0.0,2
B,GAT+LSTM,tue,1005,0.0,1.0000000000000002,,0.0,2
B,GAT+LSTM,tue,1006,0.0,1.0000000000000002,,0.0,2
B,GAT+LSTM,tue,1007,0.0,1.0000000000000002,,0.0,2
B,GAT+LSTM,tue,1008,0.0,1.0000000000000002,,0.0,2
B,GAT+LSTM,tue,1009,0.0,1.0000000000000002,,0.0,2
B,GAT+LSTM,tue,1010,0.0,1.0000000000000002,,0.0,2
B,GAT+LSTM,tue,1011,0.0,1.0000000000000002,,0.0,2
B,GAT+LSTM,tue,1012,0.0,1.0000000000000002,,0.0,2
B,GAT+LSTM,tue,1013,0.0,1.0000000000000002,,0.0,2
B,GAT+LSTM,tue,1014,0.0,1.0000000000000002,,0.0,2
B,GAT+LSTM,tue,1015,0.0,1.0000000000000002,,0.0,2
B,GAT+LSTM,tue,1016,0.0,1.0000000000000002,,0.0,2
B,GAT+LSTM,tue,1017,0.0,1.0000000000000002,,0.0,2
B,GAT+LSTM,tue,1018,0.0,1.0000000000000002,,0.0,2
B,GAT+LSTM,tue,1019,0.0,1.0000000000000002,,0.0,2
B,GAT+LSTM,tue,1020,0.0,1.0000000000000002,,0.0,2
B,GAT+LSTM,tue,1021,0.0,1.0000000000000002,,0.0,2
B,GAT+LSTM,tue,1022,0.0,1.0000000000000002,,0.0,2
B,GAT+LSTM,tue,1023,0.0,1.0000000000000002,,0.0,2
B,GAT+LSTM,tue,1024,0.0,1.0000000000000002,,0.0,2
B,GAT+LSTM,tue,1025,0.0,1.0000000000000002,,0.0,2
B,GAT+LSTM,tue,1026,0.0,1.0000000000000002,,0.0,2
B,GAT+LSTM,tue,1027,0.0,1.0000000000000002,,0.0,2
B,GAT+LSTM,tue,1028,0.0,1.0000000000000002,,0.0,2
B,GAT+LSTM,tue,1029,0.0,1.0000000000000002,,0.0,2
B,GAT+LSTM,tue,1030,0.0,1.0000000000000002,,0.0,2
B,GAT+LSTM,tue,1031,0.0,1.0000000000000002,,0.0,2
B,GAT+LSTM,tue,1032,0.0,1.0000000000000002,,0.0,2
B,GAT+LSTM,wed,1222,0.0,0.8382768601503324,0.0,0.0,3
B,GAT+LSTM,wed,1223,0.0,0.7419178158729243,0.0,0.0,3
B,GAT+LSTM,wed,1224,0.0,0.6636341781511149,0.0,0.0,3
B,GAT+LSTM,wed,1225,0.0,0.5963984190474129,0.0,0.0,3
B,GAT+LSTM,wed,1226,0.0,0.5368645587298837,0.0,0.0,3
B,GAT+LSTM,wed,1227,0.0,0.4831115755098506,0.0,0.0,3
B,GAT+LSTM,wed,1228,0.0,0.5494381061220955,0.07142857142857142,0.0,3
B,GAT+LSTM,wed,1229,0.0,0.4483324923072482,0.06593406593406594,0.0,3
B,GAT+LSTM,wed,1230,0.0,0.40461536084601096,0.07291666666666666,0.0,3
B,GAT+LSTM,wed,1231,0.0,0.3566112761898014,0.0707070707070707,0.0,3
B,GAT+LSTM,wed,1232,0.0,0.3183498089457842,0.08000000000000002,0.0,3
B,GAT+LSTM,wed,1233,0.0,0.2826127294522548,0.0909090909090909,0.0,3
B,GAT+LSTM,wed,1234,0.0,0.24923217262613548,0.10416666666666667,0.0,3
B,GAT+LSTM,wed,1235,0.0,0.21815366497476185,0.12087912087912087,0.0,3
B,GAT+LSTM,wed,1236,0.0,0.1894751175323931,0.14285714285714285,0.0,3
B,GAT+LSTM,wed,1237,0.0,0.17105435156518747,0.22666666666666668,0.0,3
B,GAT+LSTM,wed,1238,0.0,0.14687338751289988,0.265625,0.0,3
B,GAT+LSTM,wed,1239,0.0,0.1329656862745098,0.37254901960784315,0.0,3
B,GAT+LSTM,wed,1240,0.0,0.12837009803921567,0.5277777777777778,0.0,3
B,GAT+LSTM,wed,1241,0.0,0.16666666666666666,0.8947368421052632,0.0,3
B,GAT+LSTM,wed,1242,0.0,0.16666666666666666,0.8947368421052632,0.0,3
B,GAT+LSTM,wed,1243,0.0,0.125,0.8421052631578947,0.0,3
B,GAT+LSTM,wed,1244,0.0,0.125,0.8421052631578947,0.0,3
B,GAT+LSTM,wed,1245,0.0,0.125,0.8421052631578947,0.0,3
B,GAT+LSTM,wed,1246,0.0,0.125,0.8421052631578947,0.0,3
B,GAT+LSTM,wed,1247,0.0,0.125,0.8421052631578947,0.0,3
B,GAT+LSTM,wed,1248,0.0,0.045454545454545456,0.4736842105263158,0.0,3
B,GAT+LSTM,wed,1249,0.0,0.10170454545454546,0.5555555555555556,0.0,3
B,GAT+LSTM,wed,1250,0.0,0.15444925444925445,0.5686274509803921,0.0,3
B,GAT+LSTM,wed,1251,0.0,0.18236315359477123,0.5,0.0,3
B,GAT+LSTM,wed,1252,0.0,0.21703081232492996,0.4666666666666666,0.0,3
B,GAT+LSTM,wed,1253,0.0,0.2596162824104,0.4642857142857143,0.0,3
B,GAT+LSTM,wed,1254,0.0,0.3046745971115719,0.46153846153846145,0.0,3
B,GAT+LSTM,wed,1255,0.0,0.3360275447591624,0.4375,0.0,3
B,GAT+LSTM,wed,1256,0.0,0.3596092990829833,0.38383838383838387,0.0,3
B,GAT+LSTM,wed,1257,0.0,0.38025053635734746,0.31999999999999995,0.0,3
B,GAT+LSTM,wed,1258,0.0,0.41750631041723074,0.30303030303030304,0.0,3
B,GAT+LSTM,wed,1259,0.0,0.43426138883762727,0.20833333333333334,0.0,3
B,GAT+LSTM,wed,1260,0.0,0.4550937865685425,0.1098901098901099,0.0,3
B,GAT+LSTM,wed,1261,0.0,0.5104074938771975,0.11904761904761904,0.0,3
B,GAT+LSTM,wed,1262,0.0,0.5714941883595134,0.13333333333333333,0.0,3
B,GAT+LSTM,wed,1263,0.0,0.646696038095032,0.15625,0.0,3
B,GAT+LSTM,wed,1264,0.0,0.7154549064424314,0.15686274509803924,0.0,3
B,GAT+LSTM,wed,1265,0.0,0.7566614891715054,0.35294117647058826,0.0,3
B,GAT+LSTM,wed,1266,0.0,0.8204768340152757,0.3888888888888889,0.0,3
B,GAT+LSTM,wed,1267,0.0,0.9882494387413319,0.7894736842105263,0.0,3
B,GAT+LSTM,wed,1268,0.0,0.9848503159343145,0.7368421052631579,0.0,3
B,GAT+LSTM,wed,1269,0.0,0.9848503159343145,0.7368421052631579,0.0,3
B,GAT+LSTM,wed,1270,0.0,0.9848503159343145,0.7368421052631579,0.0,3
B,GAT+LSTM,wed,1271,0.0,0.9848503159343145,0.7368421052631579,0.0,3
B,GAT+LSTM,wed,1272,0.0,0.9848503159343145,0.7368421052631579,0.0,3
B,GAT+LSTM,wed,1273,0.0,0.9848503159343145,0.7368421052631579,0.0,3
B,GAT+LSTM,wed,1274,0.0,0.9848503159343145,0.7368421052631579,0.0,3
B,GAT+LSTM,wed,1275,0.0,0.9848503159343145,0.7368421052631579,0.0,3
B,GAT+LSTM,wed,1276,0.0,0.9882494387413319,0.7894736842105263,0.0,3
B,GAT+LSTM,wed,1277,0.0,0.9882494387413319,0.7894736842105263,0.0,3
B,GAT+LSTM,wed,1278,0.0,0.9882494387413319,0.7894736842105263,0.0,3
B,GAT+LSTM,wed,1279,0.0,0.8236290671307441,0.4166666666666667,0.0,3
B,GAT+LSTM,wed,1280,0.0,0.8236290671307441,0.4166666666666667,0.0,3
B,GAT+LSTM,wed,1281,0.0,0.826613362700824,0.4444444444444444,0.0,3
B,GAT+LSTM,wed,1282,0.0,0.826613362700824,0.4444444444444444,0.0,3
B,GAT+LSTM,wed,1283,0.0,0.785177307263448,0.45098039215686275,0.0,3
B,GAT+LSTM,wed,1284,0.0,0.7901981034607148,0.47058823529411764,0.0,3
B,GAT+LSTM,wed,1285,0.0,0.7069157331973758,0.17647058823529413,0.0,3
B,GAT+LSTM,wed,1286,0.0,0.6571445305747743,0.21875,0.0,3
B,GAT+LSTM,wed,1287,0.0,0.5850954944608195,0.18666666666666665,0.0,3
B,GAT+LSTM,wed,1288,0.0,0.6512015180668431,0.2533333333333333,0.0,3
B,GAT+LSTM,wed,1289,0.0,0.7036600317753567,0.32,0.0,3
B,GAT+LSTM,wed,1290,0.0,0.7174664785965095,0.36,0.0,3
B,GAT+LSTM,wed,1291,0.0,0.7608044042873763,0.42666666666666675,0.0,3
B,GAT+LSTM,wed,1292,0.0,0.7979348655587045,0.4933333333333333,0.0,3
B,GAT+LSTM,wed,1293,0.0,0.8243237544475934,0.5333333333333333,0.0,3
B,GAT+LSTM,wed,1294,0.0,0.8511288012526401,0.5866666666666667,0.0,3
B,GAT+LSTM,wed,1295,0.125,0.8779793873137527,0.6533333333333333,0.0,3
B,GAT+LSTM,wed,1296,0.23529411764705882,0.8967504310847964,0.6933333333333334,0.0,3
B,GAT+LSTM,wed,1297,0.3333333333333333,0.917146987143117,0.7466666666666666,0.0,3
B,GAT+LSTM,wed,1298,0.42105263157894735,0.9329145529106828,0.7866666666666666,0.0,3
B,GAT+LSTM,wed,1299,0.4,0.9574225350565326,0.828125,0.0,3
B,GAT+LSTM,wed,1300,0.47619047619047616,0.9664255112470089,0.859375,0.0,3
B,GAT+LSTM,wed,1301,0.5454545454545454,0.9779592593616394,0.90625,0.0,3
B,GAT+LSTM,wed,1302,0.6086956521739131,0.9888148488562092,0.953125,0.0,3
B,GAT+LSTM,wed,1303,0.64,0.9900677118112468,0.9411764705882353,0.0,3
B,GAT+LSTM,wed,1304,0.6923076923076923,0.9966359092656671,0.9803921568627452,0.0,3
B,GAT+LSTM,wed,1305,0.7142857142857143,0.9969948018193633,0.9722222222222222,0.0,3
B,GAT+LSTM,wed,1306,0.7333333333333333,0.997299168975069,0.9473684210526315,0.0,3
B,GAT+LSTM,wed,1307,0.75,1.0000000000000002,,0.0,3
B,GAT+LSTM,wed,1308,0.7878787878787878,1.0000000000000002,,0.0,3
B,GAT+LSTM,wed,1309,0.8235294117647058,1.0000000000000002,,0.0,3
B,GAT+LSTM,wed,1310,0.8571428571428571,1.0000000000000002,,0.0,3
B,GAT+LSTM,wed,1311,0.8888888888888888,1.0000000000000002,,0.0,3
B,GAT+LSTM,wed,1312,0.918918918918919,1.0000000000000002,,0.0,3
B,GAT+LSTM,wed,1313,0.9473684210526315,1.0000000000000002,,0.0,3
B,GAT+LSTM,wed,1314,0.9743589743589743,1.0000000000000002,,0.0,3
B,GAT+LSTM,wed,1315,0.9473684210526315,1.0000000000000002,,0.0,3
B,GAT+LSTM,wed,1316,0.9473684210526315,1.0000000000000002,,0.0,3
B,GAT+LSTM,wed,1317,0.9473684210526315,1.0000000000000002,,0.0,3
B,GAT+LSTM,wed,1318,0.9473684210526315,1.0000000000000002,,0.0,3
B,GAT+LSTM,wed,1319,0.9743589743589743,1.0000000000000002,,0.0,3
B,GAT+LSTM,wed,1320,0.9473684210526315,1.0000000000000002,,0.0,3
B,GAT+LSTM,wed,1321,0.918918918918919,1.0000000000000002,,0.0,3
B,GAT+LSTM,wed,1322,0.918918918918919,1.0000000000000002,,0.0,3
B,GAT+LSTM,wed,1323,0.918918918918919,1.0000000000000002,,0.0,3
B,GAT+LSTM,wed,1324,0.8888888888888888,1.0000000000000002,,0.0,3
B,GAT+LSTM,wed,1325,0.8571428571428571,1.0000000000000002,,0.0,3
B,GAT+LSTM,wed,1326,0.8235294117647058,1.0000000000000002,,0.0,3
B,GAT+LSTM,wed,1327,0.7878787878787878,1.0000000000000002,,0.0,3
B,GAT+LSTM,wed,1328,0.75,1.0000000000000002,,0.0,3
B,GAT+LSTM,wed,1329,0.7096774193548387,1.0000000000000002,,0.0,3
B,GAT+LSTM,wed,1330,0.6666666666666666,1.0000000000000002,,0.0,3
B,GAT+LSTM,wed,1331,0.6206896551724138,1.0000000000000002,,0.0,3
B,GAT+LSTM,wed,1332,0.5714285714285714,1.0000000000000002,,0.0,3
B,GAT+LSTM,wed,1333,0.5185185185185185,1.0000000000000002,,0.0,3
B,GAT+LSTM,wed,1334,0.46153846153846156,1.0000000000000002,,0.0,3
B,GAT+LSTM,wed,1335,0.46153846153846156,1.0000000000000002,,0.0,3
B,GAT+LSTM,wed,1336,0.4,1.0000000000000002,,0.0,3
B,GAT+LSTM,wed,1337,0.3333333333333333,1.0000000000000002,,0.0,3
B,GAT+LSTM,wed,1338,0.2608695652173913,1.0000000000000002,,0.0,3
B,GAT+LSTM,wed,1339,0.18181818181818182,1.0000000000000002,,0.0,3
B,GAT+LSTM,wed,1340,0.18181818181818182,1.0000000000000002,,0.0,3
B,GAT+LSTM,wed,1341,0.18181818181818182,1.0000000000000002,,0.0,3
B,GAT+LSTM,wed,1342,0.09523809523809523,1.0000000000000002,,0.0,3
B,GAT+LSTM,wed,1343,0.0,1.0000000000000002,,0.0,3
B,GAT+LSTM,wed,1344,0.0,1.0000000000000002,,0.0,3
B,GAT+LSTM,wed,1345,0.0,1.0000000000000002,,0.0,3
B,GAT+LSTM,wed,1346,0.0,1.0000000000000002,,0.0,3
B,GAT+LSTM,wed,1347,0.0,1.0000000000000002,,0.0,3
B,GAT+LSTM,wed,1348,0.0,1.0000000000000002,,0.0,3
B,GAT+LSTM,wed,1349,0.0,1.0000000000000002,,0.0,3
B,GAT+LSTM,wed,1350,0.0,1.0000000000000002,,0.0,3
B,GAT+LSTM,wed,1351,0.0,1.0000000000000002,,0.0,3
B,GAT+LSTM,wed,1352,0.0,1.0000000000000002,,0.0,3
B,GAT+LSTM,wed,1353,0.0,1.0000000000000002,,0.0,3
B,GAT+LSTM,wed,1354,0.0,1.0000000000000002,,0.0,3
B,GAT+LSTM,wed,1355,0.0,1.0000000000000002,,0.0,3
B,GAT+LSTM,wed,1356,0.0,1.0000000000000002,,0.0,3
B,GAT+LSTM,wed,1357,0.0,1.0000000000000002,,0.0,3
B,GAT+LSTM,wed,1358,0.0,1.0000000000000002,,0.0,3
B,GAT+LSTM,wed,1359,0.0,1.0000000000000002,,0.0,3
B,GAT+LSTM,wed,1360,0.0,1.0000000000000002,,0.0,3
B,GAT+LSTM,wed,1361,0.0,1.0000000000000002,,0.0,3
B,GAT+LSTM,wed,1362,0.0,1.0000000000000002,,0.0,3
B,GAT+LSTM,wed,1363,0.0,1.0000000000000002,,0.0,3
B,GAT+LSTM,wed,1364,0.0,1.0000000000000002,,0.0,3
B,GAT+LSTM,wed,1365,0.0,1.0000000000000002,,0.0,3
B,GAT+LSTM,wed,1366,0.0,1.0000000000000002,,0.0,3
B,GAT+LSTM,wed,1367,0.0,1.0000000000000002,,0.0,3
B,GAT+LSTM,wed,1368,0.0,1.0000000000000002,,0.0,3
B,GAT+LSTM,wed,1369,0.0,1.0000000000000002,,0.0,3
B,GAT+LSTM,wed,1370,0.0,1.0000000000000002,,0.0,3
B,GAT+LSTM,wed,1371,0.0,1.0000000000000002,,0.0,3
B,GAT+LSTM,wed,1372,0.0,1.0000000000000002,,0.0,3
B,GAT+LSTM,wed,1373,0.0,1.0000000000000002,,0.0,3
B,GAT+LSTM,wed,1374,0.0,1.0000000000000002,,0.0,3
B,GAT+LSTM,wed,1375,0.0,1.0000000000000002,,0.0,3
B,GAT+LSTM,wed,1376,0.0,1.0000000000000002,,0.0,3
B,GAT+LSTM,wed,1377,0.0,1.0000000000000002,,0.0,3
B,GAT+LSTM,wed,1378,0.0,1.0000000000000002,,0.0,3
B,GAT+LSTM,wed,1379,0.0,1.0000000000000002,,0.0,3
B,GAT+LSTM,wed,1380,0.0,1.0000000000000002,,0.0,3
B,GAT+LSTM,wed,1381,0.0,1.0000000000000002,,0.0,3
B,GAT+LSTM,wed,1382,0.0,1.0000000000000002,,0.0,3
B,GAT+LSTM,wed,1383,0.0,1.0000000000000002,,0.0,3
B,GAT+LSTM,wed,1384,0.0,1.0000000000000002,,0.0,3
B,GAT+LSTM,wed,1385,0.0,1.0000000000000002,,0.0,3
B,GAT+LSTM,wed,1386,0.0,1.0000000000000002,,0.0,3
B,GAT+LSTM,wed,1387,0.0,1.0000000000000002,,0.0,3
B,GAT+LSTM,wed,1388,0.0,1.0000000000000002,,0.0,3
B,GAT+LSTM,wed,1389,0.0,1.0000000000000002,,0.0,3
B,GAT+LSTM,wed,1390,0.0,1.0000000000000002,,0.0,3
B,GAT+LSTM,wed,1391,0.0,1.0000000000000002,,0.0,3
B,GAT+LSTM,wed,1392,0.0,1.0000000000000002,,0.0,3
B,GAT+LSTM,wed,1393,0.0,1.0000000000000002,,0.0,3
B,GAT+LSTM,wed,1394,0.0,1.0000000000000002,,0.0,3
B,GAT+LSTM,wed,1395,0.0,1.0000000000000002,,0.0,3
B,GAT+LSTM,wed,1396,0.0,1.0000000000000002,,0.0,3
B,GAT+LSTM,wed,1397,0.0,1.0000000000000002,,0.0,3
B,GAT+LSTM,wed,1398,0.0,1.0000000000000002,,0.0,3
B,GAT+LSTM,wed,1399,0.0,1.0000000000000002,,0.0,3
B,GAT+LSTM,wed,1400,0.0,1.0000000000000002,,0.0,3
B,GAT+LSTM,wed,1401,0.0,1.0000000000000002,,0.0,3
B,GAT+LSTM,wed,1402,0.0,1.0000000000000002,,0.0,3
B,GAT+LSTM,wed,1403,0.0,1.0000000000000002,,0.0,3
B,GAT+LSTM,wed,1404,0.0,1.0000000000000002,,0.0,3
B,GAT+LSTM,wed,1405,0.0,1.0000000000000002,,0.0,3
B,GAT+LSTM,wed,1406,0.0,1.0000000000000002,,0.0,3
B,GAT+LSTM,wed,1407,0.0,1.0000000000000002,,0.0,3
B,GAT+LSTM,wed,1408,0.0,1.0000000000000002,,0.0,3
B,GAT+LSTM,wed,1409,0.0,1.0000000000000002,,0.0,3
B,GAT+LSTM,wed,1410,0.0,1.0000000000000002,,0.0,3
B,GAT+LSTM,wed,1411,0.0,1.0000000000000002,,0.0,3
B,GAT+LSTM,wed,1412,0.0,1.0000000000000002,,0.0,3
B,GAT+LSTM,wed,1413,0.0,1.0000000000000002,,0.0,3
B,GAT+LSTM,wed,1414,0.0,1.0000000000000002,,0.0,3
B,GAT+LSTM,wed,1415,0.0,1.0000000000000002,,0.0,3
B,GAT+LSTM,wed,1416,0.0,1.0000000000000002,,0.0,3
B,GAT+LSTM,wed,1417,0.0,1.0000000000000002,,0.0,3
B,GAT+LSTM,wed,1418,0.0,1.0000000000000002,,0.0,3
B,GAT+LSTM,wed,1419,0.0,1.0000000000000002,,0.0,3
B,GAT+LSTM,wed,1420,0.0,1.0000000000000002,,0.0,3
B,GAT+LSTM,wed,1421,0.0,1.0000000000000002,,0.0,3
B,GAT+LSTM,wed,1422,0.0,1.0000000000000002,,0.0,3
B,GAT+LSTM,wed,1423,0.0,1.0000000000000002,,0.0,3
B,GAT+LSTM,wed,1424,0.0,1.0000000000000002,,0.0,3
B,GAT+LSTM,wed,1425,0.0,1.0000000000000002,,0.0,3
B,GAT+LSTM,wed,1426,0.0,1.0000000000000002,,0.0,3
B,GAT+LSTM,wed,1427,0.0,1.0000000000000002,,0.0,3
B,GAT+LSTM,wed,1428,0.0,1.0000000000000002,,0.0,3
B,GAT+LSTM,wed,1429,0.0,1.0000000000000002,,0.0,3
B,GAT+LSTM,wed,1430,0.0,1.0000000000000002,,0.0,3
B,GAT+LSTM,wed,1431,0.0,1.0000000000000002,,0.0,3
B,GAT+LSTM,wed,1432,0.0,1.0000000000000002,,0.0,3
B,GAT+LSTM,wed,1433,0.0,1.0000000000000002,,0.0,3
B,GAT+LSTM,wed,1434,0.0,1.0000000000000002,,0.0,3
B,GAT+LSTM,wed,1435,0.0,1.0000000000000002,,0.0,3
B,GAT+LSTM,wed,1436,0.0,1.0000000000000002,,0.0,3
B,GAT+LSTM,wed,1437,0.0,1.0000000000000002,,0.0,3
B,GAT+LSTM,wed,1438,0.0,1.0000000000000002,,0.0,3
B,GAT+LSTM,wed,1439,0.0,1.0000000000000002,,0.0,3
B,GAT+LSTM,wed,1440,0.0,1.0000000000000002,,0.0,3
B,GAT+LSTM,wed,1441,0.0,1.0000000000000002,,0.0,3
B,GAT+LSTM,wed,1442,0.0,1.0000000000000002,,0.0,3
B,GAT+LSTM,wed,1443,0.0,1.0000000000000002,,0.0,3
B,GAT+LSTM,wed,1444,0.0,1.0000000000000002,,0.0,3
B,GAT+LSTM,wed,1445,0.0,1.0000000000000002,,0.0,3
B,GAT+LSTM,wed,1446,0.0,1.0000000000000002,,0.0,3
B,GAT+LSTM,wed,1447,0.0,1.0000000000000002,,0.0,3
B,GAT+LSTM,wed,1448,0.0,1.0000000000000002,,0.0,3
B,GAT+LSTM,wed,1449,0.0,1.0000000000000002,,0.0,3
B,GAT+LSTM,wed,1450,0.0,1.0000000000000002,,0.0,3
B,GAT+LSTM,wed,1451,0.0,1.0000000000000002,,0.0,3
B,GAT+LSTM,wed,1452,0.0,1.0000000000000002,,0.0,3
B,GAT+LSTM,wed,1453,0.0,1.0000000000000002,,0.0,3
B,GAT+LSTM,wed,1454,0.0,1.0000000000000002,,0.0,3
B,GAT+LSTM,wed,1455,0.0,1.0000000000000002,,0.0,3
B,GAT+LSTM,wed,1456,0.0,1.0000000000000002,,0.0,3
B,GAT+LSTM,wed,1457,0.0,1.0000000000000002,,0.0,3
B,GAT+LSTM,wed,1458,0.0,1.0000000000000002,,0.0,3
B,GAT+LSTM,wed,1459,0.0,1.0000000000000002,,0.0,3
B,GAT+LSTM,wed,1460,0.0,1.0000000000000002,,0.0,3
B,GAT+LSTM,wed,1461,0.0,1.0000000000000002,,0.0,3
B,GAT+LSTM,wed,1462,0.0,1.0000000000000002,,0.0,3
B,GAT+LSTM,wed,1463,0.0,1.0000000000000002,,0.0,3
B,GAT+LSTM,wed,1464,0.0,1.0000000000000002,,0.0,3
B,GAT+LSTM,wed,1465,0.0,1.0000000000000002,,0.0,3
B,GAT+LSTM,wed,1466,0.0,1.0000000000000002,,0.0,3
B,GAT+LSTM,wed,1467,0.0,1.0000000000000002,,0.0,3
B,GAT+LSTM,wed,1468,0.0,1.0000000000000002,,0.0,3
B,GAT+LSTM,wed,1469,0.0,1.0000000000000002,,0.0,3
B,GAT+LSTM,wed,1470,0.0,1.0000000000000002,,0.0,3
B,GAT+LSTM,wed,1471,0.0,1.0000000000000002,,0.0,3
B,GAT+LSTM,wed,1472,0.0,1.0000000000000002,,0.0,3
B,GAT+LSTM,wed,1473,0.0,1.0000000000000002,,0.0,3
B,GAT+LSTM,wed,1474,0.0,0.9999999999999998,1.0,0.0,3
B,GAT+LSTM,wed,1475,0.0,0.997299168975069,0.9473684210526315,0.0,3
B,GAT+LSTM,wed,1476,0.0,0.9969948018193633,0.9722222222222222,0.0,3
B,GAT+LSTM,wed,1477,0.0,0.9966359092656671,0.9803921568627452,0.0,3
B,GAT+LSTM,wed,1478,0.0,0.9900677118112468,0.9411764705882353,0.0,3
B,GAT+LSTM,wed,1479,0.0,0.9804170713693114,0.8823529411764706,0.0,3
B,GAT+LSTM,wed,1480,0.0,0.9730177881266027,0.8431372549019608,0.0,3
B,GAT+LSTM,wed,1481,0.0,0.9651180897857278,0.803921568627451,0.0,3
B,GAT+LSTM,wed,1482,0.0,0.9538269582660405,0.7450980392156863,0.0,3
B,GAT+LSTM,wed,1483,0.0,0.9446890373634137,0.7058823529411764,0.0,3
B,GAT+LSTM,wed,1484,0.0,0.9347719936228405,0.6666666666666667,0.0,3
B,GAT+LSTM,wed,1485,0.0,0.9239282621908738,0.6274509803921569,0.0,3
B,GAT+LSTM,wed,1486,0.0,0.9119630215491625,0.5882352941176471,0.0,3
B,GAT+LSTM,wed,1487,0.0,0.898611014079508,0.5490196078431373,0.0,3
B,GAT+LSTM,wed,1488,0.0,0.8834966349945408,0.5098039215686274,0.0,3
B,GAT+LSTM,wed,1489,0.1111111111111111,0.8834966349945408,0.5098039215686274,0.0,3
B,GAT+LSTM,wed,1490,0.21052631578947367,0.8834966349945408,0.5098039215686274,0.0,3
B,GAT+LSTM,wed,1491,0.3,0.8834966349945408,0.5098039215686274,0.0,3
B,GAT+LSTM,wed,1492,0.38095238095238093,0.8834966349945408,0.5098039215686274,0.0,3
B,GAT+LSTM,wed,1493,0.45454545454545453,0.8834966349945408,0.5098039215686274,0.0,3
B,GAT+LSTM,wed,1494,0.43478260869565216,0.8727123212690504,0.49019607843137253,0.3333333333333333,3
B,GAT+LSTM,wed,1495,0.43478260869565216,0.8127804948964005,0.421875,0.5,3
B,GAT+LSTM,wed,1496,0.4166666666666667,0.8070141258487814,0.40625,0.75,3
B,GAT+LSTM,wed,1497,0.4,0.775056653174397,0.265625,1.0,3
B,GAT+LSTM,wed,1498,0.4166666666666667,0.7419571513224763,0.29333333333333333,0.8,3
B,GAT+LSTM,wed,1499,0.43478260869565216,0.7418525869432547,0.42857142857142855,0.6666666666666666,3
B,GAT+LSTM,wed,1500,0.45454545454545453,0.7166313750946995,0.4395604395604396,0.5714285714285714,3
B,GAT+LSTM,wed,1501,0.47619047619047616,0.698254607736032,0.45833333333333337,0.5,3
B,GAT+LSTM,wed,1502,0.5,0.7052463875993289,0.5454545454545454,0.4444444444444444,3
B,GAT+LSTM,wed,1503,0.5263157894736842,0.7158037060978237,0.62,0.4,3
B,GAT+LSTM,wed,1504,0.5555555555555556,0.7314077126577128,0.6868686868686869,0.36363636363636365,3
B,GAT+LSTM,wed,1505,0.5882352941176471,0.7543440934065934,0.75,0.3333333333333333,3
B,GAT+LSTM,wed,1506,0.625,0.7882980115122971,0.8131868131868132,0.3076923076923077,3
B,GAT+LSTM,wed,1507,0.6666666666666666,0.8395528083028083,0.8809523809523809,0.2857142857142857,3
B,GAT+LSTM,wed,1508,0.7142857142857143,0.919642857142857,0.9600000000000001,0.26666666666666666,3
B,GAT+LSTM,wed,1509,0.6666666666666666,1.0,1.0,0.25,3
B,GAT+LSTM,wed,1510,0.6,1.0,1.0,0.23529411764705882,3
B,GAT+LSTM,wed,1511,0.5,1.0,1.0,0.2222222222222222,3
B,GAT+LSTM,wed,1512,0.3333333333333333,1.0,1.0,0.21052631578947367,3
B,GAT+LSTM,wed,1513,0.0,0.5,,0.2,3
B,GAT+LSTM,wed,1514,0.0,0.5,,0.15,3
B,GAT+LSTM,wed,1515,0.0,0.5,,0.1,3
B,GAT+LSTM,wed,1516,0.0,0.5,,0.05,3
B,GAT+LSTM,wed,1517,0.0,0.5,,0.0,3
B,GAT+LSTM,wed,1518,0.0,0.5,,0.0,3
B,GAT+LSTM,wed,1519,0.0,0.5,,0.0,3
B,GAT+LSTM,wed,1520,0.0,0.5,,0.0,3
B,GAT+LSTM,wed,1521,0.0,0.5,,0.0,3
B,GAT+LSTM,wed,1522,0.0,0.5,,0.0,3
B,GAT+LSTM,wed,1523,0.0,0.5,,0.0,3
B,GAT+LSTM,wed,1524,0.0,0.5,,0.0,3
B,GAT+LSTM,wed,1525,0.0,0.5,,0.0,3
B,GAT+LSTM,wed,1526,0.0,0.5,,0.0,3
B,GAT+LSTM,wed,1527,0.0,0.5,,0.0,3
B,GAT+LSTM,wed,1528,0.0,0.5,,0.0,3
B,GAT+LSTM,wed,1529,0.0,0.5,,0.0,3
B,GAT+LSTM,wed,1530,0.0,0.5,,0.0,3
B,GAT+LSTM,wed,1531,0.0,0.5,,0.0,3
B,GAT+LSTM,wed,1532,0.0,0.5,,0.0,3
B,GAT+LSTM,wed,1533,0.0,0.5,,0.0,3
B,GAT+LSTM,wed,1534,0.0,0.5,,0.0,3
B,GAT+LSTM,wed,1535,0.0,0.5,,0.0,3
B,GAT+LSTM,wed,1536,0.0,0.5,,0.0,3
B,GAT+LSTM,wed,1537,0.0,0.5,,0.0,3
B,GAT+LSTM,wed,1538,0.0,0.5,,0.0,3
B,GAT+LSTM,wed,1539,0.0,0.5,,0.0,3
B,GAT+LSTM,wed,1540,0.0,0.5,,0.0,3
B,GAT+LSTM,wed,1541,0.0,0.5,,0.0,3
B,GAT+LSTM,wed,1542,0.0,0.5,,0.0,3
B,GAT+LSTM,wed,1543,0.0,0.5,,0.0,3
B,GAT+LSTM,wed,1544,0.0,0.5,,0.0,3
B,GAT+LSTM,wed,1545,0.0,0.5,,0.0,3
B,GAT+LSTM,wed,1546,0.0,0.5,,0.0,3
B,GAT+LSTM,wed,1547,0.0,0.5,,0.0,3
B,GAT+LSTM,wed,1548,0.0,0.5,,0.0,3
B,GAT+LSTM,wed,1549,0.0,0.5,,0.0,3
B,GAT+LSTM,wed,1550,0.0,0.5,,0.0,3
B,GAT+LSTM,wed,1551,0.0,0.5,,0.0,3
B,GAT+LSTM,wed,1552,0.0,0.5,,0.0,3
B,GAT+LSTM,wed,1553,0.0,0.5,,0.0,3
B,GAT+LSTM,wed,1554,0.0,0.5,,0.0,3
B,GAT+LSTM,wed,1555,0.0,0.5,,0.0,3
B,GAT+LSTM,wed,1556,0.0,0.5,,0.0,3
B,GAT+LSTM,wed,1557,0.0,0.5,,0.0,3
B,GAT+LSTM,wed,1558,0.0,0.5,,0.0,3
B,GAT+LSTM,wed,1559,0.0,0.5,,0.0,3
B,GAT+LSTM,wed,1560,0.0,0.5,,0.0,3
B,GAT+LSTM,wed,1561,0.0,0.5,,0.0,3
B,GAT+LSTM,wed,1562,0.0,0.5,,0.0,3
B,GAT+LSTM,wed,1563,0.0,0.5,,0.0,3
B,GAT+LSTM,wed,1564,0.0,0.5,,0.0,3
B,GAT+LSTM,wed,1565,0.0,0.5,,0.0,3
B,GAT+LSTM,wed,1566,0.0,0.5,,0.0,3
B,GAT+LSTM,wed,1567,0.0,0.5,,0.0,3
B,GAT+LSTM,wed,1568,0.0,0.5,,0.0,3
B,GAT+LSTM,wed,1569,0.0,0.5,,0.0,3
B,GAT+LSTM,wed,1570,0.0,0.025,0.0,0.0,3
B,GAT+LSTM,wed,1571,0.0,0.025,0.0,0.0,3
B,GAT+LSTM,wed,1572,0.0,0.025,0.0,0.0,3
B,GAT+LSTM,wed,1573,0.0,0.025,0.0,0.0,3
B,GAT+LSTM,wed,1574,0.0,0.025,0.0,0.0,3
B,GAT+LSTM,wed,1575,0.0,0.025,0.0,0.0,3
B,GAT+LSTM,wed,1576,0.0,0.025,0.0,0.0,3
B,GAT+LSTM,wed,1577,0.0,0.025,0.0,0.0,3
B,GAT+LSTM,wed,1578,0.0,0.025,0.0,0.0,3
B,GAT+LSTM,wed,1579,0.0,0.025,0.0,0.0,3
B,GAT+LSTM,wed,1580,0.0,0.025,0.0,0.0,3
B,GAT+LSTM,wed,1581,0.0,0.025,0.0,0.0,3
B,GAT+LSTM,wed,1582,0.0,0.025,0.0,0.0,3
B,GAT+LSTM,wed,1583,0.0,0.025,0.0,0.0,3
B,GAT+LSTM,wed,1584,0.0,0.025,0.0,0.0,3
B,GAT+LSTM,wed,1585,0.0,0.025,0.0,0.0,3
B,GAT+LSTM,wed,1586,0.0,0.025,0.0,0.0,3
B,GAT+LSTM,wed,1587,0.0,0.025,0.0,0.0,3
B,GAT+LSTM,wed,1588,0.0,0.025,0.0,0.0,3
B,GAT+LSTM,wed,1589,0.0,0.025,0.0,0.0,3
B,GAT+LSTM,wed,1590,0.0,0.5,,0.0,3
B,GAT+LSTM,wed,1591,0.0,0.5,,0.0,3
B,GAT+LSTM,wed,1592,0.0,0.5,,0.0,3
B,GAT+LSTM,wed,1593,0.0,0.5,,0.0,3
B,GAT+LSTM,wed,1594,0.0,0.5,,0.0,3
B,GAT+LSTM,wed,1595,0.0,0.5,,0.0,3
B,GAT+LSTM,wed,1596,0.0,0.5,,0.0,3
B,GAT+LSTM,wed,1597,0.0,0.5,,0.0,3
B,GAT+LSTM,wed,1598,0.0,0.5,,0.0,3
B,GAT+LSTM,wed,1599,0.0,0.5,,0.0,3
B,GAT+LSTM,wed,1600,0.0,0.5,,0.0,3
B,GAT+LSTM,wed,1601,0.0,0.5,,0.0,3
B,GAT+LSTM,wed,1602,0.0,0.5,,0.0,3
B,GAT+LSTM,wed,1603,0.0,0.5,,0.0,3
B,GAT+LSTM,wed,1604,0.0,0.5,,0.0,3
B,GAT+LSTM,wed,1605,0.0,0.5,,0.0,3
B,GAT+LSTM,wed,1606,0.0,0.5,,0.0,3
B,GAT+LSTM,wed,1607,0.0,0.5,,0.0,3
B,GAT+LSTM,wed,1608,0.0,0.5,,0.0,3
B,GAT+LSTM,wed,1609,0.0,0.5,,0.0,3
B,GAT+LSTM,wed,1610,0.0,0.5,,0.0,3
B,GAT+LSTM,wed,1611,0.0,0.5,,0.0,3
B,GAT+LSTM,wed,1612,0.0,0.5,,0.0,3
B,GAT+LSTM,wed,1613,0.0,0.5,,0.0,3
B,GAT+LSTM,wed,1614,0.0,0.5,,0.0,3
B,GAT+LSTM,wed,1615,0.0,0.5,,0.0,3
B,GAT+LSTM,wed,1616,0.0,0.5,,0.0,3
B,GAT+LSTM,wed,1617,0.0,0.5,,0.0,3
B,GAT+LSTM,wed,1618,0.0,0.5,,0.0,3
B,GAT+LSTM,wed,1619,0.0,0.5,,0.0,3
B,GAT+LSTM,wed,1620,0.0,0.5,,0.0,3
B,GAT+LSTM,wed,1621,0.0,0.5,,0.0,3
B,GAT+LSTM,wed,1622,0.0,0.5,,0.0,3
B,GAT+LSTM,wed,1623,0.0,0.5,,0.0,3
B,GAT+LSTM,wed,1624,0.0,0.5,,0.0,3
B,GAT+LSTM,wed,1625,0.0,0.5,,0.0,3
B,GAT+LSTM,wed,1626,0.0,0.5,,0.0,3
B,GAT+LSTM,wed,1627,0.0,0.5,,0.0,3
B,GAT+LSTM,wed,1628,0.0,0.5,,0.0,3
B,GAT+LSTM,wed,1629,0.0,0.5,,0.0,3
B,GAT+LSTM,wed,1630,0.0,0.5,,0.0,3
B,GAT+LSTM,wed,1631,0.0,0.5,,0.0,3
B,GAT+LSTM,wed,1632,0.0,0.5,,0.0,3
B,GAT+LSTM,wed,1633,0.0,0.5,,0.0,3
B,GAT+LSTM,wed,1634,0.0,0.5,,0.0,3
B,GAT+LSTM,wed,1635,0.0,0.5,,0.0,3
B,GAT+LSTM,wed,1636,0.0,0.5,,0.0,3
B,GAT+LSTM,wed,1637,0.0,0.5,,0.0,3
B,GAT+LSTM,wed,1638,0.0,0.5,,0.0,3
B,GAT+LSTM,wed,1639,0.0,0.5,,0.0,3
B,GAT+LSTM,wed,1640,0.0,0.5,,0.0,3
B,GAT+LSTM,wed,1641,0.0,0.5,,0.0,3
B,GAT+LSTM,wed,1642,0.0,0.5,,0.0,3
B,GAT+LSTM,wed,1643,0.0,0.5,,0.0,3
B,GAT+LSTM,wed,1644,0.0,0.5,,0.0,3
B,GAT+LSTM,wed,1645,0.0,0.5,,0.0,3
B,GAT+LSTM,wed,1646,0.0,0.5,,0.0,3
B,GAT+LSTM,wed,1647,0.0,0.5,,0.0,3
B,GAT+LSTM,wed,1648,0.0,0.5,,0.0,3
B,GAT+LSTM,wed,1649,0.0,0.5,,0.0,3
B,GAT+LSTM,wed,1650,0.0,0.5,,0.0,3
B,GAT+LSTM,wed,1651,0.0,0.5,,0.0,3
B,GAT+LSTM,wed,1652,0.0,0.5,,0.0,3
B,GAT+LSTM,wed,1653,0.0,0.5,,0.0,3
B,GAT+LSTM,wed,1654,0.0,0.5,,0.0,3
B,GAT+LSTM,wed,1655,0.0,0.5,,0.0,3
B,GAT+LSTM,wed,1656,0.0,0.5,,0.0,3
B,GAT+LSTM,wed,1657,0.0,0.5,,0.0,3
B,GAT+LSTM,wed,1658,0.0,0.5,,0.0,3
B,GAT+LSTM,wed,1659,0.0,0.5,,0.0,3
B,GAT+LSTM,wed,1660,0.0,0.5,,0.0,3
B,GAT+LSTM,wed,1661,0.0,0.5,,0.0,3
B,GAT+LSTM,wed,1662,0.0,0.5,,0.0,3
B,GAT+LSTM,wed,1663,0.0,0.5,,0.0,3
B,GAT+LSTM,wed,1664,0.0,0.5,,0.0,3
B,GAT+LSTM,wed,1665,0.0,0.5,,0.0,3
B,GAT+LSTM,wed,1666,0.0,0.5,,0.0,3
B,GAT+LSTM,wed,1667,0.0,0.5,,0.0,3
B,GAT+LSTM,wed,1668,0.0,0.08333333333333333,0.736842105263158,0.0,3
B,GAT+LSTM,wed,1669,0.0,0.08670343137254902,0.4444444444444444,0.0,3
B,GAT+LSTM,wed,1670,0.0,0.1146529124470301,0.39215686274509803,0.0,3
B,GAT+LSTM,wed,1671,0.0,0.16310185933347698,0.4375,0.0,3
B,GAT+LSTM,wed,1672,0.0,0.18761384040795806,0.3733333333333333,0.0,3
B,GAT+LSTM,wed,1673,0.0,0.2265042555483732,0.36904761904761907,0.0,3
B,GAT+LSTM,wed,1674,0.0,0.24170289573319206,0.2747252747252747,0.0,3
B,GAT+LSTM,wed,1675,0.0,0.2799702195164656,0.2708333333333333,0.0,3
B,GAT+LSTM,wed,1676,0.0,0.3206123437870084,0.2727272727272727,0.0,3
B,GAT+LSTM,wed,1677,0.0,0.3836779912553906,0.33,0.0,3
B,GAT+LSTM,wed,1678,0.0,0.4746710967598246,0.4141414141414142,0.0,3
B,GAT+LSTM,wed,1679,0.0,0.6275820180135195,0.4895833333333333,0.0,3
B,GAT+LSTM,wed,1680,0.0,0.7326549953380745,0.5494505494505495,0.0,3
B,GAT+LSTM,wed,1681,0.0,0.8002685677387136,0.5952380952380952,0.0,3
B,GAT+LSTM,wed,1682,0.0,0.8453484786340824,0.6399999999999999,0.0,3
B,GAT+LSTM,wed,1683,0.0,0.8857854641595934,0.6875,0.0,3
B,GAT+LSTM,wed,1684,0.0,0.9059274721312601,0.6274509803921569,0.0,3
B,GAT+LSTM,wed,1685,0.0,0.9303170664045278,0.5833333333333333,0.0,3
B,GAT+LSTM,wed,1686,0.0,0.994452139119729,0.8947368421052632,0.0,3
B,GAT+LSTM,wed,1687,0.0,1.0000000000000002,,0.0,3
B,GAT+LSTM,wed,1688,0.0,1.0000000000000002,,0.0,3
B,GAT+LSTM,wed,1689,0.0,1.0000000000000002,,0.0,3
B,GAT+LSTM,wed,1690,0.0,1.0000000000000002,,0.0,3
B,GAT+LSTM,wed,1691,0.0,1.0000000000000002,,0.0,3
B,GAT+LSTM,wed,1692,0.0,1.0000000000000002,,0.0,3
B,GAT+LSTM,wed,1693,0.0,1.0000000000000002,,0.0,3
B,GAT+LSTM,wed,1694,0.0,1.0000000000000002,,0.0,3
B,GAT+LSTM,wed,1695,0.0,1.0000000000000002,,0.0,3
B,GAT+LSTM,wed,1696,0.0,1.0000000000000002,,0.0,3
B,GAT+LSTM,wed,1697,0.0,1.0000000000000002,,0.0,3
B,GAT+LSTM,wed,1698,0.0,1.0000000000000002,,0.0,3
B,GAT+LSTM,wed,1699,0.0,1.0000000000000002,,0.0,3
B,GAT+LSTM,wed,1700,0.0,1.0000000000000002,,0.0,3
B,GAT+LSTM,wed,1701,0.0,1.0000000000000002,,0.0,3
B,GAT+LSTM,wed,1702,0.0,1.0000000000000002,,0.0,3
B,GAT+LSTM,wed,1703,0.0,1.0000000000000002,,0.0,3
B,GAT+LSTM,wed,1704,0.0,1.0000000000000002,,0.0,3
B,GAT+LSTM,wed,1705,0.0,1.0000000000000002,,0.0,3
B,GAT+LSTM,wed,1706,0.0,1.0000000000000002,,0.0,3
B,GAT+LSTM,wed,1707,0.0,1.0000000000000002,,0.0,3
B,GAT+LSTM,wed,1708,0.0,1.0000000000000002,,0.0,3
B,GAT+LSTM,wed,1709,0.0,1.0000000000000002,,0.0,3
B,GAT+LSTM,wed,1710,0.0,1.0000000000000002,,0.0,3
B,GAT+LSTM,wed,1711,0.0,1.0000000000000002,,0.0,3
B,GAT+LSTM,wed,1712,0.0,1.0000000000000002,,0.0,3
B,GAT+LSTM,wed,1713,0.0,1.0000000000000002,,0.0,3
B,GAT+LSTM,wed,1714,0.0,1.0000000000000002,,0.0,3
B,GAT+LSTM,wed,1715,0.0,1.0000000000000002,,0.0,3
B,GAT+LSTM,wed,1716,0.0,1.0000000000000002,,0.0,3
B,GAT+LSTM,wed,1717,0.0,1.0000000000000002,,0.0,3
B,GAT+LSTM,wed,1718,0.0,1.0000000000000002,,0.0,3
B,GAT+LSTM,wed,1719,0.0,1.0000000000000002,,0.0,3
B,GAT+LSTM,wed,1720,0.0,1.0000000000000002,,0.0,3
B,GAT+LSTM,wed,1721,0.0,1.0000000000000002,,0.0,3
B,GAT+LSTM,wed,1722,0.0,1.0000000000000002,,0.0,3
B,GAT+LSTM,wed,1723,0.0,1.0000000000000002,,0.0,3
B,GAT+LSTM,wed,1724,0.0,1.0000000000000002,,0.0,3
B,GAT+LSTM,wed,1725,0.0,1.0000000000000002,,0.0,3
B,GAT+LSTM,wed,1726,0.0,1.0000000000000002,,0.0,3
B,GAT+LSTM,wed,1727,0.0,1.0000000000000002,,0.0,3
B,GAT+LSTM,wed,1728,0.0,1.0000000000000002,,0.0,3
B,GAT+LSTM,wed,1729,0.0,1.0000000000000002,,0.0,3
B,GAT+LSTM,wed,1730,0.0,1.0000000000000002,,0.0,3
B,GAT+LSTM,wed,1731,0.0,1.0000000000000002,,0.0,3
B,GAT+LSTM,wed,1732,0.0,1.0000000000000002,,0.0,3
B,GAT+LSTM,wed,1733,0.0,1.0000000000000002,,0.0,3
B,GAT+LSTM,wed,1734,0.0,1.0000000000000002,,0.0,3
B,GAT+LSTM,wed,1735,0.0,1.0000000000000002,,0.0,3
B,GAT+LSTM,wed,1736,0.0,1.0000000000000002,,0.0,3
B,GAT+LSTM,wed,1737,0.0,1.0000000000000002,,0.0,3
B,GAT+LSTM,wed,1738,0.0,1.0000000000000002,,0.0,3
B,GAT+LSTM,wed,1739,0.0,1.0000000000000002,,0.0,3
B,GAT+LSTM,wed,1740,0.0,1.0000000000000002,,0.0,3
B,GAT+LSTM,wed,1741,0.0,1.0000000000000002,,0.0,3
B,GAT+LSTM,wed,1742,0.0,1.0000000000000002,,0.0,3
B,GAT+LSTM,wed,1743,0.0,1.0000000000000002,,0.0,3
B,GAT+LSTM,wed,1744,0.0,1.0000000000000002,,0.0,3
B,GAT+LSTM,wed,1745,0.0,1.0000000000000002,,0.0,3
B,GAT+LSTM,wed,1746,0.0,1.0000000000000002,,0.0,3
B,GAT+LSTM,wed,1747,0.0,1.0000000000000002,,0.0,3
B,GAT+LSTM,wed,1748,0.0,1.0000000000000002,,0.0,3
B,GAT+LSTM,wed,1749,0.0,1.0000000000000002,,0.0,3
B,GAT+LSTM,wed,1750,0.0,1.0000000000000002,,0.0,3
B,GAT+LSTM,wed,1751,0.0,1.0000000000000002,,0.0,3
B,GAT+LSTM,wed,1752,0.0,1.0000000000000002,,0.0,3
B,GAT+LSTM,wed,1753,0.0,1.0000000000000002,,0.0,3
B,GAT+LSTM,wed,1754,0.0,1.0000000000000002,,0.0,3
B,GAT+LSTM,wed,1755,0.0,1.0000000000000002,,0.0,3
B,GAT+LSTM,wed,1756,0.0,1.0000000000000002,,0.0,3
B,GAT+LSTM,wed,1757,0.0,1.0000000000000002,,0.0,3
B,GAT+LSTM,wed,1758,0.0,1.0000000000000002,,0.0,3
B,GAT+LSTM,wed,1759,0.0,1.0000000000000002,,0.0,3
B,GAT+LSTM,wed,1760,0.0,1.0000000000000002,,0.0,3
B,GAT+LSTM,wed,1761,0.0,1.0000000000000002,,0.0,3
B,GAT+LSTM,wed,1762,0.0,1.0000000000000002,,0.0,3
B,GAT+LSTM,wed,1763,0.0,1.0000000000000002,,0.0,3
B,GAT+LSTM,wed,1764,0.0,1.0000000000000002,,0.0,3
B,GAT+LSTM,wed,1765,0.0,1.0000000000000002,,0.0,3
B,GAT+LSTM,wed,1766,0.0,1.0000000000000002,,0.0,3
B,GAT+LSTM,wed,1767,0.0,1.0000000000000002,,0.0,3
B,GAT+LSTM,wed,1768,0.0,1.0000000000000002,,0.0,3
B,GAT+LSTM,wed,1769,0.0,1.0000000000000002,,0.0,3
B,GAT+LSTM,wed,1770,0.0,1.0000000000000002,,0.0,3
B,GAT+LSTM,wed,1771,0.0,1.0000000000000002,,0.0,3
B,GAT+LSTM,wed,1772,0.0,1.0000000000000002,,0.0,3
B,GAT+LSTM,wed,1773,0.0,1.0000000000000002,,0.0,3
B,GAT+LSTM,wed,1774,0.0,1.0000000000000002,,0.0,3
B,GAT+LSTM,wed,1775,0.0,1.0000000000000002,,0.0,3
B,GAT+LSTM,wed,1776,0.0,1.0000000000000002,,0.0,3
B,GAT+LSTM,wed,1777,0.0,1.0000000000000002,,0.0,3
B,GAT+LSTM,wed,1778,0.0,1.0000000000000002,,0.0,3
B,GAT+LSTM,wed,1779,0.0,1.0000000000000002,,0.0,3
B,GAT+LSTM,wed,1780,0.0,1.0000000000000002,,0.0,3
B,GAT+LSTM,wed,1781,0.0,1.0000000000000002,,0.0,3
B,GAT+LSTM,wed,1782,0.0,1.0000000000000002,,0.0,3
B,GAT+LSTM,wed,1783,0.0,1.0000000000000002,,0.0,3
B,GAT+LSTM,wed,1784,0.0,1.0000000000000002,,0.0,3
B,GAT+LSTM,wed,1785,0.0,1.0000000000000002,,0.0,3
B,GAT+LSTM,wed,1786,0.0,1.0000000000000002,,0.0,3
B,GAT+LSTM,wed,1787,0.0,1.0000000000000002,,0.0,3
B,GAT+LSTM,wed,1788,0.0,1.0000000000000002,,0.0,3
B,GAT+LSTM,wed,1789,0.0,1.0000000000000002,,0.0,3
B,GAT+LSTM,wed,1790,0.0,1.0000000000000002,,0.0,3
B,GAT+LSTM,wed,1791,0.0,1.0000000000000002,,0.0,3
B,GAT+LSTM,wed,1792,0.0,1.0000000000000002,,0.0,3
B,GAT+LSTM,wed,1793,0.0,1.0000000000000002,,0.0,3
B,GAT+LSTM,wed,1794,0.0,1.0000000000000002,,0.0,3
B,GAT+LSTM,wed,1795,0.0,1.0000000000000002,,0.0,3
B,GAT+LSTM,wed,1796,0.0,1.0000000000000002,,0.0,3
B,GAT+LSTM,wed,1797,0.0,1.0000000000000002,,0.0,3
B,GAT+LSTM,wed,1798,0.0,1.0000000000000002,,0.0,3
B,GAT+LSTM,wed,1799,0.0,1.0000000000000002,,0.0,3
B,GAT+LSTM,wed,1800,0.0,1.0000000000000002,,0.0,3
B,GAT+LSTM,wed,1801,0.0,1.0000000000000002,,0.0,3
B,GAT+LSTM,wed,1802,0.0,1.0000000000000002,,0.0,3
B,GAT+LSTM,wed,1803,0.0,1.0000000000000002,,0.0,3
B,GAT+LSTM,wed,1804,0.0,1.0000000000000002,,0.0,3
B,GAT+LSTM,wed,1805,0.0,1.0000000000000002,,0.0,3
B,GAT+LSTM,wed,1806,0.0,1.0000000000000002,,0.0,3
B,GAT+LSTM,wed,1807,0.0,1.0000000000000002,,0.0,3
B,GAT+LSTM,wed,1808,0.0,1.0000000000000002,,0.0,3
B,GAT+LSTM,wed,1809,0.0,1.0000000000000002,,0.0,3
B,GAT+LSTM,wed,1810,0.0,1.0000000000000002,,0.0,3
B,GAT+LSTM,wed,1811,0.0,1.0000000000000002,,0.0,3
B,GAT+LSTM,wed,1812,0.0,1.0000000000000002,,0.0,3
B,GAT+LSTM,wed,1813,0.0,1.0000000000000002,,0.0,3
B,GAT+LSTM,wed,1814,0.0,1.0000000000000002,,0.0,3
B,GAT+LSTM,wed,1815,0.0,1.0000000000000002,,0.0,3
B,GAT+LSTM,wed,1816,0.0,1.0000000000000002,,0.0,3
B,GAT+LSTM,wed,1817,0.0,1.0000000000000002,,0.0,3
B,GAT+LSTM,wed,1818,0.0,1.0000000000000002,,0.0,3
B,GAT+LSTM,wed,1819,0.0,1.0000000000000002,,0.0,3
B,GAT+LSTM,wed,1820,0.0,1.0000000000000002,,0.0,3
B,GAT+LSTM,wed,1821,0.0,1.0000000000000002,,0.0,3
B,GAT+LSTM,wed,1822,0.0,1.0000000000000002,,0.0,3
B,GAT+LSTM,wed,1823,0.0,1.0000000000000002,,0.0,3
B,GAT+LSTM,wed,1824,0.0,1.0000000000000002,,0.0,3
B,GAT+LSTM,wed,1825,0.0,1.0000000000000002,,0.0,3
B,GAT+LSTM,wed,1826,0.0,1.0000000000000002,,0.0,3
B,GAT+LSTM,wed,1827,0.0,1.0000000000000002,,0.0,3
B,GAT+LSTM,wed,1828,0.0,1.0000000000000002,,0.0,3
B,GAT+LSTM,wed,1829,0.0,1.0000000000000002,,0.0,3
B,GAT+LSTM,wed,1830,0.0,1.0000000000000002,,0.0,3
B,GAT+LSTM,wed,1831,0.0,1.0000000000000002,,0.0,3
B,GAT+LSTM,wed,1832,0.0,1.0000000000000002,,0.0,3
B,GAT+LSTM,thu_am,1833,0.0,0.997299168975069,0.9473684210526315,0.0,4
B,GAT+LSTM,thu_am,1834,0.0,0.9911210488093873,0.9166666666666666,0.0,4
B,GAT+LSTM,thu_am,1835,0.0,0.9763554467194515,0.8627450980392157,0.0,4
B,GAT+LSTM,thu_am,1836,0.0,0.949291055790185,0.796875,0.0,4
B,GAT+LSTM,thu_am,1837,0.0,0.7600201958057996,0.6266666666666666,0.0,4
B,GAT+LSTM,thu_am,1838,0.0,0.6508534986807873,0.5119047619047619,0.0,4
B,GAT+LSTM,thu_am,1839,0.0,0.5633534635365427,0.4285714285714286,0.0,4
B,GAT+LSTM,thu_am,1840,0.0,0.48904786697936853,0.3645833333333333,0.0,4
B,GAT+LSTM,thu_am,1841,0.0,0.4239594346845261,0.31313131313131315,0.0,4
B,GAT+LSTM,thu_am,1842,0.0,0.36585331593071535,0.27,0.0,4
B,GAT+LSTM,thu_am,1843,0.0,0.316551898059896,0.24242424242424243,0.0,4
B,GAT+LSTM,thu_am,1844,0.0,0.26901017261891874,0.21875,0.0,4
B,GAT+LSTM,thu_am,1845,0.0,0.2842879503966965,0.28125,0.0,4
B,GAT+LSTM,thu_am,1846,0.0,0.24042477959163053,0.2527472527472527,0.0,4
B,GAT+LSTM,thu_am,1847,0.0,0.27981871898557,0.32967032967032966,0.0,4
B,GAT+LSTM,thu_am,1848,0.0,0.28519667436352536,0.35164835164835156,0.0,4
B,GAT+LSTM,thu_am,1849,0.0,0.26039288655387727,0.3809523809523809,0.0,4
B,GAT+LSTM,thu_am,1850,0.0,0.2481805281921381,0.45333333333333337,0.0,4
B,GAT+LSTM,thu_am,1851,0.0,0.2657612562875721,0.52,0.0,4
B,GAT+LSTM,thu_am,1852,0.0,0.2682466364045311,0.5333333333333334,0.0,4
B,GAT+LSTM,thu_am,1853,0.0,0.2704686882318461,0.4166666666666667,0.0,4
B,GAT+LSTM,thu_am,1854,0.0,0.2835367762612344,0.34065934065934067,0.0,4
B,GAT+LSTM,thu_am,1855,0.0,0.30242689457085736,0.28125,0.0,4
B,GAT+LSTM,thu_am,1856,0.0,0.3258065726460979,0.23232323232323232,0.0,4
B,GAT+LSTM,thu_am,1857,0.0,0.35785585845183365,0.21000000000000002,0.0,4
B,GAT+LSTM,thu_am,1858,0.0,0.41611011068863585,0.21212121212121215,0.0,4
B,GAT+LSTM,thu_am,1859,0.0,0.4501751251557753,0.1875,0.0,4
B,GAT+LSTM,thu_am,1860,0.0,0.5842493532241091,0.25274725274725274,0.0,4
B,GAT+LSTM,thu_am,1861,0.0,0.6209877866003474,0.2380952380952381,0.0,4
B,GAT+LSTM,thu_am,1862,0.0,0.7110047703700955,0.2533333333333333,0.0,4
B,GAT+LSTM,thu_am,1863,0.0,0.7579063555553494,0.25,0.0,4
B,GAT+LSTM,thu_am,1864,0.0,0.7983330577029357,0.21568627450980393,0.0,4
B,GAT+LSTM,thu_am,1865,0.0,0.7664352985992943,0.1568627450980392,0.0,4
B,GAT+LSTM,thu_am,1866,0.0,0.8372881862432946,0.16666666666666666,0.0,4
B,GAT+LSTM,thu_am,1867,0.0,0.8062696677247762,0.1111111111111111,0.0,4
B,GAT+LSTM,thu_am,1868,0.0,0.7974733714284798,0.08333333333333333,0.0,4
B,GAT+LSTM,thu_am,1869,0.0,0.8996803689222621,0.10526315789473684,0.0,4
B,GAT+LSTM,thu_am,1870,0.0,1.0000000000000002,,0.0,4
B,GAT+LSTM,thu_am,1871,0.0,1.0000000000000002,,0.0,4
B,GAT+LSTM,thu_am,1872,0.0,1.0000000000000002,,0.0,4
B,GAT+LSTM,thu_am,1873,0.0,1.0000000000000002,,0.0,4
B,GAT+LSTM,thu_am,1874,0.0,1.0000000000000002,,0.0,4
B,GAT+LSTM,thu_am,1875,0.0,1.0000000000000002,,0.0,4
B,GAT+LSTM,thu_am,1876,0.0,1.0000000000000002,,0.0,4
B,GAT+LSTM,thu_am,1877,0.0,1.0000000000000002,,0.0,4
B,GAT+LSTM,thu_am,1878,0.0,1.0000000000000002,,0.0,4
B,GAT+LSTM,thu_am,1879,0.0,1.0000000000000002,,0.0,4
B,GAT+LSTM,thu_am,1880,0.0,1.0000000000000002,,0.0,4
B,GAT+LSTM,thu_am,1881,0.0,1.0000000000000002,,0.0,4
B,GAT+LSTM,thu_am,1882,0.0,1.0000000000000002,,0.0,4
B,GAT+LSTM,thu_am,1883,0.0,1.0000000000000002,,0.0,4
B,GAT+LSTM,thu_am,1884,0.0,1.0000000000000002,,0.0,4
B,GAT+LSTM,thu_am,1885,0.0,1.0000000000000002,,0.0,4
B,GAT+LSTM,thu_am,1886,0.0,1.0000000000000002,,0.0,4
B,GAT+LSTM,thu_am,1887,0.0,1.0000000000000002,,0.0,4
B,GAT+LSTM,thu_am,1888,0.0,1.0000000000000002,,0.0,4
B,GAT+LSTM,thu_am,1889,0.0,1.0000000000000002,,0.0,4
B,GAT+LSTM,thu_am,1890,0.0,1.0000000000000002,,0.0,4
B,GAT+LSTM,thu_am,1891,0.0,1.0000000000000002,,0.0,4
B,GAT+LSTM,thu_am,1892,0.0,1.0000000000000002,,0.0,4
B,GAT+LSTM,thu_am,1893,0.0,1.0000000000000002,,0.0,4
B,GAT+LSTM,thu_am,1894,0.0,1.0000000000000002,,0.0,4
B,GAT+LSTM,thu_am,1895,0.0,0.9685096390673218,0.5263157894736842,0.0,4
B,GAT+LSTM,thu_am,1896,0.0,0.9510537416755167,0.6111111111111112,0.0,4
B,GAT+LSTM,thu_am,1897,0.0,0.9297376824899135,0.6274509803921569,0.0,4
B,GAT+LSTM,thu_am,1898,0.0,0.9086592484957423,0.640625,0.0,4
B,GAT+LSTM,thu_am,1899,0.0,0.9032290167119887,0.6933333333333334,0.0,4
B,GAT+LSTM,thu_am,1900,0.0,0.9018320107149718,0.7380952380952381,0.0,4
B,GAT+LSTM,thu_am,1901,0.0,0.8742178787844421,0.7142857142857143,0.0,4
B,GAT+LSTM,thu_am,1902,0.0,0.6567981688289352,0.6041666666666666,0.0,4
B,GAT+LSTM,thu_am,1903,0.0,0.6653133804691468,0.6145833333333334,0.0,4
B,GAT+LSTM,thu_am,1904,0.0,0.6896784072480667,0.6770833333333334,0.0,4
B,GAT+LSTM,thu_am,1905,0.0,0.6896784072480667,0.6770833333333334,0.0,4
B,GAT+LSTM,thu_am,1906,0.0,0.6811631956078551,0.6666666666666667,0.0,4
B,GAT+LSTM,thu_am,1907,0.0,0.6811631956078551,0.6666666666666667,0.0,4
B,GAT+LSTM,thu_am,1908,0.0,0.7436631956078551,0.6770833333333334,0.0,4
B,GAT+LSTM,thu_am,1909,0.0,0.7436631956078551,0.6770833333333334,0.0,4
B,GAT+LSTM,thu_am,1910,0.0,0.7729795559903919,0.7395833333333334,0.0,4
B,GAT+LSTM,thu_am,1911,0.0,0.7466928797037157,0.6875,0.0,4
B,GAT+LSTM,thu_am,1912,0.0,0.7436631956078551,0.6770833333333334,0.0,4
B,GAT+LSTM,thu_am,1913,0.0,0.7729795559903919,0.7395833333333334,0.0,4
B,GAT+LSTM,thu_am,1914,0.0,0.7644643443501803,0.7291666666666666,0.0,4
B,GAT+LSTM,thu_am,1915,0.0,0.7942146389901807,0.7252747252747254,0.0,4
B,GAT+LSTM,thu_am,1916,0.0,0.815500554288701,0.7261904761904763,0.0,4
B,GAT+LSTM,thu_am,1917,0.0,0.7460862384458138,0.6190476190476191,0.0,4
B,GAT+LSTM,thu_am,1918,0.0,0.7306084243598064,0.5714285714285714,0.0,4
B,GAT+LSTM,thu_am,1919,0.0,0.7223320655706768,0.5357142857142857,0.0,4
B,GAT+LSTM,thu_am,1920,0.0,0.7422831434131744,0.49333333333333335,0.0,4
B,GAT+LSTM,thu_am,1921,0.0,0.7533874369739307,0.390625,0.0,4
B,GAT+LSTM,thu_am,1922,0.0,0.8541237539348083,0.47058823529411764,0.0,4
B,GAT+LSTM,thu_am,1923,0.0,0.8541237539348083,0.47058823529411764,0.0,4
B,GAT+LSTM,thu_am,1924,0.0,0.8482673450238273,0.59375,0.0,4
B,GAT+LSTM,thu_am,1925,0.0,0.7365507866746256,0.47999999999999987,0.0,4
B,GAT+LSTM,thu_am,1926,0.0,0.7040174740611493,0.48809523809523814,0.0,4
B,GAT+LSTM,thu_am,1927,0.0,0.6328987278499068,0.4285714285714286,0.0,4
B,GAT+LSTM,thu_am,1928,0.0,0.5197110083042746,0.4166666666666667,0.0,4
B,GAT+LSTM,thu_am,1929,0.0,0.48899958986505565,0.45454545454545453,0.0,4
B,GAT+LSTM,thu_am,1930,0.0,0.4288161374229486,0.42000000000000004,0.0,4
B,GAT+LSTM,thu_am,1931,0.0,0.3698970324099323,0.404040404040404,0.0,4
B,GAT+LSTM,thu_am,1932,0.0,0.34249813707534293,0.44791666666666663,0.0,4
B,GAT+LSTM,thu_am,1933,0.0,0.29793279782775584,0.4505494505494505,0.0,4
B,GAT+LSTM,thu_am,1934,0.0,0.2743484252675429,0.5,0.0,4
B,GAT+LSTM,thu_am,1935,0.0,0.22852043381455145,0.5066666666666667,0.0,4
B,GAT+LSTM,thu_am,1936,0.0,0.16310185933347698,0.4375,0.0,4
B,GAT+LSTM,thu_am,1937,0.0,0.16310185933347698,0.4375,0.0,4
B,GAT+LSTM,thu_am,1938,0.0,0.15561177996839762,0.40625,0.0,4
B,GAT+LSTM,thu_am,1939,0.0,0.1592747836314013,0.421875,0.0,4
B,GAT+LSTM,thu_am,1940,0.0,0.11169290948702715,0.37254901960784315,0.0,4
B,GAT+LSTM,thu_am,1941,0.0,0.09217171717171717,0.5,0.0,4
B,GAT+LSTM,thu_am,1942,0.0,0.05555555555555555,0.5789473684210527,0.0,4
B,GAT+LSTM,thu_am,1943,0.0,0.5,,0.0,4
B,GAT+LSTM,thu_am,1944,0.0,0.5,,0.0,4
B,GAT+LSTM,thu_am,1945,0.0,0.5,,0.0,4
B,GAT+LSTM,thu_am,1946,0.0,0.5,,0.0,4
B,GAT+LSTM,thu_am,1947,0.0,0.5,,0.0,4
B,GAT+LSTM,thu_am,1948,0.0,0.5,,0.0,4
B,GAT+LSTM,thu_am,1949,0.0,0.5,,0.0,4
B,GAT+LSTM,thu_am,1950,0.0,0.5,,0.0,4
B,GAT+LSTM,thu_am,1951,0.0,0.5,,0.0,4
B,GAT+LSTM,thu_am,1952,0.0,0.5,,0.0,4
B,GAT+LSTM,thu_am,1953,0.0,0.5,,0.0,4
B,GAT+LSTM,thu_am,1954,0.0,0.5,,0.0,4
B,GAT+LSTM,thu_am,1955,0.0,0.5,,0.0,4
B,GAT+LSTM,thu_am,1956,0.0,0.5,,0.0,4
B,GAT+LSTM,thu_am,1957,0.0,0.5,,0.0,4
B,GAT+LSTM,thu_am,1958,0.0,0.5,,0.0,4
B,GAT+LSTM,thu_am,1959,0.0,0.5,,0.0,4
B,GAT+LSTM,thu_am,1960,0.0,0.5,,0.0,4
B,GAT+LSTM,thu_am,1961,0.0,0.5,,0.0,4
B,GAT+LSTM,thu_am,1962,0.0,0.5,,0.0,4
B,GAT+LSTM,thu_am,1963,0.0,0.5,,0.0,4
B,GAT+LSTM,thu_am,1964,0.0,0.5,,0.0,4
B,GAT+LSTM,thu_am,1965,0.0,0.5,,0.0,4
B,GAT+LSTM,thu_am,1966,0.0,0.5,,0.0,4
B,GAT+LSTM,thu_am,1967,0.0,0.5,,0.0,4
B,GAT+LSTM,thu_am,1968,0.0,0.5,,0.0,4
B,GAT+LSTM,thu_am,1969,0.0,0.5,,0.0,4
B,GAT+LSTM,thu_am,1970,0.0,0.5,,0.0,4
B,GAT+LSTM,thu_am,1971,0.0,0.5,,0.0,4
B,GAT+LSTM,thu_am,1972,0.0,0.5,,0.0,4
B,GAT+LSTM,thu_am,1973,0.0,0.5,,0.0,4
B,GAT+LSTM,thu_am,1974,0.0,0.5,,0.0,4
B,GAT+LSTM,thu_am,1975,0.0,0.5,,0.0,4
B,GAT+LSTM,thu_am,1976,0.0,0.5,,0.0,4
B,GAT+LSTM,thu_am,1977,0.0,0.5,,0.0,4
B,GAT+LSTM,thu_am,1978,0.0,0.5,,0.0,4
B,GAT+LSTM,thu_am,1979,0.0,0.5,,0.0,4
B,GAT+LSTM,thu_am,1980,0.0,0.5,,0.0,4
B,GAT+LSTM,thu_am,1981,0.0,0.5,,0.0,4
B,GAT+LSTM,thu_am,1982,0.0,0.5,,0.0,4
B,GAT+LSTM,thu_am,1983,0.0,0.5,,0.0,4
B,GAT+LSTM,thu_am,1984,0.0,0.5,,0.0,4
B,GAT+LSTM,thu_am,1985,0.0,0.5,,0.0,4
B,GAT+LSTM,thu_am,1986,0.0,0.5,,0.0,4
B,GAT+LSTM,thu_am,1987,0.0,0.5,,0.0,4
B,GAT+LSTM,thu_am,1988,0.0,0.5,,0.0,4
B,GAT+LSTM,thu_am,1989,0.0,0.5,,0.0,4
B,GAT+LSTM,thu_am,1990,0.0,0.5,,0.0,4
B,GAT+LSTM,thu_am,1991,0.0,0.5,,0.0,4
B,GAT+LSTM,thu_am,1992,0.0,0.5,,0.0,4
B,GAT+LSTM,thu_am,1993,0.0,0.5,,0.0,4
B,GAT+LSTM,thu_am,1994,0.0,0.5,,0.0,4
B,GAT+LSTM,thu_am,1995,0.0,0.5,,0.0,4
B,GAT+LSTM,thu_am,1996,0.0,0.5,,0.0,4
B,GAT+LSTM,thu_am,1997,0.0,0.5,,0.0,4
B,GAT+LSTM,thu_pm,2444,0.0,0.5,,0.0,4
B,GAT+LSTM,thu_pm,2445,0.0,0.5,,0.0,4
B,GAT+LSTM,thu_pm,2446,0.0,0.5,,0.0,4
B,GAT+LSTM,thu_pm,2447,0.0,0.5,,0.0,4
B,GAT+LSTM,thu_pm,2448,0.0,0.5,,0.0,4
B,GAT+LSTM,thu_pm,2449,0.0,0.5,,0.0,4
B,GAT+LSTM,thu_pm,2450,0.0,0.5,,0.0,4
B,GAT+LSTM,thu_pm,2451,0.0,0.5,,0.0,4
B,GAT+LSTM,thu_pm,2452,0.0,0.5,,0.0,4
B,GAT+LSTM,thu_pm,2453,0.0,0.5,,0.0,4
B,GAT+LSTM,thu_pm,2454,0.0,0.5,,0.0,4
B,GAT+LSTM,thu_pm,2455,0.0,0.5,,0.0,4
B,GAT+LSTM,thu_pm,2456,0.0,0.5,,0.0,4
B,GAT+LSTM,thu_pm,2457,0.0,0.5,,0.0,4
B,GAT+LSTM,thu_pm,2458,0.0,0.5,,0.0,4
B,GAT+LSTM,thu_pm,2459,0.0,0.5,,0.0,4
B,GAT+LSTM,thu_pm,2460,0.0,0.5,,0.0,4
B,GAT+LSTM,thu_pm,2461,0.0,0.5,,0.0,4
B,GAT+LSTM,thu_pm,2462,0.0,0.5,,0.0,4
B,GAT+LSTM,thu_pm,2463,0.0,0.5,,0.0,4
B,GAT+LSTM,thu_pm,2464,0.0,0.5,,0.0,4
B,GAT+LSTM,thu_pm,2465,0.0,0.5,,0.0,4
B,GAT+LSTM,thu_pm,2466,0.0,0.5,,0.0,4
B,GAT+LSTM,thu_pm,2467,0.0,0.5,,0.0,4
B,GAT+LSTM,thu_pm,2468,0.0,0.5,,0.0,4
B,GAT+LSTM,thu_pm,2469,0.0,0.5,,0.0,4
B,GAT+LSTM,thu_pm,2470,0.0,0.5,,0.0,4
B,GAT+LSTM,thu_pm,2471,0.0,0.5,,0.0,4
B,GAT+LSTM,thu_pm,2472,0.0,0.5,,0.0,4
B,GAT+LSTM,thu_pm,2473,0.0,0.5,,0.0,4
B,GAT+LSTM,thu_pm,2474,0.0,0.5,,0.0,4
B,GAT+LSTM,thu_pm,2475,0.0,0.5,,0.0,4
B,GAT+LSTM,thu_pm,2476,0.0,0.5,,0.0,4
B,GAT+LSTM,thu_pm,2477,0.0,0.5,,0.0,4
B,GAT+LSTM,thu_pm,2478,0.0,0.5,,0.0,4
B,GAT+LSTM,thu_pm,2479,0.0,0.5,,0.0,4
B,GAT+LSTM,thu_pm,2480,0.0,0.5,,0.0,4
B,GAT+LSTM,thu_pm,2481,0.0,0.5,,0.0,4
B,GAT+LSTM,thu_pm,2482,0.0,0.5,,0.0,4
B,GAT+LSTM,thu_pm,2483,0.0,0.5,,0.0,4
B,GAT+LSTM,thu_pm,2484,0.0,0.5,,0.0,4
B,GAT+LSTM,thu_pm,2485,0.0,0.5,,0.0,4
B,GAT+LSTM,thu_pm,2486,0.0,0.5,,0.0,4
B,GAT+LSTM,thu_pm,2487,0.0,0.5,,0.0,4
B,GAT+LSTM,thu_pm,2488,0.0,0.5,,0.0,4
B,GAT+LSTM,thu_pm,2489,0.0,0.5,,0.0,4
B,GAT+LSTM,thu_pm,2490,0.0,0.5,,0.0,4
B,GAT+LSTM,thu_pm,2491,0.0,0.5,,0.0,4
B,GAT+LSTM,thu_pm,2492,0.0,0.5,,0.0,4
B,GAT+LSTM,thu_pm,2493,0.0,0.5,,0.05,4
B,GAT+LSTM,thu_pm,2494,0.0,0.5,,0.1,4
B,GAT+LSTM,thu_pm,2495,0.0,0.5,,0.15,4
B,GAT+LSTM,thu_pm,2496,0.0,0.5,,0.2,4
B,GAT+LSTM,thu_pm,2497,0.0,0.5,,0.25,4
B,GAT+LSTM,thu_pm,2498,0.0,0.5,,0.3,4
B,GAT+LSTM,thu_pm,2499,0.0,0.5,,0.3,4
B,GAT+LSTM,thu_pm,2500,0.0,0.5,,0.3,4
B,GAT+LSTM,thu_pm,2501,0.0,0.5,,0.3,4
B,GAT+LSTM,thu_pm,2502,0.0,0.5,,0.3,4
B,GAT+LSTM,thu_pm,2503,0.0,0.5,,0.3,4
B,GAT+LSTM,thu_pm,2504,0.0,0.5,,0.3,4
B,GAT+LSTM,thu_pm,2505,0.0,0.5,,0.3,4
B,GAT+LSTM,thu_pm,2506,0.0,0.5,,0.3,4
B,GAT+LSTM,thu_pm,2507,0.0,0.5,,0.3,4
B,GAT+LSTM,thu_pm,2508,0.0,0.029411764705882353,0.1578947368421053,0.3157894736842105,4
B,GAT+LSTM,thu_pm,2509,0.0,0.029411764705882353,0.1578947368421053,0.3157894736842105,4
B,GAT+LSTM,thu_pm,2510,0.0,0.06066176470588235,0.16666666666666663,0.3333333333333333,4
B,GAT+LSTM,thu_pm,2511,0.0,0.06066176470588235,0.16666666666666663,0.3333333333333333,4
B,GAT+LSTM,thu_pm,2512,0.0,0.06458333333333333,0.2222222222222222,0.3333333333333333,4
B,GAT+LSTM,thu_pm,2513,0.0,0.06458333333333333,0.2222222222222222,0.2777777777777778,4
B,GAT+LSTM,thu_pm,2514,0.0,0.11140873015873015,0.37254901960784315,0.23529411764705882,4
B,GAT+LSTM,thu_pm,2515,0.0,0.17648809523809525,0.46875,0.1875,4
B,GAT+LSTM,thu_pm,2516,0.0,0.25553571428571425,0.5466666666666666,0.13333333333333333,4
B,GAT+LSTM,thu_pm,2517,0.0,0.28601190476190474,0.5866666666666667,0.06666666666666667,4
B,GAT+LSTM,thu_pm,2518,0.0,0.3326785714285714,0.6266666666666667,0.0,4
B,GAT+LSTM,thu_pm,2519,0.0,0.6217261904761904,0.7261904761904763,0.0,4
B,GAT+LSTM,thu_pm,2520,0.0,0.6217261904761904,0.7261904761904763,0.0,4
B,GAT+LSTM,thu_pm,2521,0.0,0.5717261904761904,0.7023809523809523,0.0,4
B,GAT+LSTM,thu_pm,2522,0.0,0.5110119047619047,0.6666666666666667,0.0,4
B,GAT+LSTM,thu_pm,2523,0.0,0.5735444177671067,0.6813186813186813,0.0,4
B,GAT+LSTM,thu_pm,2524,0.0,0.6302302170868347,0.7083333333333334,0.0,4
B,GAT+LSTM,thu_pm,2525,0.0,0.6760387488328665,0.7272727272727273,0.0,4
B,GAT+LSTM,thu_pm,2526,0.0,0.7552396867838044,0.75,0.0,4
B,GAT+LSTM,thu_pm,2527,0.0,0.7359029369323487,0.71,0.0,4
B,GAT+LSTM,thu_pm,2528,0.0,0.7430037772684831,0.73,0.0,4
B,GAT+LSTM,thu_pm,2529,0.0,0.7300157474182947,0.6565656565656566,0.0,4
B,GAT+LSTM,thu_pm,2530,0.0,0.7462921759612936,0.74,0.0,4
B,GAT+LSTM,thu_pm,2531,0.0,0.7500054112554112,0.75,0.0,4
B,GAT+LSTM,thu_pm,2532,0.0,0.7500054112554112,0.75,0.0,4
B,GAT+LSTM,thu_pm,2533,0.0,0.7425124140565317,0.73,0.0,4
B,GAT+LSTM,thu_pm,2534,0.0,0.7387070990012168,0.7474747474747474,0.0,4
B,GAT+LSTM,thu_pm,2535,0.0,0.7417257528011204,0.7708333333333334,0.0,4
B,GAT+LSTM,thu_pm,2536,0.0,0.7321919152276295,0.7802197802197802,0.0,4
B,GAT+LSTM,thu_pm,2537,0.0,0.7409602302459446,0.8021978021978022,0.0,4
B,GAT+LSTM,thu_pm,2538,0.0,0.7511488511488511,0.8241758241758241,0.0,4
B,GAT+LSTM,thu_pm,2539,0.0,0.6555069930069929,0.8095238095238095,0.0,4
B,GAT+LSTM,thu_pm,2540,0.0,0.8249158249158248,0.869047619047619,0.0,4
B,GAT+LSTM,thu_pm,2541,0.0,0.8249158249158248,0.869047619047619,0.0,4
B,GAT+LSTM,thu_pm,2542,0.0,0.8249158249158248,0.869047619047619,0.0,4
B,GAT+LSTM,thu_pm,2543,0.0,0.7513636363636362,0.8266666666666667,0.0,4
B,GAT+LSTM,thu_pm,2544,0.0,0.5368686868686868,0.75,0.0,4
B,GAT+LSTM,thu_pm,2545,0.0,0.45715488215488215,0.6666666666666666,0.0,4
B,GAT+LSTM,thu_pm,2546,0.0,0.08939393939393939,0.4722222222222222,0.0,4
B,GAT+LSTM,thu_pm,2547,0.0,0.08939393939393939,0.4722222222222222,0.0,4
B,GAT+LSTM,thu_pm,2548,0.0,0.041666666666666664,0.42105263157894735,0.0,4
B,GAT+LSTM,thu_pm,2549,0.0,0.5,,0.0,4
B,GAT+LSTM,thu_pm,2550,0.0,0.5,,0.0,4
B,GAT+LSTM,thu_pm,2551,0.0,0.5,,0.0,4
B,GAT+LSTM,thu_pm,2552,0.0,0.5,,0.0,4
B,GAT+LSTM,thu_pm,2553,0.0,0.5,,0.0,4
B,GAT+LSTM,thu_pm,2554,0.0,0.038461538461538464,0.368421052631579,0.0,4
B,GAT+LSTM,thu_pm,2555,0.0,0.038461538461538464,0.368421052631579,0.0,4
B,GAT+LSTM,thu_pm,2556,0.0,0.03571428571428571,0.3157894736842105,0.0,4
B,GAT+LSTM,thu_pm,2557,0.0,0.03333333333333333,0.26315789473684215,0.0,4
B,GAT+LSTM,thu_pm,2558,0.0,0.03125,0.21052631578947367,0.0,4
B,GAT+LSTM,thu_pm,2559,0.0,0.06066176470588235,0.16666666666666663,0.0,4
B,GAT+LSTM,thu_pm,2560,0.0,0.057189542483660136,0.11111111111111116,0.0,4
B,GAT+LSTM,thu_pm,2561,0.0,0.057189542483660136,0.11111111111111116,0.0,4
B,GAT+LSTM,thu_pm,2562,0.0,0.057189542483660136,0.11111111111111116,0.05555555555555555,4
B,GAT+LSTM,thu_pm,2563,0.4,0.41074346405228757,0.4117647058823529,0.058823529411764705,4
B,GAT+LSTM,thu_pm,2564,0.3333333333333333,0.41074346405228757,0.4117647058823529,0.11764705882352941,4
B,GAT+LSTM,thu_pm,2565,0.2857142857142857,0.41074346405228757,0.4117647058823529,0.17647058823529413,4
B,GAT+LSTM,thu_pm,2566,0.25,0.16074346405228757,0.39215686274509803,0.23529411764705882,4
B,GAT+LSTM,thu_pm,2567,0.2222222222222222,0.1329656862745098,0.37254901960784315,0.29411764705882354,4
B,GAT+LSTM,thu_pm,2568,0.2,0.11907679738562091,0.3529411764705882,0.35294117647058826,4
B,GAT+LSTM,thu_pm,2569,0.3333333333333333,0.23127042483660132,0.5,0.375,4
B,GAT+LSTM,thu_pm,2570,0.3076923076923077,0.19585375816993464,0.46875,0.4375,4
B,GAT+LSTM,thu_pm,2571,0.2857142857142857,0.17531804388422034,0.4375,0.5,4
B,GAT+LSTM,thu_pm,2572,0.26666666666666666,0.1630454813504349,0.390625,0.5625,4
B,GAT+LSTM,thu_pm,2573,0.35294117647058826,0.40710526315789475,0.48,0.6,4
B,GAT+LSTM,thu_pm,2574,0.35294117647058826,0.2391812865497076,0.5625,0.625,4
B,GAT+LSTM,thu_pm,2575,0.3333333333333333,0.2391812865497076,0.5625,0.6875,4
B,GAT+LSTM,thu_pm,2576,0.3157894736842105,0.2391812865497076,0.5625,0.75,4
B,GAT+LSTM,thu_pm,2577,0.38095238095238093,0.2679718234981393,0.5466666666666667,0.8,4
B,GAT+LSTM,thu_pm,2578,0.36363636363636365,0.2572647527910686,0.52,0.8666666666666667,4
B,GAT+LSTM,thu_pm,2579,0.36363636363636365,0.2640151515151515,0.671875,0.875,4
B,GAT+LSTM,thu_pm,2580,0.34782608695652173,0.2640151515151515,0.671875,0.9375,4
B,GAT+LSTM,thu_pm,2581,0.3333333333333333,0.2640151515151515,0.671875,1.0,4
B,GAT+LSTM,thu_pm,2582,0.4,0.30180569430569426,0.6533333333333333,1.0,4
B,GAT+LSTM,thu_pm,2583,0.3333333333333333,0.28751352813852815,0.71875,1.0,4
B,GAT+LSTM,thu_pm,2584,0.3333333333333333,0.28751352813852815,0.71875,1.0,4
B,GAT+LSTM,thu_pm,2585,0.3333333333333333,0.28146749084249084,0.703125,1.0,4
B,GAT+LSTM,thu_pm,2586,0.3333333333333333,0.31474567099567097,0.75,1.0,4
B,GAT+LSTM,thu_pm,2587,0.3333333333333333,0.32194264069264067,0.765625,1.0,4
B,GAT+LSTM,thu_pm,2588,0.4,0.40164502164502164,0.7866666666666666,1.0,4
B,GAT+LSTM,thu_pm,2589,0.3333333333333333,0.33221049783549783,0.765625,1.0,4
B,GAT+LSTM,thu_pm,2590,0.3333333333333333,0.386525974025974,0.796875,1.0,4
B,GAT+LSTM,thu_pm,2591,0.3333333333333333,0.40378787878787875,0.8125,1.0,4
B,GAT+LSTM,thu_pm,2592,0.3333333333333333,0.40378787878787875,0.8125,1.0,4
B,GAT+LSTM,thu_pm,2593,0.2608695652173913,0.22323232323232323,0.7254901960784313,1.0,4
B,GAT+LSTM,thu_pm,2594,0.3333333333333333,0.5912878787878788,0.828125,1.0,4
B,GAT+LSTM,thu_pm,2595,0.3333333333333333,0.5251623376623377,0.78125,1.0,4
B,GAT+LSTM,thu_pm,2596,0.3333333333333333,0.5251623376623377,0.78125,1.0,4
B,GAT+LSTM,thu_pm,2597,0.2608695652173913,0.5992063492063492,0.8823529411764706,1.0,4
B,GAT+LSTM,thu_pm,2598,0.3333333333333333,0.5191163003663004,0.765625,1.0,4
B,GAT+LSTM,thu_pm,2599,0.3333333333333333,0.5013163919413919,0.734375,1.0,4
B,GAT+LSTM,thu_pm,2600,0.3333333333333333,0.4642857142857143,0.6875,1.0,4
B,GAT+LSTM,thu_pm,2601,0.4,0.5085714285714286,0.72,1.0,4
B,GAT+LSTM,thu_pm,2602,0.3333333333333333,0.5095238095238095,0.734375,1.0,4
B,GAT+LSTM,thu_pm,2603,0.3333333333333333,0.49300595238095235,0.703125,1.0,4
B,GAT+LSTM,thu_pm,2604,0.3333333333333333,0.4896052170868347,0.6875,1.0,4
B,GAT+LSTM,thu_pm,2605,0.3333333333333333,0.4799325980392157,0.671875,1.0,4
B,GAT+LSTM,thu_pm,2606,0.4,0.4410690943043884,0.5733333333333334,1.0,4
B,GAT+LSTM,thu_pm,2607,0.4,0.4379738562091503,0.56,1.0,4
B,GAT+LSTM,thu_pm,2608,0.3333333333333333,0.44987307422969186,0.578125,1.0,4
B,GAT+LSTM,thu_pm,2609,0.3333333333333333,0.45303241488903256,0.59375,1.0,4
B,GAT+LSTM,thu_pm,2610,0.3333333333333333,0.44987307422969186,0.578125,1.0,4
B,GAT+LSTM,thu_pm,2611,0.4,0.43311306340718103,0.56,1.0,4
B,GAT+LSTM,thu_pm,2612,0.4,0.43311306340718103,0.56,1.0,4
B,GAT+LSTM,thu_pm,2613,0.4,0.4784539072039072,0.6133333333333334,1.0,4
B,GAT+LSTM,thu_pm,2614,0.3333333333333333,0.21183226495726498,0.53125,1.0,4
B,GAT+LSTM,thu_pm,2615,0.3333333333333333,0.399332264957265,0.546875,1.0,4
B,GAT+LSTM,thu_pm,2616,0.4,0.3930045607986784,0.52,1.0,4
B,GAT+LSTM,thu_pm,2617,0.4,0.3863468720821662,0.49333333333333335,1.0,4
B,GAT+LSTM,thu_pm,2618,0.3333333333333333,0.4187996031746032,0.609375,1.0,4
B,GAT+LSTM,thu_pm,2619,0.3333333333333333,0.4365842490842491,0.65625,1.0,4
B,GAT+LSTM,thu_pm,2620,0.3333333333333333,0.4588484432234432,0.703125,1.0,4
B,GAT+LSTM,thu_pm,2621,0.2608695652173913,0.17514430014430013,0.6274509803921569,1.0,4
B,GAT+LSTM,thu_pm,2622,0.3333333333333333,0.2265151515151515,0.625,1.0,4
B,GAT+LSTM,thu_pm,2623,0.3333333333333333,0.24734848484848482,0.65625,1.0,4
B,GAT+LSTM,thu_pm,2624,0.3333333333333333,0.2577651515151515,0.671875,1.0,4
B,GAT+LSTM,thu_pm,2625,0.3333333333333333,0.2577651515151515,0.671875,1.0,4
B,GAT+LSTM,thu_pm,2626,0.2608695652173913,0.21641414141414142,0.7058823529411764,1.0,4
B,GAT+LSTM,thu_pm,2627,0.3333333333333333,0.24318181818181814,0.65625,1.0,4
B,GAT+LSTM,thu_pm,2628,0.3333333333333333,0.2219030969030969,0.609375,1.0,4
B,GAT+LSTM,thu_pm,2629,0.3333333333333333,0.1945970695970696,0.546875,1.0,4
B,GAT+LSTM,thu_pm,2630,0.3333333333333333,0.18264270451770453,0.515625,1.0,4
B,GAT+LSTM,thu_pm,2631,0.2608695652173913,0.13000194250194252,0.47058823529411764,1.0,4
B,GAT+LSTM,thu_pm,2632,0.3333333333333333,0.1576788101604278,0.40625,1.0,4
B,GAT+LSTM,thu_pm,2633,0.3333333333333333,0.154666146761735,0.390625,1.0,4
B,GAT+LSTM,thu_pm,2634,0.3333333333333333,0.14560194707253532,0.34375,1.0,4
B,GAT+LSTM,thu_pm,2635,0.3333333333333333,0.154666146761735,0.390625,1.0,4
B,GAT+LSTM,thu_pm,2636,0.3333333333333333,0.13524769756387406,0.28125,1.0,4
B,GAT+LSTM,thu_pm,2637,0.3333333333333333,0.14573120915032678,0.34375,1.0,4
B,GAT+LSTM,thu_pm,2638,0.3333333333333333,0.15188492063492065,0.375,1.0,4
B,GAT+LSTM,thu_pm,2639,0.3333333333333333,0.15188492063492065,0.375,1.0,4
B,GAT+LSTM,thu_pm,2640,0.34782608695652173,0.15188492063492065,0.375,0.9375,4
B,GAT+LSTM,thu_pm,2641,0.36363636363636365,0.1589133089133089,0.40625,0.875,4
B,GAT+LSTM,thu_pm,2642,0.3,0.1194037444037444,0.4117647058823529,0.8235294117647058,4
B,GAT+LSTM,thu_pm,2643,0.3157894736842105,0.13000194250194252,0.47058823529411764,0.7647058823529411,4
B,GAT+LSTM,thu_pm,2644,0.3333333333333333,0.14274891774891776,0.5294117647058824,0.7058823529411765,4
B,GAT+LSTM,thu_pm,2645,0.35294117647058826,0.1584175084175084,0.5882352941176471,0.6470588235294118,4
B,GAT+LSTM,thu_pm,2646,0.375,0.17824074074074073,0.6470588235294118,0.5882352941176471,4
B,GAT+LSTM,thu_pm,2647,0.2857142857142857,0.11805555555555555,0.6111111111111112,0.5555555555555556,4
B,GAT+LSTM,thu_pm,2648,0.3076923076923077,0.13392857142857142,0.6666666666666667,0.5,4
B,GAT+LSTM,thu_pm,2649,0.3333333333333333,0.15476190476190474,0.7222222222222222,0.4444444444444444,4
B,GAT+LSTM,thu_pm,2650,0.36363636363636365,0.18333333333333335,0.7777777777777778,0.3888888888888889,4
B,GAT+LSTM,thu_pm,2651,0.4,0.225,0.8333333333333334,0.3333333333333333,4
B,GAT+LSTM,thu_pm,2652,0.25,0.125,0.8421052631578947,0.3157894736842105,4
B,GAT+LSTM,thu_pm,2653,0.2857142857142857,0.16666666666666666,0.8947368421052632,0.2631578947368421,4
B,GAT+LSTM,thu_pm,2654,0.3333333333333333,0.25,0.9473684210526316,0.21052631578947367,4
B,GAT+LSTM,thu_pm,2655,0.4,1.0,1.0,0.15789473684210525,4
B,GAT+LSTM,thu_pm,2656,0.0,0.5,,0.15,4
B,GAT+LSTM,thu_pm,2657,0.0,0.5,,0.1,4
B,GAT+LSTM,thu_pm,2658,0.0,0.5,,0.05,4
B,GAT+LSTM,thu_pm,2659,0.0,0.5,,0.0,4
B,GAT+LSTM,thu_pm,2660,0.0,0.5,,0.0,4
B,GAT+LSTM,thu_pm,2661,0.0,0.5,,0.0,4
B,GAT+LSTM,thu_pm,2662,0.0,0.5,,0.0,4
B,GAT+LSTM,thu_pm,2663,0.0,0.5,,0.0,4
B,GAT+LSTM,thu_pm,2664,0.0,0.5,,0.0,4
B,GAT+LSTM,thu_pm,2665,0.0,0.5,,0.0,4
B,GAT+LSTM,thu_pm,2666,0.0,0.5,,0.0,4
B,GAT+LSTM,thu_pm,2667,0.0,0.5,,0.0,4
B,GAT+LSTM,thu_pm,2668,0.0,0.5,,0.0,4
B,GAT+LSTM,thu_pm,2669,0.0,0.5,,0.05,4
B,GAT+LSTM,thu_pm,2670,0.0,0.5,,0.1,4
B,GAT+LSTM,thu_pm,2671,0.0,0.5,,0.15,4
B,GAT+LSTM,thu_pm,2672,0.0,0.5,,0.2,4
B,GAT+LSTM,thu_pm,2673,0.0,0.5,,0.2,4
B,GAT+LSTM,thu_pm,2674,0.0,0.5,,0.2,4
B,GAT+LSTM,thu_pm,2675,0.0,0.5,,0.2,4
B,GAT+LSTM,thu_pm,2676,0.0,0.5,,0.2,4
B,GAT+LSTM,thu_pm,2677,0.0,0.5,,0.2,4
B,GAT+LSTM,thu_pm,2678,0.0,0.5,,0.2,4
B,GAT+LSTM,thu_pm,2679,0.0,0.5,,0.2,4
B,GAT+LSTM,thu_pm,2680,0.0,0.5,,0.2,4
B,GAT+LSTM,thu_pm,2681,0.0,0.5,,0.2,4
B,GAT+LSTM,thu_pm,2682,0.0,0.5,,0.2,4
B,GAT+LSTM,thu_pm,2683,0.0,0.5,,0.2,4
B,GAT+LSTM,thu_pm,2684,0.0,0.5,,0.2,4
B,GAT+LSTM,thu_pm,2685,0.0,0.5,,0.2,4
B,GAT+LSTM,thu_pm,2686,0.0,0.5,,0.2,4
B,GAT+LSTM,thu_pm,2687,0.0,0.5,,0.2,4
B,GAT+LSTM,thu_pm,2688,0.0,0.5,,0.2,4
B,GAT+LSTM,thu_pm,2689,0.0,0.5,,0.15,4
B,GAT+LSTM,thu_pm,2690,0.0,0.5,,0.1,4
B,GAT+LSTM,thu_pm,2691,0.0,0.5,,0.05,4
B,GAT+LSTM,thu_pm,2692,0.0,0.5,,0.0,4
B,GAT+LSTM,thu_pm,2693,0.0,0.5,,0.0,4
B,GAT+LSTM,thu_pm,2694,0.0,0.5,,0.0,4
B,GAT+LSTM,thu_pm,2695,0.0,0.5,,0.0,4
B,GAT+LSTM,thu_pm,2696,0.0,0.5,,0.0,4
B,GAT+LSTM,fri_am,3055,0.0,0.5,,0.0,5
B,GAT+LSTM,fri_am,3056,0.0,0.5,,0.0,5
B,GAT+LSTM,fri_am,3057,0.0,0.5,,0.0,5
B,GAT+LSTM,fri_am,3058,0.0,0.5,,0.0,5
B,GAT+LSTM,fri_am,3059,0.0,0.5,,0.0,5
B,GAT+LSTM,fri_am,3060,0.0,0.5,,0.0,5
B,GAT+LSTM,fri_am,3061,0.0,0.5,,0.0,5
B,GAT+LSTM,fri_am,3062,0.0,0.5,,0.0,5
B,GAT+LSTM,fri_am,3063,0.0,0.5,,0.0,5
B,GAT+LSTM,fri_am,3064,0.0,0.5,,0.0,5
B,GAT+LSTM,fri_am,3065,0.0,0.5,,0.0,5
B,GAT+LSTM,fri_am,3066,0.0,0.5,,0.0,5
B,GAT+LSTM,fri_am,3067,0.0,0.5,,0.0,5
B,GAT+LSTM,fri_am,3068,0.0,0.5,,0.0,5
B,GAT+LSTM,fri_am,3069,0.0,0.5,,0.0,5
B,GAT+LSTM,fri_am,3070,0.0,0.5,,0.0,5
B,GAT+LSTM,fri_am,3071,0.0,0.5,,0.0,5
B,GAT+LSTM,fri_am,3072,0.0,0.5,,0.0,5
B,GAT+LSTM,fri_am,3073,0.0,0.5,,0.0,5
B,GAT+LSTM,fri_am,3074,0.0,0.5,,0.0,5
B,GAT+LSTM,fri_am,3075,0.0,0.5,,0.0,5
B,GAT+LSTM,fri_am,3076,0.0,0.5,,0.0,5
B,GAT+LSTM,fri_am,3077,0.0,0.5,,0.0,5
B,GAT+LSTM,fri_am,3078,0.0,0.08333333333333333,0.736842105263158,0.0,5
B,GAT+LSTM,fri_am,3079,0.0,0.08670343137254902,0.4444444444444444,0.0,5
B,GAT+LSTM,fri_am,3080,0.0,0.08958333333333332,0.4722222222222222,0.0,5
B,GAT+LSTM,fri_am,3081,0.0,0.08363095238095238,0.4444444444444444,0.0,5
B,GAT+LSTM,fri_am,3082,0.0,0.08363095238095238,0.4444444444444444,0.0,5
B,GAT+LSTM,fri_am,3083,0.0,0.08363095238095238,0.4444444444444444,0.0,5
B,GAT+LSTM,fri_am,3084,0.0,0.09285714285714286,0.5,0.0,5
B,GAT+LSTM,fri_am,3085,0.0,0.0966117216117216,0.5277777777777778,0.0,5
B,GAT+LSTM,fri_am,3086,0.0,0.1092948717948718,0.5833333333333333,0.0,5
B,GAT+LSTM,fri_am,3087,0.0,0.12179487179487179,0.6111111111111112,0.0,5
B,GAT+LSTM,fri_am,3088,0.0,0.1477272727272727,0.6666666666666666,0.0,5
B,GAT+LSTM,fri_am,3089,0.0,0.19545454545454546,0.7222222222222222,0.0,5
B,GAT+LSTM,fri_am,3090,0.0,0.20277777777777778,0.75,0.0,5
B,GAT+LSTM,fri_am,3091,0.0,0.21180555555555555,0.7777777777777779,0.0,5
B,GAT+LSTM,fri_am,3092,0.0,0.2232142857142857,0.8055555555555556,0.0,5
B,GAT+LSTM,fri_am,3093,0.0,0.18154761904761904,0.7777777777777779,0.0,5
B,GAT+LSTM,fri_am,3094,0.0,0.18154761904761904,0.7777777777777779,0.0,5
B,GAT+LSTM,fri_am,3095,0.0,0.18154761904761904,0.7777777777777779,0.0,5
B,GAT+LSTM,fri_am,3096,0.0,0.18154761904761904,0.7777777777777779,0.0,5
B,GAT+LSTM,fri_am,3097,0.0,0.18154761904761904,0.7777777777777779,0.0,5
B,GAT+LSTM,fri_am,3098,0.0,0.0625,0.631578947368421,0.0,5
B,GAT+LSTM,fri_am,3099,0.0,0.5,,0.0,5
B,GAT+LSTM,fri_am,3100,0.0,0.5,,0.0,5
B,GAT+LSTM,fri_am,3101,0.0,0.5,,0.0,5
B,GAT+LSTM,fri_am,3102,0.0,0.5,,0.0,5
B,GAT+LSTM,fri_am,3103,0.0,0.5,,0.0,5
B,GAT+LSTM,fri_am,3104,0.0,0.5,,0.0,5
B,GAT+LSTM,fri_am,3105,0.0,0.5,,0.0,5
B,GAT+LSTM,fri_am,3106,0.0,0.5,,0.0,5
B,GAT+LSTM,fri_am,3107,0.0,0.5,,0.0,5
B,GAT+LSTM,fri_am,3108,0.0,0.5,,0.0,5
B,GAT+LSTM,fri_am,3109,0.0,0.5,,0.0,5
B,GAT+LSTM,fri_am,3110,0.0,0.041666666666666664,0.42105263157894735,0.0,5
B,GAT+LSTM,fri_am,3111,0.0,0.10096153846153846,0.5555555555555556,0.0,5
B,GAT+LSTM,fri_am,3112,0.0,0.16452991452991453,0.588235294117647,0.0,5
B,GAT+LSTM,fri_am,3113,0.0,0.25146520146520146,0.65625,0.0,5
B,GAT+LSTM,fri_am,3114,0.0,0.3393406593406594,0.7066666666666668,0.0,5
B,GAT+LSTM,fri_am,3115,0.0,0.39501424501424504,0.7142857142857144,0.0,5
B,GAT+LSTM,fri_am,3116,0.0,0.4370464852607709,0.7032967032967032,0.0,5
B,GAT+LSTM,fri_am,3117,0.0,0.488284632034632,0.7083333333333333,0.0,5
B,GAT+LSTM,fri_am,3118,0.0,0.6071919592752926,0.7777777777777778,0.0,5
B,GAT+LSTM,fri_am,3119,0.0,0.8606511544011544,0.87,0.0,5
B,GAT+LSTM,fri_am,3120,0.0,0.8915641807687262,0.8787878787878787,0.0,5
B,GAT+LSTM,fri_am,3121,0.0,0.9205657768157768,0.8958333333333333,0.0,5
B,GAT+LSTM,fri_am,3122,0.0,0.9373851042120271,0.901098901098901,0.0,5
B,GAT+LSTM,fri_am,3123,0.0,0.9507387453816024,0.9047619047619049,0.0,5
B,GAT+LSTM,fri_am,3124,0.0,0.9956944444444444,0.9866666666666667,0.0,5
B,GAT+LSTM,fri_am,3125,0.0,0.992172181372549,0.96875,0.0,5
B,GAT+LSTM,fri_am,3126,0.0,0.9862686922034036,0.9215686274509803,0.0,5
B,GAT+LSTM,fri_am,3127,0.0,0.981329788250583,0.8333333333333333,0.0,5
B,GAT+LSTM,fri_am,3128,0.0,0.9914421631995363,0.8421052631578947,0.0,5
B,GAT+LSTM,fri_am,3129,0.0,1.0000000000000002,,0.0,5
B,GAT+LSTM,fri_am,3130,0.0,0.9773122399751859,0.631578947368421,0.0,5
B,GAT+LSTM,fri_am,3131,0.0,0.9773122399751859,0.631578947368421,0.0,5
B,GAT+LSTM,fri_am,3132,0.0,0.9659370677720782,0.7222222222222223,0.0,5
B,GAT+LSTM,fri_am,3133,0.0,0.9588163033368826,0.7843137254901961,0.0,5
B,GAT+LSTM,fri_am,3134,0.0,0.9524621466071111,0.7450980392156863,0.0,5
B,GAT+LSTM,fri_am,3135,0.0,0.9468471733450791,0.7254901960784315,0.0,5
B,GAT+LSTM,fri_am,3136,0.0,0.9339224634913035,0.6666666666666666,0.0,5
B,GAT+LSTM,fri_am,3137,0.0,0.922964875327833,0.6274509803921569,0.0,5
B,GAT+LSTM,fri_am,3138,0.0,0.9107846535887877,0.5882352941176471,0.0,5
B,GAT+LSTM,fri_am,3139,0.0,0.901681012132205,0.5686274509803921,0.0,5
B,GAT+LSTM,fri_am,3140,0.0,0.901681012132205,0.5686274509803921,0.0,5
B,GAT+LSTM,fri_am,3141,0.0,0.901681012132205,0.5686274509803921,0.0,5
B,GAT+LSTM,fri_am,3142,0.0,0.901681012132205,0.5686274509803921,0.0,5
B,GAT+LSTM,fri_am,3143,0.0,0.901681012132205,0.5686274509803921,0.0,5
B,GAT+LSTM,fri_am,3144,0.0,0.901681012132205,0.5686274509803921,0.0,5
B,GAT+LSTM,fri_am,3145,0.0,0.9107846535887877,0.5882352941176471,0.0,5
B,GAT+LSTM,fri_am,3146,0.0,0.922964875327833,0.6274509803921569,0.0,5
B,GAT+LSTM,fri_am,3147,0.0,0.9368780574936102,0.6862745098039216,0.0,5
B,GAT+LSTM,fri_am,3148,0.0,0.9406380230182816,0.7058823529411765,0.0,5
B,GAT+LSTM,fri_am,3149,0.0,0.9368780574936102,0.6862745098039216,0.0,5
B,GAT+LSTM,fri_am,3150,0.0,0.9774938094146042,0.8055555555555556,0.0,5
B,GAT+LSTM,fri_am,3151,0.0,0.9703886347236452,0.75,0.0,5
B,GAT+LSTM,fri_am,3152,0.0,0.9882494387413319,0.7894736842105263,0.0,5
B,GAT+LSTM,fri_am,3153,0.0,1.0000000000000002,,0.0,5
B,GAT+LSTM,fri_am,3154,0.0,1.0000000000000002,,0.0,5
B,GAT+LSTM,fri_am,3155,0.0,1.0000000000000002,,0.0,5
B,GAT+LSTM,fri_am,3156,0.0,1.0000000000000002,,0.0,5
B,GAT+LSTM,fri_am,3157,0.0,1.0000000000000002,,0.0,5
B,GAT+LSTM,fri_am,3158,0.0,1.0000000000000002,,0.0,5
B,GAT+LSTM,fri_am,3159,0.0,1.0000000000000002,,0.0,5
B,GAT+LSTM,fri_am,3160,0.0,1.0000000000000002,,0.0,5
B,GAT+LSTM,fri_am,3161,0.0,1.0000000000000002,,0.0,5
B,GAT+LSTM,fri_am,3162,0.0,1.0000000000000002,,0.0,5
B,GAT+LSTM,fri_am,3163,0.0,1.0000000000000002,,0.0,5
B,GAT+LSTM,fri_am,3164,0.0,1.0000000000000002,,0.0,5
B,GAT+LSTM,fri_am,3165,0.0,1.0000000000000002,,0.0,5
B,GAT+LSTM,fri_am,3166,0.0,1.0000000000000002,,0.0,5
B,GAT+LSTM,fri_am,3167,0.0,1.0000000000000002,,0.0,5
B,GAT+LSTM,fri_am,3168,0.0,1.0000000000000002,,0.0,5
B,GAT+LSTM,fri_am,3169,0.0,1.0000000000000002,,0.0,5
B,GAT+LSTM,fri_am,3170,0.0,1.0000000000000002,,0.0,5
B,GAT+LSTM,fri_am,3171,0.0,1.0000000000000002,,0.0,5
B,GAT+LSTM,fri_am,3172,0.0,1.0000000000000002,,0.0,5
B,GAT+LSTM,fri_am,3173,0.0,1.0000000000000002,,0.0,5
B,GAT+LSTM,fri_am,3174,0.0,1.0000000000000002,,0.0,5
B,GAT+LSTM,fri_am,3175,0.0,0.9685096390673218,0.5263157894736842,0.0,5
B,GAT+LSTM,fri_am,3176,0.0,0.9685096390673218,0.5263157894736842,0.0,5
B,GAT+LSTM,fri_am,3177,0.0,0.9634857156223458,0.47368421052631576,0.0,5
B,GAT+LSTM,fri_am,3178,0.0,0.9634857156223458,0.47368421052631576,0.0,5
B,GAT+LSTM,fri_am,3179,0.0,0.9634857156223458,0.47368421052631576,0.0,5
B,GAT+LSTM,fri_am,3180,0.0,0.9685096390673218,0.5263157894736842,0.0,5
B,GAT+LSTM,fri_am,3181,0.0,0.9730949660210697,0.5789473684210527,0.0,5
B,GAT+LSTM,fri_am,3182,0.0,0.9773122399751859,0.631578947368421,0.0,5
B,GAT+LSTM,fri_am,3183,0.0,0.9812162307212817,0.6842105263157895,0.0,5
B,GAT+LSTM,fri_am,3184,0.0,0.9773122399751859,0.631578947368421,0.0,5
B,GAT+LSTM,fri_am,3185,0.0,0.9773122399751859,0.631578947368421,0.0,5
B,GAT+LSTM,fri_am,3186,0.0,0.9773122399751859,0.631578947368421,0.0,5
B,GAT+LSTM,fri_am,3187,0.0,0.9558938090155842,0.6388888888888888,0.0,5
B,GAT+LSTM,fri_am,3188,0.0,0.9472635503853255,0.5833333333333334,0.0,5
B,GAT+LSTM,fri_am,3189,0.0,0.9472635503853255,0.5833333333333334,0.0,5
B,GAT+LSTM,fri_am,3190,0.0,0.9472635503853255,0.5833333333333334,0.0,5
B,GAT+LSTM,fri_am,3191,0.0,0.9378974535192287,0.5277777777777778,0.0,5
B,GAT+LSTM,fri_am,3192,0.0,0.943200483822259,0.5555555555555556,0.0,5
B,GAT+LSTM,fri_am,3193,0.0,0.943200483822259,0.5555555555555556,0.0,5
B,GAT+LSTM,fri_am,3194,0.0,0.9335203491421243,0.5,0.0,5
B,GAT+LSTM,fri_am,3195,0.0,0.9616114652556862,0.7222222222222222,0.0,5
B,GAT+LSTM,fri_am,3196,0.0,0.9375897357867855,0.6862745098039216,0.0,5
B,GAT+LSTM,fri_am,3197,0.0,0.9344902316143608,0.75,0.0,5
B,GAT+LSTM,fri_am,3198,0.0,0.9422015001252617,0.78125,0.0,5
B,GAT+LSTM,fri_am,3199,0.0,0.9274036257859787,0.7866666666666666,0.0,5
B,GAT+LSTM,fri_am,3200,0.0,0.9105249489073017,0.7466666666666667,0.0,5
B,GAT+LSTM,fri_am,3201,0.0,0.8897514017261916,0.75,0.0,5
B,GAT+LSTM,fri_am,3202,0.0,0.8641973922436106,0.7023809523809523,0.0,5
B,GAT+LSTM,fri_am,3203,0.0,0.8374960258444419,0.7142857142857143,0.0,5
B,GAT+LSTM,fri_am,3204,0.0,0.8312994446478608,0.7032967032967034,0.0,5
B,GAT+LSTM,fri_am,3205,0.0,0.8312994446478608,0.7032967032967034,0.0,5
B,GAT+LSTM,fri_am,3206,0.0,0.7930588673518537,0.6483516483516484,0.0,5
B,GAT+LSTM,fri_am,3207,0.0,0.8665563428168469,0.7261904761904762,0.0,5
B,GAT+LSTM,fri_am,3208,0.0,0.773993637709701,0.6593406593406593,0.0,5
B,GAT+LSTM,fri_am,3209,0.0,0.7964295351455983,0.6703296703296704,0.0,5
B,GAT+LSTM,fri_am,3210,0.0,0.7467506713339054,0.6043956043956045,0.0,5
B,GAT+LSTM,fri_am,3211,0.0,0.7533898654730995,0.6153846153846154,0.0,5
B,GAT+LSTM,fri_am,3212,0.0,0.7758257629089969,0.6263736263736264,0.0,5
B,GAT+LSTM,fri_am,3213,0.0,0.7758257629089969,0.6263736263736264,0.0,5
B,GAT+LSTM,fri_am,3214,0.0,0.8169635247198355,0.6813186813186813,0.0,5
B,GAT+LSTM,fri_am,3215,0.0,0.7987580162487877,0.6263736263736264,0.0,5
B,GAT+LSTM,fri_am,3216,0.0,0.8494299222572109,0.6666666666666667,0.0,5
B,GAT+LSTM,fri_am,3217,0.0,0.8726963086792807,0.64,0.0,5
B,GAT+LSTM,fri_am,3218,0.0,0.8619874206174515,0.6000000000000001,0.0,5
B,GAT+LSTM,fri_am,3219,0.0,0.8996407572851555,0.640625,0.0,5
B,GAT+LSTM,fri_am,3220,0.0,0.9125822428828911,0.671875,0.0,5
B,GAT+LSTM,fri_am,3221,0.0,0.9269780190468591,0.6470588235294117,0.0,5
B,GAT+LSTM,fri_am,3222,0.0,0.9307379845715305,0.6666666666666666,0.0,5
B,GAT+LSTM,fri_am,3223,0.0,0.9307379845715305,0.6666666666666666,0.0,5
B,GAT+LSTM,fri_am,3224,0.0,0.7607050835838569,0.515625,0.0,5
B,GAT+LSTM,fri_am,3225,0.0,0.7607050835838569,0.515625,0.0,5
B,GAT+LSTM,fri_am,3226,0.0,0.7607050835838569,0.515625,0.0,5
B,GAT+LSTM,fri_am,3227,0.0,0.7543186748536982,0.5,0.0,5
B,GAT+LSTM,fri_am,3228,0.0,0.8516063319104659,0.5686274509803922,0.0,5
B,GAT+LSTM,fri_am,3229,0.0,0.8516063319104659,0.5686274509803922,0.0,5
B,GAT+LSTM,fri_am,3230,0.0,0.8578995845056216,0.607843137254902,0.0,5
B,GAT+LSTM,fri_am,3231,0.0,0.8578995845056216,0.607843137254902,0.0,5
B,GAT+LSTM,fri_am,3232,0.0,0.8578995845056216,0.607843137254902,0.0,5
B,GAT+LSTM,fri_am,3233,0.0,0.8578995845056216,0.607843137254902,0.0,5
B,GAT+LSTM,fri_am,3234,0.0,0.8578995845056216,0.607843137254902,0.0,5
B,GAT+LSTM,fri_am,3235,0.0,0.8682800293674907,0.4722222222222222,0.0,5
B,GAT+LSTM,fri_am,3236,0.0,0.8682800293674907,0.4722222222222222,0.0,5
B,GAT+LSTM,fri_am,3237,0.0,0.8914281775156389,0.5,0.0,5
B,GAT+LSTM,fri_am,3238,0.0,0.8942613770722646,0.5277777777777778,0.0,5
B,GAT+LSTM,fri_am,3239,0.10526315789473684,0.9104650807759683,0.5555555555555556,0.0,5
B,GAT+LSTM,fri_pm_scan,3666,0.1111111111111111,0.7982191390632476,0.3921568627450981,0.0,5
B,GAT+LSTM,fri_pm_scan,3667,0.1111111111111111,0.8065524723965809,0.411764705882353,0.0,5
B,GAT+LSTM,fri_pm_scan,3668,0.11764705882352941,0.7327311451126274,0.34375,0.0,5
B,GAT+LSTM,fri_pm_scan,3669,0.11764705882352941,0.6812198476188415,0.140625,0.0,5
B,GAT+LSTM,fri_pm_scan,3670,0.11764705882352941,0.6767555619045558,0.125,0.0,5
B,GAT+LSTM,fri_pm_scan,3671,0.125,0.6407726876380127,0.18666666666666665,0.0,5
B,GAT+LSTM,fri_pm_scan,3672,0.13333333333333333,0.6334406615670437,0.3333333333333333,0.0,5
B,GAT+LSTM,fri_pm_scan,3673,0.14285714285714285,0.6033765743398989,0.3626373626373627,0.0,5
B,GAT+LSTM,fri_pm_scan,3674,0.15384615384615385,0.5772525229471824,0.40625,0.0,5
B,GAT+LSTM,fri_pm_scan,3675,0.16666666666666666,0.5500490415157597,0.42424242424242425,0.0,5
B,GAT+LSTM,fri_pm_scan,3676,0.18181818181818182,0.5450077210371328,0.5,0.0,5
B,GAT+LSTM,fri_pm_scan,3677,0.2,0.5452881722489566,0.5757575757575757,0.0,5
B,GAT+LSTM,fri_pm_scan,3678,0.2222222222222222,0.5412831398585075,0.625,0.0,5
B,GAT+LSTM,fri_pm_scan,3679,0.25,0.5252250725465011,0.6483516483516483,0.0,5
B,GAT+LSTM,fri_pm_scan,3680,0.2857142857142857,0.5328823953823953,0.7023809523809523,0.0,5
B,GAT+LSTM,fri_pm_scan,3681,0.3333333333333333,0.5637445887445887,0.7866666666666667,0.0,5
B,GAT+LSTM,fri_pm_scan,3682,0.4,0.574025974025974,0.8125,0.0,5
B,GAT+LSTM,fri_pm_scan,3683,0.5,0.6065656565656565,0.8235294117647058,0.0,5
B,GAT+LSTM,fri_pm_scan,3684,0.6666666666666666,0.7916666666666666,0.9722222222222222,0.0,5
B,GAT+LSTM,fri_pm_scan,3685,0.0,0.25,0.9473684210526316,0.0,5
B,GAT+LSTM,fri_pm_scan,3686,0.0,1.0,1.0,0.0,5
B,GAT+LSTM,fri_pm_scan,3687,0.0,0.5,,0.0,5
B,GAT+LSTM,fri_pm_scan,3688,0.0,0.5,,0.0,5
B,GAT+LSTM,fri_pm_scan,3689,0.0,0.5,,0.0,5
B,GAT+LSTM,fri_pm_scan,3690,0.0,0.5,,0.0,5
B,GAT+LSTM,fri_pm_scan,3691,0.0,0.5,,0.0,5
B,GAT+LSTM,fri_pm_scan,3692,0.0,0.5,,0.0,5
B,GAT+LSTM,fri_pm_scan,3693,0.0,0.5,,0.0,5
B,GAT+LSTM,fri_pm_scan,3694,0.0,0.5,,0.0,5
B,GAT+LSTM,fri_pm_scan,3695,0.0,0.5,,0.0,5
B,GAT+LSTM,fri_pm_scan,3696,0.0,0.5,,0.0,5
B,GAT+LSTM,fri_pm_scan,3697,0.0,0.5,,0.0,5
B,GAT+LSTM,fri_pm_scan,3698,0.0,0.5,,0.0,5
B,GAT+LSTM,fri_pm_scan,3699,0.0,0.5,,0.0,5
B,GAT+LSTM,fri_pm_scan,3700,0.0,0.5,,0.0,5
B,GAT+LSTM,fri_pm_scan,3701,0.0,0.03333333333333333,0.26315789473684215,0.0,5
B,GAT+LSTM,fri_pm_scan,3702,0.0,0.03333333333333333,0.26315789473684215,0.0,5
B,GAT+LSTM,fri_pm_scan,3703,0.0,0.06034080298786181,0.19444444444444448,0.0,5
B,GAT+LSTM,fri_pm_scan,3704,0.0,0.09023064353946707,0.1764705882352941,0.0,5
B,GAT+LSTM,fri_pm_scan,3705,0.0,0.12540961897579544,0.203125,0.0,5
B,GAT+LSTM,fri_pm_scan,3706,0.0,0.1652482729688612,0.24000000000000002,0.0,5
B,GAT+LSTM,fri_pm_scan,3707,0.0,0.20847404229757172,0.2738095238095238,0.0,5
B,GAT+LSTM,fri_pm_scan,3708,0.0,0.2552226076910951,0.30769230769230765,0.0,5
B,GAT+LSTM,fri_pm_scan,3709,0.0,0.27023576913282793,0.3626373626373626,0.0,5
B,GAT+LSTM,fri_pm_scan,3710,0.0,0.2841143508685525,0.4065934065934066,0.0,5
B,GAT+LSTM,fri_pm_scan,3711,0.0,0.3017447363560809,0.4505494505494505,0.0,5
B,GAT+LSTM,fri_pm_scan,3712,0.0,0.3017447363560809,0.4505494505494505,0.0,5
B,GAT+LSTM,fri_pm_scan,3713,0.0,0.3324482823432403,0.5164835164835164,0.0,5
B,GAT+LSTM,fri_pm_scan,3714,0.0,0.3697241017619169,0.5714285714285714,0.0,5
B,GAT+LSTM,fri_pm_scan,3715,0.0,0.4301203814859277,0.6483516483516483,0.0,5
B,GAT+LSTM,fri_pm_scan,3716,0.0,0.5242554072911215,0.7252747252747253,0.0,5
B,GAT+LSTM,fri_pm_scan,3717,0.0,0.4301203814859277,0.6483516483516483,0.0,5
B,GAT+LSTM,fri_pm_scan,3718,0.0,0.40305743509525027,0.6043956043956044,0.0,5
B,GAT+LSTM,fri_pm_scan,3719,0.0,0.45460546908157196,0.625,0.0,5
B,GAT+LSTM,fri_pm_scan,3720,0.0,0.504859519565402,0.6363636363636364,0.0,5
B,GAT+LSTM,fri_pm_scan,3721,0.0,0.5141187788246612,0.6464646464646464,0.0,5
B,GAT+LSTM,fri_pm_scan,3722,0.0,0.4717549697941855,0.595959595959596,0.0,5
B,GAT+LSTM,fri_pm_scan,3723,0.0,0.41875011732548495,0.6041666666666666,0.0,5
B,GAT+LSTM,fri_pm_scan,3724,0.0,0.37270150484436193,0.6153846153846154,0.0,5
B,GAT+LSTM,fri_pm_scan,3725,0.0,0.36021524771524777,0.6785714285714285,0.0,5
B,GAT+LSTM,fri_pm_scan,3726,0.0,0.3368037518037518,0.72,0.0,5
B,GAT+LSTM,fri_pm_scan,3727,0.0,0.29471049783549785,0.734375,0.0,5
B,GAT+LSTM,fri_pm_scan,3728,0.0,0.24576719576719575,0.7450980392156863,0.0,5
B,GAT+LSTM,fri_pm_scan,3729,0.0,0.24576719576719575,0.7450980392156863,0.0,5
B,GAT+LSTM,fri_pm_scan,3730,0.0,0.24576719576719575,0.7450980392156863,0.0,5
B,GAT+LSTM,fri_pm_scan,3731,0.0,0.22759740259740258,0.7058823529411764,0.0,5
B,GAT+LSTM,fri_pm_scan,3732,0.0,0.23751803751803752,0.7254901960784313,0.0,5
B,GAT+LSTM,fri_pm_scan,3733,0.0,0.22077922077922074,0.6862745098039216,0.0,5
B,GAT+LSTM,fri_pm_scan,3734,0.0,0.21504884004884006,0.6666666666666666,0.0,5
B,GAT+LSTM,fri_pm_scan,3735,0.0,0.21504884004884006,0.6666666666666666,0.0,5
B,GAT+LSTM,fri_pm_scan,3736,0.0,0.21504884004884006,0.6666666666666666,0.0,5
B,GAT+LSTM,fri_pm_scan,3737,0.0,0.4806998556998557,0.7254901960784313,0.0,5
B,GAT+LSTM,fri_pm_scan,3738,0.0,0.48751803751803746,0.7450980392156863,0.0,5
B,GAT+LSTM,fri_pm_scan,3739,0.0,0.2232142857142857,0.8055555555555556,0.0,5
B,GAT+LSTM,fri_pm_scan,3740,0.0,0.16666666666666666,0.8947368421052632,0.0,5
B,GAT+LSTM,fri_pm_scan,3741,0.0,0.5,,0.0,5
B,GAT+LSTM,fri_pm_scan,3742,0.0,0.5,,0.0,5
B,GAT+LSTM,fri_pm_scan,3743,0.0,0.5,,0.0,5
B,GAT+LSTM,fri_pm_scan,3744,0.0,0.5,,0.0,5
B,GAT+LSTM,fri_pm_scan,3745,0.0,0.5,,0.0,5
B,GAT+LSTM,fri_pm_scan,3746,0.0,0.5,,0.0,5
B,GAT+LSTM,fri_pm_scan,3747,0.0,0.5,,0.0,5
B,GAT+LSTM,fri_pm_scan,3748,0.0,0.5,,0.0,5
B,GAT+LSTM,fri_pm_scan,3749,0.0,0.5,,0.0,5
B,GAT+LSTM,fri_pm_scan,3750,0.0,0.5,,0.0,5
B,GAT+LSTM,fri_pm_scan,3751,1.0,1.0,1.0,0.0,5
B,GAT+LSTM,fri_pm_scan,3752,1.0,1.0,1.0,0.0,5
B,GAT+LSTM,fri_pm_scan,3753,1.0,1.0,1.0,0.0,5
B,GAT+LSTM,fri_pm_scan,3754,1.0,1.0,1.0,0.0,5
B,GAT+LSTM,fri_pm_scan,3755,1.0,1.0,1.0,0.0,5
B,GAT+LSTM,fri_pm_scan,3756,1.0,1.0,1.0,0.0,5
B,GAT+LSTM,fri_pm_scan,3757,1.0,0.9999999999999998,1.0,0.0,5
B,GAT+LSTM,fri_pm_scan,3758,1.0,1.0,1.0,0.0,5
B,GAT+LSTM,fri_pm_scan,3759,1.0,1.0000000000000002,1.0,0.0,5
B,GAT+LSTM,fri_pm_scan,3760,1.0,0.9999999999999999,1.0,0.0,5
B,GAT+LSTM,fri_pm_scan,3761,1.0,1.0,1.0,0.0,5
B,GAT+LSTM,fri_pm_scan,3762,1.0,1.0,1.0,0.0,5
B,GAT+LSTM,fri_pm_scan,3763,1.0,0.9999999999999998,1.0,0.0,5
B,GAT+LSTM,fri_pm_scan,3764,1.0,0.9999999999999999,1.0,0.0,5
B,GAT+LSTM,fri_pm_scan,3765,1.0,1.0,1.0,0.0,5
B,GAT+LSTM,fri_pm_scan,3766,1.0,1.0,1.0,0.0,5
B,GAT+LSTM,fri_pm_scan,3767,1.0,1.0,1.0,0.0,5
B,GAT+LSTM,fri_pm_scan,3768,1.0,1.0,1.0,0.0,5
B,GAT+LSTM,fri_pm_scan,3769,1.0,0.9999999999999998,1.0,0.0,5
B,GAT+LSTM,fri_pm_scan,3770,1.0,1.0000000000000002,,0.0,5
B,GAT+LSTM,fri_pm_scan,3771,1.0,1.0000000000000002,,0.0,5
B,GAT+LSTM,fri_pm_scan,3772,1.0,1.0000000000000002,,0.0,5
B,GAT+LSTM,fri_pm_scan,3773,1.0,1.0000000000000002,,0.0,5
B,GAT+LSTM,fri_pm_scan,3774,1.0,1.0000000000000002,,0.0,5
B,GAT+LSTM,fri_pm_scan,3775,1.0,1.0000000000000002,,0.0,5
B,GAT+LSTM,fri_pm_scan,3776,1.0,1.0000000000000002,,0.0,5
B,GAT+LSTM,fri_pm_scan,3777,1.0,1.0000000000000002,,0.0,5
B,GAT+LSTM,fri_pm_scan,3778,1.0,1.0000000000000002,,0.0,5
B,GAT+LSTM,fri_pm_scan,3779,1.0,1.0000000000000002,,0.0,5
B,GAT+LSTM,fri_pm_scan,3780,1.0,1.0000000000000002,,0.0,5
B,GAT+LSTM,fri_pm_scan,3781,1.0,1.0000000000000002,,0.0,5
B,GAT+LSTM,fri_pm_scan,3782,1.0,1.0000000000000002,,0.0,5
B,GAT+LSTM,fri_pm_scan,3783,1.0,1.0000000000000002,,0.0,5
B,GAT+LSTM,fri_pm_scan,3784,1.0,1.0000000000000002,,0.0,5
B,GAT+LSTM,fri_pm_scan,3785,1.0,1.0000000000000002,,0.0,5
B,GAT+LSTM,fri_pm_scan,3786,1.0,1.0000000000000002,,0.0,5
B,GAT+LSTM,fri_pm_scan,3787,1.0,1.0000000000000002,,0.0,5
B,GAT+LSTM,fri_pm_scan,3788,1.0,1.0000000000000002,,0.0,5
B,GAT+LSTM,fri_pm_scan,3789,1.0,1.0000000000000002,,0.0,5
B,GAT+LSTM,fri_pm_scan,3790,1.0,1.0000000000000002,,0.0,5
B,GAT+LSTM,fri_pm_scan,3791,1.0,1.0000000000000002,,0.0,5
B,GAT+LSTM,fri_pm_scan,3792,1.0,1.0000000000000002,,0.0,5
B,GAT+LSTM,fri_pm_scan,3793,1.0,1.0000000000000002,,0.0,5
B,GAT+LSTM,fri_pm_scan,3794,1.0,1.0000000000000002,,0.0,5
B,GAT+LSTM,fri_pm_scan,3795,1.0,1.0000000000000002,,0.0,5
B,GAT+LSTM,fri_pm_scan,3796,1.0,1.0000000000000002,,0.0,5
B,GAT+LSTM,fri_pm_scan,3797,1.0,1.0000000000000002,,0.0,5
B,GAT+LSTM,fri_pm_scan,3798,1.0,1.0000000000000002,,0.0,5
B,GAT+LSTM,fri_pm_scan,3799,1.0,1.0000000000000002,,0.0,5
B,GAT+LSTM,fri_pm_scan,3800,1.0,1.0000000000000002,,0.0,5
B,GAT+LSTM,fri_pm_scan,3801,1.0,1.0000000000000002,,0.0,5
B,GAT+LSTM,fri_pm_scan,3802,1.0,1.0000000000000002,,0.0,5
B,GAT+LSTM,fri_pm_scan,3803,1.0,1.0000000000000002,,0.0,5
B,GAT+LSTM,fri_pm_scan,3804,1.0,1.0000000000000002,,0.0,5
B,GAT+LSTM,fri_pm_scan,3805,1.0,1.0000000000000002,,0.0,5
B,GAT+LSTM,fri_pm_scan,3806,1.0,1.0000000000000002,,0.0,5
B,GAT+LSTM,fri_pm_scan,3807,1.0,1.0000000000000002,,0.0,5
B,GAT+LSTM,fri_pm_scan,3808,1.0,1.0000000000000002,,0.0,5
B,GAT+LSTM,fri_pm_scan,3809,1.0,1.0000000000000002,,0.0,5
B,GAT+LSTM,fri_pm_scan,3810,1.0,1.0000000000000002,,0.0,5
B,GAT+LSTM,fri_pm_scan,3811,1.0,1.0000000000000002,,0.0,5
B,GAT+LSTM,fri_pm_scan,3812,1.0,1.0000000000000002,,0.0,5
B,GAT+LSTM,fri_pm_scan,3813,1.0,1.0000000000000002,,0.0,5
B,GAT+LSTM,fri_pm_scan,3814,1.0,1.0000000000000002,,0.0,5
B,GAT+LSTM,fri_pm_scan,3815,1.0,1.0000000000000002,,0.0,5
B,GAT+LSTM,fri_pm_scan,3816,1.0,1.0000000000000002,,0.0,5
B,GAT+LSTM,fri_pm_scan,3817,1.0,1.0000000000000002,,0.0,5
B,GAT+LSTM,fri_pm_scan,3818,1.0,1.0000000000000002,,0.0,5
B,GAT+LSTM,fri_pm_scan,3819,1.0,1.0000000000000002,,0.0,5
B,GAT+LSTM,fri_pm_scan,3820,1.0,1.0000000000000002,,0.0,5
B,GAT+LSTM,fri_pm_scan,3821,1.0,1.0000000000000002,,0.0,5
B,GAT+LSTM,fri_pm_scan,3822,1.0,1.0000000000000002,,0.0,5
B,GAT+LSTM,fri_pm_scan,3823,1.0,1.0000000000000002,,0.0,5
B,GAT+LSTM,fri_pm_scan,3824,1.0,1.0000000000000002,,0.0,5
B,GAT+LSTM,fri_pm_scan,3825,1.0,1.0000000000000002,,0.0,5
B,GAT+LSTM,fri_pm_scan,3826,1.0,1.0000000000000002,,0.0,5
B,GAT+LSTM,fri_pm_scan,3827,1.0,1.0000000000000002,,0.0,5
B,GAT+LSTM,fri_pm_scan,3828,1.0,1.0000000000000002,,0.0,5
B,GAT+LSTM,fri_pm_scan,3829,1.0,1.0000000000000002,,0.0,5
B,GAT+LSTM,fri_pm_scan,3830,1.0,1.0000000000000002,,0.0,5
B,GAT+LSTM,fri_pm_scan,3831,1.0,1.0000000000000002,,0.0,5
B,GAT+LSTM,fri_pm_scan,3832,1.0,1.0000000000000002,,0.0,5
B,GAT+LSTM,fri_pm_scan,3833,1.0,1.0000000000000002,,0.0,5
B,GAT+LSTM,fri_pm_scan,3834,1.0,1.0000000000000002,,0.0,5
B,GAT+LSTM,fri_pm_scan,3835,1.0,1.0000000000000002,,0.0,5
B,GAT+LSTM,fri_pm_scan,3836,1.0,1.0000000000000002,,0.0,5
B,GAT+LSTM,fri_pm_scan,3837,1.0,1.0000000000000002,,0.0,5
B,GAT+LSTM,fri_pm_scan,3838,0.9743589743589743,0.9999999999999998,1.0,1.0,5
B,GAT+LSTM,fri_pm_scan,3839,0.9473684210526315,1.0,1.0,1.0,5
B,GAT+LSTM,fri_pm_scan,3840,0.918918918918919,1.0,1.0,1.0,5
B,GAT+LSTM,fri_pm_scan,3841,0.8888888888888888,1.0,1.0,1.0,5
B,GAT+LSTM,fri_pm_scan,3842,0.8823529411764706,1.0,1.0,0.8,5
B,GAT+LSTM,fri_pm_scan,3843,0.8484848484848485,0.9828947368421053,0.9333333333333333,0.8,5
B,GAT+LSTM,fri_pm_scan,3844,0.8387096774193549,0.9806808688387635,0.9404761904761905,0.6666666666666666,5
B,GAT+LSTM,fri_pm_scan,3845,0.8275862068965517,0.978004022121669,0.9450549450549451,0.5714285714285714,5
B,GAT+LSTM,fri_pm_scan,3846,0.8148148148148148,0.9747242647058824,0.9479166666666666,0.5,5
B,GAT+LSTM,fri_pm_scan,3847,0.7692307692307693,0.9478145424836603,0.8958333333333334,0.5,5
B,GAT+LSTM,fri_pm_scan,3848,0.7692307692307693,0.9398599970291147,0.8854166666666667,0.5,5
B,GAT+LSTM,fri_pm_scan,3849,0.7692307692307693,0.9398599970291147,0.8854166666666667,0.5,5
B,GAT+LSTM,fri_pm_scan,3850,0.7692307692307693,0.9398599970291147,0.8854166666666667,0.5,5
B,GAT+LSTM,fri_pm_scan,3851,0.7692307692307693,0.9398599970291147,0.8854166666666667,0.5,5
B,GAT+LSTM,fri_pm_scan,3852,0.7692307692307693,0.9398599970291147,0.8854166666666667,0.5,5
B,GAT+LSTM,fri_pm_scan,3853,0.7692307692307693,0.9398599970291147,0.8854166666666667,0.5,5
B,GAT+LSTM,fri_pm_scan,3854,0.7692307692307693,0.9398599970291147,0.8854166666666667,0.5,5
B,GAT+LSTM,fri_pm_scan,3855,0.72,0.9143291200777832,0.8585858585858587,0.5555555555555556,5
B,GAT+LSTM,fri_pm_scan,3856,0.6666666666666666,0.8912173202614379,0.84,0.6,5
B,GAT+LSTM,fri_pm_scan,3857,0.6666666666666666,0.8486532176973353,0.79,0.6,5
B,GAT+LSTM,fri_pm_scan,3858,0.6666666666666666,0.8640870893812069,0.81,0.6,5
B,GAT+LSTM,fri_pm_scan,3859,0.6666666666666666,0.8558137717897076,0.7777777777777779,0.5555555555555556,5
B,GAT+LSTM,fri_pm_scan,3860,0.6956521739130435,0.86733399176581,0.8080808080808082,0.4444444444444444,5
B,GAT+LSTM,fri_pm_scan,3861,0.7272727272727273,0.8874139749139749,0.8484848484848485,0.3333333333333333,5
B,GAT+LSTM,fri_pm_scan,3862,0.7272727272727273,0.9027895084713267,0.8787878787878789,0.3333333333333333,5
B,GAT+LSTM,fri_pm_scan,3863,0.7619047619047619,0.9153212065712065,0.9099999999999999,0.3,5
B,GAT+LSTM,fri_pm_scan,3864,0.7619047619047619,0.9153212065712065,0.9099999999999999,0.3,5
B,GAT+LSTM,fri_pm_scan,3865,0.7272727272727273,0.8936632180950363,0.8585858585858586,0.3333333333333333,5
B,GAT+LSTM,fri_pm_scan,3866,0.6956521739130435,0.889362604987605,0.8333333333333333,0.375,5
B,GAT+LSTM,fri_pm_scan,3867,0.75,0.889362604987605,0.8333333333333333,0.375,5
B,GAT+LSTM,fri_pm_scan,3868,0.75,0.889362604987605,0.8333333333333333,0.375,5
B,GAT+LSTM,fri_pm_scan,3869,0.75,0.889362604987605,0.8333333333333333,0.375,5
B,GAT+LSTM,fri_pm_scan,3870,0.75,0.889362604987605,0.8333333333333333,0.375,5
B,GAT+LSTM,fri_pm_scan,3871,0.75,0.889362604987605,0.8333333333333333,0.375,5
B,GAT+LSTM,fri_pm_scan,3872,0.75,0.889362604987605,0.8333333333333333,0.375,5
B,GAT+LSTM,fri_pm_scan,3873,0.6956521739130435,0.8297144143735053,0.7777777777777778,0.4444444444444444,5
B,GAT+LSTM,fri_pm_scan,3874,0.6363636363636364,0.7673627761127761,0.73,0.5,5
B,GAT+LSTM,fri_pm_scan,3875,0.6363636363636364,0.7867873792873792,0.75,0.5,5
B,GAT+LSTM,fri_pm_scan,3876,0.6363636363636364,0.7954183316683316,0.76,0.5,5
B,GAT+LSTM,fri_pm_scan,3877,0.6,0.7734984922484924,0.7474747474747475,0.45454545454545453,5
B,GAT+LSTM,fri_pm_scan,3878,0.631578947368421,0.7895682249848917,0.7777777777777777,0.36363636363636365,5
B,GAT+LSTM,fri_pm_scan,3879,0.6666666666666666,0.8052714646464647,0.8125,0.3333333333333333,5
B,GAT+LSTM,fri_pm_ddos,4277,0.6666666666666666,0.8052714646464647,0.8125,0.3333333333333333,5
B,GAT+LSTM,fri_pm_ddos,4278,0.6666666666666666,0.8052714646464647,0.8125,0.3333333333333333,5
B,GAT+LSTM,fri_pm_ddos,4279,0.6666666666666666,0.8052714646464647,0.8125,0.3333333333333333,5
B,GAT+LSTM,fri_pm_ddos,4280,0.6666666666666666,0.8052714646464647,0.8125,0.3333333333333333,5
B,GAT+LSTM,fri_pm_ddos,4281,0.6666666666666666,0.8094381313131314,0.8229166666666666,0.3333333333333333,5
B,GAT+LSTM,fri_pm_ddos,4282,0.7058823529411765,0.8512626262626262,0.8901098901098902,0.3076923076923077,5
B,GAT+LSTM,fri_pm_ddos,4283,0.75,0.899074074074074,0.9404761904761905,0.2857142857142857,5
B,GAT+LSTM,fri_pm_ddos,4284,0.7142857142857143,0.9633333333333334,0.9866666666666667,0.26666666666666666,5
B,GAT+LSTM,fri_pm_ddos,4285,0.6666666666666666,1.0,1.0,0.25,5
B,GAT+LSTM,fri_pm_ddos,4286,0.6,1.0,1.0,0.23529411764705882,5
B,GAT+LSTM,fri_pm_ddos,4287,0.5,1.0,1.0,0.2222222222222222,5
B,GAT+LSTM,fri_pm_ddos,4288,0.3333333333333333,1.0,1.0,0.21052631578947367,5
B,GAT+LSTM,fri_pm_ddos,4289,0.0,0.5,,0.2,5
B,GAT+LSTM,fri_pm_ddos,4290,0.0,0.5,,0.15,5
B,GAT+LSTM,fri_pm_ddos,4291,0.0,0.5,,0.1,5
B,GAT+LSTM,fri_pm_ddos,4292,0.0,0.5,,0.05,5
B,GAT+LSTM,fri_pm_ddos,4293,0.0,0.5,,0.0,5
B,GAT+LSTM,fri_pm_ddos,4294,0.0,0.5,,0.0,5
B,GAT+LSTM,fri_pm_ddos,4295,0.0,1.0,1.0,0.0,5
B,GAT+LSTM,fri_pm_ddos,4296,0.6666666666666666,1.0,1.0,0.0,5
B,GAT+LSTM,fri_pm_ddos,4297,0.8,1.0,1.0,0.0,5
B,GAT+LSTM,fri_pm_ddos,4298,0.8571428571428571,1.0,1.0,0.0,5
B,GAT+LSTM,fri_pm_ddos,4299,0.8888888888888888,1.0,1.0,0.0,5
B,GAT+LSTM,fri_pm_ddos,4300,0.9090909090909091,1.0,1.0,0.0,5
B,GAT+LSTM,fri_pm_ddos,4301,0.9230769230769231,0.9999999999999998,1.0,0.0,5
B,GAT+LSTM,fri_pm_ddos,4302,0.9333333333333333,1.0,1.0,0.0,5
B,GAT+LSTM,fri_pm_ddos,4303,0.9411764705882353,1.0000000000000002,1.0,0.0,5
B,GAT+LSTM,fri_pm_ddos,4304,0.9473684210526315,1.0,1.0,0.0,5
B,GAT+LSTM,fri_pm_ddos,4305,0.9523809523809523,1.0,1.0,0.0,5
B,GAT+LSTM,fri_pm_ddos,4306,0.9565217391304348,1.0,1.0,0.0,5
B,GAT+LSTM,fri_pm_ddos,4307,0.96,1.0,1.0,0.0,5
B,GAT+LSTM,fri_pm_ddos,4308,0.9230769230769231,0.7898065609604071,0.8571428571428572,0.14285714285714285,5
B,GAT+LSTM,fri_pm_ddos,4309,0.9285714285714286,0.8004836433407863,0.8333333333333334,0.16666666666666666,5
B,GAT+LSTM,fri_pm_ddos,4310,0.9333333333333333,0.8094791782291781,0.8,0.2,5
B,GAT+LSTM,fri_pm_ddos,4311,0.9375,0.8175953692957368,0.75,0.25,5
B,GAT+LSTM,fri_pm_ddos,4312,0.9411764705882353,0.8251710467540917,0.6666666666666667,0.3333333333333333,5
B,GAT+LSTM,fri_pm_ddos,4313,0.9444444444444444,0.8319777745474339,0.5,0.5,5
B,GAT+LSTM,fri_pm_ddos,4314,0.9473684210526315,0.8381202185463226,0.0,1.0,5
B,GAT+LSTM,fri_pm_ddos,4315,0.9743589743589743,0.8381724324143258,0.0,1.0,5
B,GAT+LSTM,fri_pm_ddos,4316,0.9743589743589743,0.8382037607351279,0.0,1.0,5
B,GAT+LSTM,fri_pm_ddos,4317,0.9473684210526315,0.8265362022069969,0.4444444444444444,1.0,5
B,GAT+LSTM,fri_pm_ddos,4318,0.918918918918919,0.8196778226326576,0.627450980392157,1.0,5
B,GAT+LSTM,fri_pm_ddos,4319,0.918918918918919,0.8253694594525044,0.6666666666666667,1.0,5
B,GAT+LSTM,fri_pm_ddos,4320,0.918918918918919,0.8253694594525044,0.6666666666666667,1.0,5
B,GAT+LSTM,fri_pm_ddos,4321,0.918918918918919,0.8253694594525044,0.6666666666666667,1.0,5
B,GAT+LSTM,fri_pm_ddos,4322,0.918918918918919,0.8253917410924331,0.6666666666666667,1.0,5
B,GAT+LSTM,fri_pm_ddos,4323,0.918918918918919,0.8254511587989095,0.6666666666666667,1.0,5
B,GAT+LSTM,fri_pm_ddos,4324,0.918918918918919,0.8254511587989095,0.6666666666666667,1.0,5
B,GAT+LSTM,fri_pm_ddos,4325,0.918918918918919,0.8254511587989095,0.6666666666666667,1.0,5
B,GAT+LSTM,fri_pm_ddos,4326,0.918918918918919,0.8695688058577331,0.6862745098039217,1.0,5
B,GAT+LSTM,fri_pm_ddos,4327,0.8888888888888888,0.8119706172095879,0.59375,1.0,5
B,GAT+LSTM,fri_pm_ddos,4328,0.8888888888888888,0.8562414505429211,0.625,1.0,5
B,GAT+LSTM,fri_pm_ddos,4329,0.8888888888888888,0.8483545457810164,0.609375,1.0,5
B,GAT+LSTM,fri_pm_ddos,4330,0.8888888888888888,0.8483545457810164,0.609375,1.0,5
B,GAT+LSTM,fri_pm_ddos,4331,0.8888888888888888,0.8483545457810164,0.609375,1.0,5
B,GAT+LSTM,fri_pm_ddos,4332,0.8888888888888888,0.8703039505429211,0.640625,1.0,5
B,GAT+LSTM,fri_pm_ddos,4333,0.8888888888888888,0.8483545457810164,0.609375,1.0,5
B,GAT+LSTM,fri_pm_ddos,4334,0.8888888888888888,0.8483545457810164,0.609375,1.0,5
B,GAT+LSTM,fri_pm_ddos,4335,0.8888888888888888,0.8483545457810164,0.609375,1.0,5
B,GAT+LSTM,fri_pm_ddos,4336,0.8571428571428571,0.732645051027404,0.49333333333333335,1.0,5
B,GAT+LSTM,fri_pm_ddos,4337,0.8571428571428571,0.6644456987800641,0.30666666666666664,1.0,5
B,GAT+LSTM,fri_pm_ddos,4338,0.8888888888888888,0.672588895237889,0.125,1.0,5
B,GAT+LSTM,fri_pm_ddos,4339,0.8888888888888888,0.672588895237889,0.125,1.0,5
B,GAT+LSTM,fri_pm_ddos,4340,0.8888888888888888,0.672588895237889,0.125,1.0,5
B,GAT+LSTM,fri_pm_ddos,4341,0.8888888888888888,0.7196127047616986,0.1875,1.0,5
B,GAT+LSTM,fri_pm_ddos,4342,0.8888888888888888,0.7090472285712224,0.15625,1.0,5
B,GAT+LSTM,fri_pm_ddos,4343,0.8888888888888888,0.7090472285712224,0.15625,1.0,5
B,GAT+LSTM,fri_pm_ddos,4344,0.8888888888888888,0.7090472285712224,0.15625,1.0,5
B,GAT+LSTM,fri_pm_ddos,4345,0.8888888888888888,0.7085511968251906,0.15625,1.0,5
B,GAT+LSTM,fri_pm_ddos,4346,0.8571428571428571,0.652382206716572,0.27999999999999997,1.0,5
B,GAT+LSTM,fri_pm_ddos,4347,0.8888888888888888,0.711756834335685,0.3125,1.0,5
B,GAT+LSTM,fri_pm_ddos,4348,0.918918918918919,0.7808128783133337,0.37254901960784315,1.0,5
B,GAT+LSTM,fri_pm_ddos,4349,0.918918918918919,0.7808128783133337,0.37254901960784315,1.0,5
B,GAT+LSTM,fri_pm_ddos,4350,0.918918918918919,0.791036967949188,0.3921568627450981,1.0,5
B,GAT+LSTM,fri_pm_ddos,4351,0.918918918918919,0.791036967949188,0.3921568627450981,1.0,5
B,GAT+LSTM,fri_pm_ddos,4352,0.918918918918919,0.7906167998819611,0.3921568627450981,1.0,5
B,GAT+LSTM,fri_pm_ddos,4353,0.918918918918919,0.7906167998819611,0.3921568627450981,1.0,5
B,GAT+LSTM,fri_pm_ddos,4354,0.918918918918919,0.8248604973609528,0.43137254901960786,1.0,5
B,GAT+LSTM,fri_pm_ddos,4355,0.918918918918919,0.8254207214505885,0.43137254901960786,1.0,5
B,GAT+LSTM,fri_pm_ddos,4356,0.9473684210526315,0.9131616369812965,0.5833333333333334,1.0,5
B,GAT+LSTM,fri_pm_ddos,4357,0.9743589743589743,0.9999999999999998,1.0,1.0,5
B,GAT+LSTM,fri_pm_ddos,4358,0.9743589743589743,0.9999999999999998,1.0,1.0,5
B,GAT+LSTM,fri_pm_ddos,4359,0.9743589743589743,0.9999999999999998,1.0,1.0,5
B,GAT+LSTM,fri_pm_ddos,4360,0.9743589743589743,0.9999999999999998,1.0,1.0,5
B,GAT+LSTM,fri_pm_ddos,4361,0.9743589743589743,0.9999999999999998,1.0,1.0,5
B,GAT+LSTM,fri_pm_ddos,4362,0.9743589743589743,0.9999999999999998,1.0,1.0,5
B,GAT+LSTM,fri_pm_ddos,4363,0.9473684210526315,0.8969579332775928,0.5555555555555556,1.0,5
B,GAT+LSTM,fri_pm_ddos,4364,0.9473684210526315,0.8969579332775928,0.5555555555555556,1.0,5
B,GAT+LSTM,fri_pm_ddos,4365,0.9473684210526315,0.8969579332775928,0.5555555555555556,1.0,5
B,GAT+LSTM,fri_pm_ddos,4366,0.9743589743589743,0.8996803689222621,0.10526315789473684,1.0,5
B,GAT+LSTM,fri_pm_ddos,4367,0.9743589743589743,0.8996803689222621,0.10526315789473684,1.0,5
B,GAT+LSTM,fri_pm_ddos,4368,0.9743589743589743,0.8996803689222621,0.10526315789473684,1.0,5
B,GAT+LSTM,fri_pm_ddos,4369,0.9743589743589743,0.8996803689222621,0.10526315789473684,1.0,5
B,GAT+LSTM,fri_pm_ddos,4370,0.9743589743589743,0.8777505443608586,0.05263157894736842,1.0,5
B,GAT+LSTM,fri_pm_ddos,4371,0.9473684210526315,0.7882141121692205,0.05555555555555555,1.0,5
B,GAT+LSTM,fri_pm_ddos,4372,0.9473684210526315,0.7882141121692205,0.05555555555555555,1.0,5
B,GAT+LSTM,fri_pm_ddos,4373,0.9473684210526315,0.7882141121692205,0.05555555555555555,1.0,5
B,GAT+LSTM,fri_pm_ddos,4374,0.9473684210526315,0.7419178158729243,0.0,1.0,5
B,GAT+LSTM,fri_pm_ddos,4375,0.9473684210526315,0.7419178158729243,0.0,1.0,5
B,GAT+LSTM,fri_pm_ddos,4376,0.9473684210526315,0.7419178158729243,0.0,1.0,5
B,GAT+LSTM,fri_pm_ddos,4377,0.9473684210526315,0.7419178158729243,0.0,1.0,5
B,GAT+LSTM,fri_pm_ddos,4378,0.9473684210526315,0.7419178158729243,0.0,1.0,5
B,GAT+LSTM,fri_pm_ddos,4379,0.918918918918919,0.6773596683471934,0.05882352941176472,1.0,5
B,GAT+LSTM,fri_pm_ddos,4380,0.918918918918919,0.6773596683471934,0.05882352941176472,1.0,5
B,GAT+LSTM,fri_pm_ddos,4381,0.918918918918919,0.6773596683471934,0.05882352941176472,1.0,5
B,GAT+LSTM,fri_pm_ddos,4382,0.918918918918919,0.6714773154060169,0.03921568627450981,1.0,5
B,GAT+LSTM,fri_pm_ddos,4383,0.9473684210526315,0.7558067047618131,0.05555555555555555,1.0,5
B,GAT+LSTM,fri_pm_ddos,4384,0.9473684210526315,0.7558067047618131,0.05555555555555555,1.0,5
B,GAT+LSTM,fri_pm_ddos,4385,0.9473684210526315,0.7558067047618131,0.05555555555555555,1.0,5
B,GAT+LSTM,fri_pm_ddos,4386,0.9473684210526315,0.7558067047618131,0.05555555555555555,1.0,5
B,GAT+LSTM,fri_pm_ddos,4387,0.9473684210526315,0.7465474455025538,0.027777777777777776,1.0,5
B,GAT+LSTM,fri_pm_ddos,4388,0.918918918918919,0.7349838449456005,0.33333333333333337,1.0,5
B,GAT+LSTM,fri_pm_ddos,4389,0.918918918918919,0.7349838449456005,0.33333333333333337,1.0,5
B,GAT+LSTM,fri_pm_ddos,4390,0.918918918918919,0.7349838449456005,0.33333333333333337,1.0,5
B,GAT+LSTM,fri_pm_ddos,4391,0.9473684210526315,0.8711132289241165,0.5,1.0,5
B,GAT+LSTM,fri_pm_ddos,4392,0.9473684210526315,0.8711132289241165,0.5,1.0,5
B,GAT+LSTM,fri_pm_ddos,4393,0.9473684210526315,0.8711132289241165,0.5,1.0,5
B,GAT+LSTM,fri_pm_ddos,4394,0.9473684210526315,0.8711132289241165,0.5,1.0,5
B,GAT+LSTM,fri_pm_ddos,4395,0.9473684210526315,0.8294465622574497,0.4722222222222222,1.0,5
B,GAT+LSTM,fri_pm_ddos,4396,0.918918918918919,0.7300818841612868,0.3137254901960785,1.0,5
B,GAT+LSTM,fri_pm_ddos,4397,0.918918918918919,0.7300818841612868,0.3137254901960785,1.0,5
B,GAT+LSTM,fri_pm_ddos,4398,0.918918918918919,0.7300818841612868,0.3137254901960785,1.0,5
B,GAT+LSTM,fri_pm_ddos,4399,0.9473684210526315,0.8294465622574497,0.4722222222222222,1.0,5
B,GAT+LSTM,fri_pm_ddos,4400,0.9473684210526315,0.8321431184627779,0.5,1.0,5
B,GAT+LSTM,fri_pm_ddos,4401,0.9473684210526315,0.8321431184627779,0.5,1.0,5
B,GAT+LSTM,fri_pm_ddos,4402,0.9473684210526315,0.8321431184627779,0.5,1.0,5
B,GAT+LSTM,fri_pm_ddos,4403,0.9473684210526315,0.8321431184627779,0.5,1.0,5
B,GAT+LSTM,fri_pm_ddos,4404,0.9473684210526315,0.8321431184627779,0.5,1.0,5
B,GAT+LSTM,fri_pm_ddos,4405,0.918918918918919,0.8159537994836663,0.607843137254902,1.0,5
B,GAT+LSTM,fri_pm_ddos,4406,0.918918918918919,0.81241738491784,0.5882352941176471,1.0,5
B,GAT+LSTM,fri_pm_ddos,4407,0.918918918918919,0.81241738491784,0.5882352941176471,1.0,5
B,GAT+LSTM,fri_pm_ddos,4408,0.9473684210526315,0.8204768340152757,0.3888888888888889,1.0,5
B,GAT+LSTM,fri_pm_ddos,4409,0.9473684210526315,0.8236290671307441,0.4166666666666667,1.0,5
B,GAT+LSTM,fri_pm_ddos,4410,0.9473684210526315,0.8236290671307441,0.4166666666666667,1.0,5
B,GAT+LSTM,fri_pm_ddos,4411,0.9473684210526315,0.8236290671307441,0.4166666666666667,1.0,5
B,GAT+LSTM,fri_pm_ddos,4412,0.9473684210526315,0.8236290671307441,0.4166666666666667,1.0,5
B,GAT+LSTM,fri_pm_ddos,4413,0.9473684210526315,0.8204768340152757,0.3888888888888889,1.0,5
B,GAT+LSTM,fri_pm_ddos,4414,0.918918918918919,0.803952270285816,0.5294117647058824,1.0,5
B,GAT+LSTM,fri_pm_ddos,4415,0.918918918918919,0.803952270285816,0.5294117647058824,1.0,5
B,GAT+LSTM,fri_pm_ddos,4416,0.9473684210526315,0.9783454926805031,0.8055555555555556,1.0,5
B,GAT+LSTM,fri_pm_ddos,4417,0.9473684210526315,0.9783454926805031,0.8055555555555556,1.0,5
B,GAT+LSTM,fri_pm_ddos,4418,0.9473684210526315,0.9783454926805031,0.8055555555555556,1.0,5
B,GAT+LSTM,fri_pm_ddos,4419,0.9473684210526315,0.9783454926805031,0.8055555555555556,1.0,5
B,GAT+LSTM,fri_pm_ddos,4420,0.9473684210526315,0.9783454926805031,0.8055555555555556,1.0,5
B,GAT+LSTM,fri_pm_ddos,4421,0.9473684210526315,0.9783454926805031,0.8055555555555556,1.0,5
B,GAT+LSTM,fri_pm_ddos,4422,0.918918918918919,0.803952270285816,0.5294117647058824,1.0,5
B,GAT+LSTM,fri_pm_ddos,4423,0.8888888888888888,0.7778724214543198,0.5625,1.0,5
B,GAT+LSTM,fri_pm_ddos,4424,0.8888888888888888,0.7885381140133947,0.609375,1.0,5
B,GAT+LSTM,fri_pm_ddos,4425,0.918918918918919,0.8069078642881227,0.5490196078431373,1.0,5
B,GAT+LSTM,fri_pm_ddos,4426,0.918918918918919,0.813262021017894,0.5882352941176471,1.0,5
B,GAT+LSTM,fri_pm_ddos,4427,0.918918918918919,0.8192914580765154,0.6274509803921569,1.0,5
B,GAT+LSTM,fri_pm_ddos,4428,0.918918918918919,0.8192914580765154,0.6274509803921569,1.0,5
B,GAT+LSTM,fri_pm_ddos,4429,0.918918918918919,0.8192914580765154,0.6274509803921569,1.0,5
B,GAT+LSTM,fri_pm_ddos,4430,0.918918918918919,0.8192914580765154,0.6274509803921569,1.0,5
B,GAT+LSTM,fri_pm_ddos,4431,0.8888888888888888,0.805078438181186,0.6875,1.0,5
B,GAT+LSTM,fri_pm_ddos,4432,0.8571428571428571,0.7953732025055555,0.7466666666666666,1.0,5
B,GAT+LSTM,fri_pm_ddos,4433,0.8571428571428571,0.7897058478443928,0.72,1.0,5
B,GAT+LSTM,fri_pm_ddos,4434,0.8888888888888888,0.7925330773833581,0.625,1.0,5
B,GAT+LSTM,fri_pm_ddos,4435,0.8888888888888888,0.7925330773833581,0.625,1.0,5
B,GAT+LSTM,fri_pm_ddos,4436,0.8888888888888888,0.7925330773833581,0.625,1.0,5
B,GAT+LSTM,fri_pm_ddos,4437,0.8888888888888888,0.7925330773833581,0.625,1.0,5
B,GAT+LSTM,fri_pm_ddos,4438,0.8888888888888888,0.7925330773833581,0.625,1.0,5
B,GAT+LSTM,fri_pm_ddos,4439,0.8888888888888888,0.7925330773833581,0.625,1.0,5
B,GAT+LSTM,fri_pm_ddos,4440,0.8888888888888888,0.7821363866557849,0.578125,1.0,5
B,GAT+LSTM,fri_pm_ddos,4441,0.8571428571428571,0.7695689089032742,0.6533333333333333,1.0,5
B,GAT+LSTM,fri_pm_ddos,4442,0.8888888888888888,0.9436925795115617,0.765625,1.0,5
B,GAT+LSTM,fri_pm_ddos,4443,0.918918918918919,0.9538269582660405,0.7450980392156863,1.0,5
B,GAT+LSTM,fri_pm_ddos,4444,0.918918918918919,0.9487021810824398,0.7254901960784313,1.0,5
B,GAT+LSTM,fri_pm_ddos,4445,0.918918918918919,0.9430872078204077,0.7058823529411764,1.0,5
B,GAT+LSTM,fri_pm_ddos,4446,0.918918918918919,0.9430872078204077,0.7058823529411764,1.0,5
B,GAT+LSTM,fri_pm_ddos,4447,0.918918918918919,0.9430872078204077,0.7058823529411764,1.0,5
B,GAT+LSTM,fri_pm_ddos,4448,0.918918918918919,0.9430872078204077,0.7058823529411764,1.0,5
B,GAT+LSTM,fri_pm_ddos,4449,0.8888888888888888,0.914638619410775,0.671875,1.0,5
B,GAT+LSTM,fri_pm_ddos,4450,0.8571428571428571,0.8935188195017916,0.68,1.0,5
B,GAT+LSTM,fri_pm_ddos,4451,0.8571428571428571,0.925009374154111,0.76,1.0,5
B,GAT+LSTM,fri_pm_ddos,4452,0.8571428571428571,0.9381436010383377,0.8,1.0,5
B,GAT+LSTM,fri_pm_ddos,4453,0.8571428571428571,0.942404895299632,0.8133333333333334,1.0,5
B,GAT+LSTM,fri_pm_ddos,4454,0.8571428571428571,0.942404895299632,0.8133333333333334,1.0,5
B,GAT+LSTM,fri_pm_ddos,4455,0.8571428571428571,0.942404895299632,0.8133333333333334,1.0,5
B,GAT+LSTM,fri_pm_ddos,4456,0.8571428571428571,0.942404895299632,0.8133333333333334,1.0,5
B,GAT+LSTM,fri_pm_ddos,4457,0.8571428571428571,0.942404895299632,0.8133333333333334,1.0,5
B,GAT+LSTM,fri_pm_ddos,4458,0.8571428571428571,0.942404895299632,0.8133333333333334,1.0,5
B,GAT+LSTM,fri_pm_ddos,4459,0.8571428571428571,0.942404895299632,0.8133333333333334,1.0,5
B,GAT+LSTM,fri_pm_ddos,4460,0.8235294117647058,0.9360599926389399,0.8214285714285714,1.0,5
B,GAT+LSTM,fri_pm_ddos,4461,0.8235294117647058,0.9360599926389399,0.8214285714285714,1.0,5
B,GAT+LSTM,fri_pm_ddos,4462,0.8235294117647058,0.9539446768770077,0.8809523809523809,1.0,5
B,GAT+LSTM,fri_pm_ddos,4463,0.8235294117647058,0.9778233671090812,0.9523809523809524,1.0,5
B,GAT+LSTM,fri_pm_ddos,4464,0.8235294117647058,0.984046310832025,0.9642857142857143,1.0,5
B,GAT+LSTM,fri_pm_ddos,4465,0.8235294117647058,0.984046310832025,0.9642857142857143,1.0,5
B,GAT+LSTM,fri_pm_ddos,4466,0.8235294117647058,0.984046310832025,0.9642857142857143,1.0,5
B,GAT+LSTM,fri_pm_ddos,4467,0.8235294117647058,0.984046310832025,0.9642857142857143,1.0,5
B,GAT+LSTM,fri_pm_ddos,4468,0.8235294117647058,0.984046310832025,0.9642857142857143,1.0,5
B,GAT+LSTM,fri_pm_ddos,4469,0.8235294117647058,0.8010788814360243,0.8333333333333334,1.0,5
B,GAT+LSTM,fri_pm_ddos,4470,0.8235294117647058,0.7000744295387152,0.6666666666666667,1.0,5
B,GAT+LSTM,fri_pm_ddos,4471,0.8571428571428571,0.7119812322753499,0.6,1.0,5
B,GAT+LSTM,fri_pm_ddos,4472,0.8888888888888888,0.7228337124476829,0.5,1.0,5
B,GAT+LSTM,fri_pm_ddos,4473,0.8571428571428571,0.6398672732496262,0.4,1.0,5
B,GAT+LSTM,fri_pm_ddos,4474,0.8235294117647058,0.5688580094042279,0.33333333333333337,1.0,5
B,GAT+LSTM,fri_pm_ddos,4475,0.7878787878787878,0.5532900231995255,0.4285714285714286,1.0,5
B,GAT+LSTM,fri_pm_ddos,4476,0.75,0.5362847800347801,0.5,1.0,5
B,GAT+LSTM,fri_pm_ddos,4477,0.7096774193548387,0.5176136994318812,0.5555555555555556,1.0,5
B,GAT+LSTM,fri_pm_ddos,4478,0.6666666666666666,0.49699411699411694,0.6,1.0,5
B,GAT+LSTM,fri_pm_ddos,4479,0.6428571428571429,0.4740716074049408,0.6363636363636364,0.9090909090909091,5
B,GAT+LSTM,fri_pm_ddos,4480,0.6666666666666666,0.4740716074049408,0.6363636363636364,0.8181818181818182,5
B,GAT+LSTM,fri_pm_ddos,4481,0.6923076923076923,0.4740716074049408,0.6363636363636364,0.7272727272727273,5
B,GAT+LSTM,fri_pm_ddos,4482,0.6666666666666666,0.4483946608946609,0.6666666666666667,0.6666666666666666,5
B,GAT+LSTM,fri_pm_ddos,4483,0.6363636363636364,0.41937744794887655,0.6923076923076923,0.6153846153846154,5
B,GAT+LSTM,fri_pm_ddos,4484,0.6,0.3862433862433863,0.7142857142857143,0.5714285714285714,5
B,GAT+LSTM,fri_pm_ddos,4485,0.5555555555555556,0.34793650793650793,0.7333333333333334,0.5333333333333333,5
B,GAT+LSTM,fri_pm_ddos,4486,0.5,0.3029761904761905,0.75,0.5,5
B,GAT+LSTM,fri_pm_ddos,4487,0.42857142857142855,0.2492063492063492,0.7647058823529411,0.47058823529411764,5
B,GAT+LSTM,fri_pm_ddos,4488,0.3333333333333333,0.18333333333333335,0.7777777777777778,0.4444444444444444,5
B,GAT+LSTM,fri_pm_ddos,4489,0.36363636363636365,0.225,0.8333333333333334,0.3888888888888889,5
B,GAT+LSTM,fri_pm_ddos,4490,0.4,0.29166666666666663,0.8888888888888888,0.3333333333333333,5
B,GAT+LSTM,fri_pm_ddos,4491,0.25,0.16666666666666666,0.8947368421052632,0.3157894736842105,5
B,GAT+LSTM,fri_pm_ddos,4492,0.0,0.5,,0.3,5
B,GAT+LSTM,fri_pm_ddos,4493,0.0,0.5,,0.25,5
B,GAT+LSTM,fri_pm_ddos,4494,0.0,0.5,,0.2,5
B,GAT+LSTM,fri_pm_ddos,4495,0.0,0.5,,0.15,5
B,GAT+LSTM,fri_pm_ddos,4496,0.0,0.5,,0.1,5
B,GAT+LSTM,fri_pm_ddos,4497,0.0,0.5,,0.05,5
B,GAT+LSTM,fri_pm_ddos,4498,0.0,0.5,,0.0,5
B,GAT+LSTM,fri_pm_ddos,4499,0.0,0.5,,0.0,5
B,GAT+LSTM,fri_pm_ddos,4500,0.0,0.5,,0.0,5
D,GAT+LSTM_no_adapt,mon,6,0.0,0.5,,0.0,1
D,GAT+LSTM_no_adapt,mon,7,0.0,0.5,,0.0,1
D,GAT+LSTM_no_adapt,mon,8,0.0,0.5,,0.0,1
D,GAT+LSTM_no_adapt,mon,9,0.0,0.5,,0.0,1
D,GAT+LSTM_no_adapt,mon,10,0.0,0.5,,0.0,1
D,GAT+LSTM_no_adapt,mon,11,0.0,0.5,,0.0,1
D,GAT+LSTM_no_adapt,mon,12,0.0,0.5,,0.0,1
D,GAT+LSTM_no_adapt,mon,13,0.0,0.5,,0.0,1
D,GAT+LSTM_no_adapt,mon,14,0.0,0.5,,0.0,1
D,GAT+LSTM_no_adapt,mon,15,0.0,0.5,,0.0,1
D,GAT+LSTM_no_adapt,mon,16,0.0,0.5,,0.0,1
D,GAT+LSTM_no_adapt,mon,17,0.0,0.5,,0.0,1
D,GAT+LSTM_no_adapt,mon,18,0.0,0.5,,0.0,1
D,GAT+LSTM_no_adapt,mon,19,0.0,0.5,,0.0,1
D,GAT+LSTM_no_adapt,mon,20,0.0,0.5,,0.0,1
D,GAT+LSTM_no_adapt,mon,21,0.0,0.5,,0.0,1
D,GAT+LSTM_no_adapt,mon,22,0.0,0.5,,0.0,1
D,GAT+LSTM_no_adapt,mon,23,0.0,0.5,,0.0,1
D,GAT+LSTM_no_adapt,mon,24,0.0,0.5,,0.0,1
D,GAT+LSTM_no_adapt,mon,25,0.0,0.5,,0.0,1
D,GAT+LSTM_no_adapt,mon,26,0.0,0.5,,0.0,1
D,GAT+LSTM_no_adapt,mon,27,0.0,0.5,,0.0,1
D,GAT+LSTM_no_adapt,mon,28,0.0,0.5,,0.0,1
D,GAT+LSTM_no_adapt,mon,29,0.0,0.5,,0.0,1
D,GAT+LSTM_no_adapt,mon,30,0.0,0.5,,0.0,1
D,GAT+LSTM_no_adapt,mon,31,0.0,0.5,,0.0,1
D,GAT+LSTM_no_adapt,mon,32,0.0,0.5,,0.0,1
D,GAT+LSTM_no_adapt,mon,33,0.0,0.5,,0.0,1
D,GAT+LSTM_no_adapt,mon,34,0.0,0.5,,0.0,1
D,GAT+LSTM_no_adapt,mon,35,0.0,0.5,,0.0,1
D,GAT+LSTM_no_adapt,mon,36,0.0,0.5,,0.0,1
D,GAT+LSTM_no_adapt,mon,37,0.0,0.5,,0.0,1
D,GAT+LSTM_no_adapt,mon,38,0.0,0.5,,0.0,1
D,GAT+LSTM_no_adapt,mon,39,0.0,0.5,,0.0,1
D,GAT+LSTM_no_adapt,mon,40,0.0,0.5,,0.0,1
D,GAT+LSTM_no_adapt,mon,41,0.0,0.5,,0.0,1
D,GAT+LSTM_no_adapt,mon,42,0.0,0.5,,0.0,1
D,GAT+LSTM_no_adapt,mon,43,0.0,0.5,,0.0,1
D,GAT+LSTM_no_adapt,mon,44,0.0,0.5,,0.0,1
D,GAT+LSTM_no_adapt,mon,45,0.0,0.5,,0.0,1
D,GAT+LSTM_no_adapt,mon,46,0.0,0.5,,0.0,1
D,GAT+LSTM_no_adapt,mon,47,0.0,0.5,,0.0,1
D,GAT+LSTM_no_adapt,mon,48,0.0,0.5,,0.0,1
D,GAT+LSTM_no_adapt,mon,49,0.0,0.5,,0.0,1
D,GAT+LSTM_no_adapt,mon,50,0.0,0.5,,0.0,1
D,GAT+LSTM_no_adapt,mon,51,0.0,0.5,,0.0,1
D,GAT+LSTM_no_adapt,mon,52,0.0,0.5,,0.0,1
D,GAT+LSTM_no_adapt,mon,53,0.0,0.5,,0.0,1
D,GAT+LSTM_no_adapt,mon,54,0.0,0.5,,0.0,1
D,GAT+LSTM_no_adapt,mon,55,0.0,0.5,,0.0,1
D,GAT+LSTM_no_adapt,mon,56,0.0,0.5,,0.0,1
D,GAT+LSTM_no_adapt,mon,57,0.0,0.5,,0.0,1
D,GAT+LSTM_no_adapt,mon,58,0.0,0.5,,0.0,1
D,GAT+LSTM_no_adapt,mon,59,0.0,0.5,,0.0,1
D,GAT+LSTM_no_adapt,mon,60,0.0,0.5,,0.0,1
D,GAT+LSTM_no_adapt,mon,61,0.0,0.5,,0.0,1
D,GAT+LSTM_no_adapt,mon,62,0.0,0.5,,0.0,1
D,GAT+LSTM_no_adapt,mon,63,0.0,0.5,,0.0,1
D,GAT+LSTM_no_adapt,mon,64,0.0,0.5,,0.0,1
D,GAT+LSTM_no_adapt,mon,65,0.0,0.5,,0.0,1
D,GAT+LSTM_no_adapt,mon,66,0.0,0.5,,0.0,1
D,GAT+LSTM_no_adapt,mon,67,0.0,0.5,,0.0,1
D,GAT+LSTM_no_adapt,mon,68,0.0,0.5,,0.0,1
D,GAT+LSTM_no_adapt,mon,69,0.0,0.5,,0.0,1
D,GAT+LSTM_no_adapt,mon,70,0.0,0.5,,0.0,1
D,GAT+LSTM_no_adapt,mon,71,0.0,0.5,,0.0,1
D,GAT+LSTM_no_adapt,mon,72,0.0,0.5,,0.0,1
D,GAT+LSTM_no_adapt,mon,73,0.0,0.5,,0.0,1
D,GAT+LSTM_no_adapt,mon,74,0.0,0.5,,0.0,1
D,GAT+LSTM_no_adapt,mon,75,0.0,0.5,,0.0,1
D,GAT+LSTM_no_adapt,mon,76,0.0,0.5,,0.0,1
D,GAT+LSTM_no_adapt,mon,77,0.0,0.5,,0.0,1
D,GAT+LSTM_no_adapt,mon,78,0.0,0.5,,0.0,1
D,GAT+LSTM_no_adapt,mon,79,0.0,0.5,,0.0,1
D,GAT+LSTM_no_adapt,mon,80,0.0,0.5,,0.0,1
D,GAT+LSTM_no_adapt,mon,81,0.0,0.5,,0.0,1
D,GAT+LSTM_no_adapt,mon,82,0.0,0.5,,0.0,1
D,GAT+LSTM_no_adapt,mon,83,0.0,0.5,,0.0,1
D,GAT+LSTM_no_adapt,mon,84,0.0,0.5,,0.0,1
D,GAT+LSTM_no_adapt,mon,85,0.0,0.5,,0.0,1
D,GAT+LSTM_no_adapt,mon,86,0.0,0.5,,0.0,1
D,GAT+LSTM_no_adapt,mon,87,0.0,0.5,,0.0,1
D,GAT+LSTM_no_adapt,mon,88,0.0,0.5,,0.0,1
D,GAT+LSTM_no_adapt,mon,89,0.0,0.5,,0.0,1
D,GAT+LSTM_no_adapt,mon,90,0.0,0.5,,0.0,1
D,GAT+LSTM_no_adapt,mon,91,0.0,0.5,,0.0,1
D,GAT+LSTM_no_adapt,mon,92,0.0,0.5,,0.0,1
D,GAT+LSTM_no_adapt,mon,93,0.0,0.5,,0.0,1
D,GAT+LSTM_no_adapt,mon,94,0.0,0.5,,0.0,1
D,GAT+LSTM_no_adapt,mon,95,0.0,0.5,,0.0,1
D,GAT+LSTM_no_adapt,mon,96,0.0,0.5,,0.0,1
D,GAT+LSTM_no_adapt,mon,97,0.0,0.5,,0.0,1
D,GAT+LSTM_no_adapt,mon,98,0.0,0.5,,0.0,1
D,GAT+LSTM_no_adapt,mon,99,0.0,0.5,,0.0,1
D,GAT+LSTM_no_adapt,mon,100,0.0,0.5,,0.0,1
D,GAT+LSTM_no_adapt,mon,101,0.0,0.5,,0.0,1
D,GAT+LSTM_no_adapt,mon,102,0.0,0.5,,0.0,1
D,GAT+LSTM_no_adapt,mon,103,0.0,0.5,,0.0,1
D,GAT+LSTM_no_adapt,mon,104,0.0,0.5,,0.0,1
D,GAT+LSTM_no_adapt,mon,105,0.0,0.5,,0.0,1
D,GAT+LSTM_no_adapt,mon,106,0.0,0.5,,0.0,1
D,GAT+LSTM_no_adapt,mon,107,0.0,0.5,,0.0,1
D,GAT+LSTM_no_adapt,mon,108,0.0,0.5,,0.0,1
D,GAT+LSTM_no_adapt,mon,109,0.0,0.5,,0.0,1
D,GAT+LSTM_no_adapt,mon,110,0.0,0.5,,0.0,1
D,GAT+LSTM_no_adapt,mon,111,0.0,0.5,,0.0,1
D,GAT+LSTM_no_adapt,mon,112,0.0,0.5,,0.0,1
D,GAT+LSTM_no_adapt,mon,113,0.0,0.5,,0.0,1
D,GAT+LSTM_no_adapt,mon,114,0.0,0.5,,0.0,1
D,GAT+LSTM_no_adapt,mon,115,0.0,0.5,,0.0,1
D,GAT+LSTM_no_adapt,mon,116,0.0,0.5,,0.0,1
D,GAT+LSTM_no_adapt,mon,117,0.0,0.5,,0.0,1
D,GAT+LSTM_no_adapt,mon,118,0.0,0.5,,0.0,1
D,GAT+LSTM_no_adapt,mon,119,0.0,0.5,,0.0,1
D,GAT+LSTM_no_adapt,mon,120,0.0,0.5,,0.0,1
D,GAT+LSTM_no_adapt,mon,121,0.0,0.5,,0.0,1
D,GAT+LSTM_no_adapt,mon,122,0.0,0.5,,0.0,1
D,GAT+LSTM_no_adapt,mon,123,0.0,0.5,,0.0,1
D,GAT+LSTM_no_adapt,mon,124,0.0,0.5,,0.0,1
D,GAT+LSTM_no_adapt,mon,125,0.0,0.5,,0.0,1
D,GAT+LSTM_no_adapt,mon,126,0.0,0.5,,0.0,1
D,GAT+LSTM_no_adapt,mon,127,0.0,0.5,,0.0,1
D,GAT+LSTM_no_adapt,mon,128,0.0,0.5,,0.0,1
D,GAT+LSTM_no_adapt,mon,129,0.0,0.5,,0.0,1
D,GAT+LSTM_no_adapt,mon,130,0.0,0.5,,0.0,1
D,GAT+LSTM_no_adapt,mon,131,0.0,0.5,,0.0,1
D,GAT+LSTM_no_adapt,mon,132,0.0,0.5,,0.0,1
D,GAT+LSTM_no_adapt,mon,133,0.0,0.5,,0.0,1
D,GAT+LSTM_no_adapt,mon,134,0.0,0.5,,0.0,1
D,GAT+LSTM_no_adapt,mon,135,0.0,0.5,,0.0,1
D,GAT+LSTM_no_adapt,mon,136,0.0,0.5,,0.0,1
D,GAT+LSTM_no_adapt,mon,137,0.0,0.5,,0.0,1
D,GAT+LSTM_no_adapt,mon,138,0.0,0.5,,0.0,1
D,GAT+LSTM_no_adapt,mon,139,0.0,0.5,,0.0,1
D,GAT+LSTM_no_adapt,mon,140,0.0,0.5,,0.0,1
D,GAT+LSTM_no_adapt,mon,141,0.0,0.5,,0.0,1
D,GAT+LSTM_no_adapt,mon,142,0.0,0.5,,0.0,1
D,GAT+LSTM_no_adapt,mon,143,0.0,0.5,,0.0,1
D,GAT+LSTM_no_adapt,mon,144,0.0,0.5,,0.0,1
D,GAT+LSTM_no_adapt,mon,145,0.0,0.5,,0.0,1
D,GAT+LSTM_no_adapt,mon,146,0.0,0.5,,0.0,1
D,GAT+LSTM_no_adapt,mon,147,0.0,0.5,,0.0,1
D,GAT+LSTM_no_adapt,mon,148,0.0,0.5,,0.0,1
D,GAT+LSTM_no_adapt,mon,149,0.0,0.5,,0.0,1
D,GAT+LSTM_no_adapt,mon,150,0.0,0.5,,0.0,1
D,GAT+LSTM_no_adapt,mon,151,0.0,0.5,,0.0,1
D,GAT+LSTM_no_adapt,mon,152,0.0,0.5,,0.0,1
D,GAT+LSTM_no_adapt,mon,153,0.0,0.5,,0.0,1
D,GAT+LSTM_no_adapt,mon,154,0.0,0.5,,0.0,1
D,GAT+LSTM_no_adapt,mon,155,0.0,0.5,,0.0,1
D,GAT+LSTM_no_adapt,mon,156,0.0,0.5,,0.0,1
D,GAT+LSTM_no_adapt,mon,157,0.0,0.5,,0.0,1
D,GAT+LSTM_no_adapt,mon,158,0.0,0.5,,0.0,1
D,GAT+LSTM_no_adapt,mon,159,0.0,0.5,,0.0,1
D,GAT+LSTM_no_adapt,mon,160,0.0,0.5,,0.0,1
D,GAT+LSTM_no_adapt,mon,161,0.0,0.5,,0.0,1
D,GAT+LSTM_no_adapt,mon,162,0.0,0.5,,0.0,1
D,GAT+LSTM_no_adapt,mon,163,0.0,0.5,,0.0,1
D,GAT+LSTM_no_adapt,mon,164,0.0,0.5,,0.0,1
D,GAT+LSTM_no_adapt,mon,165,0.0,0.5,,0.0,1
D,GAT+LSTM_no_adapt,mon,166,0.0,0.5,,0.0,1
D,GAT+LSTM_no_adapt,mon,167,0.0,0.5,,0.0,1
D,GAT+LSTM_no_adapt,mon,168,0.0,0.5,,0.0,1
D,GAT+LSTM_no_adapt,mon,169,0.0,0.5,,0.0,1
D,GAT+LSTM_no_adapt,mon,170,0.0,0.5,,0.0,1
D,GAT+LSTM_no_adapt,mon,171,0.0,0.5,,0.0,1
D,GAT+LSTM_no_adapt,mon,172,0.0,0.5,,0.0,1
D,GAT+LSTM_no_adapt,mon,173,0.0,0.5,,0.0,1
D,GAT+LSTM_no_adapt,mon,174,0.0,0.5,,0.0,1
D,GAT+LSTM_no_adapt,mon,175,0.0,0.5,,0.0,1
D,GAT+LSTM_no_adapt,mon,176,0.0,0.5,,0.0,1
D,GAT+LSTM_no_adapt,mon,177,0.0,0.5,,0.0,1
D,GAT+LSTM_no_adapt,mon,178,0.0,0.5,,0.0,1
D,GAT+LSTM_no_adapt,mon,179,0.0,0.5,,0.0,1
D,GAT+LSTM_no_adapt,mon,180,0.0,0.5,,0.0,1
D,GAT+LSTM_no_adapt,mon,181,0.0,0.5,,0.0,1
D,GAT+LSTM_no_adapt,mon,182,0.0,0.5,,0.0,1
D,GAT+LSTM_no_adapt,mon,183,0.0,0.5,,0.0,1
D,GAT+LSTM_no_adapt,mon,184,0.0,0.5,,0.0,1
D,GAT+LSTM_no_adapt,mon,185,0.0,0.5,,0.0,1
D,GAT+LSTM_no_adapt,mon,186,0.0,0.5,,0.0,1
D,GAT+LSTM_no_adapt,mon,187,0.0,0.5,,0.0,1
D,GAT+LSTM_no_adapt,mon,188,0.0,0.5,,0.0,1
D,GAT+LSTM_no_adapt,mon,189,0.0,0.5,,0.0,1
D,GAT+LSTM_no_adapt,mon,190,0.0,0.5,,0.0,1
D,GAT+LSTM_no_adapt,mon,191,0.0,0.5,,0.0,1
D,GAT+LSTM_no_adapt,mon,192,0.0,0.5,,0.0,1
D,GAT+LSTM_no_adapt,mon,193,0.0,0.5,,0.0,1
D,GAT+LSTM_no_adapt,mon,194,0.0,0.5,,0.0,1
D,GAT+LSTM_no_adapt,mon,195,0.0,0.5,,0.0,1
D,GAT+LSTM_no_adapt,mon,196,0.0,0.5,,0.0,1
D,GAT+LSTM_no_adapt,mon,197,0.0,0.5,,0.0,1
D,GAT+LSTM_no_adapt,mon,198,0.0,0.5,,0.0,1
D,GAT+LSTM_no_adapt,mon,199,0.0,0.5,,0.0,1
D,GAT+LSTM_no_adapt,mon,200,0.0,0.5,,0.0,1
D,GAT+LSTM_no_adapt,mon,201,0.0,0.5,,0.0,1
D,GAT+LSTM_no_adapt,mon,202,0.0,0.5,,0.0,1
D,GAT+LSTM_no_adapt,mon,203,0.0,0.5,,0.0,1
D,GAT+LSTM_no_adapt,mon,204,0.0,0.5,,0.0,1
D,GAT+LSTM_no_adapt,mon,205,0.0,0.5,,0.0,1
D,GAT+LSTM_no_adapt,mon,206,0.0,0.5,,0.0,1
D,GAT+LSTM_no_adapt,mon,207,0.0,0.5,,0.0,1
D,GAT+LSTM_no_adapt,mon,208,0.0,0.5,,0.0,1
D,GAT+LSTM_no_adapt,mon,209,0.0,0.5,,0.0,1
D,GAT+LSTM_no_adapt,mon,210,0.0,0.5,,0.0,1
D,GAT+LSTM_no_adapt,mon,211,0.0,0.5,,0.0,1
D,GAT+LSTM_no_adapt,mon,212,0.0,0.5,,0.0,1
D,GAT+LSTM_no_adapt,mon,213,0.0,0.5,,0.0,1
D,GAT+LSTM_no_adapt,mon,214,0.0,0.5,,0.0,1
D,GAT+LSTM_no_adapt,mon,215,0.0,0.5,,0.0,1
D,GAT+LSTM_no_adapt,mon,216,0.0,0.5,,0.0,1
D,GAT+LSTM_no_adapt,mon,217,0.0,0.5,,0.0,1
D,GAT+LSTM_no_adapt,mon,218,0.0,0.5,,0.0,1
D,GAT+LSTM_no_adapt,mon,219,0.0,0.5,,0.0,1
D,GAT+LSTM_no_adapt,mon,220,0.0,0.5,,0.0,1
D,GAT+LSTM_no_adapt,mon,221,0.0,0.5,,0.0,1
D,GAT+LSTM_no_adapt,mon,222,0.0,0.5,,0.0,1
D,GAT+LSTM_no_adapt,mon,223,0.0,0.5,,0.0,1
D,GAT+LSTM_no_adapt,mon,224,0.0,0.5,,0.0,1
D,GAT+LSTM_no_adapt,mon,225,0.0,0.5,,0.0,1
D,GAT+LSTM_no_adapt,mon,226,0.0,0.5,,0.0,1
D,GAT+LSTM_no_adapt,mon,227,0.0,0.5,,0.0,1
D,GAT+LSTM_no_adapt,mon,228,0.0,0.5,,0.0,1
D,GAT+LSTM_no_adapt,mon,229,0.0,0.5,,0.0,1
D,GAT+LSTM_no_adapt,mon,230,0.0,0.5,,0.0,1
D,GAT+LSTM_no_adapt,mon,231,0.0,0.5,,0.0,1
D,GAT+LSTM_no_adapt,mon,232,0.0,0.5,,0.0,1
D,GAT+LSTM_no_adapt,mon,233,0.0,0.5,,0.0,1
D,GAT+LSTM_no_adapt,mon,234,0.0,0.5,,0.0,1
D,GAT+LSTM_no_adapt,mon,235,0.0,0.5,,0.0,1
D,GAT+LSTM_no_adapt,mon,236,0.0,0.5,,0.0,1
D,GAT+LSTM_no_adapt,mon,237,0.0,0.5,,0.0,1
D,GAT+LSTM_no_adapt,mon,238,0.0,0.5,,0.0,1
D,GAT+LSTM_no_adapt,mon,239,0.0,0.5,,0.0,1
D,GAT+LSTM_no_adapt,mon,240,0.0,0.5,,0.0,1
D,GAT+LSTM_no_adapt,mon,241,0.0,0.5,,0.0,1
D,GAT+LSTM_no_adapt,mon,242,0.0,0.5,,0.0,1
D,GAT+LSTM_no_adapt,mon,243,0.0,0.5,,0.0,1
D,GAT+LSTM_no_adapt,mon,244,0.0,0.5,,0.0,1
D,GAT+LSTM_no_adapt,mon,245,0.0,0.5,,0.0,1
D,GAT+LSTM_no_adapt,mon,246,0.0,0.5,,0.0,1
D,GAT+LSTM_no_adapt,mon,247,0.0,0.5,,0.0,1
D,GAT+LSTM_no_adapt,mon,248,0.0,0.5,,0.0,1
D,GAT+LSTM_no_adapt,mon,249,0.0,0.5,,0.0,1
D,GAT+LSTM_no_adapt,mon,250,0.0,0.5,,0.0,1
D,GAT+LSTM_no_adapt,mon,251,0.0,0.5,,0.0,1
D,GAT+LSTM_no_adapt,mon,252,0.0,0.5,,0.0,1
D,GAT+LSTM_no_adapt,mon,253,0.0,0.5,,0.0,1
D,GAT+LSTM_no_adapt,mon,254,0.0,0.5,,0.0,1
D,GAT+LSTM_no_adapt,mon,255,0.0,0.5,,0.0,1
D,GAT+LSTM_no_adapt,mon,256,0.0,0.5,,0.0,1
D,GAT+LSTM_no_adapt,mon,257,0.0,0.5,,0.0,1
D,GAT+LSTM_no_adapt,mon,258,0.0,0.5,,0.0,1
D,GAT+LSTM_no_adapt,mon,259,0.0,0.5,,0.0,1
D,GAT+LSTM_no_adapt,mon,260,0.0,0.5,,0.0,1
D,GAT+LSTM_no_adapt,mon,261,0.0,0.5,,0.0,1
D,GAT+LSTM_no_adapt,mon,262,0.0,0.5,,0.0,1
D,GAT+LSTM_no_adapt,mon,263,0.0,0.5,,0.0,1
D,GAT+LSTM_no_adapt,mon,264,0.0,0.5,,0.0,1
D,GAT+LSTM_no_adapt,mon,265,0.0,0.5,,0.0,1
D,GAT+LSTM_no_adapt,mon,266,0.0,0.5,,0.0,1
D,GAT+LSTM_no_adapt,mon,267,0.0,0.5,,0.0,1
D,GAT+LSTM_no_adapt,mon,268,0.0,0.5,,0.0,1
D,GAT+LSTM_no_adapt,mon,269,0.0,0.5,,0.0,1
D,GAT+LSTM_no_adapt,mon,270,0.0,0.5,,0.0,1
D,GAT+LSTM_no_adapt,mon,271,0.0,0.5,,0.0,1
D,GAT+LSTM_no_adapt,mon,272,0.0,0.5,,0.0,1
D,GAT+LSTM_no_adapt,mon,273,0.0,0.5,,0.0,1
D,GAT+LSTM_no_adapt,mon,274,0.0,0.5,,0.0,1
D,GAT+LSTM_no_adapt,mon,275,0.0,0.5,,0.0,1
D,GAT+LSTM_no_adapt,mon,276,0.0,0.5,,0.0,1
D,GAT+LSTM_no_adapt,mon,277,0.0,0.5,,0.0,1
D,GAT+LSTM_no_adapt,mon,278,0.0,0.5,,0.0,1
D,GAT+LSTM_no_adapt,mon,279,0.0,0.5,,0.0,1
D,GAT+LSTM_no_adapt,mon,280,0.0,0.5,,0.0,1
D,GAT+LSTM_no_adapt,mon,281,0.0,0.5,,0.0,1
D,GAT+LSTM_no_adapt,mon,282,0.0,0.5,,0.0,1
D,GAT+LSTM_no_adapt,mon,283,0.0,0.5,,0.0,1
D,GAT+LSTM_no_adapt,mon,284,0.0,0.5,,0.0,1
D,GAT+LSTM_no_adapt,mon,285,0.0,0.5,,0.0,1
D,GAT+LSTM_no_adapt,mon,286,0.0,0.5,,0.0,1
D,GAT+LSTM_no_adapt,mon,287,0.0,0.5,,0.0,1
D,GAT+LSTM_no_adapt,mon,288,0.0,0.5,,0.0,1
D,GAT+LSTM_no_adapt,mon,289,0.0,0.5,,0.0,1
D,GAT+LSTM_no_adapt,mon,290,0.0,0.5,,0.0,1
D,GAT+LSTM_no_adapt,mon,291,0.0,0.5,,0.0,1
D,GAT+LSTM_no_adapt,mon,292,0.0,0.5,,0.0,1
D,GAT+LSTM_no_adapt,mon,293,0.0,0.5,,0.0,1
D,GAT+LSTM_no_adapt,mon,294,0.0,0.5,,0.0,1
D,GAT+LSTM_no_adapt,mon,295,0.0,0.5,,0.0,1
D,GAT+LSTM_no_adapt,mon,296,0.0,0.5,,0.0,1
D,GAT+LSTM_no_adapt,mon,297,0.0,0.5,,0.0,1
D,GAT+LSTM_no_adapt,mon,298,0.0,0.5,,0.0,1
D,GAT+LSTM_no_adapt,mon,299,0.0,0.5,,0.0,1
D,GAT+LSTM_no_adapt,mon,300,0.0,0.5,,0.0,1
D,GAT+LSTM_no_adapt,mon,301,0.0,0.5,,0.0,1
D,GAT+LSTM_no_adapt,mon,302,0.0,0.5,,0.0,1
D,GAT+LSTM_no_adapt,mon,303,0.0,0.5,,0.0,1
D,GAT+LSTM_no_adapt,mon,304,0.0,0.5,,0.0,1
D,GAT+LSTM_no_adapt,mon,305,0.0,0.5,,0.0,1
D,GAT+LSTM_no_adapt,mon,306,0.0,0.5,,0.0,1
D,GAT+LSTM_no_adapt,mon,307,0.0,0.5,,0.0,1
D,GAT+LSTM_no_adapt,mon,308,0.0,0.5,,0.0,1
D,GAT+LSTM_no_adapt,mon,309,0.0,0.5,,0.0,1
D,GAT+LSTM_no_adapt,mon,310,0.0,0.5,,0.0,1
D,GAT+LSTM_no_adapt,mon,311,0.0,0.5,,0.0,1
D,GAT+LSTM_no_adapt,mon,312,0.0,0.5,,0.0,1
D,GAT+LSTM_no_adapt,mon,313,0.0,0.5,,0.0,1
D,GAT+LSTM_no_adapt,mon,314,0.0,0.5,,0.0,1
D,GAT+LSTM_no_adapt,mon,315,0.0,0.5,,0.0,1
D,GAT+LSTM_no_adapt,mon,316,0.0,0.5,,0.0,1
D,GAT+LSTM_no_adapt,mon,317,0.0,0.5,,0.0,1
D,GAT+LSTM_no_adapt,mon,318,0.0,0.5,,0.0,1
D,GAT+LSTM_no_adapt,mon,319,0.0,0.5,,0.0,1
D,GAT+LSTM_no_adapt,mon,320,0.0,0.5,,0.0,1
D,GAT+LSTM_no_adapt,mon,321,0.0,0.5,,0.0,1
D,GAT+LSTM_no_adapt,mon,322,0.0,0.5,,0.0,1
D,GAT+LSTM_no_adapt,mon,323,0.0,0.5,,0.0,1
D,GAT+LSTM_no_adapt,mon,324,0.0,0.5,,0.0,1
D,GAT+LSTM_no_adapt,mon,325,0.0,0.5,,0.0,1
D,GAT+LSTM_no_adapt,mon,326,0.0,0.5,,0.0,1
D,GAT+LSTM_no_adapt,mon,327,0.0,0.5,,0.0,1
D,GAT+LSTM_no_adapt,mon,328,0.0,0.5,,0.0,1
D,GAT+LSTM_no_adapt,mon,329,0.0,0.5,,0.0,1
D,GAT+LSTM_no_adapt,mon,330,0.0,0.5,,0.0,1
D,GAT+LSTM_no_adapt,mon,331,0.0,0.5,,0.0,1
D,GAT+LSTM_no_adapt,mon,332,0.0,0.5,,0.0,1
D,GAT+LSTM_no_adapt,mon,333,0.0,0.5,,0.0,1
D,GAT+LSTM_no_adapt,mon,334,0.0,0.5,,0.0,1
D,GAT+LSTM_no_adapt,mon,335,0.0,0.5,,0.0,1
D,GAT+LSTM_no_adapt,mon,336,0.0,0.5,,0.0,1
D,GAT+LSTM_no_adapt,mon,337,0.0,0.5,,0.0,1
D,GAT+LSTM_no_adapt,mon,338,0.0,0.5,,0.0,1
D,GAT+LSTM_no_adapt,mon,339,0.0,0.5,,0.0,1
D,GAT+LSTM_no_adapt,mon,340,0.0,0.5,,0.0,1
D,GAT+LSTM_no_adapt,mon,341,0.0,0.5,,0.0,1
D,GAT+LSTM_no_adapt,mon,342,0.0,0.5,,0.0,1
D,GAT+LSTM_no_adapt,mon,343,0.0,0.5,,0.0,1
D,GAT+LSTM_no_adapt,mon,344,0.0,0.5,,0.0,1
D,GAT+LSTM_no_adapt,mon,345,0.0,0.5,,0.0,1
D,GAT+LSTM_no_adapt,mon,346,0.0,0.5,,0.0,1
D,GAT+LSTM_no_adapt,mon,347,0.0,0.5,,0.0,1
D,GAT+LSTM_no_adapt,mon,348,0.0,0.5,,0.0,1
D,GAT+LSTM_no_adapt,mon,349,0.0,0.5,,0.0,1
D,GAT+LSTM_no_adapt,mon,350,0.0,0.5,,0.0,1
D,GAT+LSTM_no_adapt,mon,351,0.0,0.5,,0.0,1
D,GAT+LSTM_no_adapt,mon,352,0.0,0.5,,0.0,1
D,GAT+LSTM_no_adapt,mon,353,0.0,0.5,,0.0,1
D,GAT+LSTM_no_adapt,mon,354,0.0,0.5,,0.0,1
D,GAT+LSTM_no_adapt,mon,355,0.0,0.5,,0.0,1
D,GAT+LSTM_no_adapt,mon,356,0.0,0.5,,0.0,1
D,GAT+LSTM_no_adapt,mon,357,0.0,0.5,,0.0,1
D,GAT+LSTM_no_adapt,mon,358,0.0,0.5,,0.0,1
D,GAT+LSTM_no_adapt,mon,359,0.0,0.5,,0.0,1
D,GAT+LSTM_no_adapt,mon,360,0.0,0.5,,0.0,1
D,GAT+LSTM_no_adapt,mon,361,0.0,0.5,,0.0,1
D,GAT+LSTM_no_adapt,mon,362,0.0,0.5,,0.0,1
D,GAT+LSTM_no_adapt,mon,363,0.0,0.5,,0.0,1
D,GAT+LSTM_no_adapt,mon,364,0.0,0.5,,0.0,1
D,GAT+LSTM_no_adapt,mon,365,0.0,0.5,,0.0,1
D,GAT+LSTM_no_adapt,mon,366,0.0,0.5,,0.0,1
D,GAT+LSTM_no_adapt,mon,367,0.0,0.5,,0.0,1
D,GAT+LSTM_no_adapt,mon,368,0.0,0.5,,0.0,1
D,GAT+LSTM_no_adapt,mon,369,0.0,0.5,,0.0,1
D,GAT+LSTM_no_adapt,mon,370,0.0,0.5,,0.0,1
D,GAT+LSTM_no_adapt,mon,371,0.0,0.5,,0.0,1
D,GAT+LSTM_no_adapt,mon,372,0.0,0.5,,0.0,1
D,GAT+LSTM_no_adapt,mon,373,0.0,0.5,,0.0,1
D,GAT+LSTM_no_adapt,mon,374,0.0,0.5,,0.0,1
D,GAT+LSTM_no_adapt,mon,375,0.0,0.5,,0.0,1
D,GAT+LSTM_no_adapt,mon,376,0.0,0.5,,0.0,1
D,GAT+LSTM_no_adapt,mon,377,0.0,0.5,,0.0,1
D,GAT+LSTM_no_adapt,mon,378,0.0,0.5,,0.0,1
D,GAT+LSTM_no_adapt,mon,379,0.0,0.5,,0.0,1
D,GAT+LSTM_no_adapt,mon,380,0.0,0.5,,0.0,1
D,GAT+LSTM_no_adapt,mon,381,0.0,0.5,,0.0,1
D,GAT+LSTM_no_adapt,mon,382,0.0,0.5,,0.0,1
D,GAT+LSTM_no_adapt,mon,383,0.0,0.5,,0.0,1
D,GAT+LSTM_no_adapt,mon,384,0.0,0.5,,0.0,1
D,GAT+LSTM_no_adapt,mon,385,0.0,0.5,,0.0,1
D,GAT+LSTM_no_adapt,mon,386,0.0,0.5,,0.0,1
D,GAT+LSTM_no_adapt,mon,387,0.0,0.5,,0.0,1
D,GAT+LSTM_no_adapt,mon,388,0.0,0.5,,0.0,1
D,GAT+LSTM_no_adapt,mon,389,0.0,0.5,,0.0,1
D,GAT+LSTM_no_adapt,mon,390,0.0,0.5,,0.0,1
D,GAT+LSTM_no_adapt,mon,391,0.0,0.5,,0.0,1
D,GAT+LSTM_no_adapt,mon,392,0.0,0.5,,0.0,1
D,GAT+LSTM_no_adapt,mon,393,0.0,0.5,,0.0,1
D,GAT+LSTM_no_adapt,mon,394,0.0,0.5,,0.0,1
D,GAT+LSTM_no_adapt,mon,395,0.0,0.5,,0.0,1
D,GAT+LSTM_no_adapt,mon,396,0.0,0.5,,0.0,1
D,GAT+LSTM_no_adapt,mon,397,0.0,0.5,,0.0,1
D,GAT+LSTM_no_adapt,mon,398,0.0,0.5,,0.0,1
D,GAT+LSTM_no_adapt,mon,399,0.0,0.5,,0.0,1
D,GAT+LSTM_no_adapt,mon,400,0.0,0.5,,0.0,1
D,GAT+LSTM_no_adapt,mon,401,0.0,0.5,,0.0,1
D,GAT+LSTM_no_adapt,mon,402,0.0,0.5,,0.0,1
D,GAT+LSTM_no_adapt,mon,403,0.0,0.5,,0.0,1
D,GAT+LSTM_no_adapt,mon,404,0.0,0.5,,0.0,1
D,GAT+LSTM_no_adapt,mon,405,0.0,0.5,,0.0,1
D,GAT+LSTM_no_adapt,mon,406,0.0,0.5,,0.0,1
D,GAT+LSTM_no_adapt,mon,407,0.0,0.5,,0.0,1
D,GAT+LSTM_no_adapt,mon,408,0.0,0.5,,0.0,1
D,GAT+LSTM_no_adapt,mon,409,0.0,0.5,,0.0,1
D,GAT+LSTM_no_adapt,mon,410,0.0,0.5,,0.0,1
D,GAT+LSTM_no_adapt,mon,411,0.0,0.5,,0.0,1
D,GAT+LSTM_no_adapt,mon,412,0.0,0.5,,0.0,1
D,GAT+LSTM_no_adapt,mon,413,0.0,0.5,,0.0,1
D,GAT+LSTM_no_adapt,mon,414,0.0,0.5,,0.0,1
D,GAT+LSTM_no_adapt,mon,415,0.0,0.5,,0.0,1
D,GAT+LSTM_no_adapt,mon,416,0.0,0.5,,0.0,1
D,GAT+LSTM_no_adapt,mon,417,0.0,0.5,,0.0,1
D,GAT+LSTM_no_adapt,mon,418,0.0,0.5,,0.0,1
D,GAT+LSTM_no_adapt,mon,419,0.0,0.5,,0.0,1
D,GAT+LSTM_no_adapt,mon,420,0.0,0.5,,0.0,1
D,GAT+LSTM_no_adapt,mon,421,0.0,0.5,,0.0,1
D,GAT+LSTM_no_adapt,mon,422,0.0,0.5,,0.0,1
D,GAT+LSTM_no_adapt,mon,423,0.0,0.5,,0.0,1
D,GAT+LSTM_no_adapt,mon,424,0.0,0.5,,0.0,1
D,GAT+LSTM_no_adapt,mon,425,0.0,0.5,,0.0,1
D,GAT+LSTM_no_adapt,mon,426,0.0,0.5,,0.0,1
D,GAT+LSTM_no_adapt,mon,427,0.0,0.5,,0.0,1
D,GAT+LSTM_no_adapt,mon,428,0.0,0.5,,0.0,1
D,GAT+LSTM_no_adapt,mon,429,0.0,0.5,,0.0,1
D,GAT+LSTM_no_adapt,mon,430,0.0,0.5,,0.0,1
D,GAT+LSTM_no_adapt,mon,431,0.0,0.5,,0.0,1
D,GAT+LSTM_no_adapt,mon,432,0.0,0.5,,0.0,1
D,GAT+LSTM_no_adapt,mon,433,0.0,0.5,,0.0,1
D,GAT+LSTM_no_adapt,mon,434,0.0,0.5,,0.0,1
D,GAT+LSTM_no_adapt,mon,435,0.0,0.5,,0.0,1
D,GAT+LSTM_no_adapt,mon,436,0.0,0.5,,0.0,1
D,GAT+LSTM_no_adapt,mon,437,0.0,0.5,,0.0,1
D,GAT+LSTM_no_adapt,mon,438,0.0,0.5,,0.0,1
D,GAT+LSTM_no_adapt,mon,439,0.0,0.5,,0.0,1
D,GAT+LSTM_no_adapt,mon,440,0.0,0.5,,0.0,1
D,GAT+LSTM_no_adapt,mon,441,0.0,0.5,,0.0,1
D,GAT+LSTM_no_adapt,mon,442,0.0,0.5,,0.0,1
D,GAT+LSTM_no_adapt,mon,443,0.0,0.5,,0.0,1
D,GAT+LSTM_no_adapt,mon,444,0.0,0.5,,0.0,1
D,GAT+LSTM_no_adapt,mon,445,0.0,0.5,,0.0,1
D,GAT+LSTM_no_adapt,mon,446,0.0,0.5,,0.0,1
D,GAT+LSTM_no_adapt,mon,447,0.0,0.5,,0.0,1
D,GAT+LSTM_no_adapt,mon,448,0.0,0.5,,0.0,1
D,GAT+LSTM_no_adapt,mon,449,0.0,0.5,,0.0,1
D,GAT+LSTM_no_adapt,mon,450,0.0,0.5,,0.0,1
D,GAT+LSTM_no_adapt,mon,451,0.0,0.5,,0.0,1
D,GAT+LSTM_no_adapt,mon,452,0.0,0.5,,0.0,1
D,GAT+LSTM_no_adapt,mon,453,0.0,0.5,,0.0,1
D,GAT+LSTM_no_adapt,mon,454,0.0,0.5,,0.0,1
D,GAT+LSTM_no_adapt,mon,455,0.0,0.5,,0.0,1
D,GAT+LSTM_no_adapt,mon,456,0.0,0.5,,0.0,1
D,GAT+LSTM_no_adapt,mon,457,0.0,0.5,,0.0,1
D,GAT+LSTM_no_adapt,mon,458,0.0,0.5,,0.0,1
D,GAT+LSTM_no_adapt,mon,459,0.0,0.5,,0.0,1
D,GAT+LSTM_no_adapt,mon,460,0.0,0.5,,0.0,1
D,GAT+LSTM_no_adapt,mon,461,0.0,0.5,,0.0,1
D,GAT+LSTM_no_adapt,mon,462,0.0,0.5,,0.0,1
D,GAT+LSTM_no_adapt,mon,463,0.0,0.5,,0.0,1
D,GAT+LSTM_no_adapt,mon,464,0.0,0.5,,0.0,1
D,GAT+LSTM_no_adapt,mon,465,0.0,0.5,,0.0,1
D,GAT+LSTM_no_adapt,mon,466,0.0,0.5,,0.0,1
D,GAT+LSTM_no_adapt,mon,467,0.0,0.5,,0.0,1
D,GAT+LSTM_no_adapt,mon,468,0.0,0.5,,0.0,1
D,GAT+LSTM_no_adapt,mon,469,0.0,0.5,,0.0,1
D,GAT+LSTM_no_adapt,mon,470,0.0,0.5,,0.0,1
D,GAT+LSTM_no_adapt,mon,471,0.0,0.5,,0.0,1
D,GAT+LSTM_no_adapt,mon,472,0.0,0.5,,0.0,1
D,GAT+LSTM_no_adapt,mon,473,0.0,0.5,,0.0,1
D,GAT+LSTM_no_adapt,mon,474,0.0,0.5,,0.0,1
D,GAT+LSTM_no_adapt,mon,475,0.0,0.5,,0.0,1
D,GAT+LSTM_no_adapt,mon,476,0.0,0.5,,0.0,1
D,GAT+LSTM_no_adapt,mon,477,0.0,0.5,,0.0,1
D,GAT+LSTM_no_adapt,mon,478,0.0,0.5,,0.0,1
D,GAT+LSTM_no_adapt,mon,479,0.0,0.5,,0.0,1
D,GAT+LSTM_no_adapt,mon,480,0.0,0.5,,0.0,1
D,GAT+LSTM_no_adapt,mon,481,0.0,0.5,,0.0,1
D,GAT+LSTM_no_adapt,mon,482,0.0,0.5,,0.0,1
D,GAT+LSTM_no_adapt,mon,483,0.0,0.5,,0.0,1
D,GAT+LSTM_no_adapt,mon,484,0.0,0.5,,0.0,1
D,GAT+LSTM_no_adapt,mon,485,0.0,0.5,,0.0,1
D,GAT+LSTM_no_adapt,mon,486,0.0,0.5,,0.0,1
D,GAT+LSTM_no_adapt,mon,487,0.0,0.5,,0.0,1
D,GAT+LSTM_no_adapt,mon,488,0.0,0.5,,0.0,1
D,GAT+LSTM_no_adapt,mon,489,0.0,0.5,,0.0,1
D,GAT+LSTM_no_adapt,mon,490,0.0,0.5,,0.0,1
D,GAT+LSTM_no_adapt,mon,491,0.0,0.5,,0.0,1
D,GAT+LSTM_no_adapt,mon,492,0.0,0.5,,0.0,1
D,GAT+LSTM_no_adapt,mon,493,0.0,0.5,,0.0,1
D,GAT+LSTM_no_adapt,mon,494,0.0,0.5,,0.0,1
D,GAT+LSTM_no_adapt,mon,495,0.0,0.5,,0.0,1
D,GAT+LSTM_no_adapt,mon,496,0.0,0.5,,0.0,1
D,GAT+LSTM_no_adapt,mon,497,0.0,0.5,,0.0,1
D,GAT+LSTM_no_adapt,mon,498,0.0,0.5,,0.0,1
D,GAT+LSTM_no_adapt,mon,499,0.0,0.5,,0.0,1
D,GAT+LSTM_no_adapt,mon,500,0.0,0.5,,0.0,1
D,GAT+LSTM_no_adapt,mon,501,0.0,0.5,,0.0,1
D,GAT+LSTM_no_adapt,mon,502,0.0,0.5,,0.0,1
D,GAT+LSTM_no_adapt,tue,611,0.0,0.5,,0.0,2
D,GAT+LSTM_no_adapt,tue,612,0.0,0.5,,0.0,2
D,GAT+LSTM_no_adapt,tue,613,0.0,0.5,,0.0,2
D,GAT+LSTM_no_adapt,tue,614,0.0,0.5,,0.0,2
D,GAT+LSTM_no_adapt,tue,615,0.0,0.5,,0.0,2
D,GAT+LSTM_no_adapt,tue,616,0.0,0.5,,0.0,2
D,GAT+LSTM_no_adapt,tue,617,0.0,0.5,,0.0,2
D,GAT+LSTM_no_adapt,tue,618,0.0,0.5,,0.0,2
D,GAT+LSTM_no_adapt,tue,619,0.0,0.5,,0.0,2
D,GAT+LSTM_no_adapt,tue,620,0.0,0.5,,0.0,2
D,GAT+LSTM_no_adapt,tue,621,0.0,0.5,,0.0,2
D,GAT+LSTM_no_adapt,tue,622,0.0,1.0,1.0,0.0,2
D,GAT+LSTM_no_adapt,tue,623,0.6666666666666666,1.0,1.0,0.0,2
D,GAT+LSTM_no_adapt,tue,624,0.8,1.0,1.0,0.0,2
D,GAT+LSTM_no_adapt,tue,625,0.8571428571428571,1.0,1.0,0.0,2
D,GAT+LSTM_no_adapt,tue,626,0.8888888888888888,1.0,1.0,0.0,2
D,GAT+LSTM_no_adapt,tue,627,0.9090909090909091,1.0,1.0,0.0,2
D,GAT+LSTM_no_adapt,tue,628,0.9230769230769231,0.9999999999999998,1.0,0.0,2
D,GAT+LSTM_no_adapt,tue,629,0.9333333333333333,1.0,1.0,0.0,2
D,GAT+LSTM_no_adapt,tue,630,0.9411764705882353,1.0000000000000002,1.0,0.0,2
D,GAT+LSTM_no_adapt,tue,631,0.9473684210526315,0.9999999999999999,1.0,0.0,2
D,GAT+LSTM_no_adapt,tue,632,0.9523809523809523,1.0,1.0,0.0,2
D,GAT+LSTM_no_adapt,tue,633,0.9565217391304348,1.0,1.0,0.0,2
D,GAT+LSTM_no_adapt,tue,634,0.96,0.9999999999999998,1.0,0.0,2
D,GAT+LSTM_no_adapt,tue,635,0.9629629629629629,0.9999999999999999,1.0,0.0,2
D,GAT+LSTM_no_adapt,tue,636,0.9655172413793104,1.0,1.0,0.0,2
D,GAT+LSTM_no_adapt,tue,637,0.967741935483871,1.0,1.0,0.0,2
D,GAT+LSTM_no_adapt,tue,638,0.9696969696969697,1.0,1.0,0.0,2
D,GAT+LSTM_no_adapt,tue,639,0.9714285714285714,1.0,1.0,0.0,2
D,GAT+LSTM_no_adapt,tue,640,0.972972972972973,0.9999999999999998,1.0,0.0,2
D,GAT+LSTM_no_adapt,tue,641,0.9743589743589743,1.0000000000000002,,0.0,2
D,GAT+LSTM_no_adapt,tue,642,1.0,1.0000000000000002,,0.0,2
D,GAT+LSTM_no_adapt,tue,643,1.0,1.0000000000000002,,0.0,2
D,GAT+LSTM_no_adapt,tue,644,1.0,1.0000000000000002,,0.0,2
D,GAT+LSTM_no_adapt,tue,645,1.0,1.0000000000000002,,0.0,2
D,GAT+LSTM_no_adapt,tue,646,1.0,1.0000000000000002,,0.0,2
D,GAT+LSTM_no_adapt,tue,647,1.0,1.0000000000000002,,0.0,2
D,GAT+LSTM_no_adapt,tue,648,1.0,1.0000000000000002,,0.0,2
D,GAT+LSTM_no_adapt,tue,649,1.0,1.0000000000000002,,0.0,2
D,GAT+LSTM_no_adapt,tue,650,1.0,1.0000000000000002,,0.0,2
D,GAT+LSTM_no_adapt,tue,651,1.0,1.0000000000000002,,0.0,2
D,GAT+LSTM_no_adapt,tue,652,1.0,1.0000000000000002,,0.0,2
D,GAT+LSTM_no_adapt,tue,653,1.0,1.0000000000000002,,0.0,2
D,GAT+LSTM_no_adapt,tue,654,1.0,1.0000000000000002,,0.0,2
D,GAT+LSTM_no_adapt,tue,655,1.0,1.0000000000000002,,0.0,2
D,GAT+LSTM_no_adapt,tue,656,1.0,1.0000000000000002,,0.0,2
D,GAT+LSTM_no_adapt,tue,657,1.0,1.0000000000000002,,0.0,2
D,GAT+LSTM_no_adapt,tue,658,1.0,1.0000000000000002,,0.0,2
D,GAT+LSTM_no_adapt,tue,659,1.0,1.0000000000000002,,0.0,2
D,GAT+LSTM_no_adapt,tue,660,1.0,1.0000000000000002,,0.0,2
D,GAT+LSTM_no_adapt,tue,661,1.0,1.0000000000000002,,0.0,2
D,GAT+LSTM_no_adapt,tue,662,1.0,1.0000000000000002,,0.0,2
D,GAT+LSTM_no_adapt,tue,663,1.0,1.0000000000000002,,0.0,2
D,GAT+LSTM_no_adapt,tue,664,1.0,1.0000000000000002,,0.0,2
D,GAT+LSTM_no_adapt,tue,665,1.0,1.0000000000000002,,0.0,2
D,GAT+LSTM_no_adapt,tue,666,1.0,1.0000000000000002,,0.0,2
D,GAT+LSTM_no_adapt,tue,667,1.0,1.0000000000000002,,0.0,2
D,GAT+LSTM_no_adapt,tue,668,1.0,1.0000000000000002,,0.0,2
D,GAT+LSTM_no_adapt,tue,669,1.0,1.0000000000000002,,0.0,2
D,GAT+LSTM_no_adapt,tue,670,1.0,1.0000000000000002,,0.0,2
D,GAT+LSTM_no_adapt,tue,671,1.0,1.0000000000000002,,0.0,2
D,GAT+LSTM_no_adapt,tue,672,1.0,1.0000000000000002,,0.0,2
D,GAT+LSTM_no_adapt,tue,673,1.0,1.0000000000000002,,0.0,2
D,GAT+LSTM_no_adapt,tue,674,1.0,0.9999999999999998,1.0,0.0,2
D,GAT+LSTM_no_adapt,tue,675,1.0,1.0,1.0,0.0,2
D,GAT+LSTM_no_adapt,tue,676,1.0,1.0,1.0,0.0,2
D,GAT+LSTM_no_adapt,tue,677,1.0,1.0,1.0,0.0,2
D,GAT+LSTM_no_adapt,tue,678,0.967741935483871,0.9928513071895425,0.96875,0.0,2
D,GAT+LSTM_no_adapt,tue,679,0.9655172413793104,0.9919117647058824,0.9733333333333334,0.0,2
D,GAT+LSTM_no_adapt,tue,680,0.9629629629629629,0.9907738095238094,0.9761904761904763,0.0,2
D,GAT+LSTM_no_adapt,tue,681,0.96,0.9893772893772892,0.9780219780219781,0.0,2
D,GAT+LSTM_no_adapt,tue,682,0.9565217391304348,0.9876373626373628,0.9791666666666666,0.0,2
D,GAT+LSTM_no_adapt,tue,683,0.9523809523809523,0.9854312354312356,0.9797979797979798,0.0,2
D,GAT+LSTM_no_adapt,tue,684,0.9473684210526315,0.9825757575757575,0.9800000000000001,0.0,2
D,GAT+LSTM_no_adapt,tue,685,0.9411764705882353,0.978787878787879,0.9797979797979797,0.0,2
D,GAT+LSTM_no_adapt,tue,686,0.9333333333333333,0.9736111111111111,0.9791666666666667,0.0,2
D,GAT+LSTM_no_adapt,tue,687,0.9230769230769231,0.9662698412698412,0.978021978021978,0.0,2
D,GAT+LSTM_no_adapt,tue,688,0.9090909090909091,0.9553571428571428,0.9761904761904763,0.0,2
D,GAT+LSTM_no_adapt,tue,689,0.8888888888888888,0.9380952380952381,0.9733333333333334,0.0,2
D,GAT+LSTM_no_adapt,tue,690,0.8571428571428571,0.9083333333333333,0.96875,0.0,2
D,GAT+LSTM_no_adapt,tue,691,0.8,0.8500000000000001,0.9607843137254901,0.0,2
D,GAT+LSTM_no_adapt,tue,692,0.6666666666666666,0.7083333333333333,0.9444444444444444,0.0,2
D,GAT+LSTM_no_adapt,tue,693,0.0,0.16666666666666666,0.8947368421052632,0.0,2
D,GAT+LSTM_no_adapt,tue,694,0.0,0.25,0.9473684210526316,0.0,2
D,GAT+LSTM_no_adapt,tue,695,0.0,1.0,1.0,0.0,2
D,GAT+LSTM_no_adapt,tue,696,0.0,1.0,1.0,0.0,2
D,GAT+LSTM_no_adapt,tue,697,0.0,1.0,1.0,0.0,2
D,GAT+LSTM_no_adapt,tue,698,0.0,0.5,,0.0,2
D,GAT+LSTM_no_adapt,tue,699,0.0,0.5,,0.0,2
D,GAT+LSTM_no_adapt,tue,700,0.0,0.5,,0.0,2
D,GAT+LSTM_no_adapt,tue,701,0.0,0.5,,0.0,2
D,GAT+LSTM_no_adapt,tue,702,0.0,0.5,,0.0,2
D,GAT+LSTM_no_adapt,tue,703,0.0,0.5,,0.0,2
D,GAT+LSTM_no_adapt,tue,704,0.0,0.5,,0.0,2
D,GAT+LSTM_no_adapt,tue,705,0.0,0.5,,0.0,2
D,GAT+LSTM_no_adapt,tue,706,0.0,0.5,,0.0,2
D,GAT+LSTM_no_adapt,tue,707,0.0,0.5,,0.0,2
D,GAT+LSTM_no_adapt,tue,708,0.0,0.5,,0.0,2
D,GAT+LSTM_no_adapt,tue,709,0.0,0.5,,0.0,2
D,GAT+LSTM_no_adapt,tue,710,0.0,0.5,,0.0,2
D,GAT+LSTM_no_adapt,tue,711,0.0,0.5,,0.0,2
D,GAT+LSTM_no_adapt,tue,712,0.0,0.5,,0.0,2
D,GAT+LSTM_no_adapt,tue,713,0.0,0.5,,0.0,2
D,GAT+LSTM_no_adapt,tue,714,0.0,0.5,,0.0,2
D,GAT+LSTM_no_adapt,tue,715,0.0,0.5,,0.0,2
D,GAT+LSTM_no_adapt,tue,716,0.0,0.5,,0.0,2
D,GAT+LSTM_no_adapt,tue,717,0.0,0.5,,0.0,2
D,GAT+LSTM_no_adapt,tue,718,0.0,0.5,,0.0,2
D,GAT+LSTM_no_adapt,tue,719,0.0,0.5,,0.0,2
D,GAT+LSTM_no_adapt,tue,720,0.0,0.5,,0.0,2
D,GAT+LSTM_no_adapt,tue,721,0.0,0.5,,0.0,2
D,GAT+LSTM_no_adapt,tue,722,0.0,0.5,,0.0,2
D,GAT+LSTM_no_adapt,tue,723,0.0,0.5,,0.0,2
D,GAT+LSTM_no_adapt,tue,724,0.0,0.5,,0.0,2
D,GAT+LSTM_no_adapt,tue,725,0.0,0.5,,0.0,2
D,GAT+LSTM_no_adapt,tue,726,0.0,0.5,,0.0,2
D,GAT+LSTM_no_adapt,tue,727,0.0,0.5,,0.0,2
D,GAT+LSTM_no_adapt,tue,728,0.0,0.5,,0.0,2
D,GAT+LSTM_no_adapt,tue,729,0.0,0.5,,0.0,2
D,GAT+LSTM_no_adapt,tue,730,0.0,0.5,,0.0,2
D,GAT+LSTM_no_adapt,tue,731,0.0,0.5,,0.0,2
D,GAT+LSTM_no_adapt,tue,732,0.0,0.5,,0.0,2
D,GAT+LSTM_no_adapt,tue,733,0.0,0.5,,0.0,2
D,GAT+LSTM_no_adapt,tue,734,0.0,0.5,,0.0,2
D,GAT+LSTM_no_adapt,tue,735,0.0,0.5,,0.0,2
D,GAT+LSTM_no_adapt,tue,736,0.0,0.5,,0.0,2
D,GAT+LSTM_no_adapt,tue,737,0.0,0.5,,0.0,2
D,GAT+LSTM_no_adapt,tue,738,0.0,0.5,,0.0,2
D,GAT+LSTM_no_adapt,tue,739,0.0,0.5,,0.0,2
D,GAT+LSTM_no_adapt,tue,740,0.0,0.5,,0.0,2
D,GAT+LSTM_no_adapt,tue,741,0.0,0.5,,0.0,2
D,GAT+LSTM_no_adapt,tue,742,0.0,0.5,,0.0,2
D,GAT+LSTM_no_adapt,tue,743,0.0,0.5,,0.0,2
D,GAT+LSTM_no_adapt,tue,744,0.0,0.5,,0.0,2
D,GAT+LSTM_no_adapt,tue,745,0.0,0.5,,0.0,2
D,GAT+LSTM_no_adapt,tue,746,0.0,0.5,,0.0,2
D,GAT+LSTM_no_adapt,tue,747,0.0,0.5,,0.0,2
D,GAT+LSTM_no_adapt,tue,748,0.0,0.5,,0.0,2
D,GAT+LSTM_no_adapt,tue,749,0.0,0.5,,0.0,2
D,GAT+LSTM_no_adapt,tue,750,0.0,0.5,,0.0,2
D,GAT+LSTM_no_adapt,tue,751,0.0,0.5,,0.0,2
D,GAT+LSTM_no_adapt,tue,752,0.0,0.5,,0.0,2
D,GAT+LSTM_no_adapt,tue,753,0.0,0.5,,0.0,2
D,GAT+LSTM_no_adapt,tue,754,0.0,0.5,,0.0,2
D,GAT+LSTM_no_adapt,tue,755,0.0,0.5,,0.0,2
D,GAT+LSTM_no_adapt,tue,756,0.0,0.5,,0.0,2
D,GAT+LSTM_no_adapt,tue,757,0.0,0.5,,0.0,2
D,GAT+LSTM_no_adapt,tue,758,0.0,0.5,,0.0,2
D,GAT+LSTM_no_adapt,tue,759,0.0,0.5,,0.0,2
D,GAT+LSTM_no_adapt,tue,760,0.0,0.5,,0.0,2
D,GAT+LSTM_no_adapt,tue,761,0.0,0.5,,0.0,2
D,GAT+LSTM_no_adapt,tue,762,0.0,0.5,,0.0,2
D,GAT+LSTM_no_adapt,tue,763,0.0,0.5,,0.0,2
D,GAT+LSTM_no_adapt,tue,764,0.0,0.5,,0.0,2
D,GAT+LSTM_no_adapt,tue,765,0.0,0.5,,0.0,2
D,GAT+LSTM_no_adapt,tue,766,0.0,1.0,1.0,0.0,2
D,GAT+LSTM_no_adapt,tue,767,0.0,1.0,1.0,0.0,2
D,GAT+LSTM_no_adapt,tue,768,0.0,1.0,1.0,0.0,2
D,GAT+LSTM_no_adapt,tue,769,0.4,1.0,1.0,0.0,2
D,GAT+LSTM_no_adapt,tue,770,0.5714285714285714,1.0,1.0,0.0,2
D,GAT+LSTM_no_adapt,tue,771,0.6666666666666666,1.0,1.0,0.0,2
D,GAT+LSTM_no_adapt,tue,772,0.7272727272727273,0.9999999999999998,1.0,0.0,2
D,GAT+LSTM_no_adapt,tue,773,0.7692307692307693,1.0,1.0,0.0,2
D,GAT+LSTM_no_adapt,tue,774,0.8,1.0000000000000002,1.0,0.0,2
D,GAT+LSTM_no_adapt,tue,775,0.8235294117647058,0.9999999999999999,1.0,0.0,2
D,GAT+LSTM_no_adapt,tue,776,0.8421052631578947,1.0,1.0,0.0,2
D,GAT+LSTM_no_adapt,tue,777,0.8571428571428571,1.0,1.0,0.0,2
D,GAT+LSTM_no_adapt,tue,778,0.8695652173913043,0.9999999999999998,1.0,0.0,2
D,GAT+LSTM_no_adapt,tue,779,0.88,0.9999999999999999,1.0,0.0,2
D,GAT+LSTM_no_adapt,tue,780,0.8888888888888888,1.0,1.0,0.0,2
D,GAT+LSTM_no_adapt,tue,781,0.896551724137931,1.0,1.0,0.0,2
D,GAT+LSTM_no_adapt,tue,782,0.9032258064516129,1.0,1.0,0.0,2
D,GAT+LSTM_no_adapt,tue,783,0.9090909090909091,1.0,1.0,0.0,2
D,GAT+LSTM_no_adapt,tue,784,0.9142857142857143,0.9999999999999998,1.0,0.0,2
D,GAT+LSTM_no_adapt,tue,785,0.918918918918919,1.0000000000000002,,0.0,2
D,GAT+LSTM_no_adapt,tue,786,0.9473684210526315,1.0000000000000002,,0.0,2
D,GAT+LSTM_no_adapt,tue,787,0.9743589743589743,1.0000000000000002,,0.0,2
D,GAT+LSTM_no_adapt,tue,788,1.0,1.0000000000000002,,0.0,2
D,GAT+LSTM_no_adapt,tue,789,1.0,1.0000000000000002,,0.0,2
D,GAT+LSTM_no_adapt,tue,790,0.9743589743589743,1.0000000000000002,,0.0,2
D,GAT+LSTM_no_adapt,tue,791,0.9743589743589743,1.0000000000000002,,0.0,2
D,GAT+LSTM_no_adapt,tue,792,0.9743589743589743,1.0000000000000002,,0.0,2
D,GAT+LSTM_no_adapt,tue,793,0.9743589743589743,1.0000000000000002,,0.0,2
D,GAT+LSTM_no_adapt,tue,794,0.9743589743589743,1.0000000000000002,,0.0,2
D,GAT+LSTM_no_adapt,tue,795,0.9743589743589743,1.0000000000000002,,0.0,2
D,GAT+LSTM_no_adapt,tue,796,0.9743589743589743,1.0000000000000002,,0.0,2
D,GAT+LSTM_no_adapt,tue,797,0.9743589743589743,1.0000000000000002,,0.0,2
D,GAT+LSTM_no_adapt,tue,798,0.9743589743589743,1.0000000000000002,,0.0,2
D,GAT+LSTM_no_adapt,tue,799,0.9743589743589743,1.0000000000000002,,0.0,2
D,GAT+LSTM_no_adapt,tue,800,0.9743589743589743,1.0000000000000002,,0.0,2
D,GAT+LSTM_no_adapt,tue,801,0.9743589743589743,1.0000000000000002,,0.0,2
D,GAT+LSTM_no_adapt,tue,802,0.9743589743589743,1.0000000000000002,,0.0,2
D,GAT+LSTM_no_adapt,tue,803,0.9743589743589743,1.0000000000000002,,0.0,2
D,GAT+LSTM_no_adapt,tue,804,0.9743589743589743,1.0000000000000002,,0.0,2
D,GAT+LSTM_no_adapt,tue,805,0.9743589743589743,1.0000000000000002,,0.0,2
D,GAT+LSTM_no_adapt,tue,806,0.9743589743589743,1.0000000000000002,,0.0,2
D,GAT+LSTM_no_adapt,tue,807,0.9743589743589743,1.0000000000000002,,0.0,2
D,GAT+LSTM_no_adapt,tue,808,0.9743589743589743,1.0000000000000002,,0.0,2
D,GAT+LSTM_no_adapt,tue,809,0.9743589743589743,1.0000000000000002,,0.0,2
D,GAT+LSTM_no_adapt,tue,810,1.0,1.0000000000000002,,0.0,2
D,GAT+LSTM_no_adapt,tue,811,1.0,1.0000000000000002,,0.0,2
D,GAT+LSTM_no_adapt,tue,812,0.9743589743589743,0.997299168975069,0.9473684210526315,1.0,2
D,GAT+LSTM_no_adapt,tue,813,0.972972972972973,0.9969948018193633,0.9722222222222222,0.5,2
D,GAT+LSTM_no_adapt,tue,814,0.9714285714285714,0.9966359092656671,0.9803921568627452,0.3333333333333333,2
D,GAT+LSTM_no_adapt,tue,815,0.9696969696969697,0.9962086397058824,0.984375,0.25,2
D,GAT+LSTM_no_adapt,tue,816,0.967741935483871,0.9956944444444444,0.9866666666666667,0.2,2
D,GAT+LSTM_no_adapt,tue,817,0.9655172413793104,0.9950680272108843,0.9880952380952381,0.16666666666666666,2
D,GAT+LSTM_no_adapt,tue,818,0.9629629629629629,0.9942941673710903,0.989010989010989,0.14285714285714285,2
D,GAT+LSTM_no_adapt,tue,819,0.96,0.9933226495726496,0.9895833333333334,0.125,2
D,GAT+LSTM_no_adapt,tue,820,0.9565217391304348,0.9920798898071626,0.9898989898989898,0.1111111111111111,2
D,GAT+LSTM_no_adapt,tue,821,0.9523809523809523,0.9904545454545454,0.99,0.1,2
D,GAT+LSTM_no_adapt,tue,822,0.9473684210526315,0.9882716049382718,0.9898989898989898,0.09090909090909091,2
D,GAT+LSTM_no_adapt,tue,823,0.9411764705882353,0.9852430555555556,0.9895833333333333,0.08333333333333333,2
D,GAT+LSTM_no_adapt,tue,824,0.9333333333333333,0.9808673469387754,0.989010989010989,0.07692307692307693,2
D,GAT+LSTM_no_adapt,tue,825,0.9230769230769231,0.9742063492063491,0.9880952380952381,0.07142857142857142,2
D,GAT+LSTM_no_adapt,tue,826,0.9090909090909091,0.9633333333333334,0.9866666666666667,0.06666666666666667,2
D,GAT+LSTM_no_adapt,tue,827,0.8888888888888888,1.0,1.0,0.0625,2
D,GAT+LSTM_no_adapt,tue,828,0.8571428571428571,1.0,1.0,0.058823529411764705,2
D,GAT+LSTM_no_adapt,tue,829,0.8,1.0,1.0,0.05555555555555555,2
D,GAT+LSTM_no_adapt,tue,830,0.6666666666666666,1.0,1.0,0.05263157894736842,2
D,GAT+LSTM_no_adapt,tue,831,0.0,0.5,,0.05,2
D,GAT+LSTM_no_adapt,tue,832,0.0,0.5,,0.0,2
D,GAT+LSTM_no_adapt,tue,833,0.0,0.5,,0.0,2
D,GAT+LSTM_no_adapt,tue,834,0.0,0.5,,0.0,2
D,GAT+LSTM_no_adapt,tue,835,0.0,0.5,,0.0,2
D,GAT+LSTM_no_adapt,tue,836,0.0,0.5,,0.0,2
D,GAT+LSTM_no_adapt,tue,837,0.0,0.5,,0.0,2
D,GAT+LSTM_no_adapt,tue,838,0.0,0.5,,0.0,2
D,GAT+LSTM_no_adapt,tue,839,0.0,0.5,,0.0,2
D,GAT+LSTM_no_adapt,tue,840,0.0,0.5,,0.0,2
D,GAT+LSTM_no_adapt,tue,841,0.0,0.5,,0.0,2
D,GAT+LSTM_no_adapt,tue,842,0.0,0.5,,0.0,2
D,GAT+LSTM_no_adapt,tue,843,0.0,0.5,,0.0,2
D,GAT+LSTM_no_adapt,tue,844,0.0,0.5,,0.0,2
D,GAT+LSTM_no_adapt,tue,845,0.0,0.5,,0.0,2
D,GAT+LSTM_no_adapt,tue,846,0.0,0.5,,0.0,2
D,GAT+LSTM_no_adapt,tue,847,0.0,0.5,,0.0,2
D,GAT+LSTM_no_adapt,tue,848,0.0,0.5,,0.0,2
D,GAT+LSTM_no_adapt,tue,849,0.0,0.5,,0.0,2
D,GAT+LSTM_no_adapt,tue,850,0.0,0.5,,0.0,2
D,GAT+LSTM_no_adapt,tue,851,0.0,0.5,,0.0,2
D,GAT+LSTM_no_adapt,tue,852,0.0,0.5,,0.0,2
D,GAT+LSTM_no_adapt,tue,853,0.0,0.5,,0.0,2
D,GAT+LSTM_no_adapt,tue,854,0.0,0.5,,0.0,2
D,GAT+LSTM_no_adapt,tue,855,0.0,0.5,,0.0,2
D,GAT+LSTM_no_adapt,tue,856,0.0,0.5,,0.0,2
D,GAT+LSTM_no_adapt,tue,857,0.0,0.5,,0.0,2
D,GAT+LSTM_no_adapt,tue,858,0.0,0.5,,0.0,2
D,GAT+LSTM_no_adapt,tue,859,0.0,0.5,,0.0,2
D,GAT+LSTM_no_adapt,tue,860,0.0,0.5,,0.0,2
D,GAT+LSTM_no_adapt,tue,861,0.0,0.5,,0.0,2
D,GAT+LSTM_no_adapt,tue,862,0.0,0.5,,0.0,2
D,GAT+LSTM_no_adapt,tue,863,0.0,0.5,,0.0,2
D,GAT+LSTM_no_adapt,tue,864,0.0,0.5,,0.0,2
D,GAT+LSTM_no_adapt,tue,865,0.0,0.5,,0.0,2
D,GAT+LSTM_no_adapt,tue,866,0.0,0.5,,0.0,2
D,GAT+LSTM_no_adapt,tue,867,0.0,0.5,,0.0,2
D,GAT+LSTM_no_adapt,tue,868,0.0,0.5,,0.0,2
D,GAT+LSTM_no_adapt,tue,869,0.0,0.5,,0.0,2
D,GAT+LSTM_no_adapt,tue,870,0.0,0.5,,0.0,2
D,GAT+LSTM_no_adapt,tue,871,0.0,0.5,,0.0,2
D,GAT+LSTM_no_adapt,tue,872,0.0,0.5,,0.0,2
D,GAT+LSTM_no_adapt,tue,873,0.0,0.5,,0.0,2
D,GAT+LSTM_no_adapt,tue,874,0.0,0.5,,0.0,2
D,GAT+LSTM_no_adapt,tue,875,0.0,0.5,,0.0,2
D,GAT+LSTM_no_adapt,tue,876,0.0,0.5,,0.0,2
D,GAT+LSTM_no_adapt,tue,877,0.0,0.025,0.0,0.0,2
D,GAT+LSTM_no_adapt,tue,878,0.0,0.05131578947368421,0.0,0.0,2
D,GAT+LSTM_no_adapt,tue,879,0.0,0.07860623781676414,0.0,0.0,2
D,GAT+LSTM_no_adapt,tue,880,0.0,0.10695734434124526,0.0,0.0,2
D,GAT+LSTM_no_adapt,tue,881,0.0,0.13646800825593394,0.0,0.0,2
D,GAT+LSTM_no_adapt,tue,882,0.0,0.16810759616487173,0.023809523809523815,0.0,2
D,GAT+LSTM_no_adapt,tue,883,0.0,0.20315318926000042,0.054945054945054944,0.0,2
D,GAT+LSTM_no_adapt,tue,884,0.0,0.2404222325661954,0.07291666666666666,0.0,2
D,GAT+LSTM_no_adapt,tue,885,0.0,0.2762851064579651,0.07070707070707069,0.0,2
D,GAT+LSTM_no_adapt,tue,886,0.0,0.31437447872045393,0.06999999999999999,0.0,2
D,GAT+LSTM_no_adapt,tue,887,0.0,0.3598510919296171,0.09090909090909091,0.0,2
D,GAT+LSTM_no_adapt,tue,888,0.0,0.40973570346635363,0.11458333333333334,0.0,2
D,GAT+LSTM_no_adapt,tue,889,0.0,0.4567895267258211,0.1208791208791209,0.0,2
D,GAT+LSTM_no_adapt,tue,890,0.0,0.5247819091444699,0.16666666666666666,0.0,2
D,GAT+LSTM_no_adapt,tue,891,0.0,0.581168958034283,0.17333333333333334,0.0,2
D,GAT+LSTM_no_adapt,tue,892,0.0,0.6670031615271553,0.234375,0.0,2
D,GAT+LSTM_no_adapt,tue,893,0.0,0.8078961253542386,0.2941176470588235,0.0,2
D,GAT+LSTM_no_adapt,tue,894,0.0,0.8372881862432946,0.16666666666666666,0.0,2
D,GAT+LSTM_no_adapt,tue,895,0.0,0.8996803689222621,0.10526315789473684,0.0,2
D,GAT+LSTM_no_adapt,tue,896,0.0,1.0000000000000002,,0.0,2
D,GAT+LSTM_no_adapt,tue,897,0.0,1.0000000000000002,,0.0,2
D,GAT+LSTM_no_adapt,tue,898,0.0,1.0000000000000002,,0.0,2
D,GAT+LSTM_no_adapt,tue,899,0.0,1.0000000000000002,,0.0,2
D,GAT+LSTM_no_adapt,tue,900,0.0,1.0000000000000002,,0.0,2
D,GAT+LSTM_no_adapt,tue,901,0.0,1.0000000000000002,,0.0,2
D,GAT+LSTM_no_adapt,tue,902,0.0,1.0000000000000002,,0.0,2
D,GAT+LSTM_no_adapt,tue,903,0.0,1.0000000000000002,,0.0,2
D,GAT+LSTM_no_adapt,tue,904,0.0,1.0000000000000002,,0.0,2
D,GAT+LSTM_no_adapt,tue,905,0.0,1.0000000000000002,,0.0,2
D,GAT+LSTM_no_adapt,tue,906,0.0,1.0000000000000002,,0.0,2
D,GAT+LSTM_no_adapt,tue,907,0.0,1.0000000000000002,,0.0,2
D,GAT+LSTM_no_adapt,tue,908,0.0,1.0000000000000002,,0.0,2
D,GAT+LSTM_no_adapt,tue,909,0.0,1.0000000000000002,,0.0,2
D,GAT+LSTM_no_adapt,tue,910,0.0,1.0000000000000002,,0.0,2
D,GAT+LSTM_no_adapt,tue,911,0.0,1.0000000000000002,,0.0,2
D,GAT+LSTM_no_adapt,tue,912,0.0,1.0000000000000002,,0.0,2
D,GAT+LSTM_no_adapt,tue,913,0.0,1.0000000000000002,,0.0,2
D,GAT+LSTM_no_adapt,tue,914,0.0,1.0000000000000002,,0.0,2
D,GAT+LSTM_no_adapt,tue,915,0.0,1.0000000000000002,,0.0,2
D,GAT+LSTM_no_adapt,tue,916,0.0,1.0000000000000002,,0.0,2
D,GAT+LSTM_no_adapt,tue,917,0.0,1.0000000000000002,,0.0,2
D,GAT+LSTM_no_adapt,tue,918,0.0,1.0000000000000002,,0.0,2
D,GAT+LSTM_no_adapt,tue,919,0.0,1.0000000000000002,,0.0,2
D,GAT+LSTM_no_adapt,tue,920,0.0,1.0000000000000002,,0.0,2
D,GAT+LSTM_no_adapt,tue,921,0.0,1.0000000000000002,,0.0,2
D,GAT+LSTM_no_adapt,tue,922,0.0,1.0000000000000002,,0.0,2
D,GAT+LSTM_no_adapt,tue,923,0.0,1.0000000000000002,,0.0,2
D,GAT+LSTM_no_adapt,tue,924,0.0,1.0000000000000002,,0.0,2
D,GAT+LSTM_no_adapt,tue,925,0.0,1.0000000000000002,,0.0,2
D,GAT+LSTM_no_adapt,tue,926,0.0,1.0000000000000002,,0.0,2
D,GAT+LSTM_no_adapt,tue,927,0.0,1.0000000000000002,,0.0,2
D,GAT+LSTM_no_adapt,tue,928,0.0,1.0000000000000002,,0.0,2
D,GAT+LSTM_no_adapt,tue,929,0.0,1.0000000000000002,,0.0,2
D,GAT+LSTM_no_adapt,tue,930,0.0,1.0000000000000002,,0.0,2
D,GAT+LSTM_no_adapt,tue,931,0.0,1.0000000000000002,,0.0,2
D,GAT+LSTM_no_adapt,tue,932,0.0,1.0000000000000002,,0.0,2
D,GAT+LSTM_no_adapt,tue,933,0.0,1.0000000000000002,,0.0,2
D,GAT+LSTM_no_adapt,tue,934,0.0,1.0000000000000002,,0.0,2
D,GAT+LSTM_no_adapt,tue,935,0.0,1.0000000000000002,,0.0,2
D,GAT+LSTM_no_adapt,tue,936,0.0,1.0000000000000002,,0.0,2
D,GAT+LSTM_no_adapt,tue,937,0.0,1.0000000000000002,,0.0,2
D,GAT+LSTM_no_adapt,tue,938,0.0,1.0000000000000002,,0.0,2
D,GAT+LSTM_no_adapt,tue,939,0.0,1.0000000000000002,,0.0,2
D,GAT+LSTM_no_adapt,tue,940,0.0,1.0000000000000002,,0.0,2
D,GAT+LSTM_no_adapt,tue,941,0.0,1.0000000000000002,,0.0,2
D,GAT+LSTM_no_adapt,tue,942,0.0,1.0000000000000002,,0.0,2
D,GAT+LSTM_no_adapt,tue,943,0.0,1.0000000000000002,,0.0,2
D,GAT+LSTM_no_adapt,tue,944,0.0,1.0000000000000002,,0.0,2
D,GAT+LSTM_no_adapt,tue,945,0.0,1.0000000000000002,,0.0,2
D,GAT+LSTM_no_adapt,tue,946,0.0,1.0000000000000002,,0.0,2
D,GAT+LSTM_no_adapt,tue,947,0.0,1.0000000000000002,,0.0,2
D,GAT+LSTM_no_adapt,tue,948,0.0,1.0000000000000002,,0.0,2
D,GAT+LSTM_no_adapt,tue,949,0.0,1.0000000000000002,,0.0,2
D,GAT+LSTM_no_adapt,tue,950,0.0,1.0000000000000002,,0.0,2
D,GAT+LSTM_no_adapt,tue,951,0.0,1.0000000000000002,,0.0,2
D,GAT+LSTM_no_adapt,tue,952,0.0,1.0000000000000002,,0.0,2
D,GAT+LSTM_no_adapt,tue,953,0.0,1.0000000000000002,,0.0,2
D,GAT+LSTM_no_adapt,tue,954,0.0,1.0000000000000002,,0.0,2
D,GAT+LSTM_no_adapt,tue,955,0.0,1.0000000000000002,,0.0,2
D,GAT+LSTM_no_adapt,tue,956,0.0,1.0000000000000002,,0.0,2
D,GAT+LSTM_no_adapt,tue,957,0.0,1.0000000000000002,,0.0,2
D,GAT+LSTM_no_adapt,tue,958,0.0,1.0000000000000002,,0.0,2
D,GAT+LSTM_no_adapt,tue,959,0.0,1.0000000000000002,,0.0,2
D,GAT+LSTM_no_adapt,tue,960,0.0,1.0000000000000002,,0.0,2
D,GAT+LSTM_no_adapt,tue,961,0.0,1.0000000000000002,,0.0,2
D,GAT+LSTM_no_adapt,tue,962,0.0,1.0000000000000002,,0.0,2
D,GAT+LSTM_no_adapt,tue,963,0.0,1.0000000000000002,,0.0,2
D,GAT+LSTM_no_adapt,tue,964,0.0,1.0000000000000002,,0.0,2
D,GAT+LSTM_no_adapt,tue,965,0.0,1.0000000000000002,,0.0,2
D,GAT+LSTM_no_adapt,tue,966,0.0,1.0000000000000002,,0.0,2
D,GAT+LSTM_no_adapt,tue,967,0.0,1.0000000000000002,,0.0,2
D,GAT+LSTM_no_adapt,tue,968,0.0,1.0000000000000002,,0.0,2
D,GAT+LSTM_no_adapt,tue,969,0.0,1.0000000000000002,,0.0,2
D,GAT+LSTM_no_adapt,tue,970,0.0,1.0000000000000002,,0.0,2
D,GAT+LSTM_no_adapt,tue,971,0.0,1.0000000000000002,,0.0,2
D,GAT+LSTM_no_adapt,tue,972,0.0,1.0000000000000002,,0.0,2
D,GAT+LSTM_no_adapt,tue,973,0.0,1.0000000000000002,,0.0,2
D,GAT+LSTM_no_adapt,tue,974,0.0,1.0000000000000002,,0.0,2
D,GAT+LSTM_no_adapt,tue,975,0.0,1.0000000000000002,,0.0,2
D,GAT+LSTM_no_adapt,tue,976,0.0,1.0000000000000002,,0.0,2
D,GAT+LSTM_no_adapt,tue,977,0.0,1.0000000000000002,,0.0,2
D,GAT+LSTM_no_adapt,tue,978,0.0,1.0000000000000002,,0.0,2
D,GAT+LSTM_no_adapt,tue,979,0.0,1.0000000000000002,,0.0,2
D,GAT+LSTM_no_adapt,tue,980,0.0,1.0000000000000002,,0.0,2
D,GAT+LSTM_no_adapt,tue,981,0.0,1.0000000000000002,,0.0,2
D,GAT+LSTM_no_adapt,tue,982,0.0,1.0000000000000002,,0.0,2
D,GAT+LSTM_no_adapt,tue,983,0.0,1.0000000000000002,,0.0,2
D,GAT+LSTM_no_adapt,tue,984,0.0,1.0000000000000002,,0.0,2
D,GAT+LSTM_no_adapt,tue,985,0.0,1.0000000000000002,,0.0,2
D,GAT+LSTM_no_adapt,tue,986,0.0,1.0000000000000002,,0.0,2
D,GAT+LSTM_no_adapt,tue,987,0.0,1.0000000000000002,,0.0,2
D,GAT+LSTM_no_adapt,tue,988,0.0,1.0000000000000002,,0.0,2
D,GAT+LSTM_no_adapt,tue,989,0.0,1.0000000000000002,,0.0,2
D,GAT+LSTM_no_adapt,tue,990,0.0,1.0000000000000002,,0.0,2
D,GAT+LSTM_no_adapt,tue,991,0.0,1.0000000000000002,,0.0,2
D,GAT+LSTM_no_adapt,tue,992,0.0,1.0000000000000002,,0.0,2
D,GAT+LSTM_no_adapt,tue,993,0.0,1.0000000000000002,,0.0,2
D,GAT+LSTM_no_adapt,tue,994,0.0,1.0000000000000002,,0.0,2
D,GAT+LSTM_no_adapt,tue,995,0.0,1.0000000000000002,,0.0,2
D,GAT+LSTM_no_adapt,tue,996,0.0,1.0000000000000002,,0.0,2
D,GAT+LSTM_no_adapt,tue,997,0.0,1.0000000000000002,,0.0,2
D,GAT+LSTM_no_adapt,tue,998,0.0,1.0000000000000002,,0.0,2
D,GAT+LSTM_no_adapt,tue,999,0.0,1.0000000000000002,,0.0,2
D,GAT+LSTM_no_adapt,tue,1000,0.0,1.0000000000000002,,0.0,2
D,GAT+LSTM_no_adapt,tue,1001,0.0,1.0000000000000002,,0.0,2
D,GAT+LSTM_no_adapt,tue,1002,0.0,1.0000000000000002,,0.0,2
D,GAT+LSTM_no_adapt,tue,1003,0.0,1.0000000000000002,,0.0,2
D,GAT+LSTM_no_adapt,tue,1004,0.0,1.0000000000000002,,0.0,2
D,GAT+LSTM_no_adapt,tue,1005,0.0,1.0000000000000002,,0.0,2
D,GAT+LSTM_no_adapt,tue,1006,0.0,1.0000000000000002,,0.0,2
D,GAT+LSTM_no_adapt,tue,1007,0.0,1.0000000000000002,,0.0,2
D,GAT+LSTM_no_adapt,tue,1008,0.0,1.0000000000000002,,0.0,2
D,GAT+LSTM_no_adapt,tue,1009,0.0,1.0000000000000002,,0.0,2
D,GAT+LSTM_no_adapt,tue,1010,0.0,1.0000000000000002,,0.0,2
D,GAT+LSTM_no_adapt,tue,1011,0.0,1.0000000000000002,,0.0,2
D,GAT+LSTM_no_adapt,tue,1012,0.0,1.0000000000000002,,0.0,2
D,GAT+LSTM_no_adapt,tue,1013,0.0,1.0000000000000002,,0.0,2
D,GAT+LSTM_no_adapt,tue,1014,0.0,1.0000000000000002,,0.0,2
D,GAT+LSTM_no_adapt,tue,1015,0.0,1.0000000000000002,,0.0,2
D,GAT+LSTM_no_adapt,tue,1016,0.0,1.0000000000000002,,0.0,2
D,GAT+LSTM_no_adapt,tue,1017,0.0,1.0000000000000002,,0.0,2
D,GAT+LSTM_no_adapt,tue,1018,0.0,1.0000000000000002,,0.0,2
D,GAT+LSTM_no_adapt,tue,1019,0.0,1.0000000000000002,,0.0,2
D,GAT+LSTM_no_adapt,tue,1020,0.0,1.0000000000000002,,0.0,2
D,GAT+LSTM_no_adapt,tue,1021,0.0,1.0000000000000002,,0.0,2
D,GAT+LSTM_no_adapt,tue,1022,0.0,1.0000000000000002,,0.0,2
D,GAT+LSTM_no_adapt,tue,1023,0.0,1.0000000000000002,,0.0,2
D,GAT+LSTM_no_adapt,tue,1024,0.0,1.0000000000000002,,0.0,2
D,GAT+LSTM_no_adapt,tue,1025,0.0,1.0000000000000002,,0.0,2
D,GAT+LSTM_no_adapt,tue,1026,0.0,1.0000000000000002,,0.0,2
D,GAT+LSTM_no_adapt,tue,1027,0.0,1.0000000000000002,,0.0,2
D,GAT+LSTM_no_adapt,tue,1028,0.0,1.0000000000000002,,0.0,2
D,GAT+LSTM_no_adapt,tue,1029,0.0,1.0000000000000002,,0.0,2
D,GAT+LSTM_no_adapt,tue,1030,0.0,1.0000000000000002,,0.0,2
D,GAT+LSTM_no_adapt,tue,1031,0.0,1.0000000000000002,,0.0,2
D,GAT+LSTM_no_adapt,tue,1032,0.0,1.0000000000000002,,0.0,2
D,GAT+LSTM_no_adapt,wed,1222,0.0,0.8382768601503324,0.0,0.0,3
D,GAT+LSTM_no_adapt,wed,1223,0.0,0.7419178158729243,0.0,0.0,3
D,GAT+LSTM_no_adapt,wed,1224,0.0,0.6636341781511149,0.0,0.0,3
D,GAT+LSTM_no_adapt,wed,1225,0.0,0.5963984190474129,0.0,0.0,3
D,GAT+LSTM_no_adapt,wed,1226,0.0,0.5368645587298837,0.0,0.0,3
D,GAT+LSTM_no_adapt,wed,1227,0.0,0.4831115755098506,0.0,0.0,3
D,GAT+LSTM_no_adapt,wed,1228,0.0,0.5494381061220955,0.07142857142857142,0.0,3
D,GAT+LSTM_no_adapt,wed,1229,0.0,0.4483324923072482,0.06593406593406594,0.0,3
D,GAT+LSTM_no_adapt,wed,1230,0.0,0.40461536084601096,0.07291666666666666,0.0,3
D,GAT+LSTM_no_adapt,wed,1231,0.0,0.3566112761898014,0.0707070707070707,0.0,3
D,GAT+LSTM_no_adapt,wed,1232,0.0,0.3183498089457842,0.08000000000000002,0.0,3
D,GAT+LSTM_no_adapt,wed,1233,0.0,0.2826127294522548,0.0909090909090909,0.0,3
D,GAT+LSTM_no_adapt,wed,1234,0.0,0.24923217262613548,0.10416666666666667,0.0,3
D,GAT+LSTM_no_adapt,wed,1235,0.0,0.21815366497476185,0.12087912087912087,0.0,3
D,GAT+LSTM_no_adapt,wed,1236,0.0,0.1894751175323931,0.14285714285714285,0.0,3
D,GAT+LSTM_no_adapt,wed,1237,0.0,0.17105435156518747,0.22666666666666668,0.0,3
D,GAT+LSTM_no_adapt,wed,1238,0.0,0.14687338751289988,0.265625,0.0,3
D,GAT+LSTM_no_adapt,wed,1239,0.0,0.1329656862745098,0.37254901960784315,0.0,3
D,GAT+LSTM_no_adapt,wed,1240,0.0,0.12837009803921567,0.5277777777777778,0.0,3
D,GAT+LSTM_no_adapt,wed,1241,0.0,0.16666666666666666,0.8947368421052632,0.0,3
D,GAT+LSTM_no_adapt,wed,1242,0.0,0.16666666666666666,0.8947368421052632,0.0,3
D,GAT+LSTM_no_adapt,wed,1243,0.0,0.125,0.8421052631578947,0.0,3
D,GAT+LSTM_no_adapt,wed,1244,0.0,0.125,0.8421052631578947,0.0,3
D,GAT+LSTM_no_adapt,wed,1245,0.0,0.125,0.8421052631578947,0.0,3
D,GAT+LSTM_no_adapt,wed,1246,0.0,0.125,0.8421052631578947,0.0,3
D,GAT+LSTM_no_adapt,wed,1247,0.0,0.125,0.8421052631578947,0.0,3
D,GAT+LSTM_no_adapt,wed,1248,0.0,0.045454545454545456,0.4736842105263158,0.0,3
D,GAT+LSTM_no_adapt,wed,1249,0.0,0.10170454545454546,0.5555555555555556,0.0,3
D,GAT+LSTM_no_adapt,wed,1250,0.0,0.15444925444925445,0.5686274509803921,0.0,3
D,GAT+LSTM_no_adapt,wed,1251,0.0,0.18236315359477123,0.5,0.0,3
D,GAT+LSTM_no_adapt,wed,1252,0.0,0.21703081232492996,0.4666666666666666,0.0,3
D,GAT+LSTM_no_adapt,wed,1253,0.0,0.2596162824104,0.4642857142857143,0.0,3
D,GAT+LSTM_no_adapt,wed,1254,0.0,0.3046745971115719,0.46153846153846145,0.0,3
D,GAT+LSTM_no_adapt,wed,1255,0.0,0.3360275447591624,0.4375,0.0,3
D,GAT+LSTM_no_adapt,wed,1256,0.0,0.3596092990829833,0.38383838383838387,0.0,3
D,GAT+LSTM_no_adapt,wed,1257,0.0,0.38025053635734746,0.31999999999999995,0.0,3
D,GAT+LSTM_no_adapt,wed,1258,0.0,0.41750631041723074,0.30303030303030304,0.0,3
D,GAT+LSTM_no_adapt,wed,1259,0.0,0.43426138883762727,0.20833333333333334,0.0,3
D,GAT+LSTM_no_adapt,wed,1260,0.0,0.4550937865685425,0.1098901098901099,0.0,3
D,GAT+LSTM_no_adapt,wed,1261,0.0,0.5104074938771975,0.11904761904761904,0.0,3
D,GAT+LSTM_no_adapt,wed,1262,0.0,0.5714941883595134,0.13333333333333333,0.0,3
D,GAT+LSTM_no_adapt,wed,1263,0.0,0.646696038095032,0.15625,0.0,3
D,GAT+LSTM_no_adapt,wed,1264,0.0,0.7154549064424314,0.15686274509803924,0.0,3
D,GAT+LSTM_no_adapt,wed,1265,0.0,0.7566614891715054,0.35294117647058826,0.0,3
D,GAT+LSTM_no_adapt,wed,1266,0.0,0.8204768340152757,0.3888888888888889,0.0,3
D,GAT+LSTM_no_adapt,wed,1267,0.0,0.9882494387413319,0.7894736842105263,0.0,3
D,GAT+LSTM_no_adapt,wed,1268,0.0,0.9848503159343145,0.7368421052631579,0.0,3
D,GAT+LSTM_no_adapt,wed,1269,0.0,0.9848503159343145,0.7368421052631579,0.0,3
D,GAT+LSTM_no_adapt,wed,1270,0.0,0.9848503159343145,0.7368421052631579,0.0,3
D,GAT+LSTM_no_adapt,wed,1271,0.0,0.9848503159343145,0.7368421052631579,0.0,3
D,GAT+LSTM_no_adapt,wed,1272,0.0,0.9848503159343145,0.7368421052631579,0.0,3
D,GAT+LSTM_no_adapt,wed,1273,0.0,0.9848503159343145,0.7368421052631579,0.0,3
D,GAT+LSTM_no_adapt,wed,1274,0.0,0.9848503159343145,0.7368421052631579,0.0,3
D,GAT+LSTM_no_adapt,wed,1275,0.0,0.9848503159343145,0.7368421052631579,0.0,3
D,GAT+LSTM_no_adapt,wed,1276,0.0,0.9882494387413319,0.7894736842105263,0.0,3
D,GAT+LSTM_no_adapt,wed,1277,0.0,0.9882494387413319,0.7894736842105263,0.0,3
D,GAT+LSTM_no_adapt,wed,1278,0.0,0.9882494387413319,0.7894736842105263,0.0,3
D,GAT+LSTM_no_adapt,wed,1279,0.0,0.8236290671307441,0.4166666666666667,0.0,3
D,GAT+LSTM_no_adapt,wed,1280,0.0,0.8236290671307441,0.4166666666666667,0.0,3
D,GAT+LSTM_no_adapt,wed,1281,0.0,0.826613362700824,0.4444444444444444,0.0,3
D,GAT+LSTM_no_adapt,wed,1282,0.0,0.826613362700824,0.4444444444444444,0.0,3
D,GAT+LSTM_no_adapt,wed,1283,0.0,0.785177307263448,0.45098039215686275,0.0,3
D,GAT+LSTM_no_adapt,wed,1284,0.0,0.7901981034607148,0.47058823529411764,0.0,3
D,GAT+LSTM_no_adapt,wed,1285,0.0,0.7069157331973758,0.17647058823529413,0.0,3
D,GAT+LSTM_no_adapt,wed,1286,0.0,0.6571445305747743,0.21875,0.0,3
D,GAT+LSTM_no_adapt,wed,1287,0.0,0.5850954944608195,0.18666666666666665,0.0,3
D,GAT+LSTM_no_adapt,wed,1288,0.0,0.6512015180668431,0.2533333333333333,0.0,3
D,GAT+LSTM_no_adapt,wed,1289,0.0,0.7036600317753567,0.32,0.0,3
D,GAT+LSTM_no_adapt,wed,1290,0.0,0.7174664785965095,0.36,0.0,3
D,GAT+LSTM_no_adapt,wed,1291,0.0,0.7608044042873763,0.42666666666666675,0.0,3
D,GAT+LSTM_no_adapt,wed,1292,0.0,0.7979348655587045,0.4933333333333333,0.0,3
D,GAT+LSTM_no_adapt,wed,1293,0.0,0.8243237544475934,0.5333333333333333,0.0,3
D,GAT+LSTM_no_adapt,wed,1294,0.0,0.8511288012526401,0.5866666666666667,0.0,3
D,GAT+LSTM_no_adapt,wed,1295,0.125,0.8779793873137527,0.6533333333333333,0.0,3
D,GAT+LSTM_no_adapt,wed,1296,0.23529411764705882,0.8967504310847964,0.6933333333333334,0.0,3
D,GAT+LSTM_no_adapt,wed,1297,0.3333333333333333,0.917146987143117,0.7466666666666666,0.0,3
D,GAT+LSTM_no_adapt,wed,1298,0.42105263157894735,0.9329145529106828,0.7866666666666666,0.0,3
D,GAT+LSTM_no_adapt,wed,1299,0.4,0.9574225350565326,0.828125,0.0,3
D,GAT+LSTM_no_adapt,wed,1300,0.47619047619047616,0.9664255112470089,0.859375,0.0,3
D,GAT+LSTM_no_adapt,wed,1301,0.5454545454545454,0.9779592593616394,0.90625,0.0,3
D,GAT+LSTM_no_adapt,wed,1302,0.6086956521739131,0.9888148488562092,0.953125,0.0,3
D,GAT+LSTM_no_adapt,wed,1303,0.64,0.9900677118112468,0.9411764705882353,0.0,3
D,GAT+LSTM_no_adapt,wed,1304,0.6923076923076923,0.9966359092656671,0.9803921568627452,0.0,3
D,GAT+LSTM_no_adapt,wed,1305,0.7142857142857143,0.9969948018193633,0.9722222222222222,0.0,3
D,GAT+LSTM_no_adapt,wed,1306,0.7333333333333333,0.997299168975069,0.9473684210526315,0.0,3
D,GAT+LSTM_no_adapt,wed,1307,0.75,1.0000000000000002,,0.0,3
D,GAT+LSTM_no_adapt,wed,1308,0.7878787878787878,1.0000000000000002,,0.0,3
D,GAT+LSTM_no_adapt,wed,1309,0.8235294117647058,1.0000000000000002,,0.0,3
D,GAT+LSTM_no_adapt,wed,1310,0.8571428571428571,1.0000000000000002,,0.0,3
D,GAT+LSTM_no_adapt,wed,1311,0.8888888888888888,1.0000000000000002,,0.0,3
D,GAT+LSTM_no_adapt,wed,1312,0.918918918918919,1.0000000000000002,,0.0,3
D,GAT+LSTM_no_adapt,wed,1313,0.9473684210526315,1.0000000000000002,,0.0,3
D,GAT+LSTM_no_adapt,wed,1314,0.9743589743589743,1.0000000000000002,,0.0,3
D,GAT+LSTM_no_adapt,wed,1315,0.9473684210526315,1.0000000000000002,,0.0,3
D,GAT+LSTM_no_adapt,wed,1316,0.9473684210526315,1.0000000000000002,,0.0,3
D,GAT+LSTM_no_adapt,wed,1317,0.9473684210526315,1.0000000000000002,,0.0,3
D,GAT+LSTM_no_adapt,wed,1318,0.9473684210526315,1.0000000000000002,,0.0,3
D,GAT+LSTM_no_adapt,wed,1319,0.9743589743589743,1.0000000000000002,,0.0,3
D,GAT+LSTM_no_adapt,wed,1320,0.9473684210526315,1.0000000000000002,,0.0,3
D,GAT+LSTM_no_adapt,wed,1321,0.918918918918919,1.0000000000000002,,0.0,3
D,GAT+LSTM_no_adapt,wed,1322,0.918918918918919,1.0000000000000002,,0.0,3
D,GAT+LSTM_no_adapt,wed,1323,0.918918918918919,1.0000000000000002,,0.0,3
D,GAT+LSTM_no_adapt,wed,1324,0.8888888888888888,1.0000000000000002,,0.0,3
D,GAT+LSTM_no_adapt,wed,1325,0.8571428571428571,1.0000000000000002,,0.0,3
D,GAT+LSTM_no_adapt,wed,1326,0.8235294117647058,1.0000000000000002,,0.0,3
D,GAT+LSTM_no_adapt,wed,1327,0.7878787878787878,1.0000000000000002,,0.0,3
D,GAT+LSTM_no_adapt,wed,1328,0.75,1.0000000000000002,,0.0,3
D,GAT+LSTM_no_adapt,wed,1329,0.7096774193548387,1.0000000000000002,,0.0,3
D,GAT+LSTM_no_adapt,wed,1330,0.6666666666666666,1.0000000000000002,,0.0,3
D,GAT+LSTM_no_adapt,wed,1331,0.6206896551724138,1.0000000000000002,,0.0,3
D,GAT+LSTM_no_adapt,wed,1332,0.5714285714285714,1.0000000000000002,,0.0,3
D,GAT+LSTM_no_adapt,wed,1333,0.5185185185185185,1.0000000000000002,,0.0,3
D,GAT+LSTM_no_adapt,wed,1334,0.46153846153846156,1.0000000000000002,,0.0,3
D,GAT+LSTM_no_adapt,wed,1335,0.46153846153846156,1.0000000000000002,,0.0,3
D,GAT+LSTM_no_adapt,wed,1336,0.4,1.0000000000000002,,0.0,3
D,GAT+LSTM_no_adapt,wed,1337,0.3333333333333333,1.0000000000000002,,0.0,3
D,GAT+LSTM_no_adapt,wed,1338,0.2608695652173913,1.0000000000000002,,0.0,3
D,GAT+LSTM_no_adapt,wed,1339,0.18181818181818182,1.0000000000000002,,0.0,3
D,GAT+LSTM_no_adapt,wed,1340,0.18181818181818182,1.0000000000000002,,0.0,3
D,GAT+LSTM_no_adapt,wed,1341,0.18181818181818182,1.0000000000000002,,0.0,3
D,GAT+LSTM_no_adapt,wed,1342,0.09523809523809523,1.0000000000000002,,0.0,3
D,GAT+LSTM_no_adapt,wed,1343,0.0,1.0000000000000002,,0.0,3
D,GAT+LSTM_no_adapt,wed,1344,0.0,1.0000000000000002,,0.0,3
D,GAT+LSTM_no_adapt,wed,1345,0.0,1.0000000000000002,,0.0,3
D,GAT+LSTM_no_adapt,wed,1346,0.0,1.0000000000000002,,0.0,3
D,GAT+LSTM_no_adapt,wed,1347,0.0,1.0000000000000002,,0.0,3
D,GAT+LSTM_no_adapt,wed,1348,0.0,1.0000000000000002,,0.0,3
D,GAT+LSTM_no_adapt,wed,1349,0.0,1.0000000000000002,,0.0,3
D,GAT+LSTM_no_adapt,wed,1350,0.0,1.0000000000000002,,0.0,3
D,GAT+LSTM_no_adapt,wed,1351,0.0,1.0000000000000002,,0.0,3
D,GAT+LSTM_no_adapt,wed,1352,0.0,1.0000000000000002,,0.0,3
D,GAT+LSTM_no_adapt,wed,1353,0.0,1.0000000000000002,,0.0,3
D,GAT+LSTM_no_adapt,wed,1354,0.0,1.0000000000000002,,0.0,3
D,GAT+LSTM_no_adapt,wed,1355,0.0,1.0000000000000002,,0.0,3
D,GAT+LSTM_no_adapt,wed,1356,0.0,1.0000000000000002,,0.0,3
D,GAT+LSTM_no_adapt,wed,1357,0.0,1.0000000000000002,,0.0,3
D,GAT+LSTM_no_adapt,wed,1358,0.0,1.0000000000000002,,0.0,3
D,GAT+LSTM_no_adapt,wed,1359,0.0,1.0000000000000002,,0.0,3
D,GAT+LSTM_no_adapt,wed,1360,0.0,1.0000000000000002,,0.0,3
D,GAT+LSTM_no_adapt,wed,1361,0.0,1.0000000000000002,,0.0,3
D,GAT+LSTM_no_adapt,wed,1362,0.0,1.0000000000000002,,0.0,3
D,GAT+LSTM_no_adapt,wed,1363,0.0,1.0000000000000002,,0.0,3
D,GAT+LSTM_no_adapt,wed,1364,0.0,1.0000000000000002,,0.0,3
D,GAT+LSTM_no_adapt,wed,1365,0.0,1.0000000000000002,,0.0,3
D,GAT+LSTM_no_adapt,wed,1366,0.0,1.0000000000000002,,0.0,3
D,GAT+LSTM_no_adapt,wed,1367,0.0,1.0000000000000002,,0.0,3
D,GAT+LSTM_no_adapt,wed,1368,0.0,1.0000000000000002,,0.0,3
D,GAT+LSTM_no_adapt,wed,1369,0.0,1.0000000000000002,,0.0,3
D,GAT+LSTM_no_adapt,wed,1370,0.0,1.0000000000000002,,0.0,3
D,GAT+LSTM_no_adapt,wed,1371,0.0,1.0000000000000002,,0.0,3
D,GAT+LSTM_no_adapt,wed,1372,0.0,1.0000000000000002,,0.0,3
D,GAT+LSTM_no_adapt,wed,1373,0.0,1.0000000000000002,,0.0,3
D,GAT+LSTM_no_adapt,wed,1374,0.0,1.0000000000000002,,0.0,3
D,GAT+LSTM_no_adapt,wed,1375,0.0,1.0000000000000002,,0.0,3
D,GAT+LSTM_no_adapt,wed,1376,0.0,1.0000000000000002,,0.0,3
D,GAT+LSTM_no_adapt,wed,1377,0.0,1.0000000000000002,,0.0,3
D,GAT+LSTM_no_adapt,wed,1378,0.0,1.0000000000000002,,0.0,3
D,GAT+LSTM_no_adapt,wed,1379,0.0,1.0000000000000002,,0.0,3
D,GAT+LSTM_no_adapt,wed,1380,0.0,1.0000000000000002,,0.0,3
D,GAT+LSTM_no_adapt,wed,1381,0.0,1.0000000000000002,,0.0,3
D,GAT+LSTM_no_adapt,wed,1382,0.0,1.0000000000000002,,0.0,3
D,GAT+LSTM_no_adapt,wed,1383,0.0,1.0000000000000002,,0.0,3
D,GAT+LSTM_no_adapt,wed,1384,0.0,1.0000000000000002,,0.0,3
D,GAT+LSTM_no_adapt,wed,1385,0.0,1.0000000000000002,,0.0,3
D,GAT+LSTM_no_adapt,wed,1386,0.0,1.0000000000000002,,0.0,3
D,GAT+LSTM_no_adapt,wed,1387,0.0,1.0000000000000002,,0.0,3
D,GAT+LSTM_no_adapt,wed,1388,0.0,1.0000000000000002,,0.0,3
D,GAT+LSTM_no_adapt,wed,1389,0.0,1.0000000000000002,,0.0,3
D,GAT+LSTM_no_adapt,wed,1390,0.0,1.0000000000000002,,0.0,3
D,GAT+LSTM_no_adapt,wed,1391,0.0,1.0000000000000002,,0.0,3
D,GAT+LSTM_no_adapt,wed,1392,0.0,1.0000000000000002,,0.0,3
D,GAT+LSTM_no_adapt,wed,1393,0.0,1.0000000000000002,,0.0,3
D,GAT+LSTM_no_adapt,wed,1394,0.0,1.0000000000000002,,0.0,3
D,GAT+LSTM_no_adapt,wed,1395,0.0,1.0000000000000002,,0.0,3
D,GAT+LSTM_no_adapt,wed,1396,0.0,1.0000000000000002,,0.0,3
D,GAT+LSTM_no_adapt,wed,1397,0.0,1.0000000000000002,,0.0,3
D,GAT+LSTM_no_adapt,wed,1398,0.0,1.0000000000000002,,0.0,3
D,GAT+LSTM_no_adapt,wed,1399,0.0,1.0000000000000002,,0.0,3
D,GAT+LSTM_no_adapt,wed,1400,0.0,1.0000000000000002,,0.0,3
D,GAT+LSTM_no_adapt,wed,1401,0.0,1.0000000000000002,,0.0,3
D,GAT+LSTM_no_adapt,wed,1402,0.0,1.0000000000000002,,0.0,3
D,GAT+LSTM_no_adapt,wed,1403,0.0,1.0000000000000002,,0.0,3
D,GAT+LSTM_no_adapt,wed,1404,0.0,1.0000000000000002,,0.0,3
D,GAT+LSTM_no_adapt,wed,1405,0.0,1.0000000000000002,,0.0,3
D,GAT+LSTM_no_adapt,wed,1406,0.0,1.0000000000000002,,0.0,3
D,GAT+LSTM_no_adapt,wed,1407,0.0,1.0000000000000002,,0.0,3
D,GAT+LSTM_no_adapt,wed,1408,0.0,1.0000000000000002,,0.0,3
D,GAT+LSTM_no_adapt,wed,1409,0.0,1.0000000000000002,,0.0,3
D,GAT+LSTM_no_adapt,wed,1410,0.0,1.0000000000000002,,0.0,3
D,GAT+LSTM_no_adapt,wed,1411,0.0,1.0000000000000002,,0.0,3
D,GAT+LSTM_no_adapt,wed,1412,0.0,1.0000000000000002,,0.0,3
D,GAT+LSTM_no_adapt,wed,1413,0.0,1.0000000000000002,,0.0,3
D,GAT+LSTM_no_adapt,wed,1414,0.0,1.0000000000000002,,0.0,3
D,GAT+LSTM_no_adapt,wed,1415,0.0,1.0000000000000002,,0.0,3
D,GAT+LSTM_no_adapt,wed,1416,0.0,1.0000000000000002,,0.0,3
D,GAT+LSTM_no_adapt,wed,1417,0.0,1.0000000000000002,,0.0,3
D,GAT+LSTM_no_adapt,wed,1418,0.0,1.0000000000000002,,0.0,3
D,GAT+LSTM_no_adapt,wed,1419,0.0,1.0000000000000002,,0.0,3
D,GAT+LSTM_no_adapt,wed,1420,0.0,1.0000000000000002,,0.0,3
D,GAT+LSTM_no_adapt,wed,1421,0.0,1.0000000000000002,,0.0,3
D,GAT+LSTM_no_adapt,wed,1422,0.0,1.0000000000000002,,0.0,3
D,GAT+LSTM_no_adapt,wed,1423,0.0,1.0000000000000002,,0.0,3
D,GAT+LSTM_no_adapt,wed,1424,0.0,1.0000000000000002,,0.0,3
D,GAT+LSTM_no_adapt,wed,1425,0.0,1.0000000000000002,,0.0,3
D,GAT+LSTM_no_adapt,wed,1426,0.0,1.0000000000000002,,0.0,3
D,GAT+LSTM_no_adapt,wed,1427,0.0,1.0000000000000002,,0.0,3
D,GAT+LSTM_no_adapt,wed,1428,0.0,1.0000000000000002,,0.0,3
D,GAT+LSTM_no_adapt,wed,1429,0.0,1.0000000000000002,,0.0,3
D,GAT+LSTM_no_adapt,wed,1430,0.0,1.0000000000000002,,0.0,3
D,GAT+LSTM_no_adapt,wed,1431,0.0,1.0000000000000002,,0.0,3
D,GAT+LSTM_no_adapt,wed,1432,0.0,1.0000000000000002,,0.0,3
D,GAT+LSTM_no_adapt,wed,1433,0.0,1.0000000000000002,,0.0,3
D,GAT+LSTM_no_adapt,wed,1434,0.0,1.0000000000000002,,0.0,3
D,GAT+LSTM_no_adapt,wed,1435,0.0,1.0000000000000002,,0.0,3
D,GAT+LSTM_no_adapt,wed,1436,0.0,1.0000000000000002,,0.0,3
D,GAT+LSTM_no_adapt,wed,1437,0.0,1.0000000000000002,,0.0,3
D,GAT+LSTM_no_adapt,wed,1438,0.0,1.0000000000000002,,0.0,3
D,GAT+LSTM_no_adapt,wed,1439,0.0,1.0000000000000002,,0.0,3
D,GAT+LSTM_no_adapt,wed,1440,0.0,1.0000000000000002,,0.0,3
D,GAT+LSTM_no_adapt,wed,1441,0.0,1.0000000000000002,,0.0,3
D,GAT+LSTM_no_adapt,wed,1442,0.0,1.0000000000000002,,0.0,3
D,GAT+LSTM_no_adapt,wed,1443,0.0,1.0000000000000002,,0.0,3
D,GAT+LSTM_no_adapt,wed,1444,0.0,1.0000000000000002,,0.0,3
D,GAT+LSTM_no_adapt,wed,1445,0.0,1.0000000000000002,,0.0,3
D,GAT+LSTM_no_adapt,wed,1446,0.0,1.0000000000000002,,0.0,3
D,GAT+LSTM_no_adapt,wed,1447,0.0,1.0000000000000002,,0.0,3
D,GAT+LSTM_no_adapt,wed,1448,0.0,1.0000000000000002,,0.0,3
D,GAT+LSTM_no_adapt,wed,1449,0.0,1.0000000000000002,,0.0,3
D,GAT+LSTM_no_adapt,wed,1450,0.0,1.0000000000000002,,0.0,3
D,GAT+LSTM_no_adapt,wed,1451,0.0,1.0000000000000002,,0.0,3
D,GAT+LSTM_no_adapt,wed,1452,0.0,1.0000000000000002,,0.0,3
D,GAT+LSTM_no_adapt,wed,1453,0.0,1.0000000000000002,,0.0,3
D,GAT+LSTM_no_adapt,wed,1454,0.0,1.0000000000000002,,0.0,3
D,GAT+LSTM_no_adapt,wed,1455,0.0,1.0000000000000002,,0.0,3
D,GAT+LSTM_no_adapt,wed,1456,0.0,1.0000000000000002,,0.0,3
D,GAT+LSTM_no_adapt,wed,1457,0.0,1.0000000000000002,,0.0,3
D,GAT+LSTM_no_adapt,wed,1458,0.0,1.0000000000000002,,0.0,3
D,GAT+LSTM_no_adapt,wed,1459,0.0,1.0000000000000002,,0.0,3
D,GAT+LSTM_no_adapt,wed,1460,0.0,1.0000000000000002,,0.0,3
D,GAT+LSTM_no_adapt,wed,1461,0.0,1.0000000000000002,,0.0,3
D,GAT+LSTM_no_adapt,wed,1462,0.0,1.0000000000000002,,0.0,3
D,GAT+LSTM_no_adapt,wed,1463,0.0,1.0000000000000002,,0.0,3
D,GAT+LSTM_no_adapt,wed,1464,0.0,1.0000000000000002,,0.0,3
D,GAT+LSTM_no_adapt,wed,1465,0.0,1.0000000000000002,,0.0,3
D,GAT+LSTM_no_adapt,wed,1466,0.0,1.0000000000000002,,0.0,3
D,GAT+LSTM_no_adapt,wed,1467,0.0,1.0000000000000002,,0.0,3
D,GAT+LSTM_no_adapt,wed,1468,0.0,1.0000000000000002,,0.0,3
D,GAT+LSTM_no_adapt,wed,1469,0.0,1.0000000000000002,,0.0,3
D,GAT+LSTM_no_adapt,wed,1470,0.0,1.0000000000000002,,0.0,3
D,GAT+LSTM_no_adapt,wed,1471,0.0,1.0000000000000002,,0.0,3
D,GAT+LSTM_no_adapt,wed,1472,0.0,1.0000000000000002,,0.0,3
D,GAT+LSTM_no_adapt,wed,1473,0.0,1.0000000000000002,,0.0,3
D,GAT+LSTM_no_adapt,wed,1474,0.0,0.9999999999999998,1.0,0.0,3
D,GAT+LSTM_no_adapt,wed,1475,0.0,0.997299168975069,0.9473684210526315,0.0,3
D,GAT+LSTM_no_adapt,wed,1476,0.0,0.9969948018193633,0.9722222222222222,0.0,3
D,GAT+LSTM_no_adapt,wed,1477,0.0,0.9966359092656671,0.9803921568627452,0.0,3
D,GAT+LSTM_no_adapt,wed,1478,0.0,0.9900677118112468,0.9411764705882353,0.0,3
D,GAT+LSTM_no_adapt,wed,1479,0.0,0.9804170713693114,0.8823529411764706,0.0,3
D,GAT+LSTM_no_adapt,wed,1480,0.0,0.9730177881266027,0.8431372549019608,0.0,3
D,GAT+LSTM_no_adapt,wed,1481,0.0,0.9651180897857278,0.803921568627451,0.0,3
D,GAT+LSTM_no_adapt,wed,1482,0.0,0.9538269582660405,0.7450980392156863,0.0,3
D,GAT+LSTM_no_adapt,wed,1483,0.0,0.9446890373634137,0.7058823529411764,0.0,3
D,GAT+LSTM_no_adapt,wed,1484,0.0,0.9347719936228405,0.6666666666666667,0.0,3
D,GAT+LSTM_no_adapt,wed,1485,0.0,0.9239282621908738,0.6274509803921569,0.0,3
D,GAT+LSTM_no_adapt,wed,1486,0.0,0.9119630215491625,0.5882352941176471,0.0,3
D,GAT+LSTM_no_adapt,wed,1487,0.0,0.898611014079508,0.5490196078431373,0.0,3
D,GAT+LSTM_no_adapt,wed,1488,0.0,0.8834966349945408,0.5098039215686274,0.0,3
D,GAT+LSTM_no_adapt,wed,1489,0.1111111111111111,0.8834966349945408,0.5098039215686274,0.0,3
D,GAT+LSTM_no_adapt,wed,1490,0.21052631578947367,0.8834966349945408,0.5098039215686274,0.0,3
D,GAT+LSTM_no_adapt,wed,1491,0.3,0.8834966349945408,0.5098039215686274,0.0,3
D,GAT+LSTM_no_adapt,wed,1492,0.38095238095238093,0.8834966349945408,0.5098039215686274,0.0,3
D,GAT+LSTM_no_adapt,wed,1493,0.45454545454545453,0.8834966349945408,0.5098039215686274,0.0,3
D,GAT+LSTM_no_adapt,wed,1494,0.43478260869565216,0.8727123212690504,0.49019607843137253,0.3333333333333333,3
D,GAT+LSTM_no_adapt,wed,1495,0.43478260869565216,0.8127804948964005,0.421875,0.5,3
D,GAT+LSTM_no_adapt,wed,1496,0.4166666666666667,0.8070141258487814,0.40625,0.75,3
D,GAT+LSTM_no_adapt,wed,1497,0.4,0.775056653174397,0.265625,1.0,3
D,GAT+LSTM_no_adapt,wed,1498,0.4166666666666667,0.7419571513224763,0.29333333333333333,0.8,3
D,GAT+LSTM_no_adapt,wed,1499,0.43478260869565216,0.7418525869432547,0.42857142857142855,0.6666666666666666,3
D,GAT+LSTM_no_adapt,wed,1500,0.45454545454545453,0.7166313750946995,0.4395604395604396,0.5714285714285714,3
D,GAT+LSTM_no_adapt,wed,1501,0.47619047619047616,0.698254607736032,0.45833333333333337,0.5,3
D,GAT+LSTM_no_adapt,wed,1502,0.5,0.7052463875993289,0.5454545454545454,0.4444444444444444,3
D,GAT+LSTM_no_adapt,wed,1503,0.5263157894736842,0.7158037060978237,0.62,0.4,3
D,GAT+LSTM_no_adapt,wed,1504,0.5555555555555556,0.7314077126577128,0.6868686868686869,0.36363636363636365,3
D,GAT+LSTM_no_adapt,wed,1505,0.5882352941176471,0.7543440934065934,0.75,0.3333333333333333,3
D,GAT+LSTM_no_adapt,wed,1506,0.625,0.7882980115122971,0.8131868131868132,0.3076923076923077,3
D,GAT+LSTM_no_adapt,wed,1507,0.6666666666666666,0.8395528083028083,0.8809523809523809,0.2857142857142857,3
D,GAT+LSTM_no_adapt,wed,1508,0.7142857142857143,0.919642857142857,0.9600000000000001,0.26666666666666666,3
D,GAT+LSTM_no_adapt,wed,1509,0.6666666666666666,1.0,1.0,0.25,3
D,GAT+LSTM_no_adapt,wed,1510,0.6,1.0,1.0,0.23529411764705882,3
D,GAT+LSTM_no_adapt,wed,1511,0.5,1.0,1.0,0.2222222222222222,3
D,GAT+LSTM_no_adapt,wed,1512,0.3333333333333333,1.0,1.0,0.21052631578947367,3
D,GAT+LSTM_no_adapt,wed,1513,0.0,0.5,,0.2,3
D,GAT+LSTM_no_adapt,wed,1514,0.0,0.5,,0.15,3
D,GAT+LSTM_no_adapt,wed,1515,0.0,0.5,,0.1,3
D,GAT+LSTM_no_adapt,wed,1516,0.0,0.5,,0.05,3
D,GAT+LSTM_no_adapt,wed,1517,0.0,0.5,,0.0,3
D,GAT+LSTM_no_adapt,wed,1518,0.0,0.5,,0.0,3
D,GAT+LSTM_no_adapt,wed,1519,0.0,0.5,,0.0,3
D,GAT+LSTM_no_adapt,wed,1520,0.0,0.5,,0.0,3
D,GAT+LSTM_no_adapt,wed,1521,0.0,0.5,,0.0,3
D,GAT+LSTM_no_adapt,wed,1522,0.0,0.5,,0.0,3
D,GAT+LSTM_no_adapt,wed,1523,0.0,0.5,,0.0,3
D,GAT+LSTM_no_adapt,wed,1524,0.0,0.5,,0.0,3
D,GAT+LSTM_no_adapt,wed,1525,0.0,0.5,,0.0,3
D,GAT+LSTM_no_adapt,wed,1526,0.0,0.5,,0.0,3
D,GAT+LSTM_no_adapt,wed,1527,0.0,0.5,,0.0,3
D,GAT+LSTM_no_adapt,wed,1528,0.0,0.5,,0.0,3
D,GAT+LSTM_no_adapt,wed,1529,0.0,0.5,,0.0,3
D,GAT+LSTM_no_adapt,wed,1530,0.0,0.5,,0.0,3
D,GAT+LSTM_no_adapt,wed,1531,0.0,0.5,,0.0,3
D,GAT+LSTM_no_adapt,wed,1532,0.0,0.5,,0.0,3
D,GAT+LSTM_no_adapt,wed,1533,0.0,0.5,,0.0,3
D,GAT+LSTM_no_adapt,wed,1534,0.0,0.5,,0.0,3
D,GAT+LSTM_no_adapt,wed,1535,0.0,0.5,,0.0,3
D,GAT+LSTM_no_adapt,wed,1536,0.0,0.5,,0.0,3
D,GAT+LSTM_no_adapt,wed,1537,0.0,0.5,,0.0,3
D,GAT+LSTM_no_adapt,wed,1538,0.0,0.5,,0.0,3
D,GAT+LSTM_no_adapt,wed,1539,0.0,0.5,,0.0,3
D,GAT+LSTM_no_adapt,wed,1540,0.0,0.5,,0.0,3
D,GAT+LSTM_no_adapt,wed,1541,0.0,0.5,,0.0,3
D,GAT+LSTM_no_adapt,wed,1542,0.0,0.5,,0.0,3
D,GAT+LSTM_no_adapt,wed,1543,0.0,0.5,,0.0,3
D,GAT+LSTM_no_adapt,wed,1544,0.0,0.5,,0.0,3
D,GAT+LSTM_no_adapt,wed,1545,0.0,0.5,,0.0,3
D,GAT+LSTM_no_adapt,wed,1546,0.0,0.5,,0.0,3
D,GAT+LSTM_no_adapt,wed,1547,0.0,0.5,,0.0,3
D,GAT+LSTM_no_adapt,wed,1548,0.0,0.5,,0.0,3
D,GAT+LSTM_no_adapt,wed,1549,0.0,0.5,,0.0,3
D,GAT+LSTM_no_adapt,wed,1550,0.0,0.5,,0.0,3
D,GAT+LSTM_no_adapt,wed,1551,0.0,0.5,,0.0,3
D,GAT+LSTM_no_adapt,wed,1552,0.0,0.5,,0.0,3
D,GAT+LSTM_no_adapt,wed,1553,0.0,0.5,,0.0,3
D,GAT+LSTM_no_adapt,wed,1554,0.0,0.5,,0.0,3
D,GAT+LSTM_no_adapt,wed,1555,0.0,0.5,,0.0,3
D,GAT+LSTM_no_adapt,wed,1556,0.0,0.5,,0.0,3
D,GAT+LSTM_no_adapt,wed,1557,0.0,0.5,,0.0,3
D,GAT+LSTM_no_adapt,wed,1558,0.0,0.5,,0.0,3
D,GAT+LSTM_no_adapt,wed,1559,0.0,0.5,,0.0,3
D,GAT+LSTM_no_adapt,wed,1560,0.0,0.5,,0.0,3
D,GAT+LSTM_no_adapt,wed,1561,0.0,0.5,,0.0,3
D,GAT+LSTM_no_adapt,wed,1562,0.0,0.5,,0.0,3
D,GAT+LSTM_no_adapt,wed,1563,0.0,0.5,,0.0,3
D,GAT+LSTM_no_adapt,wed,1564,0.0,0.5,,0.0,3
D,GAT+LSTM_no_adapt,wed,1565,0.0,0.5,,0.0,3
D,GAT+LSTM_no_adapt,wed,1566,0.0,0.5,,0.0,3
D,GAT+LSTM_no_adapt,wed,1567,0.0,0.5,,0.0,3
D,GAT+LSTM_no_adapt,wed,1568,0.0,0.5,,0.0,3
D,GAT+LSTM_no_adapt,wed,1569,0.0,0.5,,0.0,3
D,GAT+LSTM_no_adapt,wed,1570,0.0,0.025,0.0,0.0,3
D,GAT+LSTM_no_adapt,wed,1571,0.0,0.025,0.0,0.0,3
D,GAT+LSTM_no_adapt,wed,1572,0.0,0.025,0.0,0.0,3
D,GAT+LSTM_no_adapt,wed,1573,0.0,0.025,0.0,0.0,3
D,GAT+LSTM_no_adapt,wed,1574,0.0,0.025,0.0,0.0,3
D,GAT+LSTM_no_adapt,wed,1575,0.0,0.025,0.0,0.0,3
D,GAT+LSTM_no_adapt,wed,1576,0.0,0.025,0.0,0.0,3
D,GAT+LSTM_no_adapt,wed,1577,0.0,0.025,0.0,0.0,3
D,GAT+LSTM_no_adapt,wed,1578,0.0,0.025,0.0,0.0,3
D,GAT+LSTM_no_adapt,wed,1579,0.0,0.025,0.0,0.0,3
D,GAT+LSTM_no_adapt,wed,1580,0.0,0.025,0.0,0.0,3
D,GAT+LSTM_no_adapt,wed,1581,0.0,0.025,0.0,0.0,3
D,GAT+LSTM_no_adapt,wed,1582,0.0,0.025,0.0,0.0,3
D,GAT+LSTM_no_adapt,wed,1583,0.0,0.025,0.0,0.0,3
D,GAT+LSTM_no_adapt,wed,1584,0.0,0.025,0.0,0.0,3
D,GAT+LSTM_no_adapt,wed,1585,0.0,0.025,0.0,0.0,3
D,GAT+LSTM_no_adapt,wed,1586,0.0,0.025,0.0,0.0,3
D,GAT+LSTM_no_adapt,wed,1587,0.0,0.025,0.0,0.0,3
D,GAT+LSTM_no_adapt,wed,1588,0.0,0.025,0.0,0.0,3
D,GAT+LSTM_no_adapt,wed,1589,0.0,0.025,0.0,0.0,3
D,GAT+LSTM_no_adapt,wed,1590,0.0,0.5,,0.0,3
D,GAT+LSTM_no_adapt,wed,1591,0.0,0.5,,0.0,3
D,GAT+LSTM_no_adapt,wed,1592,0.0,0.5,,0.0,3
D,GAT+LSTM_no_adapt,wed,1593,0.0,0.5,,0.0,3
D,GAT+LSTM_no_adapt,wed,1594,0.0,0.5,,0.0,3
D,GAT+LSTM_no_adapt,wed,1595,0.0,0.5,,0.0,3
D,GAT+LSTM_no_adapt,wed,1596,0.0,0.5,,0.0,3
D,GAT+LSTM_no_adapt,wed,1597,0.0,0.5,,0.0,3
D,GAT+LSTM_no_adapt,wed,1598,0.0,0.5,,0.0,3
D,GAT+LSTM_no_adapt,wed,1599,0.0,0.5,,0.0,3
D,GAT+LSTM_no_adapt,wed,1600,0.0,0.5,,0.0,3
D,GAT+LSTM_no_adapt,wed,1601,0.0,0.5,,0.0,3
D,GAT+LSTM_no_adapt,wed,1602,0.0,0.5,,0.0,3
D,GAT+LSTM_no_adapt,wed,1603,0.0,0.5,,0.0,3
D,GAT+LSTM_no_adapt,wed,1604,0.0,0.5,,0.0,3
D,GAT+LSTM_no_adapt,wed,1605,0.0,0.5,,0.0,3
D,GAT+LSTM_no_adapt,wed,1606,0.0,0.5,,0.0,3
D,GAT+LSTM_no_adapt,wed,1607,0.0,0.5,,0.0,3
D,GAT+LSTM_no_adapt,wed,1608,0.0,0.5,,0.0,3
D,GAT+LSTM_no_adapt,wed,1609,0.0,0.5,,0.0,3
D,GAT+LSTM_no_adapt,wed,1610,0.0,0.5,,0.0,3
D,GAT+LSTM_no_adapt,wed,1611,0.0,0.5,,0.0,3
D,GAT+LSTM_no_adapt,wed,1612,0.0,0.5,,0.0,3
D,GAT+LSTM_no_adapt,wed,1613,0.0,0.5,,0.0,3
D,GAT+LSTM_no_adapt,wed,1614,0.0,0.5,,0.0,3
D,GAT+LSTM_no_adapt,wed,1615,0.0,0.5,,0.0,3
D,GAT+LSTM_no_adapt,wed,1616,0.0,0.5,,0.0,3
D,GAT+LSTM_no_adapt,wed,1617,0.0,0.5,,0.0,3
D,GAT+LSTM_no_adapt,wed,1618,0.0,0.5,,0.0,3
D,GAT+LSTM_no_adapt,wed,1619,0.0,0.5,,0.0,3
D,GAT+LSTM_no_adapt,wed,1620,0.0,0.5,,0.0,3
D,GAT+LSTM_no_adapt,wed,1621,0.0,0.5,,0.0,3
D,GAT+LSTM_no_adapt,wed,1622,0.0,0.5,,0.0,3
D,GAT+LSTM_no_adapt,wed,1623,0.0,0.5,,0.0,3
D,GAT+LSTM_no_adapt,wed,1624,0.0,0.5,,0.0,3
D,GAT+LSTM_no_adapt,wed,1625,0.0,0.5,,0.0,3
D,GAT+LSTM_no_adapt,wed,1626,0.0,0.5,,0.0,3
D,GAT+LSTM_no_adapt,wed,1627,0.0,0.5,,0.0,3
D,GAT+LSTM_no_adapt,wed,1628,0.0,0.5,,0.0,3
D,GAT+LSTM_no_adapt,wed,1629,0.0,0.5,,0.0,3
D,GAT+LSTM_no_adapt,wed,1630,0.0,0.5,,0.0,3
D,GAT+LSTM_no_adapt,wed,1631,0.0,0.5,,0.0,3
D,GAT+LSTM_no_adapt,wed,1632,0.0,0.5,,0.0,3
D,GAT+LSTM_no_adapt,wed,1633,0.0,0.5,,0.0,3
D,GAT+LSTM_no_adapt,wed,1634,0.0,0.5,,0.0,3
D,GAT+LSTM_no_adapt,wed,1635,0.0,0.5,,0.0,3
D,GAT+LSTM_no_adapt,wed,1636,0.0,0.5,,0.0,3
D,GAT+LSTM_no_adapt,wed,1637,0.0,0.5,,0.0,3
D,GAT+LSTM_no_adapt,wed,1638,0.0,0.5,,0.0,3
D,GAT+LSTM_no_adapt,wed,1639,0.0,0.5,,0.0,3
D,GAT+LSTM_no_adapt,wed,1640,0.0,0.5,,0.0,3
D,GAT+LSTM_no_adapt,wed,1641,0.0,0.5,,0.0,3
D,GAT+LSTM_no_adapt,wed,1642,0.0,0.5,,0.0,3
D,GAT+LSTM_no_adapt,wed,1643,0.0,0.5,,0.0,3
D,GAT+LSTM_no_adapt,wed,1644,0.0,0.5,,0.0,3
D,GAT+LSTM_no_adapt,wed,1645,0.0,0.5,,0.0,3
D,GAT+LSTM_no_adapt,wed,1646,0.0,0.5,,0.0,3
D,GAT+LSTM_no_adapt,wed,1647,0.0,0.5,,0.0,3
D,GAT+LSTM_no_adapt,wed,1648,0.0,0.5,,0.0,3
D,GAT+LSTM_no_adapt,wed,1649,0.0,0.5,,0.0,3
D,GAT+LSTM_no_adapt,wed,1650,0.0,0.5,,0.0,3
D,GAT+LSTM_no_adapt,wed,1651,0.0,0.5,,0.0,3
D,GAT+LSTM_no_adapt,wed,1652,0.0,0.5,,0.0,3
D,GAT+LSTM_no_adapt,wed,1653,0.0,0.5,,0.0,3
D,GAT+LSTM_no_adapt,wed,1654,0.0,0.5,,0.0,3
D,GAT+LSTM_no_adapt,wed,1655,0.0,0.5,,0.0,3
D,GAT+LSTM_no_adapt,wed,1656,0.0,0.5,,0.0,3
D,GAT+LSTM_no_adapt,wed,1657,0.0,0.5,,0.0,3
D,GAT+LSTM_no_adapt,wed,1658,0.0,0.5,,0.0,3
D,GAT+LSTM_no_adapt,wed,1659,0.0,0.5,,0.0,3
D,GAT+LSTM_no_adapt,wed,1660,0.0,0.5,,0.0,3
D,GAT+LSTM_no_adapt,wed,1661,0.0,0.5,,0.0,3
D,GAT+LSTM_no_adapt,wed,1662,0.0,0.5,,0.0,3
D,GAT+LSTM_no_adapt,wed,1663,0.0,0.5,,0.0,3
D,GAT+LSTM_no_adapt,wed,1664,0.0,0.5,,0.0,3
D,GAT+LSTM_no_adapt,wed,1665,0.0,0.5,,0.0,3
D,GAT+LSTM_no_adapt,wed,1666,0.0,0.5,,0.0,3
D,GAT+LSTM_no_adapt,wed,1667,0.0,0.5,,0.0,3
D,GAT+LSTM_no_adapt,wed,1668,0.0,0.08333333333333333,0.736842105263158,0.0,3
D,GAT+LSTM_no_adapt,wed,1669,0.0,0.08670343137254902,0.4444444444444444,0.0,3
D,GAT+LSTM_no_adapt,wed,1670,0.0,0.1146529124470301,0.39215686274509803,0.0,3
D,GAT+LSTM_no_adapt,wed,1671,0.0,0.16310185933347698,0.4375,0.0,3
D,GAT+LSTM_no_adapt,wed,1672,0.0,0.18761384040795806,0.3733333333333333,0.0,3
D,GAT+LSTM_no_adapt,wed,1673,0.0,0.2265042555483732,0.36904761904761907,0.0,3
D,GAT+LSTM_no_adapt,wed,1674,0.0,0.24170289573319206,0.2747252747252747,0.0,3
D,GAT+LSTM_no_adapt,wed,1675,0.0,0.2799702195164656,0.2708333333333333,0.0,3
D,GAT+LSTM_no_adapt,wed,1676,0.0,0.3206123437870084,0.2727272727272727,0.0,3
D,GAT+LSTM_no_adapt,wed,1677,0.0,0.3836779912553906,0.33,0.0,3
D,GAT+LSTM_no_adapt,wed,1678,0.0,0.4746710967598246,0.4141414141414142,0.0,3
D,GAT+LSTM_no_adapt,wed,1679,0.0,0.6275820180135195,0.4895833333333333,0.0,3
D,GAT+LSTM_no_adapt,wed,1680,0.0,0.7326549953380745,0.5494505494505495,0.0,3
D,GAT+LSTM_no_adapt,wed,1681,0.0,0.8002685677387136,0.5952380952380952,0.0,3
D,GAT+LSTM_no_adapt,wed,1682,0.0,0.8453484786340824,0.6399999999999999,0.0,3
D,GAT+LSTM_no_adapt,wed,1683,0.0,0.8857854641595934,0.6875,0.0,3
D,GAT+LSTM_no_adapt,wed,1684,0.0,0.9059274721312601,0.6274509803921569,0.0,3
D,GAT+LSTM_no_adapt,wed,1685,0.0,0.9303170664045278,0.5833333333333333,0.0,3
D,GAT+LSTM_no_adapt,wed,1686,0.0,0.994452139119729,0.8947368421052632,0.0,3
D,GAT+LSTM_no_adapt,wed,1687,0.0,1.0000000000000002,,0.0,3
D,GAT+LSTM_no_adapt,wed,1688,0.0,1.0000000000000002,,0.0,3
D,GAT+LSTM_no_adapt,wed,1689,0.0,1.0000000000000002,,0.0,3
D,GAT+LSTM_no_adapt,wed,1690,0.0,1.0000000000000002,,0.0,3
D,GAT+LSTM_no_adapt,wed,1691,0.0,1.0000000000000002,,0.0,3
D,GAT+LSTM_no_adapt,wed,1692,0.0,1.0000000000000002,,0.0,3
D,GAT+LSTM_no_adapt,wed,1693,0.0,1.0000000000000002,,0.0,3
D,GAT+LSTM_no_adapt,wed,1694,0.0,1.0000000000000002,,0.0,3
D,GAT+LSTM_no_adapt,wed,1695,0.0,1.0000000000000002,,0.0,3
D,GAT+LSTM_no_adapt,wed,1696,0.0,1.0000000000000002,,0.0,3
D,GAT+LSTM_no_adapt,wed,1697,0.0,1.0000000000000002,,0.0,3
D,GAT+LSTM_no_adapt,wed,1698,0.0,1.0000000000000002,,0.0,3
D,GAT+LSTM_no_adapt,wed,1699,0.0,1.0000000000000002,,0.0,3
D,GAT+LSTM_no_adapt,wed,1700,0.0,1.0000000000000002,,0.0,3
D,GAT+LSTM_no_adapt,wed,1701,0.0,1.0000000000000002,,0.0,3
D,GAT+LSTM_no_adapt,wed,1702,0.0,1.0000000000000002,,0.0,3
D,GAT+LSTM_no_adapt,wed,1703,0.0,1.0000000000000002,,0.0,3
D,GAT+LSTM_no_adapt,wed,1704,0.0,1.0000000000000002,,0.0,3
D,GAT+LSTM_no_adapt,wed,1705,0.0,1.0000000000000002,,0.0,3
D,GAT+LSTM_no_adapt,wed,1706,0.0,1.0000000000000002,,0.0,3
D,GAT+LSTM_no_adapt,wed,1707,0.0,1.0000000000000002,,0.0,3
D,GAT+LSTM_no_adapt,wed,1708,0.0,1.0000000000000002,,0.0,3
D,GAT+LSTM_no_adapt,wed,1709,0.0,1.0000000000000002,,0.0,3
D,GAT+LSTM_no_adapt,wed,1710,0.0,1.0000000000000002,,0.0,3
D,GAT+LSTM_no_adapt,wed,1711,0.0,1.0000000000000002,,0.0,3
D,GAT+LSTM_no_adapt,wed,1712,0.0,1.0000000000000002,,0.0,3
D,GAT+LSTM_no_adapt,wed,1713,0.0,1.0000000000000002,,0.0,3
D,GAT+LSTM_no_adapt,wed,1714,0.0,1.0000000000000002,,0.0,3
D,GAT+LSTM_no_adapt,wed,1715,0.0,1.0000000000000002,,0.0,3
D,GAT+LSTM_no_adapt,wed,1716,0.0,1.0000000000000002,,0.0,3
D,GAT+LSTM_no_adapt,wed,1717,0.0,1.0000000000000002,,0.0,3
D,GAT+LSTM_no_adapt,wed,1718,0.0,1.0000000000000002,,0.0,3
D,GAT+LSTM_no_adapt,wed,1719,0.0,1.0000000000000002,,0.0,3
D,GAT+LSTM_no_adapt,wed,1720,0.0,1.0000000000000002,,0.0,3
D,GAT+LSTM_no_adapt,wed,1721,0.0,1.0000000000000002,,0.0,3
D,GAT+LSTM_no_adapt,wed,1722,0.0,1.0000000000000002,,0.0,3
D,GAT+LSTM_no_adapt,wed,1723,0.0,1.0000000000000002,,0.0,3
D,GAT+LSTM_no_adapt,wed,1724,0.0,1.0000000000000002,,0.0,3
D,GAT+LSTM_no_adapt,wed,1725,0.0,1.0000000000000002,,0.0,3
D,GAT+LSTM_no_adapt,wed,1726,0.0,1.0000000000000002,,0.0,3
D,GAT+LSTM_no_adapt,wed,1727,0.0,1.0000000000000002,,0.0,3
D,GAT+LSTM_no_adapt,wed,1728,0.0,1.0000000000000002,,0.0,3
D,GAT+LSTM_no_adapt,wed,1729,0.0,1.0000000000000002,,0.0,3
D,GAT+LSTM_no_adapt,wed,1730,0.0,1.0000000000000002,,0.0,3
D,GAT+LSTM_no_adapt,wed,1731,0.0,1.0000000000000002,,0.0,3
D,GAT+LSTM_no_adapt,wed,1732,0.0,1.0000000000000002,,0.0,3
D,GAT+LSTM_no_adapt,wed,1733,0.0,1.0000000000000002,,0.0,3
D,GAT+LSTM_no_adapt,wed,1734,0.0,1.0000000000000002,,0.0,3
D,GAT+LSTM_no_adapt,wed,1735,0.0,1.0000000000000002,,0.0,3
D,GAT+LSTM_no_adapt,wed,1736,0.0,1.0000000000000002,,0.0,3
D,GAT+LSTM_no_adapt,wed,1737,0.0,1.0000000000000002,,0.0,3
D,GAT+LSTM_no_adapt,wed,1738,0.0,1.0000000000000002,,0.0,3
D,GAT+LSTM_no_adapt,wed,1739,0.0,1.0000000000000002,,0.0,3
D,GAT+LSTM_no_adapt,wed,1740,0.0,1.0000000000000002,,0.0,3
D,GAT+LSTM_no_adapt,wed,1741,0.0,1.0000000000000002,,0.0,3
D,GAT+LSTM_no_adapt,wed,1742,0.0,1.0000000000000002,,0.0,3
D,GAT+LSTM_no_adapt,wed,1743,0.0,1.0000000000000002,,0.0,3
D,GAT+LSTM_no_adapt,wed,1744,0.0,1.0000000000000002,,0.0,3
D,GAT+LSTM_no_adapt,wed,1745,0.0,1.0000000000000002,,0.0,3
D,GAT+LSTM_no_adapt,wed,1746,0.0,1.0000000000000002,,0.0,3
D,GAT+LSTM_no_adapt,wed,1747,0.0,1.0000000000000002,,0.0,3
D,GAT+LSTM_no_adapt,wed,1748,0.0,1.0000000000000002,,0.0,3
D,GAT+LSTM_no_adapt,wed,1749,0.0,1.0000000000000002,,0.0,3
D,GAT+LSTM_no_adapt,wed,1750,0.0,1.0000000000000002,,0.0,3
D,GAT+LSTM_no_adapt,wed,1751,0.0,1.0000000000000002,,0.0,3
D,GAT+LSTM_no_adapt,wed,1752,0.0,1.0000000000000002,,0.0,3
D,GAT+LSTM_no_adapt,wed,1753,0.0,1.0000000000000002,,0.0,3
D,GAT+LSTM_no_adapt,wed,1754,0.0,1.0000000000000002,,0.0,3
D,GAT+LSTM_no_adapt,wed,1755,0.0,1.0000000000000002,,0.0,3
D,GAT+LSTM_no_adapt,wed,1756,0.0,1.0000000000000002,,0.0,3
D,GAT+LSTM_no_adapt,wed,1757,0.0,1.0000000000000002,,0.0,3
D,GAT+LSTM_no_adapt,wed,1758,0.0,1.0000000000000002,,0.0,3
D,GAT+LSTM_no_adapt,wed,1759,0.0,1.0000000000000002,,0.0,3
D,GAT+LSTM_no_adapt,wed,1760,0.0,1.0000000000000002,,0.0,3
D,GAT+LSTM_no_adapt,wed,1761,0.0,1.0000000000000002,,0.0,3
D,GAT+LSTM_no_adapt,wed,1762,0.0,1.0000000000000002,,0.0,3
D,GAT+LSTM_no_adapt,wed,1763,0.0,1.0000000000000002,,0.0,3
D,GAT+LSTM_no_adapt,wed,1764,0.0,1.0000000000000002,,0.0,3
D,GAT+LSTM_no_adapt,wed,1765,0.0,1.0000000000000002,,0.0,3
D,GAT+LSTM_no_adapt,wed,1766,0.0,1.0000000000000002,,0.0,3
D,GAT+LSTM_no_adapt,wed,1767,0.0,1.0000000000000002,,0.0,3
D,GAT+LSTM_no_adapt,wed,1768,0.0,1.0000000000000002,,0.0,3
D,GAT+LSTM_no_adapt,wed,1769,0.0,1.0000000000000002,,0.0,3
D,GAT+LSTM_no_adapt,wed,1770,0.0,1.0000000000000002,,0.0,3
D,GAT+LSTM_no_adapt,wed,1771,0.0,1.0000000000000002,,0.0,3
D,GAT+LSTM_no_adapt,wed,1772,0.0,1.0000000000000002,,0.0,3
D,GAT+LSTM_no_adapt,wed,1773,0.0,1.0000000000000002,,0.0,3
D,GAT+LSTM_no_adapt,wed,1774,0.0,1.0000000000000002,,0.0,3
D,GAT+LSTM_no_adapt,wed,1775,0.0,1.0000000000000002,,0.0,3
D,GAT+LSTM_no_adapt,wed,1776,0.0,1.0000000000000002,,0.0,3
D,GAT+LSTM_no_adapt,wed,1777,0.0,1.0000000000000002,,0.0,3
D,GAT+LSTM_no_adapt,wed,1778,0.0,1.0000000000000002,,0.0,3
D,GAT+LSTM_no_adapt,wed,1779,0.0,1.0000000000000002,,0.0,3
D,GAT+LSTM_no_adapt,wed,1780,0.0,1.0000000000000002,,0.0,3
D,GAT+LSTM_no_adapt,wed,1781,0.0,1.0000000000000002,,0.0,3
D,GAT+LSTM_no_adapt,wed,1782,0.0,1.0000000000000002,,0.0,3
D,GAT+LSTM_no_adapt,wed,1783,0.0,1.0000000000000002,,0.0,3
D,GAT+LSTM_no_adapt,wed,1784,0.0,1.0000000000000002,,0.0,3
D,GAT+LSTM_no_adapt,wed,1785,0.0,1.0000000000000002,,0.0,3
D,GAT+LSTM_no_adapt,wed,1786,0.0,1.0000000000000002,,0.0,3
D,GAT+LSTM_no_adapt,wed,1787,0.0,1.0000000000000002,,0.0,3
D,GAT+LSTM_no_adapt,wed,1788,0.0,1.0000000000000002,,0.0,3
D,GAT+LSTM_no_adapt,wed,1789,0.0,1.0000000000000002,,0.0,3
D,GAT+LSTM_no_adapt,wed,1790,0.0,1.0000000000000002,,0.0,3
D,GAT+LSTM_no_adapt,wed,1791,0.0,1.0000000000000002,,0.0,3
D,GAT+LSTM_no_adapt,wed,1792,0.0,1.0000000000000002,,0.0,3
D,GAT+LSTM_no_adapt,wed,1793,0.0,1.0000000000000002,,0.0,3
D,GAT+LSTM_no_adapt,wed,1794,0.0,1.0000000000000002,,0.0,3
D,GAT+LSTM_no_adapt,wed,1795,0.0,1.0000000000000002,,0.0,3
D,GAT+LSTM_no_adapt,wed,1796,0.0,1.0000000000000002,,0.0,3
D,GAT+LSTM_no_adapt,wed,1797,0.0,1.0000000000000002,,0.0,3
D,GAT+LSTM_no_adapt,wed,1798,0.0,1.0000000000000002,,0.0,3
D,GAT+LSTM_no_adapt,wed,1799,0.0,1.0000000000000002,,0.0,3
D,GAT+LSTM_no_adapt,wed,1800,0.0,1.0000000000000002,,0.0,3
D,GAT+LSTM_no_adapt,wed,1801,0.0,1.0000000000000002,,0.0,3
D,GAT+LSTM_no_adapt,wed,1802,0.0,1.0000000000000002,,0.0,3
D,GAT+LSTM_no_adapt,wed,1803,0.0,1.0000000000000002,,0.0,3
D,GAT+LSTM_no_adapt,wed,1804,0.0,1.0000000000000002,,0.0,3
D,GAT+LSTM_no_adapt,wed,1805,0.0,1.0000000000000002,,0.0,3
D,GAT+LSTM_no_adapt,wed,1806,0.0,1.0000000000000002,,0.0,3
D,GAT+LSTM_no_adapt,wed,1807,0.0,1.0000000000000002,,0.0,3
D,GAT+LSTM_no_adapt,wed,1808,0.0,1.0000000000000002,,0.0,3
D,GAT+LSTM_no_adapt,wed,1809,0.0,1.0000000000000002,,0.0,3
D,GAT+LSTM_no_adapt,wed,1810,0.0,1.0000000000000002,,0.0,3
D,GAT+LSTM_no_adapt,wed,1811,0.0,1.0000000000000002,,0.0,3
D,GAT+LSTM_no_adapt,wed,1812,0.0,1.0000000000000002,,0.0,3
D,GAT+LSTM_no_adapt,wed,1813,0.0,1.0000000000000002,,0.0,3
D,GAT+LSTM_no_adapt,wed,1814,0.0,1.0000000000000002,,0.0,3
D,GAT+LSTM_no_adapt,wed,1815,0.0,1.0000000000000002,,0.0,3
D,GAT+LSTM_no_adapt,wed,1816,0.0,1.0000000000000002,,0.0,3
D,GAT+LSTM_no_adapt,wed,1817,0.0,1.0000000000000002,,0.0,3
D,GAT+LSTM_no_adapt,wed,1818,0.0,1.0000000000000002,,0.0,3
D,GAT+LSTM_no_adapt,wed,1819,0.0,1.0000000000000002,,0.0,3
D,GAT+LSTM_no_adapt,wed,1820,0.0,1.0000000000000002,,0.0,3
D,GAT+LSTM_no_adapt,wed,1821,0.0,1.0000000000000002,,0.0,3
D,GAT+LSTM_no_adapt,wed,1822,0.0,1.0000000000000002,,0.0,3
D,GAT+LSTM_no_adapt,wed,1823,0.0,1.0000000000000002,,0.0,3
D,GAT+LSTM_no_adapt,wed,1824,0.0,1.0000000000000002,,0.0,3
D,GAT+LSTM_no_adapt,wed,1825,0.0,1.0000000000000002,,0.0,3
D,GAT+LSTM_no_adapt,wed,1826,0.0,1.0000000000000002,,0.0,3
D,GAT+LSTM_no_adapt,wed,1827,0.0,1.0000000000000002,,0.0,3
D,GAT+LSTM_no_adapt,wed,1828,0.0,1.0000000000000002,,0.0,3
D,GAT+LSTM_no_adapt,wed,1829,0.0,1.0000000000000002,,0.0,3
D,GAT+LSTM_no_adapt,wed,1830,0.0,1.0000000000000002,,0.0,3
D,GAT+LSTM_no_adapt,wed,1831,0.0,1.0000000000000002,,0.0,3
D,GAT+LSTM_no_adapt,wed,1832,0.0,1.0000000000000002,,0.0,3
D,GAT+LSTM_no_adapt,thu_am,1833,0.0,0.997299168975069,0.9473684210526315,0.0,4
D,GAT+LSTM_no_adapt,thu_am,1834,0.0,0.9911210488093873,0.9166666666666666,0.0,4
D,GAT+LSTM_no_adapt,thu_am,1835,0.0,0.9763554467194515,0.8627450980392157,0.0,4
D,GAT+LSTM_no_adapt,thu_am,1836,0.0,0.949291055790185,0.796875,0.0,4
D,GAT+LSTM_no_adapt,thu_am,1837,0.0,0.7600201958057996,0.6266666666666666,0.0,4
D,GAT+LSTM_no_adapt,thu_am,1838,0.0,0.6508534986807873,0.5119047619047619,0.0,4
D,GAT+LSTM_no_adapt,thu_am,1839,0.0,0.5633534635365427,0.4285714285714286,0.0,4
D,GAT+LSTM_no_adapt,thu_am,1840,0.0,0.48904786697936853,0.3645833333333333,0.0,4
D,GAT+LSTM_no_adapt,thu_am,1841,0.0,0.4239594346845261,0.31313131313131315,0.0,4
D,GAT+LSTM_no_adapt,thu_am,1842,0.0,0.36585331593071535,0.27,0.0,4
D,GAT+LSTM_no_adapt,thu_am,1843,0.0,0.316551898059896,0.24242424242424243,0.0,4
D,GAT+LSTM_no_adapt,thu_am,1844,0.0,0.26901017261891874,0.21875,0.0,4
D,GAT+LSTM_no_adapt,thu_am,1845,0.0,0.2842879503966965,0.28125,0.0,4
D,GAT+LSTM_no_adapt,thu_am,1846,0.0,0.24042477959163053,0.2527472527472527,0.0,4
D,GAT+LSTM_no_adapt,thu_am,1847,0.0,0.27981871898557,0.32967032967032966,0.0,4
D,GAT+LSTM_no_adapt,thu_am,1848,0.0,0.28519667436352536,0.35164835164835156,0.0,4
D,GAT+LSTM_no_adapt,thu_am,1849,0.0,0.26039288655387727,0.3809523809523809,0.0,4
D,GAT+LSTM_no_adapt,thu_am,1850,0.0,0.2481805281921381,0.45333333333333337,0.0,4
D,GAT+LSTM_no_adapt,thu_am,1851,0.0,0.2657612562875721,0.52,0.0,4
D,GAT+LSTM_no_adapt,thu_am,1852,0.0,0.2682466364045311,0.5333333333333334,0.0,4
D,GAT+LSTM_no_adapt,thu_am,1853,0.0,0.2704686882318461,0.4166666666666667,0.0,4
D,GAT+LSTM_no_adapt,thu_am,1854,0.0,0.2835367762612344,0.34065934065934067,0.0,4
D,GAT+LSTM_no_adapt,thu_am,1855,0.0,0.30242689457085736,0.28125,0.0,4
D,GAT+LSTM_no_adapt,thu_am,1856,0.0,0.3258065726460979,0.23232323232323232,0.0,4
D,GAT+LSTM_no_adapt,thu_am,1857,0.0,0.35785585845183365,0.21000000000000002,0.0,4
D,GAT+LSTM_no_adapt,thu_am,1858,0.0,0.41611011068863585,0.21212121212121215,0.0,4
D,GAT+LSTM_no_adapt,thu_am,1859,0.0,0.4501751251557753,0.1875,0.0,4
D,GAT+LSTM_no_adapt,thu_am,1860,0.0,0.5842493532241091,0.25274725274725274,0.0,4
D,GAT+LSTM_no_adapt,thu_am,1861,0.0,0.6209877866003474,0.2380952380952381,0.0,4
D,GAT+LSTM_no_adapt,thu_am,1862,0.0,0.7110047703700955,0.2533333333333333,0.0,4
D,GAT+LSTM_no_adapt,thu_am,1863,0.0,0.7579063555553494,0.25,0.0,4
D,GAT+LSTM_no_adapt,thu_am,1864,0.0,0.7983330577029357,0.21568627450980393,0.0,4
D,GAT+LSTM_no_adapt,thu_am,1865,0.0,0.7664352985992943,0.1568627450980392,0.0,4
D,GAT+LSTM_no_adapt,thu_am,1866,0.0,0.8372881862432946,0.16666666666666666,0.0,4
D,GAT+LSTM_no_adapt,thu_am,1867,0.0,0.8062696677247762,0.1111111111111111,0.0,4
D,GAT+LSTM_no_adapt,thu_am,1868,0.0,0.7974733714284798,0.08333333333333333,0.0,4
D,GAT+LSTM_no_adapt,thu_am,1869,0.0,0.8996803689222621,0.10526315789473684,0.0,4
D,GAT+LSTM_no_adapt,thu_am,1870,0.0,1.0000000000000002,,0.0,4
D,GAT+LSTM_no_adapt,thu_am,1871,0.0,1.0000000000000002,,0.0,4
D,GAT+LSTM_no_adapt,thu_am,1872,0.0,1.0000000000000002,,0.0,4
D,GAT+LSTM_no_adapt,thu_am,1873,0.0,1.0000000000000002,,0.0,4
D,GAT+LSTM_no_adapt,thu_am,1874,0.0,1.0000000000000002,,0.0,4
D,GAT+LSTM_no_adapt,thu_am,1875,0.0,1.0000000000000002,,0.0,4
D,GAT+LSTM_no_adapt,thu_am,1876,0.0,1.0000000000000002,,0.0,4
D,GAT+LSTM_no_adapt,thu_am,1877,0.0,1.0000000000000002,,0.0,4
D,GAT+LSTM_no_adapt,thu_am,1878,0.0,1.0000000000000002,,0.0,4
D,GAT+LSTM_no_adapt,thu_am,1879,0.0,1.0000000000000002,,0.0,4
D,GAT+LSTM_no_adapt,thu_am,1880,0.0,1.0000000000000002,,0.0,4
D,GAT+LSTM_no_adapt,thu_am,1881,0.0,1.0000000000000002,,0.0,4
D,GAT+LSTM_no_adapt,thu_am,1882,0.0,1.0000000000000002,,0.0,4
D,GAT+LSTM_no_adapt,thu_am,1883,0.0,1.0000000000000002,,0.0,4
D,GAT+LSTM_no_adapt,thu_am,1884,0.0,1.0000000000000002,,0.0,4
D,GAT+LSTM_no_adapt,thu_am,1885,0.0,1.0000000000000002,,0.0,4
D,GAT+LSTM_no_adapt,thu_am,1886,0.0,1.0000000000000002,,0.0,4
D,GAT+LSTM_no_adapt,thu_am,1887,0.0,1.0000000000000002,,0.0,4
D,GAT+LSTM_no_adapt,thu_am,1888,0.0,1.0000000000000002,,0.0,4
D,GAT+LSTM_no_adapt,thu_am,1889,0.0,1.0000000000000002,,0.0,4
D,GAT+LSTM_no_adapt,thu_am,1890,0.0,1.0000000000000002,,0.0,4
D,GAT+LSTM_no_adapt,thu_am,1891,0.0,1.0000000000000002,,0.0,4
D,GAT+LSTM_no_adapt,thu_am,1892,0.0,1.0000000000000002,,0.0,4
D,GAT+LSTM_no_adapt,thu_am,1893,0.0,1.0000000000000002,,0.0,4
D,GAT+LSTM_no_adapt,thu_am,1894,0.0,1.0000000000000002,,0.0,4
D,GAT+LSTM_no_adapt,thu_am,1895,0.0,0.9685096390673218,0.5263157894736842,0.0,4
D,GAT+LSTM_no_adapt,thu_am,1896,0.0,0.9510537416755167,0.6111111111111112,0.0,4
D,GAT+LSTM_no_adapt,thu_am,1897,0.0,0.9297376824899135,0.6274509803921569,0.0,4
D,GAT+LSTM_no_adapt,thu_am,1898,0.0,0.9086592484957423,0.640625,0.0,4
D,GAT+LSTM_no_adapt,thu_am,1899,0.0,0.9032290167119887,0.6933333333333334,0.0,4
D,GAT+LSTM_no_adapt,thu_am,1900,0.0,0.9018320107149718,0.7380952380952381,0.0,4
D,GAT+LSTM_no_adapt,thu_am,1901,0.0,0.8742178787844421,0.7142857142857143,0.0,4
D,GAT+LSTM_no_adapt,thu_am,1902,0.0,0.6567981688289352,0.6041666666666666,0.0,4
D,GAT+LSTM_no_adapt,thu_am,1903,0.0,0.6653133804691468,0.6145833333333334,0.0,4
D,GAT+LSTM_no_adapt,thu_am,1904,0.0,0.6896784072480667,0.6770833333333334,0.0,4
D,GAT+LSTM_no_adapt,thu_am,1905,0.0,0.6896784072480667,0.6770833333333334,0.0,4
D,GAT+LSTM_no_adapt,thu_am,1906,0.0,0.6811631956078551,0.6666666666666667,0.0,4
D,GAT+LSTM_no_adapt,thu_am,1907,0.0,0.6811631956078551,0.6666666666666667,0.0,4
D,GAT+LSTM_no_adapt,thu_am,1908,0.0,0.7436631956078551,0.6770833333333334,0.0,4
D,GAT+LSTM_no_adapt,thu_am,1909,0.0,0.7436631956078551,0.6770833333333334,0.0,4
D,GAT+LSTM_no_adapt,thu_am,1910,0.0,0.7729795559903919,0.7395833333333334,0.0,4
D,GAT+LSTM_no_adapt,thu_am,1911,0.0,0.7466928797037157,0.6875,0.0,4
D,GAT+LSTM_no_adapt,thu_am,1912,0.0,0.7436631956078551,0.6770833333333334,0.0,4
D,GAT+LSTM_no_adapt,thu_am,1913,0.0,0.7729795559903919,0.7395833333333334,0.0,4
D,GAT+LSTM_no_adapt,thu_am,1914,0.0,0.7644643443501803,0.7291666666666666,0.0,4
D,GAT+LSTM_no_adapt,thu_am,1915,0.0,0.7942146389901807,0.7252747252747254,0.0,4
D,GAT+LSTM_no_adapt,thu_am,1916,0.0,0.815500554288701,0.7261904761904763,0.0,4
D,GAT+LSTM_no_adapt,thu_am,1917,0.0,0.7460862384458138,0.6190476190476191,0.0,4
D,GAT+LSTM_no_adapt,thu_am,1918,0.0,0.7306084243598064,0.5714285714285714,0.0,4
D,GAT+LSTM_no_adapt,thu_am,1919,0.0,0.7223320655706768,0.5357142857142857,0.0,4
D,GAT+LSTM_no_adapt,thu_am,1920,0.0,0.7422831434131744,0.49333333333333335,0.0,4
D,GAT+LSTM_no_adapt,thu_am,1921,0.0,0.7533874369739307,0.390625,0.0,4
D,GAT+LSTM_no_adapt,thu_am,1922,0.0,0.8541237539348083,0.47058823529411764,0.0,4
D,GAT+LSTM_no_adapt,thu_am,1923,0.0,0.8541237539348083,0.47058823529411764,0.0,4
D,GAT+LSTM_no_adapt,thu_am,1924,0.0,0.8482673450238273,0.59375,0.0,4
D,GAT+LSTM_no_adapt,thu_am,1925,0.0,0.7365507866746256,0.47999999999999987,0.0,4
D,GAT+LSTM_no_adapt,thu_am,1926,0.0,0.7040174740611493,0.48809523809523814,0.0,4
D,GAT+LSTM_no_adapt,thu_am,1927,0.0,0.6328987278499068,0.4285714285714286,0.0,4
D,GAT+LSTM_no_adapt,thu_am,1928,0.0,0.5197110083042746,0.4166666666666667,0.0,4
D,GAT+LSTM_no_adapt,thu_am,1929,0.0,0.48899958986505565,0.45454545454545453,0.0,4
D,GAT+LSTM_no_adapt,thu_am,1930,0.0,0.4288161374229486,0.42000000000000004,0.0,4
D,GAT+LSTM_no_adapt,thu_am,1931,0.0,0.3698970324099323,0.404040404040404,0.0,4
D,GAT+LSTM_no_adapt,thu_am,1932,0.0,0.34249813707534293,0.44791666666666663,0.0,4
D,GAT+LSTM_no_adapt,thu_am,1933,0.0,0.29793279782775584,0.4505494505494505,0.0,4
D,GAT+LSTM_no_adapt,thu_am,1934,0.0,0.2743484252675429,0.5,0.0,4
D,GAT+LSTM_no_adapt,thu_am,1935,0.0,0.22852043381455145,0.5066666666666667,0.0,4
D,GAT+LSTM_no_adapt,thu_am,1936,0.0,0.16310185933347698,0.4375,0.0,4
D,GAT+LSTM_no_adapt,thu_am,1937,0.0,0.16310185933347698,0.4375,0.0,4
D,GAT+LSTM_no_adapt,thu_am,1938,0.0,0.15561177996839762,0.40625,0.0,4
D,GAT+LSTM_no_adapt,thu_am,1939,0.0,0.1592747836314013,0.421875,0.0,4
D,GAT+LSTM_no_adapt,thu_am,1940,0.0,0.11169290948702715,0.37254901960784315,0.0,4
D,GAT+LSTM_no_adapt,thu_am,1941,0.0,0.09217171717171717,0.5,0.0,4
D,GAT+LSTM_no_adapt,thu_am,1942,0.0,0.05555555555555555,0.5789473684210527,0.0,4
D,GAT+LSTM_no_adapt,thu_am,1943,0.0,0.5,,0.0,4
D,GAT+LSTM_no_adapt,thu_am,1944,0.0,0.5,,0.0,4
D,GAT+LSTM_no_adapt,thu_am,1945,0.0,0.5,,0.0,4
D,GAT+LSTM_no_adapt,thu_am,1946,0.0,0.5,,0.0,4
D,GAT+LSTM_no_adapt,thu_am,1947,0.0,0.5,,0.0,4
D,GAT+LSTM_no_adapt,thu_am,1948,0.0,0.5,,0.0,4
D,GAT+LSTM_no_adapt,thu_am,1949,0.0,0.5,,0.0,4
D,GAT+LSTM_no_adapt,thu_am,1950,0.0,0.5,,0.0,4
D,GAT+LSTM_no_adapt,thu_am,1951,0.0,0.5,,0.0,4
D,GAT+LSTM_no_adapt,thu_am,1952,0.0,0.5,,0.0,4
D,GAT+LSTM_no_adapt,thu_am,1953,0.0,0.5,,0.0,4
D,GAT+LSTM_no_adapt,thu_am,1954,0.0,0.5,,0.0,4
D,GAT+LSTM_no_adapt,thu_am,1955,0.0,0.5,,0.0,4
D,GAT+LSTM_no_adapt,thu_am,1956,0.0,0.5,,0.0,4
D,GAT+LSTM_no_adapt,thu_am,1957,0.0,0.5,,0.0,4
D,GAT+LSTM_no_adapt,thu_am,1958,0.0,0.5,,0.0,4
D,GAT+LSTM_no_adapt,thu_am,1959,0.0,0.5,,0.0,4
D,GAT+LSTM_no_adapt,thu_am,1960,0.0,0.5,,0.0,4
D,GAT+LSTM_no_adapt,thu_am,1961,0.0,0.5,,0.0,4
D,GAT+LSTM_no_adapt,thu_am,1962,0.0,0.5,,0.0,4
D,GAT+LSTM_no_adapt,thu_am,1963,0.0,0.5,,0.0,4
D,GAT+LSTM_no_adapt,thu_am,1964,0.0,0.5,,0.0,4
D,GAT+LSTM_no_adapt,thu_am,1965,0.0,0.5,,0.0,4
D,GAT+LSTM_no_adapt,thu_am,1966,0.0,0.5,,0.0,4
D,GAT+LSTM_no_adapt,thu_am,1967,0.0,0.5,,0.0,4
D,GAT+LSTM_no_adapt,thu_am,1968,0.0,0.5,,0.0,4
D,GAT+LSTM_no_adapt,thu_am,1969,0.0,0.5,,0.0,4
D,GAT+LSTM_no_adapt,thu_am,1970,0.0,0.5,,0.0,4
D,GAT+LSTM_no_adapt,thu_am,1971,0.0,0.5,,0.0,4
D,GAT+LSTM_no_adapt,thu_am,1972,0.0,0.5,,0.0,4
D,GAT+LSTM_no_adapt,thu_am,1973,0.0,0.5,,0.0,4
D,GAT+LSTM_no_adapt,thu_am,1974,0.0,0.5,,0.0,4
D,GAT+LSTM_no_adapt,thu_am,1975,0.0,0.5,,0.0,4
D,GAT+LSTM_no_adapt,thu_am,1976,0.0,0.5,,0.0,4
D,GAT+LSTM_no_adapt,thu_am,1977,0.0,0.5,,0.0,4
D,GAT+LSTM_no_adapt,thu_am,1978,0.0,0.5,,0.0,4
D,GAT+LSTM_no_adapt,thu_am,1979,0.0,0.5,,0.0,4
D,GAT+LSTM_no_adapt,thu_am,1980,0.0,0.5,,0.0,4
D,GAT+LSTM_no_adapt,thu_am,1981,0.0,0.5,,0.0,4
D,GAT+LSTM_no_adapt,thu_am,1982,0.0,0.5,,0.0,4
D,GAT+LSTM_no_adapt,thu_am,1983,0.0,0.5,,0.0,4
D,GAT+LSTM_no_adapt,thu_am,1984,0.0,0.5,,0.0,4
D,GAT+LSTM_no_adapt,thu_am,1985,0.0,0.5,,0.0,4
D,GAT+LSTM_no_adapt,thu_am,1986,0.0,0.5,,0.0,4
D,GAT+LSTM_no_adapt,thu_am,1987,0.0,0.5,,0.0,4
D,GAT+LSTM_no_adapt,thu_am,1988,0.0,0.5,,0.0,4
D,GAT+LSTM_no_adapt,thu_am,1989,0.0,0.5,,0.0,4
D,GAT+LSTM_no_adapt,thu_am,1990,0.0,0.5,,0.0,4
D,GAT+LSTM_no_adapt,thu_am,1991,0.0,0.5,,0.0,4
D,GAT+LSTM_no_adapt,thu_am,1992,0.0,0.5,,0.0,4
D,GAT+LSTM_no_adapt,thu_am,1993,0.0,0.5,,0.0,4
D,GAT+LSTM_no_adapt,thu_am,1994,0.0,0.5,,0.0,4
D,GAT+LSTM_no_adapt,thu_am,1995,0.0,0.5,,0.0,4
D,GAT+LSTM_no_adapt,thu_am,1996,0.0,0.5,,0.0,4
D,GAT+LSTM_no_adapt,thu_am,1997,0.0,0.5,,0.0,4
D,GAT+LSTM_no_adapt,thu_pm,2444,0.0,0.5,,0.0,4
D,GAT+LSTM_no_adapt,thu_pm,2445,0.0,0.5,,0.0,4
D,GAT+LSTM_no_adapt,thu_pm,2446,0.0,0.5,,0.0,4
D,GAT+LSTM_no_adapt,thu_pm,2447,0.0,0.5,,0.0,4
D,GAT+LSTM_no_adapt,thu_pm,2448,0.0,0.5,,0.0,4
D,GAT+LSTM_no_adapt,thu_pm,2449,0.0,0.5,,0.0,4
D,GAT+LSTM_no_adapt,thu_pm,2450,0.0,0.5,,0.0,4
D,GAT+LSTM_no_adapt,thu_pm,2451,0.0,0.5,,0.0,4
D,GAT+LSTM_no_adapt,thu_pm,2452,0.0,0.5,,0.0,4
D,GAT+LSTM_no_adapt,thu_pm,2453,0.0,0.5,,0.0,4
D,GAT+LSTM_no_adapt,thu_pm,2454,0.0,0.5,,0.0,4
D,GAT+LSTM_no_adapt,thu_pm,2455,0.0,0.5,,0.0,4
D,GAT+LSTM_no_adapt,thu_pm,2456,0.0,0.5,,0.0,4
D,GAT+LSTM_no_adapt,thu_pm,2457,0.0,0.5,,0.0,4
D,GAT+LSTM_no_adapt,thu_pm,2458,0.0,0.5,,0.0,4
D,GAT+LSTM_no_adapt,thu_pm,2459,0.0,0.5,,0.0,4
D,GAT+LSTM_no_adapt,thu_pm,2460,0.0,0.5,,0.0,4
D,GAT+LSTM_no_adapt,thu_pm,2461,0.0,0.5,,0.0,4
D,GAT+LSTM_no_adapt,thu_pm,2462,0.0,0.5,,0.0,4
D,GAT+LSTM_no_adapt,thu_pm,2463,0.0,0.5,,0.0,4
D,GAT+LSTM_no_adapt,thu_pm,2464,0.0,0.5,,0.0,4
D,GAT+LSTM_no_adapt,thu_pm,2465,0.0,0.5,,0.0,4
D,GAT+LSTM_no_adapt,thu_pm,2466,0.0,0.5,,0.0,4
D,GAT+LSTM_no_adapt,thu_pm,2467,0.0,0.5,,0.0,4
D,GAT+LSTM_no_adapt,thu_pm,2468,0.0,0.5,,0.0,4
D,GAT+LSTM_no_adapt,thu_pm,2469,0.0,0.5,,0.0,4
D,GAT+LSTM_no_adapt,thu_pm,2470,0.0,0.5,,0.0,4
D,GAT+LSTM_no_adapt,thu_pm,2471,0.0,0.5,,0.0,4
D,GAT+LSTM_no_adapt,thu_pm,2472,0.0,0.5,,0.0,4
D,GAT+LSTM_no_adapt,thu_pm,2473,0.0,0.5,,0.0,4
D,GAT+LSTM_no_adapt,thu_pm,2474,0.0,0.5,,0.0,4
D,GAT+LSTM_no_adapt,thu_pm,2475,0.0,0.5,,0.0,4
D,GAT+LSTM_no_adapt,thu_pm,2476,0.0,0.5,,0.0,4
D,GAT+LSTM_no_adapt,thu_pm,2477,0.0,0.5,,0.0,4
D,GAT+LSTM_no_adapt,thu_pm,2478,0.0,0.5,,0.0,4
D,GAT+LSTM_no_adapt,thu_pm,2479,0.0,0.5,,0.0,4
D,GAT+LSTM_no_adapt,thu_pm,2480,0.0,0.5,,0.0,4
D,GAT+LSTM_no_adapt,thu_pm,2481,0.0,0.5,,0.0,4
D,GAT+LSTM_no_adapt,thu_pm,2482,0.0,0.5,,0.0,4
D,GAT+LSTM_no_adapt,thu_pm,2483,0.0,0.5,,0.0,4
D,GAT+LSTM_no_adapt,thu_pm,2484,0.0,0.5,,0.0,4
D,GAT+LSTM_no_adapt,thu_pm,2485,0.0,0.5,,0.0,4
D,GAT+LSTM_no_adapt,thu_pm,2486,0.0,0.5,,0.0,4
D,GAT+LSTM_no_adapt,thu_pm,2487,0.0,0.5,,0.0,4
D,GAT+LSTM_no_adapt,thu_pm,2488,0.0,0.5,,0.0,4
D,GAT+LSTM_no_adapt,thu_pm,2489,0.0,0.5,,0.0,4
D,GAT+LSTM_no_adapt,thu_pm,2490,0.0,0.5,,0.0,4
D,GAT+LSTM_no_adapt,thu_pm,2491,0.0,0.5,,0.0,4
D,GAT+LSTM_no_adapt,thu_pm,2492,0.0,0.5,,0.0,4
D,GAT+LSTM_no_adapt,thu_pm,2493,0.0,0.5,,0.05,4
D,GAT+LSTM_no_adapt,thu_pm,2494,0.0,0.5,,0.1,4
D,GAT+LSTM_no_adapt,thu_pm,2495,0.0,0.5,,0.15,4
D,GAT+LSTM_no_adapt,thu_pm,2496,0.0,0.5,,0.2,4
D,GAT+LSTM_no_adapt,thu_pm,2497,0.0,0.5,,0.25,4
D,GAT+LSTM_no_adapt,thu_pm,2498,0.0,0.5,,0.3,4
D,GAT+LSTM_no_adapt,thu_pm,2499,0.0,0.5,,0.3,4
D,GAT+LSTM_no_adapt,thu_pm,2500,0.0,0.5,,0.3,4
D,GAT+LSTM_no_adapt,thu_pm,2501,0.0,0.5,,0.3,4
D,GAT+LSTM_no_adapt,thu_pm,2502,0.0,0.5,,0.3,4
D,GAT+LSTM_no_adapt,thu_pm,2503,0.0,0.5,,0.3,4
D,GAT+LSTM_no_adapt,thu_pm,2504,0.0,0.5,,0.3,4
D,GAT+LSTM_no_adapt,thu_pm,2505,0.0,0.5,,0.3,4
D,GAT+LSTM_no_adapt,thu_pm,2506,0.0,0.5,,0.3,4
D,GAT+LSTM_no_adapt,thu_pm,2507,0.0,0.5,,0.3,4
D,GAT+LSTM_no_adapt,thu_pm,2508,0.0,0.029411764705882353,0.1578947368421053,0.3157894736842105,4
D,GAT+LSTM_no_adapt,thu_pm,2509,0.0,0.029411764705882353,0.1578947368421053,0.3157894736842105,4
D,GAT+LSTM_no_adapt,thu_pm,2510,0.0,0.06066176470588235,0.16666666666666663,0.3333333333333333,4
D,GAT+LSTM_no_adapt,thu_pm,2511,0.0,0.06066176470588235,0.16666666666666663,0.3333333333333333,4
D,GAT+LSTM_no_adapt,thu_pm,2512,0.0,0.06458333333333333,0.2222222222222222,0.3333333333333333,4
D,GAT+LSTM_no_adapt,thu_pm,2513,0.0,0.06458333333333333,0.2222222222222222,0.2777777777777778,4
D,GAT+LSTM_no_adapt,thu_pm,2514,0.0,0.11140873015873015,0.37254901960784315,0.23529411764705882,4
D,GAT+LSTM_no_adapt,thu_pm,2515,0.0,0.17648809523809525,0.46875,0.1875,4
D,GAT+LSTM_no_adapt,thu_pm,2516,0.0,0.25553571428571425,0.5466666666666666,0.13333333333333333,4
D,GAT+LSTM_no_adapt,thu_pm,2517,0.0,0.28601190476190474,0.5866666666666667,0.06666666666666667,4
D,GAT+LSTM_no_adapt,thu_pm,2518,0.0,0.3326785714285714,0.6266666666666667,0.0,4
D,GAT+LSTM_no_adapt,thu_pm,2519,0.0,0.6217261904761904,0.7261904761904763,0.0,4
D,GAT+LSTM_no_adapt,thu_pm,2520,0.0,0.6217261904761904,0.7261904761904763,0.0,4
D,GAT+LSTM_no_adapt,thu_pm,2521,0.0,0.5717261904761904,0.7023809523809523,0.0,4
D,GAT+LSTM_no_adapt,thu_pm,2522,0.0,0.5110119047619047,0.6666666666666667,0.0,4
D,GAT+LSTM_no_adapt,thu_pm,2523,0.0,0.5735444177671067,0.6813186813186813,0.0,4
D,GAT+LSTM_no_adapt,thu_pm,2524,0.0,0.6302302170868347,0.7083333333333334,0.0,4
D,GAT+LSTM_no_adapt,thu_pm,2525,0.0,0.6760387488328665,0.7272727272727273,0.0,4
D,GAT+LSTM_no_adapt,thu_pm,2526,0.0,0.7552396867838044,0.75,0.0,4
D,GAT+LSTM_no_adapt,thu_pm,2527,0.0,0.7359029369323487,0.71,0.0,4
D,GAT+LSTM_no_adapt,thu_pm,2528,0.0,0.7430037772684831,0.73,0.0,4
D,GAT+LSTM_no_adapt,thu_pm,2529,0.0,0.7300157474182947,0.6565656565656566,0.0,4
D,GAT+LSTM_no_adapt,thu_pm,2530,0.0,0.7462921759612936,0.74,0.0,4
D,GAT+LSTM_no_adapt,thu_pm,2531,0.0,0.7500054112554112,0.75,0.0,4
D,GAT+LSTM_no_adapt,thu_pm,2532,0.0,0.7500054112554112,0.75,0.0,4
D,GAT+LSTM_no_adapt,thu_pm,2533,0.0,0.7425124140565317,0.73,0.0,4
D,GAT+LSTM_no_adapt,thu_pm,2534,0.0,0.7387070990012168,0.7474747474747474,0.0,4
D,GAT+LSTM_no_adapt,thu_pm,2535,0.0,0.7417257528011204,0.7708333333333334,0.0,4
D,GAT+LSTM_no_adapt,thu_pm,2536,0.0,0.7321919152276295,0.7802197802197802,0.0,4
D,GAT+LSTM_no_adapt,thu_pm,2537,0.0,0.7409602302459446,0.8021978021978022,0.0,4
D,GAT+LSTM_no_adapt,thu_pm,2538,0.0,0.7511488511488511,0.8241758241758241,0.0,4
D,GAT+LSTM_no_adapt,thu_pm,2539,0.0,0.6555069930069929,0.8095238095238095,0.0,4
D,GAT+LSTM_no_adapt,thu_pm,2540,0.0,0.8249158249158248,0.869047619047619,0.0,4
D,GAT+LSTM_no_adapt,thu_pm,2541,0.0,0.8249158249158248,0.869047619047619,0.0,4
D,GAT+LSTM_no_adapt,thu_pm,2542,0.0,0.8249158249158248,0.869047619047619,0.0,4
D,GAT+LSTM_no_adapt,thu_pm,2543,0.0,0.7513636363636362,0.8266666666666667,0.0,4
D,GAT+LSTM_no_adapt,thu_pm,2544,0.0,0.5368686868686868,0.75,0.0,4
D,GAT+LSTM_no_adapt,thu_pm,2545,0.0,0.45715488215488215,0.6666666666666666,0.0,4
D,GAT+LSTM_no_adapt,thu_pm,2546,0.0,0.08939393939393939,0.4722222222222222,0.0,4
D,GAT+LSTM_no_adapt,thu_pm,2547,0.0,0.08939393939393939,0.4722222222222222,0.0,4
D,GAT+LSTM_no_adapt,thu_pm,2548,0.0,0.041666666666666664,0.42105263157894735,0.0,4
D,GAT+LSTM_no_adapt,thu_pm,2549,0.0,0.5,,0.0,4
D,GAT+LSTM_no_adapt,thu_pm,2550,0.0,0.5,,0.0,4
D,GAT+LSTM_no_adapt,thu_pm,2551,0.0,0.5,,0.0,4
D,GAT+LSTM_no_adapt,thu_pm,2552,0.0,0.5,,0.0,4
D,GAT+LSTM_no_adapt,thu_pm,2553,0.0,0.5,,0.0,4
D,GAT+LSTM_no_adapt,thu_pm,2554,0.0,0.038461538461538464,0.368421052631579,0.0,4
D,GAT+LSTM_no_adapt,thu_pm,2555,0.0,0.038461538461538464,0.368421052631579,0.0,4
D,GAT+LSTM_no_adapt,thu_pm,2556,0.0,0.03571428571428571,0.3157894736842105,0.0,4
D,GAT+LSTM_no_adapt,thu_pm,2557,0.0,0.03333333333333333,0.26315789473684215,0.0,4
D,GAT+LSTM_no_adapt,thu_pm,2558,0.0,0.03125,0.21052631578947367,0.0,4
D,GAT+LSTM_no_adapt,thu_pm,2559,0.0,0.06066176470588235,0.16666666666666663,0.0,4
D,GAT+LSTM_no_adapt,thu_pm,2560,0.0,0.057189542483660136,0.11111111111111116,0.0,4
D,GAT+LSTM_no_adapt,thu_pm,2561,0.0,0.057189542483660136,0.11111111111111116,0.0,4
D,GAT+LSTM_no_adapt,thu_pm,2562,0.0,0.057189542483660136,0.11111111111111116,0.05555555555555555,4
D,GAT+LSTM_no_adapt,thu_pm,2563,0.4,0.41074346405228757,0.4117647058823529,0.058823529411764705,4
D,GAT+LSTM_no_adapt,thu_pm,2564,0.3333333333333333,0.41074346405228757,0.4117647058823529,0.11764705882352941,4
D,GAT+LSTM_no_adapt,thu_pm,2565,0.2857142857142857,0.41074346405228757,0.4117647058823529,0.17647058823529413,4
D,GAT+LSTM_no_adapt,thu_pm,2566,0.25,0.16074346405228757,0.39215686274509803,0.23529411764705882,4
D,GAT+LSTM_no_adapt,thu_pm,2567,0.2222222222222222,0.1329656862745098,0.37254901960784315,0.29411764705882354,4
D,GAT+LSTM_no_adapt,thu_pm,2568,0.2,0.11907679738562091,0.3529411764705882,0.35294117647058826,4
D,GAT+LSTM_no_adapt,thu_pm,2569,0.3333333333333333,0.23127042483660132,0.5,0.375,4
D,GAT+LSTM_no_adapt,thu_pm,2570,0.3076923076923077,0.19585375816993464,0.46875,0.4375,4
D,GAT+LSTM_no_adapt,thu_pm,2571,0.2857142857142857,0.17531804388422034,0.4375,0.5,4
D,GAT+LSTM_no_adapt,thu_pm,2572,0.26666666666666666,0.1630454813504349,0.390625,0.5625,4
D,GAT+LSTM_no_adapt,thu_pm,2573,0.35294117647058826,0.40710526315789475,0.48,0.6,4
D,GAT+LSTM_no_adapt,thu_pm,2574,0.35294117647058826,0.2391812865497076,0.5625,0.625,4
D,GAT+LSTM_no_adapt,thu_pm,2575,0.3333333333333333,0.2391812865497076,0.5625,0.6875,4
D,GAT+LSTM_no_adapt,thu_pm,2576,0.3157894736842105,0.2391812865497076,0.5625,0.75,4
D,GAT+LSTM_no_adapt,thu_pm,2577,0.38095238095238093,0.2679718234981393,0.5466666666666667,0.8,4
D,GAT+LSTM_no_adapt,thu_pm,2578,0.36363636363636365,0.2572647527910686,0.52,0.8666666666666667,4
D,GAT+LSTM_no_adapt,thu_pm,2579,0.36363636363636365,0.2640151515151515,0.671875,0.875,4
D,GAT+LSTM_no_adapt,thu_pm,2580,0.34782608695652173,0.2640151515151515,0.671875,0.9375,4
D,GAT+LSTM_no_adapt,thu_pm,2581,0.3333333333333333,0.2640151515151515,0.671875,1.0,4
D,GAT+LSTM_no_adapt,thu_pm,2582,0.4,0.30180569430569426,0.6533333333333333,1.0,4
D,GAT+LSTM_no_adapt,thu_pm,2583,0.3333333333333333,0.28751352813852815,0.71875,1.0,4
D,GAT+LSTM_no_adapt,thu_pm,2584,0.3333333333333333,0.28751352813852815,0.71875,1.0,4
D,GAT+LSTM_no_adapt,thu_pm,2585,0.3333333333333333,0.28146749084249084,0.703125,1.0,4
D,GAT+LSTM_no_adapt,thu_pm,2586,0.3333333333333333,0.31474567099567097,0.75,1.0,4
D,GAT+LSTM_no_adapt,thu_pm,2587,0.3333333333333333,0.32194264069264067,0.765625,1.0,4
D,GAT+LSTM_no_adapt,thu_pm,2588,0.4,0.40164502164502164,0.7866666666666666,1.0,4
D,GAT+LSTM_no_adapt,thu_pm,2589,0.3333333333333333,0.33221049783549783,0.765625,1.0,4
D,GAT+LSTM_no_adapt,thu_pm,2590,0.3333333333333333,0.386525974025974,0.796875,1.0,4
D,GAT+LSTM_no_adapt,thu_pm,2591,0.3333333333333333,0.40378787878787875,0.8125,1.0,4
D,GAT+LSTM_no_adapt,thu_pm,2592,0.3333333333333333,0.40378787878787875,0.8125,1.0,4
D,GAT+LSTM_no_adapt,thu_pm,2593,0.2608695652173913,0.22323232323232323,0.7254901960784313,1.0,4
D,GAT+LSTM_no_adapt,thu_pm,2594,0.3333333333333333,0.5912878787878788,0.828125,1.0,4
D,GAT+LSTM_no_adapt,thu_pm,2595,0.3333333333333333,0.5251623376623377,0.78125,1.0,4
D,GAT+LSTM_no_adapt,thu_pm,2596,0.3333333333333333,0.5251623376623377,0.78125,1.0,4
D,GAT+LSTM_no_adapt,thu_pm,2597,0.2608695652173913,0.5992063492063492,0.8823529411764706,1.0,4
D,GAT+LSTM_no_adapt,thu_pm,2598,0.3333333333333333,0.5191163003663004,0.765625,1.0,4
D,GAT+LSTM_no_adapt,thu_pm,2599,0.3333333333333333,0.5013163919413919,0.734375,1.0,4
D,GAT+LSTM_no_adapt,thu_pm,2600,0.3333333333333333,0.4642857142857143,0.6875,1.0,4
D,GAT+LSTM_no_adapt,thu_pm,2601,0.4,0.5085714285714286,0.72,1.0,4
D,GAT+LSTM_no_adapt,thu_pm,2602,0.3333333333333333,0.5095238095238095,0.734375,1.0,4
D,GAT+LSTM_no_adapt,thu_pm,2603,0.3333333333333333,0.49300595238095235,0.703125,1.0,4
D,GAT+LSTM_no_adapt,thu_pm,2604,0.3333333333333333,0.4896052170868347,0.6875,1.0,4
D,GAT+LSTM_no_adapt,thu_pm,2605,0.3333333333333333,0.4799325980392157,0.671875,1.0,4
D,GAT+LSTM_no_adapt,thu_pm,2606,0.4,0.4410690943043884,0.5733333333333334,1.0,4
D,GAT+LSTM_no_adapt,thu_pm,2607,0.4,0.4379738562091503,0.56,1.0,4
D,GAT+LSTM_no_adapt,thu_pm,2608,0.3333333333333333,0.44987307422969186,0.578125,1.0,4
D,GAT+LSTM_no_adapt,thu_pm,2609,0.3333333333333333,0.45303241488903256,0.59375,1.0,4
D,GAT+LSTM_no_adapt,thu_pm,2610,0.3333333333333333,0.44987307422969186,0.578125,1.0,4
D,GAT+LSTM_no_adapt,thu_pm,2611,0.4,0.43311306340718103,0.56,1.0,4
D,GAT+LSTM_no_adapt,thu_pm,2612,0.4,0.43311306340718103,0.56,1.0,4
D,GAT+LSTM_no_adapt,thu_pm,2613,0.4,0.4784539072039072,0.6133333333333334,1.0,4
D,GAT+LSTM_no_adapt,thu_pm,2614,0.3333333333333333,0.21183226495726498,0.53125,1.0,4
D,GAT+LSTM_no_adapt,thu_pm,2615,0.3333333333333333,0.399332264957265,0.546875,1.0,4
D,GAT+LSTM_no_adapt,thu_pm,2616,0.4,0.3930045607986784,0.52,1.0,4
D,GAT+LSTM_no_adapt,thu_pm,2617,0.4,0.3863468720821662,0.49333333333333335,1.0,4
D,GAT+LSTM_no_adapt,thu_pm,2618,0.3333333333333333,0.4187996031746032,0.609375,1.0,4
D,GAT+LSTM_no_adapt,thu_pm,2619,0.3333333333333333,0.4365842490842491,0.65625,1.0,4
D,GAT+LSTM_no_adapt,thu_pm,2620,0.3333333333333333,0.4588484432234432,0.703125,1.0,4
D,GAT+LSTM_no_adapt,thu_pm,2621,0.2608695652173913,0.17514430014430013,0.6274509803921569,1.0,4
D,GAT+LSTM_no_adapt,thu_pm,2622,0.3333333333333333,0.2265151515151515,0.625,1.0,4
D,GAT+LSTM_no_adapt,thu_pm,2623,0.3333333333333333,0.24734848484848482,0.65625,1.0,4
D,GAT+LSTM_no_adapt,thu_pm,2624,0.3333333333333333,0.2577651515151515,0.671875,1.0,4
D,GAT+LSTM_no_adapt,thu_pm,2625,0.3333333333333333,0.2577651515151515,0.671875,1.0,4
D,GAT+LSTM_no_adapt,thu_pm,2626,0.2608695652173913,0.21641414141414142,0.7058823529411764,1.0,4
D,GAT+LSTM_no_adapt,thu_pm,2627,0.3333333333333333,0.24318181818181814,0.65625,1.0,4
D,GAT+LSTM_no_adapt,thu_pm,2628,0.3333333333333333,0.2219030969030969,0.609375,1.0,4
D,GAT+LSTM_no_adapt,thu_pm,2629,0.3333333333333333,0.1945970695970696,0.546875,1.0,4
D,GAT+LSTM_no_adapt,thu_pm,2630,0.3333333333333333,0.18264270451770453,0.515625,1.0,4
D,GAT+LSTM_no_adapt,thu_pm,2631,0.2608695652173913,0.13000194250194252,0.47058823529411764,1.0,4
D,GAT+LSTM_no_adapt,thu_pm,2632,0.3333333333333333,0.1576788101604278,0.40625,1.0,4
D,GAT+LSTM_no_adapt,thu_pm,2633,0.3333333333333333,0.154666146761735,0.390625,1.0,4
D,GAT+LSTM_no_adapt,thu_pm,2634,0.3333333333333333,0.14560194707253532,0.34375,1.0,4
D,GAT+LSTM_no_adapt,thu_pm,2635,0.3333333333333333,0.154666146761735,0.390625,1.0,4
D,GAT+LSTM_no_adapt,thu_pm,2636,0.3333333333333333,0.13524769756387406,0.28125,1.0,4
D,GAT+LSTM_no_adapt,thu_pm,2637,0.3333333333333333,0.14573120915032678,0.34375,1.0,4
D,GAT+LSTM_no_adapt,thu_pm,2638,0.3333333333333333,0.15188492063492065,0.375,1.0,4
D,GAT+LSTM_no_adapt,thu_pm,2639,0.3333333333333333,0.15188492063492065,0.375,1.0,4
D,GAT+LSTM_no_adapt,thu_pm,2640,0.34782608695652173,0.15188492063492065,0.375,0.9375,4
D,GAT+LSTM_no_adapt,thu_pm,2641,0.36363636363636365,0.1589133089133089,0.40625,0.875,4
D,GAT+LSTM_no_adapt,thu_pm,2642,0.3,0.1194037444037444,0.4117647058823529,0.8235294117647058,4
D,GAT+LSTM_no_adapt,thu_pm,2643,0.3157894736842105,0.13000194250194252,0.47058823529411764,0.7647058823529411,4
D,GAT+LSTM_no_adapt,thu_pm,2644,0.3333333333333333,0.14274891774891776,0.5294117647058824,0.7058823529411765,4
D,GAT+LSTM_no_adapt,thu_pm,2645,0.35294117647058826,0.1584175084175084,0.5882352941176471,0.6470588235294118,4
D,GAT+LSTM_no_adapt,thu_pm,2646,0.375,0.17824074074074073,0.6470588235294118,0.5882352941176471,4
D,GAT+LSTM_no_adapt,thu_pm,2647,0.2857142857142857,0.11805555555555555,0.6111111111111112,0.5555555555555556,4
D,GAT+LSTM_no_adapt,thu_pm,2648,0.3076923076923077,0.13392857142857142,0.6666666666666667,0.5,4
D,GAT+LSTM_no_adapt,thu_pm,2649,0.3333333333333333,0.15476190476190474,0.7222222222222222,0.4444444444444444,4
D,GAT+LSTM_no_adapt,thu_pm,2650,0.36363636363636365,0.18333333333333335,0.7777777777777778,0.3888888888888889,4
D,GAT+LSTM_no_adapt,thu_pm,2651,0.4,0.225,0.8333333333333334,0.3333333333333333,4
D,GAT+LSTM_no_adapt,thu_pm,2652,0.25,0.125,0.8421052631578947,0.3157894736842105,4
D,GAT+LSTM_no_adapt,thu_pm,2653,0.2857142857142857,0.16666666666666666,0.8947368421052632,0.2631578947368421,4
D,GAT+LSTM_no_adapt,thu_pm,2654,0.3333333333333333,0.25,0.9473684210526316,0.21052631578947367,4
D,GAT+LSTM_no_adapt,thu_pm,2655,0.4,1.0,1.0,0.15789473684210525,4
D,GAT+LSTM_no_adapt,thu_pm,2656,0.0,0.5,,0.15,4
D,GAT+LSTM_no_adapt,thu_pm,2657,0.0,0.5,,0.1,4
D,GAT+LSTM_no_adapt,thu_pm,2658,0.0,0.5,,0.05,4
D,GAT+LSTM_no_adapt,thu_pm,2659,0.0,0.5,,0.0,4
D,GAT+LSTM_no_adapt,thu_pm,2660,0.0,0.5,,0.0,4
D,GAT+LSTM_no_adapt,thu_pm,2661,0.0,0.5,,0.0,4
D,GAT+LSTM_no_adapt,thu_pm,2662,0.0,0.5,,0.0,4
D,GAT+LSTM_no_adapt,thu_pm,2663,0.0,0.5,,0.0,4
D,GAT+LSTM_no_adapt,thu_pm,2664,0.0,0.5,,0.0,4
D,GAT+LSTM_no_adapt,thu_pm,2665,0.0,0.5,,0.0,4
D,GAT+LSTM_no_adapt,thu_pm,2666,0.0,0.5,,0.0,4
D,GAT+LSTM_no_adapt,thu_pm,2667,0.0,0.5,,0.0,4
D,GAT+LSTM_no_adapt,thu_pm,2668,0.0,0.5,,0.0,4
D,GAT+LSTM_no_adapt,thu_pm,2669,0.0,0.5,,0.05,4
D,GAT+LSTM_no_adapt,thu_pm,2670,0.0,0.5,,0.1,4
D,GAT+LSTM_no_adapt,thu_pm,2671,0.0,0.5,,0.15,4
D,GAT+LSTM_no_adapt,thu_pm,2672,0.0,0.5,,0.2,4
D,GAT+LSTM_no_adapt,thu_pm,2673,0.0,0.5,,0.2,4
D,GAT+LSTM_no_adapt,thu_pm,2674,0.0,0.5,,0.2,4
D,GAT+LSTM_no_adapt,thu_pm,2675,0.0,0.5,,0.2,4
D,GAT+LSTM_no_adapt,thu_pm,2676,0.0,0.5,,0.2,4
D,GAT+LSTM_no_adapt,thu_pm,2677,0.0,0.5,,0.2,4
D,GAT+LSTM_no_adapt,thu_pm,2678,0.0,0.5,,0.2,4
D,GAT+LSTM_no_adapt,thu_pm,2679,0.0,0.5,,0.2,4
D,GAT+LSTM_no_adapt,thu_pm,2680,0.0,0.5,,0.2,4
D,GAT+LSTM_no_adapt,thu_pm,2681,0.0,0.5,,0.2,4
D,GAT+LSTM_no_adapt,thu_pm,2682,0.0,0.5,,0.2,4
D,GAT+LSTM_no_adapt,thu_pm,2683,0.0,0.5,,0.2,4
D,GAT+LSTM_no_adapt,thu_pm,2684,0.0,0.5,,0.2,4
D,GAT+LSTM_no_adapt,thu_pm,2685,0.0,0.5,,0.2,4
D,GAT+LSTM_no_adapt,thu_pm,2686,0.0,0.5,,0.2,4
D,GAT+LSTM_no_adapt,thu_pm,2687,0.0,0.5,,0.2,4
D,GAT+LSTM_no_adapt,thu_pm,2688,0.0,0.5,,0.2,4
D,GAT+LSTM_no_adapt,thu_pm,2689,0.0,0.5,,0.15,4
D,GAT+LSTM_no_adapt,thu_pm,2690,0.0,0.5,,0.1,4
D,GAT+LSTM_no_adapt,thu_pm,2691,0.0,0.5,,0.05,4
D,GAT+LSTM_no_adapt,thu_pm,2692,0.0,0.5,,0.0,4
D,GAT+LSTM_no_adapt,thu_pm,2693,0.0,0.5,,0.0,4
D,GAT+LSTM_no_adapt,thu_pm,2694,0.0,0.5,,0.0,4
D,GAT+LSTM_no_adapt,thu_pm,2695,0.0,0.5,,0.0,4
D,GAT+LSTM_no_adapt,thu_pm,2696,0.0,0.5,,0.0,4
D,GAT+LSTM_no_adapt,fri_am,3055,0.0,0.5,,0.0,5
D,GAT+LSTM_no_adapt,fri_am,3056,0.0,0.5,,0.0,5
D,GAT+LSTM_no_adapt,fri_am,3057,0.0,0.5,,0.0,5
D,GAT+LSTM_no_adapt,fri_am,3058,0.0,0.5,,0.0,5
D,GAT+LSTM_no_adapt,fri_am,3059,0.0,0.5,,0.0,5
D,GAT+LSTM_no_adapt,fri_am,3060,0.0,0.5,,0.0,5
D,GAT+LSTM_no_adapt,fri_am,3061,0.0,0.5,,0.0,5
D,GAT+LSTM_no_adapt,fri_am,3062,0.0,0.5,,0.0,5
D,GAT+LSTM_no_adapt,fri_am,3063,0.0,0.5,,0.0,5
D,GAT+LSTM_no_adapt,fri_am,3064,0.0,0.5,,0.0,5
D,GAT+LSTM_no_adapt,fri_am,3065,0.0,0.5,,0.0,5
D,GAT+LSTM_no_adapt,fri_am,3066,0.0,0.5,,0.0,5
D,GAT+LSTM_no_adapt,fri_am,3067,0.0,0.5,,0.0,5
D,GAT+LSTM_no_adapt,fri_am,3068,0.0,0.5,,0.0,5
D,GAT+LSTM_no_adapt,fri_am,3069,0.0,0.5,,0.0,5
D,GAT+LSTM_no_adapt,fri_am,3070,0.0,0.5,,0.0,5
D,GAT+LSTM_no_adapt,fri_am,3071,0.0,0.5,,0.0,5
D,GAT+LSTM_no_adapt,fri_am,3072,0.0,0.5,,0.0,5
D,GAT+LSTM_no_adapt,fri_am,3073,0.0,0.5,,0.0,5
D,GAT+LSTM_no_adapt,fri_am,3074,0.0,0.5,,0.0,5
D,GAT+LSTM_no_adapt,fri_am,3075,0.0,0.5,,0.0,5
D,GAT+LSTM_no_adapt,fri_am,3076,0.0,0.5,,0.0,5
D,GAT+LSTM_no_adapt,fri_am,3077,0.0,0.5,,0.0,5
D,GAT+LSTM_no_adapt,fri_am,3078,0.0,0.08333333333333333,0.736842105263158,0.0,5
D,GAT+LSTM_no_adapt,fri_am,3079,0.0,0.08670343137254902,0.4444444444444444,0.0,5
D,GAT+LSTM_no_adapt,fri_am,3080,0.0,0.08958333333333332,0.4722222222222222,0.0,5
D,GAT+LSTM_no_adapt,fri_am,3081,0.0,0.08363095238095238,0.4444444444444444,0.0,5
D,GAT+LSTM_no_adapt,fri_am,3082,0.0,0.08363095238095238,0.4444444444444444,0.0,5
D,GAT+LSTM_no_adapt,fri_am,3083,0.0,0.08363095238095238,0.4444444444444444,0.0,5
D,GAT+LSTM_no_adapt,fri_am,3084,0.0,0.09285714285714286,0.5,0.0,5
D,GAT+LSTM_no_adapt,fri_am,3085,0.0,0.0966117216117216,0.5277777777777778,0.0,5
D,GAT+LSTM_no_adapt,fri_am,3086,0.0,0.1092948717948718,0.5833333333333333,0.0,5
D,GAT+LSTM_no_adapt,fri_am,3087,0.0,0.12179487179487179,0.6111111111111112,0.0,5
D,GAT+LSTM_no_adapt,fri_am,3088,0.0,0.1477272727272727,0.6666666666666666,0.0,5
D,GAT+LSTM_no_adapt,fri_am,3089,0.0,0.19545454545454546,0.7222222222222222,0.0,5
D,GAT+LSTM_no_adapt,fri_am,3090,0.0,0.20277777777777778,0.75,0.0,5
D,GAT+LSTM_no_adapt,fri_am,3091,0.0,0.21180555555555555,0.7777777777777779,0.0,5
D,GAT+LSTM_no_adapt,fri_am,3092,0.0,0.2232142857142857,0.8055555555555556,0.0,5
D,GAT+LSTM_no_adapt,fri_am,3093,0.0,0.18154761904761904,0.7777777777777779,0.0,5
D,GAT+LSTM_no_adapt,fri_am,3094,0.0,0.18154761904761904,0.7777777777777779,0.0,5
D,GAT+LSTM_no_adapt,fri_am,3095,0.0,0.18154761904761904,0.7777777777777779,0.0,5
D,GAT+LSTM_no_adapt,fri_am,3096,0.0,0.18154761904761904,0.7777777777777779,0.0,5
D,GAT+LSTM_no_adapt,fri_am,3097,0.0,0.18154761904761904,0.7777777777777779,0.0,5
D,GAT+LSTM_no_adapt,fri_am,3098,0.0,0.0625,0.631578947368421,0.0,5
D,GAT+LSTM_no_adapt,fri_am,3099,0.0,0.5,,0.0,5
D,GAT+LSTM_no_adapt,fri_am,3100,0.0,0.5,,0.0,5
D,GAT+LSTM_no_adapt,fri_am,3101,0.0,0.5,,0.0,5
D,GAT+LSTM_no_adapt,fri_am,3102,0.0,0.5,,0.0,5
D,GAT+LSTM_no_adapt,fri_am,3103,0.0,0.5,,0.0,5
D,GAT+LSTM_no_adapt,fri_am,3104,0.0,0.5,,0.0,5
D,GAT+LSTM_no_adapt,fri_am,3105,0.0,0.5,,0.0,5
D,GAT+LSTM_no_adapt,fri_am,3106,0.0,0.5,,0.0,5
D,GAT+LSTM_no_adapt,fri_am,3107,0.0,0.5,,0.0,5
D,GAT+LSTM_no_adapt,fri_am,3108,0.0,0.5,,0.0,5
D,GAT+LSTM_no_adapt,fri_am,3109,0.0,0.5,,0.0,5
D,GAT+LSTM_no_adapt,fri_am,3110,0.0,0.041666666666666664,0.42105263157894735,0.0,5
D,GAT+LSTM_no_adapt,fri_am,3111,0.0,0.10096153846153846,0.5555555555555556,0.0,5
D,GAT+LSTM_no_adapt,fri_am,3112,0.0,0.16452991452991453,0.588235294117647,0.0,5
D,GAT+LSTM_no_adapt,fri_am,3113,0.0,0.25146520146520146,0.65625,0.0,5
D,GAT+LSTM_no_adapt,fri_am,3114,0.0,0.3393406593406594,0.7066666666666668,0.0,5
D,GAT+LSTM_no_adapt,fri_am,3115,0.0,0.39501424501424504,0.7142857142857144,0.0,5
D,GAT+LSTM_no_adapt,fri_am,3116,0.0,0.4370464852607709,0.7032967032967032,0.0,5
D,GAT+LSTM_no_adapt,fri_am,3117,0.0,0.488284632034632,0.7083333333333333,0.0,5
D,GAT+LSTM_no_adapt,fri_am,3118,0.0,0.6071919592752926,0.7777777777777778,0.0,5
D,GAT+LSTM_no_adapt,fri_am,3119,0.0,0.8606511544011544,0.87,0.0,5
D,GAT+LSTM_no_adapt,fri_am,3120,0.0,0.8915641807687262,0.8787878787878787,0.0,5
D,GAT+LSTM_no_adapt,fri_am,3121,0.0,0.9205657768157768,0.8958333333333333,0.0,5
D,GAT+LSTM_no_adapt,fri_am,3122,0.0,0.9373851042120271,0.901098901098901,0.0,5
D,GAT+LSTM_no_adapt,fri_am,3123,0.0,0.9507387453816024,0.9047619047619049,0.0,5
D,GAT+LSTM_no_adapt,fri_am,3124,0.0,0.9956944444444444,0.9866666666666667,0.0,5
D,GAT+LSTM_no_adapt,fri_am,3125,0.0,0.992172181372549,0.96875,0.0,5
D,GAT+LSTM_no_adapt,fri_am,3126,0.0,0.9862686922034036,0.9215686274509803,0.0,5
D,GAT+LSTM_no_adapt,fri_am,3127,0.0,0.981329788250583,0.8333333333333333,0.0,5
D,GAT+LSTM_no_adapt,fri_am,3128,0.0,0.9914421631995363,0.8421052631578947,0.0,5
D,GAT+LSTM_no_adapt,fri_am,3129,0.0,1.0000000000000002,,0.0,5
D,GAT+LSTM_no_adapt,fri_am,3130,0.0,0.9773122399751859,0.631578947368421,0.0,5
D,GAT+LSTM_no_adapt,fri_am,3131,0.0,0.9773122399751859,0.631578947368421,0.0,5
D,GAT+LSTM_no_adapt,fri_am,3132,0.0,0.9659370677720782,0.7222222222222223,0.0,5
D,GAT+LSTM_no_adapt,fri_am,3133,0.0,0.9588163033368826,0.7843137254901961,0.0,5
D,GAT+LSTM_no_adapt,fri_am,3134,0.0,0.9524621466071111,0.7450980392156863,0.0,5
D,GAT+LSTM_no_adapt,fri_am,3135,0.0,0.9468471733450791,0.7254901960784315,0.0,5
D,GAT+LSTM_no_adapt,fri_am,3136,0.0,0.9339224634913035,0.6666666666666666,0.0,5
D,GAT+LSTM_no_adapt,fri_am,3137,0.0,0.922964875327833,0.6274509803921569,0.0,5
D,GAT+LSTM_no_adapt,fri_am,3138,0.0,0.9107846535887877,0.5882352941176471,0.0,5
D,GAT+LSTM_no_adapt,fri_am,3139,0.0,0.901681012132205,0.5686274509803921,0.0,5
D,GAT+LSTM_no_adapt,fri_am,3140,0.0,0.901681012132205,0.5686274509803921,0.0,5
D,GAT+LSTM_no_adapt,fri_am,3141,0.0,0.901681012132205,0.5686274509803921,0.0,5
D,GAT+LSTM_no_adapt,fri_am,3142,0.0,0.901681012132205,0.5686274509803921,0.0,5
D,GAT+LSTM_no_adapt,fri_am,3143,0.0,0.901681012132205,0.5686274509803921,0.0,5
D,GAT+LSTM_no_adapt,fri_am,3144,0.0,0.901681012132205,0.5686274509803921,0.0,5
D,GAT+LSTM_no_adapt,fri_am,3145,0.0,0.9107846535887877,0.5882352941176471,0.0,5
D,GAT+LSTM_no_adapt,fri_am,3146,0.0,0.922964875327833,0.6274509803921569,0.0,5
D,GAT+LSTM_no_adapt,fri_am,3147,0.0,0.9368780574936102,0.6862745098039216,0.0,5
D,GAT+LSTM_no_adapt,fri_am,3148,0.0,0.9406380230182816,0.7058823529411765,0.0,5
D,GAT+LSTM_no_adapt,fri_am,3149,0.0,0.9368780574936102,0.6862745098039216,0.0,5
D,GAT+LSTM_no_adapt,fri_am,3150,0.0,0.9774938094146042,0.8055555555555556,0.0,5
D,GAT+LSTM_no_adapt,fri_am,3151,0.0,0.9703886347236452,0.75,0.0,5
D,GAT+LSTM_no_adapt,fri_am,3152,0.0,0.9882494387413319,0.7894736842105263,0.0,5
D,GAT+LSTM_no_adapt,fri_am,3153,0.0,1.0000000000000002,,0.0,5
D,GAT+LSTM_no_adapt,fri_am,3154,0.0,1.0000000000000002,,0.0,5
D,GAT+LSTM_no_adapt,fri_am,3155,0.0,1.0000000000000002,,0.0,5
D,GAT+LSTM_no_adapt,fri_am,3156,0.0,1.0000000000000002,,0.0,5
D,GAT+LSTM_no_adapt,fri_am,3157,0.0,1.0000000000000002,,0.0,5
D,GAT+LSTM_no_adapt,fri_am,3158,0.0,1.0000000000000002,,0.0,5
D,GAT+LSTM_no_adapt,fri_am,3159,0.0,1.0000000000000002,,0.0,5
D,GAT+LSTM_no_adapt,fri_am,3160,0.0,1.0000000000000002,,0.0,5
D,GAT+LSTM_no_adapt,fri_am,3161,0.0,1.0000000000000002,,0.0,5
D,GAT+LSTM_no_adapt,fri_am,3162,0.0,1.0000000000000002,,0.0,5
D,GAT+LSTM_no_adapt,fri_am,3163,0.0,1.0000000000000002,,0.0,5
D,GAT+LSTM_no_adapt,fri_am,3164,0.0,1.0000000000000002,,0.0,5
D,GAT+LSTM_no_adapt,fri_am,3165,0.0,1.0000000000000002,,0.0,5
D,GAT+LSTM_no_adapt,fri_am,3166,0.0,1.0000000000000002,,0.0,5
D,GAT+LSTM_no_adapt,fri_am,3167,0.0,1.0000000000000002,,0.0,5
D,GAT+LSTM_no_adapt,fri_am,3168,0.0,1.0000000000000002,,0.0,5
D,GAT+LSTM_no_adapt,fri_am,3169,0.0,1.0000000000000002,,0.0,5
D,GAT+LSTM_no_adapt,fri_am,3170,0.0,1.0000000000000002,,0.0,5
D,GAT+LSTM_no_adapt,fri_am,3171,0.0,1.0000000000000002,,0.0,5
D,GAT+LSTM_no_adapt,fri_am,3172,0.0,1.0000000000000002,,0.0,5
D,GAT+LSTM_no_adapt,fri_am,3173,0.0,1.0000000000000002,,0.0,5
D,GAT+LSTM_no_adapt,fri_am,3174,0.0,1.0000000000000002,,0.0,5
D,GAT+LSTM_no_adapt,fri_am,3175,0.0,0.9685096390673218,0.5263157894736842,0.0,5
D,GAT+LSTM_no_adapt,fri_am,3176,0.0,0.9685096390673218,0.5263157894736842,0.0,5
D,GAT+LSTM_no_adapt,fri_am,3177,0.0,0.9634857156223458,0.47368421052631576,0.0,5
D,GAT+LSTM_no_adapt,fri_am,3178,0.0,0.9634857156223458,0.47368421052631576,0.0,5
D,GAT+LSTM_no_adapt,fri_am,3179,0.0,0.9634857156223458,0.47368421052631576,0.0,5
D,GAT+LSTM_no_adapt,fri_am,3180,0.0,0.9685096390673218,0.5263157894736842,0.0,5
D,GAT+LSTM_no_adapt,fri_am,3181,0.0,0.9730949660210697,0.5789473684210527,0.0,5
D,GAT+LSTM_no_adapt,fri_am,3182,0.0,0.9773122399751859,0.631578947368421,0.0,5
D,GAT+LSTM_no_adapt,fri_am,3183,0.0,0.9812162307212817,0.6842105263157895,0.0,5
D,GAT+LSTM_no_adapt,fri_am,3184,0.0,0.9773122399751859,0.631578947368421,0.0,5
D,GAT+LSTM_no_adapt,fri_am,3185,0.0,0.9773122399751859,0.631578947368421,0.0,5
D,GAT+LSTM_no_adapt,fri_am,3186,0.0,0.9773122399751859,0.631578947368421,0.0,5
D,GAT+LSTM_no_adapt,fri_am,3187,0.0,0.9558938090155842,0.6388888888888888,0.0,5
D,GAT+LSTM_no_adapt,fri_am,3188,0.0,0.9472635503853255,0.5833333333333334,0.0,5
D,GAT+LSTM_no_adapt,fri_am,3189,0.0,0.9472635503853255,0.5833333333333334,0.0,5
D,GAT+LSTM_no_adapt,fri_am,3190,0.0,0.9472635503853255,0.5833333333333334,0.0,5
D,GAT+LSTM_no_adapt,fri_am,3191,0.0,0.9378974535192287,0.5277777777777778,0.0,5
D,GAT+LSTM_no_adapt,fri_am,3192,0.0,0.943200483822259,0.5555555555555556,0.0,5
D,GAT+LSTM_no_adapt,fri_am,3193,0.0,0.943200483822259,0.5555555555555556,0.0,5
D,GAT+LSTM_no_adapt,fri_am,3194,0.0,0.9335203491421243,0.5,0.0,5
D,GAT+LSTM_no_adapt,fri_am,3195,0.0,0.9616114652556862,0.7222222222222222,0.0,5
D,GAT+LSTM_no_adapt,fri_am,3196,0.0,0.9375897357867855,0.6862745098039216,0.0,5
D,GAT+LSTM_no_adapt,fri_am,3197,0.0,0.9344902316143608,0.75,0.0,5
D,GAT+LSTM_no_adapt,fri_am,3198,0.0,0.9422015001252617,0.78125,0.0,5
D,GAT+LSTM_no_adapt,fri_am,3199,0.0,0.9274036257859787,0.7866666666666666,0.0,5
D,GAT+LSTM_no_adapt,fri_am,3200,0.0,0.9105249489073017,0.7466666666666667,0.0,5
D,GAT+LSTM_no_adapt,fri_am,3201,0.0,0.8897514017261916,0.75,0.0,5
D,GAT+LSTM_no_adapt,fri_am,3202,0.0,0.8641973922436106,0.7023809523809523,0.0,5
D,GAT+LSTM_no_adapt,fri_am,3203,0.0,0.8374960258444419,0.7142857142857143,0.0,5
D,GAT+LSTM_no_adapt,fri_am,3204,0.0,0.8312994446478608,0.7032967032967034,0.0,5
D,GAT+LSTM_no_adapt,fri_am,3205,0.0,0.8312994446478608,0.7032967032967034,0.0,5
D,GAT+LSTM_no_adapt,fri_am,3206,0.0,0.7930588673518537,0.6483516483516484,0.0,5
D,GAT+LSTM_no_adapt,fri_am,3207,0.0,0.8665563428168469,0.7261904761904762,0.0,5
D,GAT+LSTM_no_adapt,fri_am,3208,0.0,0.773993637709701,0.6593406593406593,0.0,5
D,GAT+LSTM_no_adapt,fri_am,3209,0.0,0.7964295351455983,0.6703296703296704,0.0,5
D,GAT+LSTM_no_adapt,fri_am,3210,0.0,0.7467506713339054,0.6043956043956045,0.0,5
D,GAT+LSTM_no_adapt,fri_am,3211,0.0,0.7533898654730995,0.6153846153846154,0.0,5
D,GAT+LSTM_no_adapt,fri_am,3212,0.0,0.7758257629089969,0.6263736263736264,0.0,5
D,GAT+LSTM_no_adapt,fri_am,3213,0.0,0.7758257629089969,0.6263736263736264,0.0,5
D,GAT+LSTM_no_adapt,fri_am,3214,0.0,0.8169635247198355,0.6813186813186813,0.0,5
D,GAT+LSTM_no_adapt,fri_am,3215,0.0,0.7987580162487877,0.6263736263736264,0.0,5
D,GAT+LSTM_no_adapt,fri_am,3216,0.0,0.8494299222572109,0.6666666666666667,0.0,5
D,GAT+LSTM_no_adapt,fri_am,3217,0.0,0.8726963086792807,0.64,0.0,5
D,GAT+LSTM_no_adapt,fri_am,3218,0.0,0.8619874206174515,0.6000000000000001,0.0,5
D,GAT+LSTM_no_adapt,fri_am,3219,0.0,0.8996407572851555,0.640625,0.0,5
D,GAT+LSTM_no_adapt,fri_am,3220,0.0,0.9125822428828911,0.671875,0.0,5
D,GAT+LSTM_no_adapt,fri_am,3221,0.0,0.9269780190468591,0.6470588235294117,0.0,5
D,GAT+LSTM_no_adapt,fri_am,3222,0.0,0.9307379845715305,0.6666666666666666,0.0,5
D,GAT+LSTM_no_adapt,fri_am,3223,0.0,0.9307379845715305,0.6666666666666666,0.0,5
D,GAT+LSTM_no_adapt,fri_am,3224,0.0,0.7607050835838569,0.515625,0.0,5
D,GAT+LSTM_no_adapt,fri_am,3225,0.0,0.7607050835838569,0.515625,0.0,5
D,GAT+LSTM_no_adapt,fri_am,3226,0.0,0.7607050835838569,0.515625,0.0,5
D,GAT+LSTM_no_adapt,fri_am,3227,0.0,0.7543186748536982,0.5,0.0,5
D,GAT+LSTM_no_adapt,fri_am,3228,0.0,0.8516063319104659,0.5686274509803922,0.0,5
D,GAT+LSTM_no_adapt,fri_am,3229,0.0,0.8516063319104659,0.5686274509803922,0.0,5
D,GAT+LSTM_no_adapt,fri_am,3230,0.0,0.8578995845056216,0.607843137254902,0.0,5
D,GAT+LSTM_no_adapt,fri_am,3231,0.0,0.8578995845056216,0.607843137254902,0.0,5
D,GAT+LSTM_no_adapt,fri_am,3232,0.0,0.8578995845056216,0.607843137254902,0.0,5
D,GAT+LSTM_no_adapt,fri_am,3233,0.0,0.8578995845056216,0.607843137254902,0.0,5
D,GAT+LSTM_no_adapt,fri_am,3234,0.0,0.8578995845056216,0.607843137254902,0.0,5
D,GAT+LSTM_no_adapt,fri_am,3235,0.0,0.8682800293674907,0.4722222222222222,0.0,5
D,GAT+LSTM_no_adapt,fri_am,3236,0.0,0.8682800293674907,0.4722222222222222,0.0,5
D,GAT+LSTM_no_adapt,fri_am,3237,0.0,0.8914281775156389,0.5,0.0,5
D,GAT+LSTM_no_adapt,fri_am,3238,0.0,0.8942613770722646,0.5277777777777778,0.0,5
D,GAT+LSTM_no_adapt,fri_am,3239,0.10526315789473684,0.9104650807759683,0.5555555555555556,0.0,5
D,GAT+LSTM_no_adapt,fri_pm_scan,3666,0.1111111111111111,0.7982191390632476,0.3921568627450981,0.0,5
D,GAT+LSTM_no_adapt,fri_pm_scan,3667,0.1111111111111111,0.8065524723965809,0.411764705882353,0.0,5
D,GAT+LSTM_no_adapt,fri_pm_scan,3668,0.11764705882352941,0.7327311451126274,0.34375,0.0,5
D,GAT+LSTM_no_adapt,fri_pm_scan,3669,0.11764705882352941,0.6812198476188415,0.140625,0.0,5
D,GAT+LSTM_no_adapt,fri_pm_scan,3670,0.11764705882352941,0.6767555619045558,0.125,0.0,5
D,GAT+LSTM_no_adapt,fri_pm_scan,3671,0.125,0.6407726876380127,0.18666666666666665,0.0,5
D,GAT+LSTM_no_adapt,fri_pm_scan,3672,0.13333333333333333,0.6334406615670437,0.3333333333333333,0.0,5
D,GAT+LSTM_no_adapt,fri_pm_scan,3673,0.14285714285714285,0.6033765743398989,0.3626373626373627,0.0,5
D,GAT+LSTM_no_adapt,fri_pm_scan,3674,0.15384615384615385,0.5772525229471824,0.40625,0.0,5
D,GAT+LSTM_no_adapt,fri_pm_scan,3675,0.16666666666666666,0.5500490415157597,0.42424242424242425,0.0,5
D,GAT+LSTM_no_adapt,fri_pm_scan,3676,0.18181818181818182,0.5450077210371328,0.5,0.0,5
D,GAT+LSTM_no_adapt,fri_pm_scan,3677,0.2,0.5452881722489566,0.5757575757575757,0.0,5
D,GAT+LSTM_no_adapt,fri_pm_scan,3678,0.2222222222222222,0.5412831398585075,0.625,0.0,5
D,GAT+LSTM_no_adapt,fri_pm_scan,3679,0.25,0.5252250725465011,0.6483516483516483,0.0,5
D,GAT+LSTM_no_adapt,fri_pm_scan,3680,0.2857142857142857,0.5328823953823953,0.7023809523809523,0.0,5
D,GAT+LSTM_no_adapt,fri_pm_scan,3681,0.3333333333333333,0.5637445887445887,0.7866666666666667,0.0,5
D,GAT+LSTM_no_adapt,fri_pm_scan,3682,0.4,0.574025974025974,0.8125,0.0,5
D,GAT+LSTM_no_adapt,fri_pm_scan,3683,0.5,0.6065656565656565,0.8235294117647058,0.0,5
D,GAT+LSTM_no_adapt,fri_pm_scan,3684,0.6666666666666666,0.7916666666666666,0.9722222222222222,0.0,5
D,GAT+LSTM_no_adapt,fri_pm_scan,3685,0.0,0.25,0.9473684210526316,0.0,5
D,GAT+LSTM_no_adapt,fri_pm_scan,3686,0.0,1.0,1.0,0.0,5
D,GAT+LSTM_no_adapt,fri_pm_scan,3687,0.0,0.5,,0.0,5
D,GAT+LSTM_no_adapt,fri_pm_scan,3688,0.0,0.5,,0.0,5
D,GAT+LSTM_no_adapt,fri_pm_scan,3689,0.0,0.5,,0.0,5
D,GAT+LSTM_no_adapt,fri_pm_scan,3690,0.0,0.5,,0.0,5
D,GAT+LSTM_no_adapt,fri_pm_scan,3691,0.0,0.5,,0.0,5
D,GAT+LSTM_no_adapt,fri_pm_scan,3692,0.0,0.5,,0.0,5
D,GAT+LSTM_no_adapt,fri_pm_scan,3693,0.0,0.5,,0.0,5
D,GAT+LSTM_no_adapt,fri_pm_scan,3694,0.0,0.5,,0.0,5
D,GAT+LSTM_no_adapt,fri_pm_scan,3695,0.0,0.5,,0.0,5
D,GAT+LSTM_no_adapt,fri_pm_scan,3696,0.0,0.5,,0.0,5
D,GAT+LSTM_no_adapt,fri_pm_scan,3697,0.0,0.5,,0.0,5
D,GAT+LSTM_no_adapt,fri_pm_scan,3698,0.0,0.5,,0.0,5
D,GAT+LSTM_no_adapt,fri_pm_scan,3699,0.0,0.5,,0.0,5
D,GAT+LSTM_no_adapt,fri_pm_scan,3700,0.0,0.5,,0.0,5
D,GAT+LSTM_no_adapt,fri_pm_scan,3701,0.0,0.03333333333333333,0.26315789473684215,0.0,5
D,GAT+LSTM_no_adapt,fri_pm_scan,3702,0.0,0.03333333333333333,0.26315789473684215,0.0,5
D,GAT+LSTM_no_adapt,fri_pm_scan,3703,0.0,0.06034080298786181,0.19444444444444448,0.0,5
D,GAT+LSTM_no_adapt,fri_pm_scan,3704,0.0,0.09023064353946707,0.1764705882352941,0.0,5
D,GAT+LSTM_no_adapt,fri_pm_scan,3705,0.0,0.12540961897579544,0.203125,0.0,5
D,GAT+LSTM_no_adapt,fri_pm_scan,3706,0.0,0.1652482729688612,0.24000000000000002,0.0,5
D,GAT+LSTM_no_adapt,fri_pm_scan,3707,0.0,0.20847404229757172,0.2738095238095238,0.0,5
D,GAT+LSTM_no_adapt,fri_pm_scan,3708,0.0,0.2552226076910951,0.30769230769230765,0.0,5
D,GAT+LSTM_no_adapt,fri_pm_scan,3709,0.0,0.27023576913282793,0.3626373626373626,0.0,5
D,GAT+LSTM_no_adapt,fri_pm_scan,3710,0.0,0.2841143508685525,0.4065934065934066,0.0,5
D,GAT+LSTM_no_adapt,fri_pm_scan,3711,0.0,0.3017447363560809,0.4505494505494505,0.0,5
D,GAT+LSTM_no_adapt,fri_pm_scan,3712,0.0,0.3017447363560809,0.4505494505494505,0.0,5
D,GAT+LSTM_no_adapt,fri_pm_scan,3713,0.0,0.3324482823432403,0.5164835164835164,0.0,5
D,GAT+LSTM_no_adapt,fri_pm_scan,3714,0.0,0.3697241017619169,0.5714285714285714,0.0,5
D,GAT+LSTM_no_adapt,fri_pm_scan,3715,0.0,0.4301203814859277,0.6483516483516483,0.0,5
D,GAT+LSTM_no_adapt,fri_pm_scan,3716,0.0,0.5242554072911215,0.7252747252747253,0.0,5
D,GAT+LSTM_no_adapt,fri_pm_scan,3717,0.0,0.4301203814859277,0.6483516483516483,0.0,5
D,GAT+LSTM_no_adapt,fri_pm_scan,3718,0.0,0.40305743509525027,0.6043956043956044,0.0,5
D,GAT+LSTM_no_adapt,fri_pm_scan,3719,0.0,0.45460546908157196,0.625,0.0,5
D,GAT+LSTM_no_adapt,fri_pm_scan,3720,0.0,0.504859519565402,0.6363636363636364,0.0,5
D,GAT+LSTM_no_adapt,fri_pm_scan,3721,0.0,0.5141187788246612,0.6464646464646464,0.0,5
D,GAT+LSTM_no_adapt,fri_pm_scan,3722,0.0,0.4717549697941855,0.595959595959596,0.0,5
D,GAT+LSTM_no_adapt,fri_pm_scan,3723,0.0,0.41875011732548495,0.6041666666666666,0.0,5
D,GAT+LSTM_no_adapt,fri_pm_scan,3724,0.0,0.37270150484436193,0.6153846153846154,0.0,5
D,GAT+LSTM_no_adapt,fri_pm_scan,3725,0.0,0.36021524771524777,0.6785714285714285,0.0,5
D,GAT+LSTM_no_adapt,fri_pm_scan,3726,0.0,0.3368037518037518,0.72,0.0,5
D,GAT+LSTM_no_adapt,fri_pm_scan,3727,0.0,0.29471049783549785,0.734375,0.0,5
D,GAT+LSTM_no_adapt,fri_pm_scan,3728,0.0,0.24576719576719575,0.7450980392156863,0.0,5
D,GAT+LSTM_no_adapt,fri_pm_scan,3729,0.0,0.24576719576719575,0.7450980392156863,0.0,5
D,GAT+LSTM_no_adapt,fri_pm_scan,3730,0.0,0.24576719576719575,0.7450980392156863,0.0,5
D,GAT+LSTM_no_adapt,fri_pm_scan,3731,0.0,0.22759740259740258,0.7058823529411764,0.0,5
D,GAT+LSTM_no_adapt,fri_pm_scan,3732,0.0,0.23751803751803752,0.7254901960784313,0.0,5
D,GAT+LSTM_no_adapt,fri_pm_scan,3733,0.0,0.22077922077922074,0.6862745098039216,0.0,5
D,GAT+LSTM_no_adapt,fri_pm_scan,3734,0.0,0.21504884004884006,0.6666666666666666,0.0,5
D,GAT+LSTM_no_adapt,fri_pm_scan,3735,0.0,0.21504884004884006,0.6666666666666666,0.0,5
D,GAT+LSTM_no_adapt,fri_pm_scan,3736,0.0,0.21504884004884006,0.6666666666666666,0.0,5
D,GAT+LSTM_no_adapt,fri_pm_scan,3737,0.0,0.4806998556998557,0.7254901960784313,0.0,5
D,GAT+LSTM_no_adapt,fri_pm_scan,3738,0.0,0.48751803751803746,0.7450980392156863,0.0,5
D,GAT+LSTM_no_adapt,fri_pm_scan,3739,0.0,0.2232142857142857,0.8055555555555556,0.0,5
D,GAT+LSTM_no_adapt,fri_pm_scan,3740,0.0,0.16666666666666666,0.8947368421052632,0.0,5
D,GAT+LSTM_no_adapt,fri_pm_scan,3741,0.0,0.5,,0.0,5
D,GAT+LSTM_no_adapt,fri_pm_scan,3742,0.0,0.5,,0.0,5
D,GAT+LSTM_no_adapt,fri_pm_scan,3743,0.0,0.5,,0.0,5
D,GAT+LSTM_no_adapt,fri_pm_scan,3744,0.0,0.5,,0.0,5
D,GAT+LSTM_no_adapt,fri_pm_scan,3745,0.0,0.5,,0.0,5
D,GAT+LSTM_no_adapt,fri_pm_scan,3746,0.0,0.5,,0.0,5
D,GAT+LSTM_no_adapt,fri_pm_scan,3747,0.0,0.5,,0.0,5
D,GAT+LSTM_no_adapt,fri_pm_scan,3748,0.0,0.5,,0.0,5
D,GAT+LSTM_no_adapt,fri_pm_scan,3749,0.0,0.5,,0.0,5
D,GAT+LSTM_no_adapt,fri_pm_scan,3750,0.0,0.5,,0.0,5
D,GAT+LSTM_no_adapt,fri_pm_scan,3751,1.0,1.0,1.0,0.0,5
D,GAT+LSTM_no_adapt,fri_pm_scan,3752,1.0,1.0,1.0,0.0,5
D,GAT+LSTM_no_adapt,fri_pm_scan,3753,1.0,1.0,1.0,0.0,5
D,GAT+LSTM_no_adapt,fri_pm_scan,3754,1.0,1.0,1.0,0.0,5
D,GAT+LSTM_no_adapt,fri_pm_scan,3755,1.0,1.0,1.0,0.0,5
D,GAT+LSTM_no_adapt,fri_pm_scan,3756,1.0,1.0,1.0,0.0,5
D,GAT+LSTM_no_adapt,fri_pm_scan,3757,1.0,0.9999999999999998,1.0,0.0,5
D,GAT+LSTM_no_adapt,fri_pm_scan,3758,1.0,1.0,1.0,0.0,5
D,GAT+LSTM_no_adapt,fri_pm_scan,3759,1.0,1.0000000000000002,1.0,0.0,5
D,GAT+LSTM_no_adapt,fri_pm_scan,3760,1.0,0.9999999999999999,1.0,0.0,5
D,GAT+LSTM_no_adapt,fri_pm_scan,3761,1.0,1.0,1.0,0.0,5
D,GAT+LSTM_no_adapt,fri_pm_scan,3762,1.0,1.0,1.0,0.0,5
D,GAT+LSTM_no_adapt,fri_pm_scan,3763,1.0,0.9999999999999998,1.0,0.0,5
D,GAT+LSTM_no_adapt,fri_pm_scan,3764,1.0,0.9999999999999999,1.0,0.0,5
D,GAT+LSTM_no_adapt,fri_pm_scan,3765,1.0,1.0,1.0,0.0,5
D,GAT+LSTM_no_adapt,fri_pm_scan,3766,1.0,1.0,1.0,0.0,5
D,GAT+LSTM_no_adapt,fri_pm_scan,3767,1.0,1.0,1.0,0.0,5
D,GAT+LSTM_no_adapt,fri_pm_scan,3768,1.0,1.0,1.0,0.0,5
D,GAT+LSTM_no_adapt,fri_pm_scan,3769,1.0,0.9999999999999998,1.0,0.0,5
D,GAT+LSTM_no_adapt,fri_pm_scan,3770,1.0,1.0000000000000002,,0.0,5
D,GAT+LSTM_no_adapt,fri_pm_scan,3771,1.0,1.0000000000000002,,0.0,5
D,GAT+LSTM_no_adapt,fri_pm_scan,3772,1.0,1.0000000000000002,,0.0,5
D,GAT+LSTM_no_adapt,fri_pm_scan,3773,1.0,1.0000000000000002,,0.0,5
D,GAT+LSTM_no_adapt,fri_pm_scan,3774,1.0,1.0000000000000002,,0.0,5
D,GAT+LSTM_no_adapt,fri_pm_scan,3775,1.0,1.0000000000000002,,0.0,5
D,GAT+LSTM_no_adapt,fri_pm_scan,3776,1.0,1.0000000000000002,,0.0,5
D,GAT+LSTM_no_adapt,fri_pm_scan,3777,1.0,1.0000000000000002,,0.0,5
D,GAT+LSTM_no_adapt,fri_pm_scan,3778,1.0,1.0000000000000002,,0.0,5
D,GAT+LSTM_no_adapt,fri_pm_scan,3779,1.0,1.0000000000000002,,0.0,5
D,GAT+LSTM_no_adapt,fri_pm_scan,3780,1.0,1.0000000000000002,,0.0,5
D,GAT+LSTM_no_adapt,fri_pm_scan,3781,1.0,1.0000000000000002,,0.0,5
D,GAT+LSTM_no_adapt,fri_pm_scan,3782,1.0,1.0000000000000002,,0.0,5
D,GAT+LSTM_no_adapt,fri_pm_scan,3783,1.0,1.0000000000000002,,0.0,5
D,GAT+LSTM_no_adapt,fri_pm_scan,3784,1.0,1.0000000000000002,,0.0,5
D,GAT+LSTM_no_adapt,fri_pm_scan,3785,1.0,1.0000000000000002,,0.0,5
D,GAT+LSTM_no_adapt,fri_pm_scan,3786,1.0,1.0000000000000002,,0.0,5
D,GAT+LSTM_no_adapt,fri_pm_scan,3787,1.0,1.0000000000000002,,0.0,5
D,GAT+LSTM_no_adapt,fri_pm_scan,3788,1.0,1.0000000000000002,,0.0,5
D,GAT+LSTM_no_adapt,fri_pm_scan,3789,1.0,1.0000000000000002,,0.0,5
D,GAT+LSTM_no_adapt,fri_pm_scan,3790,1.0,1.0000000000000002,,0.0,5
D,GAT+LSTM_no_adapt,fri_pm_scan,3791,1.0,1.0000000000000002,,0.0,5
D,GAT+LSTM_no_adapt,fri_pm_scan,3792,1.0,1.0000000000000002,,0.0,5
D,GAT+LSTM_no_adapt,fri_pm_scan,3793,1.0,1.0000000000000002,,0.0,5
D,GAT+LSTM_no_adapt,fri_pm_scan,3794,1.0,1.0000000000000002,,0.0,5
D,GAT+LSTM_no_adapt,fri_pm_scan,3795,1.0,1.0000000000000002,,0.0,5
D,GAT+LSTM_no_adapt,fri_pm_scan,3796,1.0,1.0000000000000002,,0.0,5
D,GAT+LSTM_no_adapt,fri_pm_scan,3797,1.0,1.0000000000000002,,0.0,5
D,GAT+LSTM_no_adapt,fri_pm_scan,3798,1.0,1.0000000000000002,,0.0,5
D,GAT+LSTM_no_adapt,fri_pm_scan,3799,1.0,1.0000000000000002,,0.0,5
D,GAT+LSTM_no_adapt,fri_pm_scan,3800,1.0,1.0000000000000002,,0.0,5
D,GAT+LSTM_no_adapt,fri_pm_scan,3801,1.0,1.0000000000000002,,0.0,5
D,GAT+LSTM_no_adapt,fri_pm_scan,3802,1.0,1.0000000000000002,,0.0,5
D,GAT+LSTM_no_adapt,fri_pm_scan,3803,1.0,1.0000000000000002,,0.0,5
D,GAT+LSTM_no_adapt,fri_pm_scan,3804,1.0,1.0000000000000002,,0.0,5
D,GAT+LSTM_no_adapt,fri_pm_scan,3805,1.0,1.0000000000000002,,0.0,5
D,GAT+LSTM_no_adapt,fri_pm_scan,3806,1.0,1.0000000000000002,,0.0,5
D,GAT+LSTM_no_adapt,fri_pm_scan,3807,1.0,1.0000000000000002,,0.0,5
D,GAT+LSTM_no_adapt,fri_pm_scan,3808,1.0,1.0000000000000002,,0.0,5
D,GAT+LSTM_no_adapt,fri_pm_scan,3809,1.0,1.0000000000000002,,0.0,5
D,GAT+LSTM_no_adapt,fri_pm_scan,3810,1.0,1.0000000000000002,,0.0,5
D,GAT+LSTM_no_adapt,fri_pm_scan,3811,1.0,1.0000000000000002,,0.0,5
D,GAT+LSTM_no_adapt,fri_pm_scan,3812,1.0,1.0000000000000002,,0.0,5
D,GAT+LSTM_no_adapt,fri_pm_scan,3813,1.0,1.0000000000000002,,0.0,5
D,GAT+LSTM_no_adapt,fri_pm_scan,3814,1.0,1.0000000000000002,,0.0,5
D,GAT+LSTM_no_adapt,fri_pm_scan,3815,1.0,1.0000000000000002,,0.0,5
D,GAT+LSTM_no_adapt,fri_pm_scan,3816,1.0,1.0000000000000002,,0.0,5
D,GAT+LSTM_no_adapt,fri_pm_scan,3817,1.0,1.0000000000000002,,0.0,5
D,GAT+LSTM_no_adapt,fri_pm_scan,3818,1.0,1.0000000000000002,,0.0,5
D,GAT+LSTM_no_adapt,fri_pm_scan,3819,1.0,1.0000000000000002,,0.0,5
D,GAT+LSTM_no_adapt,fri_pm_scan,3820,1.0,1.0000000000000002,,0.0,5
D,GAT+LSTM_no_adapt,fri_pm_scan,3821,1.0,1.0000000000000002,,0.0,5
D,GAT+LSTM_no_adapt,fri_pm_scan,3822,1.0,1.0000000000000002,,0.0,5
D,GAT+LSTM_no_adapt,fri_pm_scan,3823,1.0,1.0000000000000002,,0.0,5
D,GAT+LSTM_no_adapt,fri_pm_scan,3824,1.0,1.0000000000000002,,0.0,5
D,GAT+LSTM_no_adapt,fri_pm_scan,3825,1.0,1.0000000000000002,,0.0,5
D,GAT+LSTM_no_adapt,fri_pm_scan,3826,1.0,1.0000000000000002,,0.0,5
D,GAT+LSTM_no_adapt,fri_pm_scan,3827,1.0,1.0000000000000002,,0.0,5
D,GAT+LSTM_no_adapt,fri_pm_scan,3828,1.0,1.0000000000000002,,0.0,5
D,GAT+LSTM_no_adapt,fri_pm_scan,3829,1.0,1.0000000000000002,,0.0,5
D,GAT+LSTM_no_adapt,fri_pm_scan,3830,1.0,1.0000000000000002,,0.0,5
D,GAT+LSTM_no_adapt,fri_pm_scan,3831,1.0,1.0000000000000002,,0.0,5
D,GAT+LSTM_no_adapt,fri_pm_scan,3832,1.0,1.0000000000000002,,0.0,5
D,GAT+LSTM_no_adapt,fri_pm_scan,3833,1.0,1.0000000000000002,,0.0,5
D,GAT+LSTM_no_adapt,fri_pm_scan,3834,1.0,1.0000000000000002,,0.0,5
D,GAT+LSTM_no_adapt,fri_pm_scan,3835,1.0,1.0000000000000002,,0.0,5
D,GAT+LSTM_no_adapt,fri_pm_scan,3836,1.0,1.0000000000000002,,0.0,5
D,GAT+LSTM_no_adapt,fri_pm_scan,3837,1.0,1.0000000000000002,,0.0,5
D,GAT+LSTM_no_adapt,fri_pm_scan,3838,0.9743589743589743,0.9999999999999998,1.0,1.0,5
D,GAT+LSTM_no_adapt,fri_pm_scan,3839,0.9473684210526315,1.0,1.0,1.0,5
D,GAT+LSTM_no_adapt,fri_pm_scan,3840,0.918918918918919,1.0,1.0,1.0,5
D,GAT+LSTM_no_adapt,fri_pm_scan,3841,0.8888888888888888,1.0,1.0,1.0,5
D,GAT+LSTM_no_adapt,fri_pm_scan,3842,0.8823529411764706,1.0,1.0,0.8,5
D,GAT+LSTM_no_adapt,fri_pm_scan,3843,0.8484848484848485,0.9828947368421053,0.9333333333333333,0.8,5
D,GAT+LSTM_no_adapt,fri_pm_scan,3844,0.8387096774193549,0.9806808688387635,0.9404761904761905,0.6666666666666666,5
D,GAT+LSTM_no_adapt,fri_pm_scan,3845,0.8275862068965517,0.978004022121669,0.9450549450549451,0.5714285714285714,5
D,GAT+LSTM_no_adapt,fri_pm_scan,3846,0.8148148148148148,0.9747242647058824,0.9479166666666666,0.5,5
D,GAT+LSTM_no_adapt,fri_pm_scan,3847,0.7692307692307693,0.9478145424836603,0.8958333333333334,0.5,5
D,GAT+LSTM_no_adapt,fri_pm_scan,3848,0.7692307692307693,0.9398599970291147,0.8854166666666667,0.5,5
D,GAT+LSTM_no_adapt,fri_pm_scan,3849,0.7692307692307693,0.9398599970291147,0.8854166666666667,0.5,5
D,GAT+LSTM_no_adapt,fri_pm_scan,3850,0.7692307692307693,0.9398599970291147,0.8854166666666667,0.5,5
D,GAT+LSTM_no_adapt,fri_pm_scan,3851,0.7692307692307693,0.9398599970291147,0.8854166666666667,0.5,5
D,GAT+LSTM_no_adapt,fri_pm_scan,3852,0.7692307692307693,0.9398599970291147,0.8854166666666667,0.5,5
D,GAT+LSTM_no_adapt,fri_pm_scan,3853,0.7692307692307693,0.9398599970291147,0.8854166666666667,0.5,5
D,GAT+LSTM_no_adapt,fri_pm_scan,3854,0.7692307692307693,0.9398599970291147,0.8854166666666667,0.5,5
D,GAT+LSTM_no_adapt,fri_pm_scan,3855,0.72,0.9143291200777832,0.8585858585858587,0.5555555555555556,5
D,GAT+LSTM_no_adapt,fri_pm_scan,3856,0.6666666666666666,0.8912173202614379,0.84,0.6,5
D,GAT+LSTM_no_adapt,fri_pm_scan,3857,0.6666666666666666,0.8486532176973353,0.79,0.6,5
D,GAT+LSTM_no_adapt,fri_pm_scan,3858,0.6666666666666666,0.8640870893812069,0.81,0.6,5
D,GAT+LSTM_no_adapt,fri_pm_scan,3859,0.6666666666666666,0.8558137717897076,0.7777777777777779,0.5555555555555556,5
D,GAT+LSTM_no_adapt,fri_pm_scan,3860,0.6956521739130435,0.86733399176581,0.8080808080808082,0.4444444444444444,5
D,GAT+LSTM_no_adapt,fri_pm_scan,3861,0.7272727272727273,0.8874139749139749,0.8484848484848485,0.3333333333333333,5
D,GAT+LSTM_no_adapt,fri_pm_scan,3862,0.7272727272727273,0.9027895084713267,0.8787878787878789,0.3333333333333333,5
D,GAT+LSTM_no_adapt,fri_pm_scan,3863,0.7619047619047619,0.9153212065712065,0.9099999999999999,0.3,5
D,GAT+LSTM_no_adapt,fri_pm_scan,3864,0.7619047619047619,0.9153212065712065,0.9099999999999999,0.3,5
D,GAT+LSTM_no_adapt,fri_pm_scan,3865,0.7272727272727273,0.8936632180950363,0.8585858585858586,0.3333333333333333,5
D,GAT+LSTM_no_adapt,fri_pm_scan,3866,0.6956521739130435,0.889362604987605,0.8333333333333333,0.375,5
D,GAT+LSTM_no_adapt,fri_pm_scan,3867,0.75,0.889362604987605,0.8333333333333333,0.375,5
D,GAT+LSTM_no_adapt,fri_pm_scan,3868,0.75,0.889362604987605,0.8333333333333333,0.375,5
D,GAT+LSTM_no_adapt,fri_pm_scan,3869,0.75,0.889362604987605,0.8333333333333333,0.375,5
D,GAT+LSTM_no_adapt,fri_pm_scan,3870,0.75,0.889362604987605,0.8333333333333333,0.375,5
D,GAT+LSTM_no_adapt,fri_pm_scan,3871,0.75,0.889362604987605,0.8333333333333333,0.375,5
D,GAT+LSTM_no_adapt,fri_pm_scan,3872,0.75,0.889362604987605,0.8333333333333333,0.375,5
D,GAT+LSTM_no_adapt,fri_pm_scan,3873,0.6956521739130435,0.8297144143735053,0.7777777777777778,0.4444444444444444,5
D,GAT+LSTM_no_adapt,fri_pm_scan,3874,0.6363636363636364,0.7673627761127761,0.73,0.5,5
D,GAT+LSTM_no_adapt,fri_pm_scan,3875,0.6363636363636364,0.7867873792873792,0.75,0.5,5
D,GAT+LSTM_no_adapt,fri_pm_scan,3876,0.6363636363636364,0.7954183316683316,0.76,0.5,5
D,GAT+LSTM_no_adapt,fri_pm_scan,3877,0.6,0.7734984922484924,0.7474747474747475,0.45454545454545453,5
D,GAT+LSTM_no_adapt,fri_pm_scan,3878,0.631578947368421,0.7895682249848917,0.7777777777777777,0.36363636363636365,5
D,GAT+LSTM_no_adapt,fri_pm_scan,3879,0.6666666666666666,0.8052714646464647,0.8125,0.3333333333333333,5
D,GAT+LSTM_no_adapt,fri_pm_ddos,4277,0.6666666666666666,0.8052714646464647,0.8125,0.3333333333333333,5
D,GAT+LSTM_no_adapt,fri_pm_ddos,4278,0.6666666666666666,0.8052714646464647,0.8125,0.3333333333333333,5
D,GAT+LSTM_no_adapt,fri_pm_ddos,4279,0.6666666666666666,0.8052714646464647,0.8125,0.3333333333333333,5
D,GAT+LSTM_no_adapt,fri_pm_ddos,4280,0.6666666666666666,0.8052714646464647,0.8125,0.3333333333333333,5
D,GAT+LSTM_no_adapt,fri_pm_ddos,4281,0.6666666666666666,0.8094381313131314,0.8229166666666666,0.3333333333333333,5
D,GAT+LSTM_no_adapt,fri_pm_ddos,4282,0.7058823529411765,0.8512626262626262,0.8901098901098902,0.3076923076923077,5
D,GAT+LSTM_no_adapt,fri_pm_ddos,4283,0.75,0.899074074074074,0.9404761904761905,0.2857142857142857,5
D,GAT+LSTM_no_adapt,fri_pm_ddos,4284,0.7142857142857143,0.9633333333333334,0.9866666666666667,0.26666666666666666,5
D,GAT+LSTM_no_adapt,fri_pm_ddos,4285,0.6666666666666666,1.0,1.0,0.25,5
D,GAT+LSTM_no_adapt,fri_pm_ddos,4286,0.6,1.0,1.0,0.23529411764705882,5
D,GAT+LSTM_no_adapt,fri_pm_ddos,4287,0.5,1.0,1.0,0.2222222222222222,5
D,GAT+LSTM_no_adapt,fri_pm_ddos,4288,0.3333333333333333,1.0,1.0,0.21052631578947367,5
D,GAT+LSTM_no_adapt,fri_pm_ddos,4289,0.0,0.5,,0.2,5
D,GAT+LSTM_no_adapt,fri_pm_ddos,4290,0.0,0.5,,0.15,5
D,GAT+LSTM_no_adapt,fri_pm_ddos,4291,0.0,0.5,,0.1,5
D,GAT+LSTM_no_adapt,fri_pm_ddos,4292,0.0,0.5,,0.05,5
D,GAT+LSTM_no_adapt,fri_pm_ddos,4293,0.0,0.5,,0.0,5
D,GAT+LSTM_no_adapt,fri_pm_ddos,4294,0.0,0.5,,0.0,5
D,GAT+LSTM_no_adapt,fri_pm_ddos,4295,0.0,1.0,1.0,0.0,5
D,GAT+LSTM_no_adapt,fri_pm_ddos,4296,0.6666666666666666,1.0,1.0,0.0,5
D,GAT+LSTM_no_adapt,fri_pm_ddos,4297,0.8,1.0,1.0,0.0,5
D,GAT+LSTM_no_adapt,fri_pm_ddos,4298,0.8571428571428571,1.0,1.0,0.0,5
D,GAT+LSTM_no_adapt,fri_pm_ddos,4299,0.8888888888888888,1.0,1.0,0.0,5
D,GAT+LSTM_no_adapt,fri_pm_ddos,4300,0.9090909090909091,1.0,1.0,0.0,5
D,GAT+LSTM_no_adapt,fri_pm_ddos,4301,0.9230769230769231,0.9999999999999998,1.0,0.0,5
D,GAT+LSTM_no_adapt,fri_pm_ddos,4302,0.9333333333333333,1.0,1.0,0.0,5
D,GAT+LSTM_no_adapt,fri_pm_ddos,4303,0.9411764705882353,1.0000000000000002,1.0,0.0,5
D,GAT+LSTM_no_adapt,fri_pm_ddos,4304,0.9473684210526315,1.0,1.0,0.0,5
D,GAT+LSTM_no_adapt,fri_pm_ddos,4305,0.9523809523809523,1.0,1.0,0.0,5
D,GAT+LSTM_no_adapt,fri_pm_ddos,4306,0.9565217391304348,1.0,1.0,0.0,5
D,GAT+LSTM_no_adapt,fri_pm_ddos,4307,0.96,1.0,1.0,0.0,5
D,GAT+LSTM_no_adapt,fri_pm_ddos,4308,0.9230769230769231,0.7898065609604071,0.8571428571428572,0.14285714285714285,5
D,GAT+LSTM_no_adapt,fri_pm_ddos,4309,0.9285714285714286,0.8004836433407863,0.8333333333333334,0.16666666666666666,5
D,GAT+LSTM_no_adapt,fri_pm_ddos,4310,0.9333333333333333,0.8094791782291781,0.8,0.2,5
D,GAT+LSTM_no_adapt,fri_pm_ddos,4311,0.9375,0.8175953692957368,0.75,0.25,5
D,GAT+LSTM_no_adapt,fri_pm_ddos,4312,0.9411764705882353,0.8251710467540917,0.6666666666666667,0.3333333333333333,5
D,GAT+LSTM_no_adapt,fri_pm_ddos,4313,0.9444444444444444,0.8319777745474339,0.5,0.5,5
D,GAT+LSTM_no_adapt,fri_pm_ddos,4314,0.9473684210526315,0.8381202185463226,0.0,1.0,5
D,GAT+LSTM_no_adapt,fri_pm_ddos,4315,0.9743589743589743,0.8381724324143258,0.0,1.0,5
D,GAT+LSTM_no_adapt,fri_pm_ddos,4316,0.9743589743589743,0.8382037607351279,0.0,1.0,5
D,GAT+LSTM_no_adapt,fri_pm_ddos,4317,0.9473684210526315,0.8265362022069969,0.4444444444444444,1.0,5
D,GAT+LSTM_no_adapt,fri_pm_ddos,4318,0.918918918918919,0.8196778226326576,0.627450980392157,1.0,5
D,GAT+LSTM_no_adapt,fri_pm_ddos,4319,0.918918918918919,0.8253694594525044,0.6666666666666667,1.0,5
D,GAT+LSTM_no_adapt,fri_pm_ddos,4320,0.918918918918919,0.8253694594525044,0.6666666666666667,1.0,5
D,GAT+LSTM_no_adapt,fri_pm_ddos,4321,0.918918918918919,0.8253694594525044,0.6666666666666667,1.0,5
D,GAT+LSTM_no_adapt,fri_pm_ddos,4322,0.918918918918919,0.8253917410924331,0.6666666666666667,1.0,5
D,GAT+LSTM_no_adapt,fri_pm_ddos,4323,0.918918918918919,0.8254511587989095,0.6666666666666667,1.0,5
D,GAT+LSTM_no_adapt,fri_pm_ddos,4324,0.918918918918919,0.8254511587989095,0.6666666666666667,1.0,5
D,GAT+LSTM_no_adapt,fri_pm_ddos,4325,0.918918918918919,0.8254511587989095,0.6666666666666667,1.0,5
D,GAT+LSTM_no_adapt,fri_pm_ddos,4326,0.918918918918919,0.8695688058577331,0.6862745098039217,1.0,5
D,GAT+LSTM_no_adapt,fri_pm_ddos,4327,0.8888888888888888,0.8119706172095879,0.59375,1.0,5
D,GAT+LSTM_no_adapt,fri_pm_ddos,4328,0.8888888888888888,0.8562414505429211,0.625,1.0,5
D,GAT+LSTM_no_adapt,fri_pm_ddos,4329,0.8888888888888888,0.8483545457810164,0.609375,1.0,5
D,GAT+LSTM_no_adapt,fri_pm_ddos,4330,0.8888888888888888,0.8483545457810164,0.609375,1.0,5
D,GAT+LSTM_no_adapt,fri_pm_ddos,4331,0.8888888888888888,0.8483545457810164,0.609375,1.0,5
D,GAT+LSTM_no_adapt,fri_pm_ddos,4332,0.8888888888888888,0.8703039505429211,0.640625,1.0,5
D,GAT+LSTM_no_adapt,fri_pm_ddos,4333,0.8888888888888888,0.8483545457810164,0.609375,1.0,5
D,GAT+LSTM_no_adapt,fri_pm_ddos,4334,0.8888888888888888,0.8483545457810164,0.609375,1.0,5
D,GAT+LSTM_no_adapt,fri_pm_ddos,4335,0.8888888888888888,0.8483545457810164,0.609375,1.0,5
D,GAT+LSTM_no_adapt,fri_pm_ddos,4336,0.8571428571428571,0.732645051027404,0.49333333333333335,1.0,5
D,GAT+LSTM_no_adapt,fri_pm_ddos,4337,0.8571428571428571,0.6644456987800641,0.30666666666666664,1.0,5
D,GAT+LSTM_no_adapt,fri_pm_ddos,4338,0.8888888888888888,0.672588895237889,0.125,1.0,5
D,GAT+LSTM_no_adapt,fri_pm_ddos,4339,0.8888888888888888,0.672588895237889,0.125,1.0,5
D,GAT+LSTM_no_adapt,fri_pm_ddos,4340,0.8888888888888888,0.672588895237889,0.125,1.0,5
D,GAT+LSTM_no_adapt,fri_pm_ddos,4341,0.8888888888888888,0.7196127047616986,0.1875,1.0,5
D,GAT+LSTM_no_adapt,fri_pm_ddos,4342,0.8888888888888888,0.7090472285712224,0.15625,1.0,5
D,GAT+LSTM_no_adapt,fri_pm_ddos,4343,0.8888888888888888,0.7090472285712224,0.15625,1.0,5
D,GAT+LSTM_no_adapt,fri_pm_ddos,4344,0.8888888888888888,0.7090472285712224,0.15625,1.0,5
D,GAT+LSTM_no_adapt,fri_pm_ddos,4345,0.8888888888888888,0.7085511968251906,0.15625,1.0,5
D,GAT+LSTM_no_adapt,fri_pm_ddos,4346,0.8571428571428571,0.652382206716572,0.27999999999999997,1.0,5
D,GAT+LSTM_no_adapt,fri_pm_ddos,4347,0.8888888888888888,0.711756834335685,0.3125,1.0,5
D,GAT+LSTM_no_adapt,fri_pm_ddos,4348,0.918918918918919,0.7808128783133337,0.37254901960784315,1.0,5
D,GAT+LSTM_no_adapt,fri_pm_ddos,4349,0.918918918918919,0.7808128783133337,0.37254901960784315,1.0,5
D,GAT+LSTM_no_adapt,fri_pm_ddos,4350,0.918918918918919,0.791036967949188,0.3921568627450981,1.0,5
D,GAT+LSTM_no_adapt,fri_pm_ddos,4351,0.918918918918919,0.791036967949188,0.3921568627450981,1.0,5
D,GAT+LSTM_no_adapt,fri_pm_ddos,4352,0.918918918918919,0.7906167998819611,0.3921568627450981,1.0,5
D,GAT+LSTM_no_adapt,fri_pm_ddos,4353,0.918918918918919,0.7906167998819611,0.3921568627450981,1.0,5
D,GAT+LSTM_no_adapt,fri_pm_ddos,4354,0.918918918918919,0.8248604973609528,0.43137254901960786,1.0,5
D,GAT+LSTM_no_adapt,fri_pm_ddos,4355,0.918918918918919,0.8254207214505885,0.43137254901960786,1.0,5
D,GAT+LSTM_no_adapt,fri_pm_ddos,4356,0.9473684210526315,0.9131616369812965,0.5833333333333334,1.0,5
D,GAT+LSTM_no_adapt,fri_pm_ddos,4357,0.9743589743589743,0.9999999999999998,1.0,1.0,5
D,GAT+LSTM_no_adapt,fri_pm_ddos,4358,0.9743589743589743,0.9999999999999998,1.0,1.0,5
D,GAT+LSTM_no_adapt,fri_pm_ddos,4359,0.9743589743589743,0.9999999999999998,1.0,1.0,5
D,GAT+LSTM_no_adapt,fri_pm_ddos,4360,0.9743589743589743,0.9999999999999998,1.0,1.0,5
D,GAT+LSTM_no_adapt,fri_pm_ddos,4361,0.9743589743589743,0.9999999999999998,1.0,1.0,5
D,GAT+LSTM_no_adapt,fri_pm_ddos,4362,0.9743589743589743,0.9999999999999998,1.0,1.0,5
D,GAT+LSTM_no_adapt,fri_pm_ddos,4363,0.9473684210526315,0.8969579332775928,0.5555555555555556,1.0,5
D,GAT+LSTM_no_adapt,fri_pm_ddos,4364,0.9473684210526315,0.8969579332775928,0.5555555555555556,1.0,5
D,GAT+LSTM_no_adapt,fri_pm_ddos,4365,0.9473684210526315,0.8969579332775928,0.5555555555555556,1.0,5
D,GAT+LSTM_no_adapt,fri_pm_ddos,4366,0.9743589743589743,0.8996803689222621,0.10526315789473684,1.0,5
D,GAT+LSTM_no_adapt,fri_pm_ddos,4367,0.9743589743589743,0.8996803689222621,0.10526315789473684,1.0,5
D,GAT+LSTM_no_adapt,fri_pm_ddos,4368,0.9743589743589743,0.8996803689222621,0.10526315789473684,1.0,5
D,GAT+LSTM_no_adapt,fri_pm_ddos,4369,0.9743589743589743,0.8996803689222621,0.10526315789473684,1.0,5
D,GAT+LSTM_no_adapt,fri_pm_ddos,4370,0.9743589743589743,0.8777505443608586,0.05263157894736842,1.0,5
D,GAT+LSTM_no_adapt,fri_pm_ddos,4371,0.9473684210526315,0.7882141121692205,0.05555555555555555,1.0,5
D,GAT+LSTM_no_adapt,fri_pm_ddos,4372,0.9473684210526315,0.7882141121692205,0.05555555555555555,1.0,5
D,GAT+LSTM_no_adapt,fri_pm_ddos,4373,0.9473684210526315,0.7882141121692205,0.05555555555555555,1.0,5
D,GAT+LSTM_no_adapt,fri_pm_ddos,4374,0.9473684210526315,0.7419178158729243,0.0,1.0,5
D,GAT+LSTM_no_adapt,fri_pm_ddos,4375,0.9473684210526315,0.7419178158729243,0.0,1.0,5
D,GAT+LSTM_no_adapt,fri_pm_ddos,4376,0.9473684210526315,0.7419178158729243,0.0,1.0,5
D,GAT+LSTM_no_adapt,fri_pm_ddos,4377,0.9473684210526315,0.7419178158729243,0.0,1.0,5
D,GAT+LSTM_no_adapt,fri_pm_ddos,4378,0.9473684210526315,0.7419178158729243,0.0,1.0,5
D,GAT+LSTM_no_adapt,fri_pm_ddos,4379,0.918918918918919,0.6773596683471934,0.05882352941176472,1.0,5
D,GAT+LSTM_no_adapt,fri_pm_ddos,4380,0.918918918918919,0.6773596683471934,0.05882352941176472,1.0,5
D,GAT+LSTM_no_adapt,fri_pm_ddos,4381,0.918918918918919,0.6773596683471934,0.05882352941176472,1.0,5
D,GAT+LSTM_no_adapt,fri_pm_ddos,4382,0.918918918918919,0.6714773154060169,0.03921568627450981,1.0,5
D,GAT+LSTM_no_adapt,fri_pm_ddos,4383,0.9473684210526315,0.7558067047618131,0.05555555555555555,1.0,5
D,GAT+LSTM_no_adapt,fri_pm_ddos,4384,0.9473684210526315,0.7558067047618131,0.05555555555555555,1.0,5
D,GAT+LSTM_no_adapt,fri_pm_ddos,4385,0.9473684210526315,0.7558067047618131,0.05555555555555555,1.0,5
D,GAT+LSTM_no_adapt,fri_pm_ddos,4386,0.9473684210526315,0.7558067047618131,0.05555555555555555,1.0,5
D,GAT+LSTM_no_adapt,fri_pm_ddos,4387,0.9473684210526315,0.7465474455025538,0.027777777777777776,1.0,5
D,GAT+LSTM_no_adapt,fri_pm_ddos,4388,0.918918918918919,0.7349838449456005,0.33333333333333337,1.0,5
D,GAT+LSTM_no_adapt,fri_pm_ddos,4389,0.918918918918919,0.7349838449456005,0.33333333333333337,1.0,5
D,GAT+LSTM_no_adapt,fri_pm_ddos,4390,0.918918918918919,0.7349838449456005,0.33333333333333337,1.0,5
D,GAT+LSTM_no_adapt,fri_pm_ddos,4391,0.9473684210526315,0.8711132289241165,0.5,1.0,5
D,GAT+LSTM_no_adapt,fri_pm_ddos,4392,0.9473684210526315,0.8711132289241165,0.5,1.0,5
D,GAT+LSTM_no_adapt,fri_pm_ddos,4393,0.9473684210526315,0.8711132289241165,0.5,1.0,5
D,GAT+LSTM_no_adapt,fri_pm_ddos,4394,0.9473684210526315,0.8711132289241165,0.5,1.0,5
D,GAT+LSTM_no_adapt,fri_pm_ddos,4395,0.9473684210526315,0.8294465622574497,0.4722222222222222,1.0,5
D,GAT+LSTM_no_adapt,fri_pm_ddos,4396,0.918918918918919,0.7300818841612868,0.3137254901960785,1.0,5
D,GAT+LSTM_no_adapt,fri_pm_ddos,4397,0.918918918918919,0.7300818841612868,0.3137254901960785,1.0,5
D,GAT+LSTM_no_adapt,fri_pm_ddos,4398,0.918918918918919,0.7300818841612868,0.3137254901960785,1.0,5
D,GAT+LSTM_no_adapt,fri_pm_ddos,4399,0.9473684210526315,0.8294465622574497,0.4722222222222222,1.0,5
D,GAT+LSTM_no_adapt,fri_pm_ddos,4400,0.9473684210526315,0.8321431184627779,0.5,1.0,5
D,GAT+LSTM_no_adapt,fri_pm_ddos,4401,0.9473684210526315,0.8321431184627779,0.5,1.0,5
D,GAT+LSTM_no_adapt,fri_pm_ddos,4402,0.9473684210526315,0.8321431184627779,0.5,1.0,5
D,GAT+LSTM_no_adapt,fri_pm_ddos,4403,0.9473684210526315,0.8321431184627779,0.5,1.0,5
D,GAT+LSTM_no_adapt,fri_pm_ddos,4404,0.9473684210526315,0.8321431184627779,0.5,1.0,5
D,GAT+LSTM_no_adapt,fri_pm_ddos,4405,0.918918918918919,0.8159537994836663,0.607843137254902,1.0,5
D,GAT+LSTM_no_adapt,fri_pm_ddos,4406,0.918918918918919,0.81241738491784,0.5882352941176471,1.0,5
D,GAT+LSTM_no_adapt,fri_pm_ddos,4407,0.918918918918919,0.81241738491784,0.5882352941176471,1.0,5
D,GAT+LSTM_no_adapt,fri_pm_ddos,4408,0.9473684210526315,0.8204768340152757,0.3888888888888889,1.0,5
D,GAT+LSTM_no_adapt,fri_pm_ddos,4409,0.9473684210526315,0.8236290671307441,0.4166666666666667,1.0,5
D,GAT+LSTM_no_adapt,fri_pm_ddos,4410,0.9473684210526315,0.8236290671307441,0.4166666666666667,1.0,5
D,GAT+LSTM_no_adapt,fri_pm_ddos,4411,0.9473684210526315,0.8236290671307441,0.4166666666666667,1.0,5
D,GAT+LSTM_no_adapt,fri_pm_ddos,4412,0.9473684210526315,0.8236290671307441,0.4166666666666667,1.0,5
D,GAT+LSTM_no_adapt,fri_pm_ddos,4413,0.9473684210526315,0.8204768340152757,0.3888888888888889,1.0,5
D,GAT+LSTM_no_adapt,fri_pm_ddos,4414,0.918918918918919,0.803952270285816,0.5294117647058824,1.0,5
D,GAT+LSTM_no_adapt,fri_pm_ddos,4415,0.918918918918919,0.803952270285816,0.5294117647058824,1.0,5
D,GAT+LSTM_no_adapt,fri_pm_ddos,4416,0.9473684210526315,0.9783454926805031,0.8055555555555556,1.0,5
D,GAT+LSTM_no_adapt,fri_pm_ddos,4417,0.9473684210526315,0.9783454926805031,0.8055555555555556,1.0,5
D,GAT+LSTM_no_adapt,fri_pm_ddos,4418,0.9473684210526315,0.9783454926805031,0.8055555555555556,1.0,5
D,GAT+LSTM_no_adapt,fri_pm_ddos,4419,0.9473684210526315,0.9783454926805031,0.8055555555555556,1.0,5
D,GAT+LSTM_no_adapt,fri_pm_ddos,4420,0.9473684210526315,0.9783454926805031,0.8055555555555556,1.0,5
D,GAT+LSTM_no_adapt,fri_pm_ddos,4421,0.9473684210526315,0.9783454926805031,0.8055555555555556,1.0,5
D,GAT+LSTM_no_adapt,fri_pm_ddos,4422,0.918918918918919,0.803952270285816,0.5294117647058824,1.0,5
D,GAT+LSTM_no_adapt,fri_pm_ddos,4423,0.8888888888888888,0.7778724214543198,0.5625,1.0,5
D,GAT+LSTM_no_adapt,fri_pm_ddos,4424,0.8888888888888888,0.7885381140133947,0.609375,1.0,5
D,GAT+LSTM_no_adapt,fri_pm_ddos,4425,0.918918918918919,0.8069078642881227,0.5490196078431373,1.0,5
D,GAT+LSTM_no_adapt,fri_pm_ddos,4426,0.918918918918919,0.813262021017894,0.5882352941176471,1.0,5
D,GAT+LSTM_no_adapt,fri_pm_ddos,4427,0.918918918918919,0.8192914580765154,0.6274509803921569,1.0,5
D,GAT+LSTM_no_adapt,fri_pm_ddos,4428,0.918918918918919,0.8192914580765154,0.6274509803921569,1.0,5
D,GAT+LSTM_no_adapt,fri_pm_ddos,4429,0.918918918918919,0.8192914580765154,0.6274509803921569,1.0,5
D,GAT+LSTM_no_adapt,fri_pm_ddos,4430,0.918918918918919,0.8192914580765154,0.6274509803921569,1.0,5
D,GAT+LSTM_no_adapt,fri_pm_ddos,4431,0.8888888888888888,0.805078438181186,0.6875,1.0,5
D,GAT+LSTM_no_adapt,fri_pm_ddos,4432,0.8571428571428571,0.7953732025055555,0.7466666666666666,1.0,5
D,GAT+LSTM_no_adapt,fri_pm_ddos,4433,0.8571428571428571,0.7897058478443928,0.72,1.0,5
D,GAT+LSTM_no_adapt,fri_pm_ddos,4434,0.8888888888888888,0.7925330773833581,0.625,1.0,5
D,GAT+LSTM_no_adapt,fri_pm_ddos,4435,0.8888888888888888,0.7925330773833581,0.625,1.0,5
D,GAT+LSTM_no_adapt,fri_pm_ddos,4436,0.8888888888888888,0.7925330773833581,0.625,1.0,5
D,GAT+LSTM_no_adapt,fri_pm_ddos,4437,0.8888888888888888,0.7925330773833581,0.625,1.0,5
D,GAT+LSTM_no_adapt,fri_pm_ddos,4438,0.8888888888888888,0.7925330773833581,0.625,1.0,5
D,GAT+LSTM_no_adapt,fri_pm_ddos,4439,0.8888888888888888,0.7925330773833581,0.625,1.0,5
D,GAT+LSTM_no_adapt,fri_pm_ddos,4440,0.8888888888888888,0.7821363866557849,0.578125,1.0,5
D,GAT+LSTM_no_adapt,fri_pm_ddos,4441,0.8571428571428571,0.7695689089032742,0.6533333333333333,1.0,5
D,GAT+LSTM_no_adapt,fri_pm_ddos,4442,0.8888888888888888,0.9436925795115617,0.765625,1.0,5
D,GAT+LSTM_no_adapt,fri_pm_ddos,4443,0.918918918918919,0.9538269582660405,0.7450980392156863,1.0,5
D,GAT+LSTM_no_adapt,fri_pm_ddos,4444,0.918918918918919,0.9487021810824398,0.7254901960784313,1.0,5
D,GAT+LSTM_no_adapt,fri_pm_ddos,4445,0.918918918918919,0.9430872078204077,0.7058823529411764,1.0,5
D,GAT+LSTM_no_adapt,fri_pm_ddos,4446,0.918918918918919,0.9430872078204077,0.7058823529411764,1.0,5
D,GAT+LSTM_no_adapt,fri_pm_ddos,4447,0.918918918918919,0.9430872078204077,0.7058823529411764,1.0,5
D,GAT+LSTM_no_adapt,fri_pm_ddos,4448,0.918918918918919,0.9430872078204077,0.7058823529411764,1.0,5
D,GAT+LSTM_no_adapt,fri_pm_ddos,4449,0.8888888888888888,0.914638619410775,0.671875,1.0,5
D,GAT+LSTM_no_adapt,fri_pm_ddos,4450,0.8571428571428571,0.8935188195017916,0.68,1.0,5
D,GAT+LSTM_no_adapt,fri_pm_ddos,4451,0.8571428571428571,0.925009374154111,0.76,1.0,5
D,GAT+LSTM_no_adapt,fri_pm_ddos,4452,0.8571428571428571,0.9381436010383377,0.8,1.0,5
D,GAT+LSTM_no_adapt,fri_pm_ddos,4453,0.8571428571428571,0.942404895299632,0.8133333333333334,1.0,5
D,GAT+LSTM_no_adapt,fri_pm_ddos,4454,0.8571428571428571,0.942404895299632,0.8133333333333334,1.0,5
D,GAT+LSTM_no_adapt,fri_pm_ddos,4455,0.8571428571428571,0.942404895299632,0.8133333333333334,1.0,5
D,GAT+LSTM_no_adapt,fri_pm_ddos,4456,0.8571428571428571,0.942404895299632,0.8133333333333334,1.0,5
D,GAT+LSTM_no_adapt,fri_pm_ddos,4457,0.8571428571428571,0.942404895299632,0.8133333333333334,1.0,5
D,GAT+LSTM_no_adapt,fri_pm_ddos,4458,0.8571428571428571,0.942404895299632,0.8133333333333334,1.0,5
D,GAT+LSTM_no_adapt,fri_pm_ddos,4459,0.8571428571428571,0.942404895299632,0.8133333333333334,1.0,5
D,GAT+LSTM_no_adapt,fri_pm_ddos,4460,0.8235294117647058,0.9360599926389399,0.8214285714285714,1.0,5
D,GAT+LSTM_no_adapt,fri_pm_ddos,4461,0.8235294117647058,0.9360599926389399,0.8214285714285714,1.0,5
D,GAT+LSTM_no_adapt,fri_pm_ddos,4462,0.8235294117647058,0.9539446768770077,0.8809523809523809,1.0,5
D,GAT+LSTM_no_adapt,fri_pm_ddos,4463,0.8235294117647058,0.9778233671090812,0.9523809523809524,1.0,5
D,GAT+LSTM_no_adapt,fri_pm_ddos,4464,0.8235294117647058,0.984046310832025,0.9642857142857143,1.0,5
D,GAT+LSTM_no_adapt,fri_pm_ddos,4465,0.8235294117647058,0.984046310832025,0.9642857142857143,1.0,5
D,GAT+LSTM_no_adapt,fri_pm_ddos,4466,0.8235294117647058,0.984046310832025,0.9642857142857143,1.0,5
D,GAT+LSTM_no_adapt,fri_pm_ddos,4467,0.8235294117647058,0.984046310832025,0.9642857142857143,1.0,5
D,GAT+LSTM_no_adapt,fri_pm_ddos,4468,0.8235294117647058,0.984046310832025,0.9642857142857143,1.0,5
D,GAT+LSTM_no_adapt,fri_pm_ddos,4469,0.8235294117647058,0.8010788814360243,0.8333333333333334,1.0,5
D,GAT+LSTM_no_adapt,fri_pm_ddos,4470,0.8235294117647058,0.7000744295387152,0.6666666666666667,1.0,5
D,GAT+LSTM_no_adapt,fri_pm_ddos,4471,0.8571428571428571,0.7119812322753499,0.6,1.0,5
D,GAT+LSTM_no_adapt,fri_pm_ddos,4472,0.8888888888888888,0.7228337124476829,0.5,1.0,5
D,GAT+LSTM_no_adapt,fri_pm_ddos,4473,0.8571428571428571,0.6398672732496262,0.4,1.0,5
D,GAT+LSTM_no_adapt,fri_pm_ddos,4474,0.8235294117647058,0.5688580094042279,0.33333333333333337,1.0,5
D,GAT+LSTM_no_adapt,fri_pm_ddos,4475,0.7878787878787878,0.5532900231995255,0.4285714285714286,1.0,5
D,GAT+LSTM_no_adapt,fri_pm_ddos,4476,0.75,0.5362847800347801,0.5,1.0,5
D,GAT+LSTM_no_adapt,fri_pm_ddos,4477,0.7096774193548387,0.5176136994318812,0.5555555555555556,1.0,5
D,GAT+LSTM_no_adapt,fri_pm_ddos,4478,0.6666666666666666,0.49699411699411694,0.6,1.0,5
D,GAT+LSTM_no_adapt,fri_pm_ddos,4479,0.6428571428571429,0.4740716074049408,0.6363636363636364,0.9090909090909091,5
D,GAT+LSTM_no_adapt,fri_pm_ddos,4480,0.6666666666666666,0.4740716074049408,0.6363636363636364,0.8181818181818182,5
D,GAT+LSTM_no_adapt,fri_pm_ddos,4481,0.6923076923076923,0.4740716074049408,0.6363636363636364,0.7272727272727273,5
D,GAT+LSTM_no_adapt,fri_pm_ddos,4482,0.6666666666666666,0.4483946608946609,0.6666666666666667,0.6666666666666666,5
D,GAT+LSTM_no_adapt,fri_pm_ddos,4483,0.6363636363636364,0.41937744794887655,0.6923076923076923,0.6153846153846154,5
D,GAT+LSTM_no_adapt,fri_pm_ddos,4484,0.6,0.3862433862433863,0.7142857142857143,0.5714285714285714,5
D,GAT+LSTM_no_adapt,fri_pm_ddos,4485,0.5555555555555556,0.34793650793650793,0.7333333333333334,0.5333333333333333,5
D,GAT+LSTM_no_adapt,fri_pm_ddos,4486,0.5,0.3029761904761905,0.75,0.5,5
D,GAT+LSTM_no_adapt,fri_pm_ddos,4487,0.42857142857142855,0.2492063492063492,0.7647058823529411,0.47058823529411764,5
D,GAT+LSTM_no_adapt,fri_pm_ddos,4488,0.3333333333333333,0.18333333333333335,0.7777777777777778,0.4444444444444444,5
D,GAT+LSTM_no_adapt,fri_pm_ddos,4489,0.36363636363636365,0.225,0.8333333333333334,0.3888888888888889,5
D,GAT+LSTM_no_adapt,fri_pm_ddos,4490,0.4,0.29166666666666663,0.8888888888888888,0.3333333333333333,5
D,GAT+LSTM_no_adapt,fri_pm_ddos,4491,0.25,0.16666666666666666,0.8947368421052632,0.3157894736842105,5
D,GAT+LSTM_no_adapt,fri_pm_ddos,4492,0.0,0.5,,0.3,5
D,GAT+LSTM_no_adapt,fri_pm_ddos,4493,0.0,0.5,,0.25,5
D,GAT+LSTM_no_adapt,fri_pm_ddos,4494,0.0,0.5,,0.2,5
D,GAT+LSTM_no_adapt,fri_pm_ddos,4495,0.0,0.5,,0.15,5
D,GAT+LSTM_no_adapt,fri_pm_ddos,4496,0.0,0.5,,0.1,5
D,GAT+LSTM_no_adapt,fri_pm_ddos,4497,0.0,0.5,,0.05,5
D,GAT+LSTM_no_adapt,fri_pm_ddos,4498,0.0,0.5,,0.0,5
D,GAT+LSTM_no_adapt,fri_pm_ddos,4499,0.0,0.5,,0.0,5
D,GAT+LSTM_no_adapt,fri_pm_ddos,4500,0.0,0.5,,0.0,5
D,GAT+LSTM_full_retrain,mon,6,0.0,0.5,,0.0,1
D,GAT+LSTM_full_retrain,mon,7,0.0,0.5,,0.0,1
D,GAT+LSTM_full_retrain,mon,8,0.0,0.5,,0.0,1
D,GAT+LSTM_full_retrain,mon,9,0.0,0.5,,0.0,1
D,GAT+LSTM_full_retrain,mon,10,0.0,0.5,,0.0,1
D,GAT+LSTM_full_retrain,mon,11,0.0,0.5,,0.0,1
D,GAT+LSTM_full_retrain,mon,12,0.0,0.5,,0.0,1
D,GAT+LSTM_full_retrain,mon,13,0.0,0.5,,0.0,1
D,GAT+LSTM_full_retrain,mon,14,0.0,0.5,,0.0,1
D,GAT+LSTM_full_retrain,mon,15,0.0,0.5,,0.0,1
D,GAT+LSTM_full_retrain,mon,16,0.0,0.5,,0.0,1
D,GAT+LSTM_full_retrain,mon,17,0.0,0.5,,0.0,1
D,GAT+LSTM_full_retrain,mon,18,0.0,0.5,,0.0,1
D,GAT+LSTM_full_retrain,mon,19,0.0,0.5,,0.0,1
D,GAT+LSTM_full_retrain,mon,20,0.0,0.5,,0.0,1
D,GAT+LSTM_full_retrain,mon,21,0.0,0.5,,0.0,1
D,GAT+LSTM_full_retrain,mon,22,0.0,0.5,,0.0,1
D,GAT+LSTM_full_retrain,mon,23,0.0,0.5,,0.0,1
D,GAT+LSTM_full_retrain,mon,24,0.0,0.5,,0.0,1
D,GAT+LSTM_full_retrain,mon,25,0.0,0.5,,0.0,1
D,GAT+LSTM_full_retrain,mon,26,0.0,0.5,,0.0,1
D,GAT+LSTM_full_retrain,mon,27,0.0,0.5,,0.0,1
D,GAT+LSTM_full_retrain,mon,28,0.0,0.5,,0.0,1
D,GAT+LSTM_full_retrain,mon,29,0.0,0.5,,0.0,1
D,GAT+LSTM_full_retrain,mon,30,0.0,0.5,,0.0,1
D,GAT+LSTM_full_retrain,mon,31,0.0,0.5,,0.0,1
D,GAT+LSTM_full_retrain,mon,32,0.0,0.5,,0.0,1
D,GAT+LSTM_full_retrain,mon,33,0.0,0.5,,0.0,1
D,GAT+LSTM_full_retrain,mon,34,0.0,0.5,,0.0,1
D,GAT+LSTM_full_retrain,mon,35,0.0,0.5,,0.0,1
D,GAT+LSTM_full_retrain,mon,36,0.0,0.5,,0.0,1
D,GAT+LSTM_full_retrain,mon,37,0.0,0.5,,0.0,1
D,GAT+LSTM_full_retrain,mon,38,0.0,0.5,,0.0,1
D,GAT+LSTM_full_retrain,mon,39,0.0,0.5,,0.0,1
D,GAT+LSTM_full_retrain,mon,40,0.0,0.5,,0.0,1
D,GAT+LSTM_full_retrain,mon,41,0.0,0.5,,0.0,1
D,GAT+LSTM_full_retrain,mon,42,0.0,0.5,,0.0,1
D,GAT+LSTM_full_retrain,mon,43,0.0,0.5,,0.0,1
D,GAT+LSTM_full_retrain,mon,44,0.0,0.5,,0.0,1
D,GAT+LSTM_full_retrain,mon,45,0.0,0.5,,0.0,1
D,GAT+LSTM_full_retrain,mon,46,0.0,0.5,,0.0,1
D,GAT+LSTM_full_retrain,mon,47,0.0,0.5,,0.0,1
D,GAT+LSTM_full_retrain,mon,48,0.0,0.5,,0.0,1
D,GAT+LSTM_full_retrain,mon,49,0.0,0.5,,0.0,1
D,GAT+LSTM_full_retrain,mon,50,0.0,0.5,,0.0,1
D,GAT+LSTM_full_retrain,mon,51,0.0,0.5,,0.0,1
D,GAT+LSTM_full_retrain,mon,52,0.0,0.5,,0.0,1
D,GAT+LSTM_full_retrain,mon,53,0.0,0.5,,0.0,1
D,GAT+LSTM_full_retrain,mon,54,0.0,0.5,,0.0,1
D,GAT+LSTM_full_retrain,mon,55,0.0,0.5,,0.0,1
D,GAT+LSTM_full_retrain,mon,56,0.0,0.5,,0.0,1
D,GAT+LSTM_full_retrain,mon,57,0.0,0.5,,0.0,1
D,GAT+LSTM_full_retrain,mon,58,0.0,0.5,,0.0,1
D,GAT+LSTM_full_retrain,mon,59,0.0,0.5,,0.0,1
D,GAT+LSTM_full_retrain,mon,60,0.0,0.5,,0.0,1
D,GAT+LSTM_full_retrain,mon,61,0.0,0.5,,0.0,1
D,GAT+LSTM_full_retrain,mon,62,0.0,0.5,,0.0,1
D,GAT+LSTM_full_retrain,mon,63,0.0,0.5,,0.0,1
D,GAT+LSTM_full_retrain,mon,64,0.0,0.5,,0.0,1
D,GAT+LSTM_full_retrain,mon,65,0.0,0.5,,0.0,1
D,GAT+LSTM_full_retrain,mon,66,0.0,0.5,,0.0,1
D,GAT+LSTM_full_retrain,mon,67,0.0,0.5,,0.0,1
D,GAT+LSTM_full_retrain,mon,68,0.0,0.5,,0.0,1
D,GAT+LSTM_full_retrain,mon,69,0.0,0.5,,0.0,1
D,GAT+LSTM_full_retrain,mon,70,0.0,0.5,,0.0,1
D,GAT+LSTM_full_retrain,mon,71,0.0,0.5,,0.0,1
D,GAT+LSTM_full_retrain,mon,72,0.0,0.5,,0.0,1
D,GAT+LSTM_full_retrain,mon,73,0.0,0.5,,0.0,1
D,GAT+LSTM_full_retrain,mon,74,0.0,0.5,,0.0,1
D,GAT+LSTM_full_retrain,mon,75,0.0,0.5,,0.0,1
D,GAT+LSTM_full_retrain,mon,76,0.0,0.5,,0.0,1
D,GAT+LSTM_full_retrain,mon,77,0.0,0.5,,0.0,1
D,GAT+LSTM_full_retrain,mon,78,0.0,0.5,,0.0,1
D,GAT+LSTM_full_retrain,mon,79,0.0,0.5,,0.0,1
D,GAT+LSTM_full_retrain,mon,80,0.0,0.5,,0.0,1
D,GAT+LSTM_full_retrain,mon,81,0.0,0.5,,0.0,1
D,GAT+LSTM_full_retrain,mon,82,0.0,0.5,,0.0,1
D,GAT+LSTM_full_retrain,mon,83,0.0,0.5,,0.0,1
D,GAT+LSTM_full_retrain,mon,84,0.0,0.5,,0.0,1
D,GAT+LSTM_full_retrain,mon,85,0.0,0.5,,0.0,1
D,GAT+LSTM_full_retrain,mon,86,0.0,0.5,,0.0,1
D,GAT+LSTM_full_retrain,mon,87,0.0,0.5,,0.0,1
D,GAT+LSTM_full_retrain,mon,88,0.0,0.5,,0.0,1
D,GAT+LSTM_full_retrain,mon,89,0.0,0.5,,0.0,1
D,GAT+LSTM_full_retrain,mon,90,0.0,0.5,,0.0,1
D,GAT+LSTM_full_retrain,mon,91,0.0,0.5,,0.0,1
D,GAT+LSTM_full_retrain,mon,92,0.0,0.5,,0.0,1
D,GAT+LSTM_full_retrain,mon,93,0.0,0.5,,0.0,1
D,GAT+LSTM_full_retrain,mon,94,0.0,0.5,,0.0,1
D,GAT+LSTM_full_retrain,mon,95,0.0,0.5,,0.0,1
D,GAT+LSTM_full_retrain,mon,96,0.0,0.5,,0.0,1
D,GAT+LSTM_full_retrain,mon,97,0.0,0.5,,0.0,1
D,GAT+LSTM_full_retrain,mon,98,0.0,0.5,,0.0,1
D,GAT+LSTM_full_retrain,mon,99,0.0,0.5,,0.0,1
D,GAT+LSTM_full_retrain,mon,100,0.0,0.5,,0.0,1
D,GAT+LSTM_full_retrain,mon,101,0.0,0.5,,0.0,1
D,GAT+LSTM_full_retrain,mon,102,0.0,0.5,,0.0,1
D,GAT+LSTM_full_retrain,mon,103,0.0,0.5,,0.0,1
D,GAT+LSTM_full_retrain,mon,104,0.0,0.5,,0.0,1
D,GAT+LSTM_full_retrain,mon,105,0.0,0.5,,0.0,1
D,GAT+LSTM_full_retrain,mon,106,0.0,0.5,,0.0,1
D,GAT+LSTM_full_retrain,mon,107,0.0,0.5,,0.0,1
D,GAT+LSTM_full_retrain,mon,108,0.0,0.5,,0.0,1
D,GAT+LSTM_full_retrain,mon,109,0.0,0.5,,0.0,1
D,GAT+LSTM_full_retrain,mon,110,0.0,0.5,,0.0,1
D,GAT+LSTM_full_retrain,mon,111,0.0,0.5,,0.0,1
D,GAT+LSTM_full_retrain,mon,112,0.0,0.5,,0.0,1
D,GAT+LSTM_full_retrain,mon,113,0.0,0.5,,0.0,1
D,GAT+LSTM_full_retrain,mon,114,0.0,0.5,,0.0,1
D,GAT+LSTM_full_retrain,mon,115,0.0,0.5,,0.0,1
D,GAT+LSTM_full_retrain,mon,116,0.0,0.5,,0.0,1
D,GAT+LSTM_full_retrain,mon,117,0.0,0.5,,0.0,1
D,GAT+LSTM_full_retrain,mon,118,0.0,0.5,,0.0,1
D,GAT+LSTM_full_retrain,mon,119,0.0,0.5,,0.0,1
D,GAT+LSTM_full_retrain,mon,120,0.0,0.5,,0.0,1
D,GAT+LSTM_full_retrain,mon,121,0.0,0.5,,0.0,1
D,GAT+LSTM_full_retrain,mon,122,0.0,0.5,,0.0,1
D,GAT+LSTM_full_retrain,mon,123,0.0,0.5,,0.0,1
D,GAT+LSTM_full_retrain,mon,124,0.0,0.5,,0.0,1
D,GAT+LSTM_full_retrain,mon,125,0.0,0.5,,0.0,1
D,GAT+LSTM_full_retrain,mon,126,0.0,0.5,,0.0,1
D,GAT+LSTM_full_retrain,mon,127,0.0,0.5,,0.0,1
D,GAT+LSTM_full_retrain,mon,128,0.0,0.5,,0.0,1
D,GAT+LSTM_full_retrain,mon,129,0.0,0.5,,0.0,1
D,GAT+LSTM_full_retrain,mon,130,0.0,0.5,,0.0,1
D,GAT+LSTM_full_retrain,mon,131,0.0,0.5,,0.0,1
D,GAT+LSTM_full_retrain,mon,132,0.0,0.5,,0.0,1
D,GAT+LSTM_full_retrain,mon,133,0.0,0.5,,0.0,1
D,GAT+LSTM_full_retrain,mon,134,0.0,0.5,,0.0,1
D,GAT+LSTM_full_retrain,mon,135,0.0,0.5,,0.0,1
D,GAT+LSTM_full_retrain,mon,136,0.0,0.5,,0.0,1
D,GAT+LSTM_full_retrain,mon,137,0.0,0.5,,0.0,1
D,GAT+LSTM_full_retrain,mon,138,0.0,0.5,,0.0,1
D,GAT+LSTM_full_retrain,mon,139,0.0,0.5,,0.0,1
D,GAT+LSTM_full_retrain,mon,140,0.0,0.5,,0.0,1
D,GAT+LSTM_full_retrain,mon,141,0.0,0.5,,0.0,1
D,GAT+LSTM_full_retrain,mon,142,0.0,0.5,,0.0,1
D,GAT+LSTM_full_retrain,mon,143,0.0,0.5,,0.0,1
D,GAT+LSTM_full_retrain,mon,144,0.0,0.5,,0.0,1
D,GAT+LSTM_full_retrain,mon,145,0.0,0.5,,0.0,1
D,GAT+LSTM_full_retrain,mon,146,0.0,0.5,,0.0,1
D,GAT+LSTM_full_retrain,mon,147,0.0,0.5,,0.0,1
D,GAT+LSTM_full_retrain,mon,148,0.0,0.5,,0.0,1
D,GAT+LSTM_full_retrain,mon,149,0.0,0.5,,0.0,1
D,GAT+LSTM_full_retrain,mon,150,0.0,0.5,,0.0,1
D,GAT+LSTM_full_retrain,mon,151,0.0,0.5,,0.0,1
D,GAT+LSTM_full_retrain,mon,152,0.0,0.5,,0.0,1
D,GAT+LSTM_full_retrain,mon,153,0.0,0.5,,0.0,1
D,GAT+LSTM_full_retrain,mon,154,0.0,0.5,,0.0,1
D,GAT+LSTM_full_retrain,mon,155,0.0,0.5,,0.0,1
D,GAT+LSTM_full_retrain,mon,156,0.0,0.5,,0.0,1
D,GAT+LSTM_full_retrain,mon,157,0.0,0.5,,0.0,1
D,GAT+LSTM_full_retrain,mon,158,0.0,0.5,,0.0,1
D,GAT+LSTM_full_retrain,mon,159,0.0,0.5,,0.0,1
D,GAT+LSTM_full_retrain,mon,160,0.0,0.5,,0.0,1
D,GAT+LSTM_full_retrain,mon,161,0.0,0.5,,0.0,1
D,GAT+LSTM_full_retrain,mon,162,0.0,0.5,,0.0,1
D,GAT+LSTM_full_retrain,mon,163,0.0,0.5,,0.0,1
D,GAT+LSTM_full_retrain,mon,164,0.0,0.5,,0.0,1
D,GAT+LSTM_full_retrain,mon,165,0.0,0.5,,0.0,1
D,GAT+LSTM_full_retrain,mon,166,0.0,0.5,,0.0,1
D,GAT+LSTM_full_retrain,mon,167,0.0,0.5,,0.0,1
D,GAT+LSTM_full_retrain,mon,168,0.0,0.5,,0.0,1
D,GAT+LSTM_full_retrain,mon,169,0.0,0.5,,0.0,1
D,GAT+LSTM_full_retrain,mon,170,0.0,0.5,,0.0,1
D,GAT+LSTM_full_retrain,mon,171,0.0,0.5,,0.0,1
D,GAT+LSTM_full_retrain,mon,172,0.0,0.5,,0.0,1
D,GAT+LSTM_full_retrain,mon,173,0.0,0.5,,0.0,1
D,GAT+LSTM_full_retrain,mon,174,0.0,0.5,,0.0,1
D,GAT+LSTM_full_retrain,mon,175,0.0,0.5,,0.0,1
D,GAT+LSTM_full_retrain,mon,176,0.0,0.5,,0.0,1
D,GAT+LSTM_full_retrain,mon,177,0.0,0.5,,0.0,1
D,GAT+LSTM_full_retrain,mon,178,0.0,0.5,,0.0,1
D,GAT+LSTM_full_retrain,mon,179,0.0,0.5,,0.0,1
D,GAT+LSTM_full_retrain,mon,180,0.0,0.5,,0.0,1
D,GAT+LSTM_full_retrain,mon,181,0.0,0.5,,0.0,1
D,GAT+LSTM_full_retrain,mon,182,0.0,0.5,,0.0,1
D,GAT+LSTM_full_retrain,mon,183,0.0,0.5,,0.0,1
D,GAT+LSTM_full_retrain,mon,184,0.0,0.5,,0.0,1
D,GAT+LSTM_full_retrain,mon,185,0.0,0.5,,0.0,1
D,GAT+LSTM_full_retrain,mon,186,0.0,0.5,,0.0,1
D,GAT+LSTM_full_retrain,mon,187,0.0,0.5,,0.0,1
D,GAT+LSTM_full_retrain,mon,188,0.0,0.5,,0.0,1
D,GAT+LSTM_full_retrain,mon,189,0.0,0.5,,0.0,1
D,GAT+LSTM_full_retrain,mon,190,0.0,0.5,,0.0,1
D,GAT+LSTM_full_retrain,mon,191,0.0,0.5,,0.0,1
D,GAT+LSTM_full_retrain,mon,192,0.0,0.5,,0.0,1
D,GAT+LSTM_full_retrain,mon,193,0.0,0.5,,0.0,1
D,GAT+LSTM_full_retrain,mon,194,0.0,0.5,,0.0,1
D,GAT+LSTM_full_retrain,mon,195,0.0,0.5,,0.0,1
D,GAT+LSTM_full_retrain,mon,196,0.0,0.5,,0.0,1
D,GAT+LSTM_full_retrain,mon,197,0.0,0.5,,0.0,1
D,GAT+LSTM_full_retrain,mon,198,0.0,0.5,,0.0,1
D,GAT+LSTM_full_retrain,mon,199,0.0,0.5,,0.0,1
D,GAT+LSTM_full_retrain,mon,200,0.0,0.5,,0.0,1
D,GAT+LSTM_full_retrain,mon,201,0.0,0.5,,0.0,1
D,GAT+LSTM_full_retrain,mon,202,0.0,0.5,,0.0,1
D,GAT+LSTM_full_retrain,mon,203,0.0,0.5,,0.0,1
D,GAT+LSTM_full_retrain,mon,204,0.0,0.5,,0.0,1
D,GAT+LSTM_full_retrain,mon,205,0.0,0.5,,0.0,1
D,GAT+LSTM_full_retrain,mon,206,0.0,0.5,,0.0,1
D,GAT+LSTM_full_retrain,mon,207,0.0,0.5,,0.0,1
D,GAT+LSTM_full_retrain,mon,208,0.0,0.5,,0.0,1
D,GAT+LSTM_full_retrain,mon,209,0.0,0.5,,0.0,1
D,GAT+LSTM_full_retrain,mon,210,0.0,0.5,,0.0,1
D,GAT+LSTM_full_retrain,mon,211,0.0,0.5,,0.0,1
D,GAT+LSTM_full_retrain,mon,212,0.0,0.5,,0.0,1
D,GAT+LSTM_full_retrain,mon,213,0.0,0.5,,0.0,1
D,GAT+LSTM_full_retrain,mon,214,0.0,0.5,,0.0,1
D,GAT+LSTM_full_retrain,mon,215,0.0,0.5,,0.0,1
D,GAT+LSTM_full_retrain,mon,216,0.0,0.5,,0.0,1
D,GAT+LSTM_full_retrain,mon,217,0.0,0.5,,0.0,1
D,GAT+LSTM_full_retrain,mon,218,0.0,0.5,,0.0,1
D,GAT+LSTM_full_retrain,mon,219,0.0,0.5,,0.0,1
D,GAT+LSTM_full_retrain,mon,220,0.0,0.5,,0.0,1
D,GAT+LSTM_full_retrain,mon,221,0.0,0.5,,0.0,1
D,GAT+LSTM_full_retrain,mon,222,0.0,0.5,,0.0,1
D,GAT+LSTM_full_retrain,mon,223,0.0,0.5,,0.0,1
D,GAT+LSTM_full_retrain,mon,224,0.0,0.5,,0.0,1
D,GAT+LSTM_full_retrain,mon,225,0.0,0.5,,0.0,1
D,GAT+LSTM_full_retrain,mon,226,0.0,0.5,,0.0,1
D,GAT+LSTM_full_retrain,mon,227,0.0,0.5,,0.0,1
D,GAT+LSTM_full_retrain,mon,228,0.0,0.5,,0.0,1
D,GAT+LSTM_full_retrain,mon,229,0.0,0.5,,0.0,1
D,GAT+LSTM_full_retrain,mon,230,0.0,0.5,,0.0,1
D,GAT+LSTM_full_retrain,mon,231,0.0,0.5,,0.0,1
D,GAT+LSTM_full_retrain,mon,232,0.0,0.5,,0.0,1
D,GAT+LSTM_full_retrain,mon,233,0.0,0.5,,0.0,1
D,GAT+LSTM_full_retrain,mon,234,0.0,0.5,,0.0,1
D,GAT+LSTM_full_retrain,mon,235,0.0,0.5,,0.0,1
D,GAT+LSTM_full_retrain,mon,236,0.0,0.5,,0.0,1
D,GAT+LSTM_full_retrain,mon,237,0.0,0.5,,0.0,1
D,GAT+LSTM_full_retrain,mon,238,0.0,0.5,,0.0,1
D,GAT+LSTM_full_retrain,mon,239,0.0,0.5,,0.0,1
D,GAT+LSTM_full_retrain,mon,240,0.0,0.5,,0.0,1
D,GAT+LSTM_full_retrain,mon,241,0.0,0.5,,0.0,1
D,GAT+LSTM_full_retrain,mon,242,0.0,0.5,,0.0,1
D,GAT+LSTM_full_retrain,mon,243,0.0,0.5,,0.0,1
D,GAT+LSTM_full_retrain,mon,244,0.0,0.5,,0.0,1
D,GAT+LSTM_full_retrain,mon,245,0.0,0.5,,0.0,1
D,GAT+LSTM_full_retrain,mon,246,0.0,0.5,,0.0,1
D,GAT+LSTM_full_retrain,mon,247,0.0,0.5,,0.0,1
D,GAT+LSTM_full_retrain,mon,248,0.0,0.5,,0.0,1
D,GAT+LSTM_full_retrain,mon,249,0.0,0.5,,0.0,1
D,GAT+LSTM_full_retrain,mon,250,0.0,0.5,,0.0,1
D,GAT+LSTM_full_retrain,mon,251,0.0,0.5,,0.0,1
D,GAT+LSTM_full_retrain,mon,252,0.0,0.5,,0.0,1
D,GAT+LSTM_full_retrain,mon,253,0.0,0.5,,0.0,1
D,GAT+LSTM_full_retrain,mon,254,0.0,0.5,,0.0,1
D,GAT+LSTM_full_retrain,mon,255,0.0,0.5,,0.0,1
D,GAT+LSTM_full_retrain,mon,256,0.0,0.5,,0.0,1
D,GAT+LSTM_full_retrain,mon,257,0.0,0.5,,0.0,1
D,GAT+LSTM_full_retrain,mon,258,0.0,0.5,,0.0,1
D,GAT+LSTM_full_retrain,mon,259,0.0,0.5,,0.0,1
D,GAT+LSTM_full_retrain,mon,260,0.0,0.5,,0.0,1
D,GAT+LSTM_full_retrain,mon,261,0.0,0.5,,0.0,1
D,GAT+LSTM_full_retrain,mon,262,0.0,0.5,,0.0,1
D,GAT+LSTM_full_retrain,mon,263,0.0,0.5,,0.0,1
D,GAT+LSTM_full_retrain,mon,264,0.0,0.5,,0.0,1
D,GAT+LSTM_full_retrain,mon,265,0.0,0.5,,0.0,1
D,GAT+LSTM_full_retrain,mon,266,0.0,0.5,,0.0,1
D,GAT+LSTM_full_retrain,mon,267,0.0,0.5,,0.0,1
D,GAT+LSTM_full_retrain,mon,268,0.0,0.5,,0.0,1
D,GAT+LSTM_full_retrain,mon,269,0.0,0.5,,0.0,1
D,GAT+LSTM_full_retrain,mon,270,0.0,0.5,,0.0,1
D,GAT+LSTM_full_retrain,mon,271,0.0,0.5,,0.0,1
D,GAT+LSTM_full_retrain,mon,272,0.0,0.5,,0.0,1
D,GAT+LSTM_full_retrain,mon,273,0.0,0.5,,0.0,1
D,GAT+LSTM_full_retrain,mon,274,0.0,0.5,,0.0,1
D,GAT+LSTM_full_retrain,mon,275,0.0,0.5,,0.0,1
D,GAT+LSTM_full_retrain,mon,276,0.0,0.5,,0.0,1
D,GAT+LSTM_full_retrain,mon,277,0.0,0.5,,0.0,1
D,GAT+LSTM_full_retrain,mon,278,0.0,0.5,,0.0,1
D,GAT+LSTM_full_retrain,mon,279,0.0,0.5,,0.0,1
D,GAT+LSTM_full_retrain,mon,280,0.0,0.5,,0.0,1
D,GAT+LSTM_full_retrain,mon,281,0.0,0.5,,0.0,1
D,GAT+LSTM_full_retrain,mon,282,0.0,0.5,,0.0,1
D,GAT+LSTM_full_retrain,mon,283,0.0,0.5,,0.0,1
D,GAT+LSTM_full_retrain,mon,284,0.0,0.5,,0.0,1
D,GAT+LSTM_full_retrain,mon,285,0.0,0.5,,0.0,1
D,GAT+LSTM_full_retrain,mon,286,0.0,0.5,,0.0,1
D,GAT+LSTM_full_retrain,mon,287,0.0,0.5,,0.0,1
D,GAT+LSTM_full_retrain,mon,288,0.0,0.5,,0.0,1
D,GAT+LSTM_full_retrain,mon,289,0.0,0.5,,0.0,1
D,GAT+LSTM_full_retrain,mon,290,0.0,0.5,,0.0,1
D,GAT+LSTM_full_retrain,mon,291,0.0,0.5,,0.0,1
D,GAT+LSTM_full_retrain,mon,292,0.0,0.5,,0.0,1
D,GAT+LSTM_full_retrain,mon,293,0.0,0.5,,0.0,1
D,GAT+LSTM_full_retrain,mon,294,0.0,0.5,,0.0,1
D,GAT+LSTM_full_retrain,mon,295,0.0,0.5,,0.0,1
D,GAT+LSTM_full_retrain,mon,296,0.0,0.5,,0.0,1
D,GAT+LSTM_full_retrain,mon,297,0.0,0.5,,0.0,1
D,GAT+LSTM_full_retrain,mon,298,0.0,0.5,,0.0,1
D,GAT+LSTM_full_retrain,mon,299,0.0,0.5,,0.0,1
D,GAT+LSTM_full_retrain,mon,300,0.0,0.5,,0.0,1
D,GAT+LSTM_full_retrain,mon,301,0.0,0.5,,0.0,1
D,GAT+LSTM_full_retrain,mon,302,0.0,0.5,,0.0,1
D,GAT+LSTM_full_retrain,mon,303,0.0,0.5,,0.0,1
D,GAT+LSTM_full_retrain,mon,304,0.0,0.5,,0.0,1
D,GAT+LSTM_full_retrain,mon,305,0.0,0.5,,0.0,1
D,GAT+LSTM_full_retrain,mon,306,0.0,0.5,,0.0,1
D,GAT+LSTM_full_retrain,mon,307,0.0,0.5,,0.0,1
D,GAT+LSTM_full_retrain,mon,308,0.0,0.5,,0.0,1
D,GAT+LSTM_full_retrain,mon,309,0.0,0.5,,0.0,1
D,GAT+LSTM_full_retrain,mon,310,0.0,0.5,,0.0,1
D,GAT+LSTM_full_retrain,mon,311,0.0,0.5,,0.0,1
D,GAT+LSTM_full_retrain,mon,312,0.0,0.5,,0.0,1
D,GAT+LSTM_full_retrain,mon,313,0.0,0.5,,0.0,1
D,GAT+LSTM_full_retrain,mon,314,0.0,0.5,,0.0,1
D,GAT+LSTM_full_retrain,mon,315,0.0,0.5,,0.0,1
D,GAT+LSTM_full_retrain,mon,316,0.0,0.5,,0.0,1
D,GAT+LSTM_full_retrain,mon,317,0.0,0.5,,0.0,1
D,GAT+LSTM_full_retrain,mon,318,0.0,0.5,,0.0,1
D,GAT+LSTM_full_retrain,mon,319,0.0,0.5,,0.0,1
D,GAT+LSTM_full_retrain,mon,320,0.0,0.5,,0.0,1
D,GAT+LSTM_full_retrain,mon,321,0.0,0.5,,0.0,1
D,GAT+LSTM_full_retrain,mon,322,0.0,0.5,,0.0,1
D,GAT+LSTM_full_retrain,mon,323,0.0,0.5,,0.0,1
D,GAT+LSTM_full_retrain,mon,324,0.0,0.5,,0.0,1
D,GAT+LSTM_full_retrain,mon,325,0.0,0.5,,0.0,1
D,GAT+LSTM_full_retrain,mon,326,0.0,0.5,,0.0,1
D,GAT+LSTM_full_retrain,mon,327,0.0,0.5,,0.0,1
D,GAT+LSTM_full_retrain,mon,328,0.0,0.5,,0.0,1
D,GAT+LSTM_full_retrain,mon,329,0.0,0.5,,0.0,1
D,GAT+LSTM_full_retrain,mon,330,0.0,0.5,,0.0,1
D,GAT+LSTM_full_retrain,mon,331,0.0,0.5,,0.0,1
D,GAT+LSTM_full_retrain,mon,332,0.0,0.5,,0.0,1
D,GAT+LSTM_full_retrain,mon,333,0.0,0.5,,0.0,1
D,GAT+LSTM_full_retrain,mon,334,0.0,0.5,,0.0,1
D,GAT+LSTM_full_retrain,mon,335,0.0,0.5,,0.0,1
D,GAT+LSTM_full_retrain,mon,336,0.0,0.5,,0.0,1
D,GAT+LSTM_full_retrain,mon,337,0.0,0.5,,0.0,1
D,GAT+LSTM_full_retrain,mon,338,0.0,0.5,,0.0,1
D,GAT+LSTM_full_retrain,mon,339,0.0,0.5,,0.0,1
D,GAT+LSTM_full_retrain,mon,340,0.0,0.5,,0.0,1
D,GAT+LSTM_full_retrain,mon,341,0.0,0.5,,0.0,1
D,GAT+LSTM_full_retrain,mon,342,0.0,0.5,,0.0,1
D,GAT+LSTM_full_retrain,mon,343,0.0,0.5,,0.0,1
D,GAT+LSTM_full_retrain,mon,344,0.0,0.5,,0.0,1
D,GAT+LSTM_full_retrain,mon,345,0.0,0.5,,0.0,1
D,GAT+LSTM_full_retrain,mon,346,0.0,0.5,,0.0,1
D,GAT+LSTM_full_retrain,mon,347,0.0,0.5,,0.0,1
D,GAT+LSTM_full_retrain,mon,348,0.0,0.5,,0.0,1
D,GAT+LSTM_full_retrain,mon,349,0.0,0.5,,0.0,1
D,GAT+LSTM_full_retrain,mon,350,0.0,0.5,,0.0,1
D,GAT+LSTM_full_retrain,mon,351,0.0,0.5,,0.0,1
D,GAT+LSTM_full_retrain,mon,352,0.0,0.5,,0.0,1
D,GAT+LSTM_full_retrain,mon,353,0.0,0.5,,0.0,1
D,GAT+LSTM_full_retrain,mon,354,0.0,0.5,,0.0,1
D,GAT+LSTM_full_retrain,mon,355,0.0,0.5,,0.0,1
D,GAT+LSTM_full_retrain,mon,356,0.0,0.5,,0.0,1
D,GAT+LSTM_full_retrain,mon,357,0.0,0.5,,0.0,1
D,GAT+LSTM_full_retrain,mon,358,0.0,0.5,,0.0,1
D,GAT+LSTM_full_retrain,mon,359,0.0,0.5,,0.0,1
D,GAT+LSTM_full_retrain,mon,360,0.0,0.5,,0.0,1
D,GAT+LSTM_full_retrain,mon,361,0.0,0.5,,0.0,1
D,GAT+LSTM_full_retrain,mon,362,0.0,0.5,,0.0,1
D,GAT+LSTM_full_retrain,mon,363,0.0,0.5,,0.0,1
D,GAT+LSTM_full_retrain,mon,364,0.0,0.5,,0.0,1
D,GAT+LSTM_full_retrain,mon,365,0.0,0.5,,0.0,1
D,GAT+LSTM_full_retrain,mon,366,0.0,0.5,,0.0,1
D,GAT+LSTM_full_retrain,mon,367,0.0,0.5,,0.0,1
D,GAT+LSTM_full_retrain,mon,368,0.0,0.5,,0.0,1
D,GAT+LSTM_full_retrain,mon,369,0.0,0.5,,0.0,1
D,GAT+LSTM_full_retrain,mon,370,0.0,0.5,,0.0,1
D,GAT+LSTM_full_retrain,mon,371,0.0,0.5,,0.0,1
D,GAT+LSTM_full_retrain,mon,372,0.0,0.5,,0.0,1
D,GAT+LSTM_full_retrain,mon,373,0.0,0.5,,0.0,1
D,GAT+LSTM_full_retrain,mon,374,0.0,0.5,,0.0,1
D,GAT+LSTM_full_retrain,mon,375,0.0,0.5,,0.0,1
D,GAT+LSTM_full_retrain,mon,376,0.0,0.5,,0.0,1
D,GAT+LSTM_full_retrain,mon,377,0.0,0.5,,0.0,1
D,GAT+LSTM_full_retrain,mon,378,0.0,0.5,,0.0,1
D,GAT+LSTM_full_retrain,mon,379,0.0,0.5,,0.0,1
D,GAT+LSTM_full_retrain,mon,380,0.0,0.5,,0.0,1
D,GAT+LSTM_full_retrain,mon,381,0.0,0.5,,0.0,1
D,GAT+LSTM_full_retrain,mon,382,0.0,0.5,,0.0,1
D,GAT+LSTM_full_retrain,mon,383,0.0,0.5,,0.0,1
D,GAT+LSTM_full_retrain,mon,384,0.0,0.5,,0.0,1
D,GAT+LSTM_full_retrain,mon,385,0.0,0.5,,0.0,1
D,GAT+LSTM_full_retrain,mon,386,0.0,0.5,,0.0,1
D,GAT+LSTM_full_retrain,mon,387,0.0,0.5,,0.0,1
D,GAT+LSTM_full_retrain,mon,388,0.0,0.5,,0.0,1
D,GAT+LSTM_full_retrain,mon,389,0.0,0.5,,0.0,1
D,GAT+LSTM_full_retrain,mon,390,0.0,0.5,,0.0,1
D,GAT+LSTM_full_retrain,mon,391,0.0,0.5,,0.0,1
D,GAT+LSTM_full_retrain,mon,392,0.0,0.5,,0.0,1
D,GAT+LSTM_full_retrain,mon,393,0.0,0.5,,0.0,1
D,GAT+LSTM_full_retrain,mon,394,0.0,0.5,,0.0,1
D,GAT+LSTM_full_retrain,mon,395,0.0,0.5,,0.0,1
D,GAT+LSTM_full_retrain,mon,396,0.0,0.5,,0.0,1
D,GAT+LSTM_full_retrain,mon,397,0.0,0.5,,0.0,1
D,GAT+LSTM_full_retrain,mon,398,0.0,0.5,,0.0,1
D,GAT+LSTM_full_retrain,mon,399,0.0,0.5,,0.0,1
D,GAT+LSTM_full_retrain,mon,400,0.0,0.5,,0.0,1
D,GAT+LSTM_full_retrain,mon,401,0.0,0.5,,0.0,1
D,GAT+LSTM_full_retrain,mon,402,0.0,0.5,,0.0,1
D,GAT+LSTM_full_retrain,mon,403,0.0,0.5,,0.0,1
D,GAT+LSTM_full_retrain,mon,404,0.0,0.5,,0.0,1
D,GAT+LSTM_full_retrain,mon,405,0.0,0.5,,0.0,1
D,GAT+LSTM_full_retrain,mon,406,0.0,0.5,,0.0,1
D,GAT+LSTM_full_retrain,mon,407,0.0,0.5,,0.0,1
D,GAT+LSTM_full_retrain,mon,408,0.0,0.5,,0.0,1
D,GAT+LSTM_full_retrain,mon,409,0.0,0.5,,0.0,1
D,GAT+LSTM_full_retrain,mon,410,0.0,0.5,,0.0,1
D,GAT+LSTM_full_retrain,mon,411,0.0,0.5,,0.0,1
D,GAT+LSTM_full_retrain,mon,412,0.0,0.5,,0.0,1
D,GAT+LSTM_full_retrain,mon,413,0.0,0.5,,0.0,1
D,GAT+LSTM_full_retrain,mon,414,0.0,0.5,,0.0,1
D,GAT+LSTM_full_retrain,mon,415,0.0,0.5,,0.0,1
D,GAT+LSTM_full_retrain,mon,416,0.0,0.5,,0.0,1
D,GAT+LSTM_full_retrain,mon,417,0.0,0.5,,0.0,1
D,GAT+LSTM_full_retrain,mon,418,0.0,0.5,,0.0,1
D,GAT+LSTM_full_retrain,mon,419,0.0,0.5,,0.0,1
D,GAT+LSTM_full_retrain,mon,420,0.0,0.5,,0.0,1
D,GAT+LSTM_full_retrain,mon,421,0.0,0.5,,0.0,1
D,GAT+LSTM_full_retrain,mon,422,0.0,0.5,,0.0,1
D,GAT+LSTM_full_retrain,mon,423,0.0,0.5,,0.0,1
D,GAT+LSTM_full_retrain,mon,424,0.0,0.5,,0.0,1
D,GAT+LSTM_full_retrain,mon,425,0.0,0.5,,0.0,1
D,GAT+LSTM_full_retrain,mon,426,0.0,0.5,,0.0,1
D,GAT+LSTM_full_retrain,mon,427,0.0,0.5,,0.0,1
D,GAT+LSTM_full_retrain,mon,428,0.0,0.5,,0.0,1
D,GAT+LSTM_full_retrain,mon,429,0.0,0.5,,0.0,1
D,GAT+LSTM_full_retrain,mon,430,0.0,0.5,,0.0,1
D,GAT+LSTM_full_retrain,mon,431,0.0,0.5,,0.0,1
D,GAT+LSTM_full_retrain,mon,432,0.0,0.5,,0.0,1
D,GAT+LSTM_full_retrain,mon,433,0.0,0.5,,0.0,1
D,GAT+LSTM_full_retrain,mon,434,0.0,0.5,,0.0,1
D,GAT+LSTM_full_retrain,mon,435,0.0,0.5,,0.0,1
D,GAT+LSTM_full_retrain,mon,436,0.0,0.5,,0.0,1
D,GAT+LSTM_full_retrain,mon,437,0.0,0.5,,0.0,1
D,GAT+LSTM_full_retrain,mon,438,0.0,0.5,,0.0,1
D,GAT+LSTM_full_retrain,mon,439,0.0,0.5,,0.0,1
D,GAT+LSTM_full_retrain,mon,440,0.0,0.5,,0.0,1
D,GAT+LSTM_full_retrain,mon,441,0.0,0.5,,0.0,1
D,GAT+LSTM_full_retrain,mon,442,0.0,0.5,,0.0,1
D,GAT+LSTM_full_retrain,mon,443,0.0,0.5,,0.0,1
D,GAT+LSTM_full_retrain,mon,444,0.0,0.5,,0.0,1
D,GAT+LSTM_full_retrain,mon,445,0.0,0.5,,0.0,1
D,GAT+LSTM_full_retrain,mon,446,0.0,0.5,,0.0,1
D,GAT+LSTM_full_retrain,mon,447,0.0,0.5,,0.0,1
D,GAT+LSTM_full_retrain,mon,448,0.0,0.5,,0.0,1
D,GAT+LSTM_full_retrain,mon,449,0.0,0.5,,0.0,1
D,GAT+LSTM_full_retrain,mon,450,0.0,0.5,,0.0,1
D,GAT+LSTM_full_retrain,mon,451,0.0,0.5,,0.0,1
D,GAT+LSTM_full_retrain,mon,452,0.0,0.5,,0.0,1
D,GAT+LSTM_full_retrain,mon,453,0.0,0.5,,0.0,1
D,GAT+LSTM_full_retrain,mon,454,0.0,0.5,,0.0,1
D,GAT+LSTM_full_retrain,mon,455,0.0,0.5,,0.0,1
D,GAT+LSTM_full_retrain,mon,456,0.0,0.5,,0.0,1
D,GAT+LSTM_full_retrain,mon,457,0.0,0.5,,0.0,1
D,GAT+LSTM_full_retrain,mon,458,0.0,0.5,,0.0,1
D,GAT+LSTM_full_retrain,mon,459,0.0,0.5,,0.0,1
D,GAT+LSTM_full_retrain,mon,460,0.0,0.5,,0.0,1
D,GAT+LSTM_full_retrain,mon,461,0.0,0.5,,0.0,1
D,GAT+LSTM_full_retrain,mon,462,0.0,0.5,,0.0,1
D,GAT+LSTM_full_retrain,mon,463,0.0,0.5,,0.0,1
D,GAT+LSTM_full_retrain,mon,464,0.0,0.5,,0.0,1
D,GAT+LSTM_full_retrain,mon,465,0.0,0.5,,0.0,1
D,GAT+LSTM_full_retrain,mon,466,0.0,0.5,,0.0,1
D,GAT+LSTM_full_retrain,mon,467,0.0,0.5,,0.0,1
D,GAT+LSTM_full_retrain,mon,468,0.0,0.5,,0.0,1
D,GAT+LSTM_full_retrain,mon,469,0.0,0.5,,0.0,1
D,GAT+LSTM_full_retrain,mon,470,0.0,0.5,,0.0,1
D,GAT+LSTM_full_retrain,mon,471,0.0,0.5,,0.0,1
D,GAT+LSTM_full_retrain,mon,472,0.0,0.5,,0.0,1
D,GAT+LSTM_full_retrain,mon,473,0.0,0.5,,0.0,1
D,GAT+LSTM_full_retrain,mon,474,0.0,0.5,,0.0,1
D,GAT+LSTM_full_retrain,mon,475,0.0,0.5,,0.0,1
D,GAT+LSTM_full_retrain,mon,476,0.0,0.5,,0.0,1
D,GAT+LSTM_full_retrain,mon,477,0.0,0.5,,0.0,1
D,GAT+LSTM_full_retrain,mon,478,0.0,0.5,,0.0,1
D,GAT+LSTM_full_retrain,mon,479,0.0,0.5,,0.0,1
D,GAT+LSTM_full_retrain,mon,480,0.0,0.5,,0.0,1
D,GAT+LSTM_full_retrain,mon,481,0.0,0.5,,0.0,1
D,GAT+LSTM_full_retrain,mon,482,0.0,0.5,,0.0,1
D,GAT+LSTM_full_retrain,mon,483,0.0,0.5,,0.0,1
D,GAT+LSTM_full_retrain,mon,484,0.0,0.5,,0.0,1
D,GAT+LSTM_full_retrain,mon,485,0.0,0.5,,0.0,1
D,GAT+LSTM_full_retrain,mon,486,0.0,0.5,,0.0,1
D,GAT+LSTM_full_retrain,mon,487,0.0,0.5,,0.0,1
D,GAT+LSTM_full_retrain,mon,488,0.0,0.5,,0.0,1
D,GAT+LSTM_full_retrain,mon,489,0.0,0.5,,0.0,1
D,GAT+LSTM_full_retrain,mon,490,0.0,0.5,,0.0,1
D,GAT+LSTM_full_retrain,mon,491,0.0,0.5,,0.0,1
D,GAT+LSTM_full_retrain,mon,492,0.0,0.5,,0.0,1
D,GAT+LSTM_full_retrain,mon,493,0.0,0.5,,0.0,1
D,GAT+LSTM_full_retrain,mon,494,0.0,0.5,,0.0,1
D,GAT+LSTM_full_retrain,mon,495,0.0,0.5,,0.0,1
D,GAT+LSTM_full_retrain,mon,496,0.0,0.5,,0.0,1
D,GAT+LSTM_full_retrain,mon,497,0.0,0.5,,0.0,1
D,GAT+LSTM_full_retrain,mon,498,0.0,0.5,,0.0,1
D,GAT+LSTM_full_retrain,mon,499,0.0,0.5,,0.0,1
D,GAT+LSTM_full_retrain,mon,500,0.0,0.5,,0.0,1
D,GAT+LSTM_full_retrain,mon,501,0.0,0.5,,0.0,1
D,GAT+LSTM_full_retrain,mon,502,0.0,0.5,,0.0,1
D,GAT+LSTM_full_retrain,tue,611,0.0,0.5,,0.0,2
D,GAT+LSTM_full_retrain,tue,612,0.0,0.5,,0.0,2
D,GAT+LSTM_full_retrain,tue,613,0.0,0.5,,0.0,2
D,GAT+LSTM_full_retrain,tue,614,0.0,0.5,,0.0,2
D,GAT+LSTM_full_retrain,tue,615,0.0,0.5,,0.0,2
D,GAT+LSTM_full_retrain,tue,616,0.0,0.5,,0.0,2
D,GAT+LSTM_full_retrain,tue,617,0.0,0.5,,0.0,2
D,GAT+LSTM_full_retrain,tue,618,0.0,0.5,,0.0,2
D,GAT+LSTM_full_retrain,tue,619,0.0,0.5,,0.0,2
D,GAT+LSTM_full_retrain,tue,620,0.0,0.5,,0.0,2
D,GAT+LSTM_full_retrain,tue,621,0.0,0.5,,0.0,2
D,GAT+LSTM_full_retrain,tue,622,0.0,1.0,1.0,0.0,2
D,GAT+LSTM_full_retrain,tue,623,0.6666666666666666,1.0,1.0,0.0,2
D,GAT+LSTM_full_retrain,tue,624,0.8,1.0,1.0,0.0,2
D,GAT+LSTM_full_retrain,tue,625,0.8571428571428571,1.0,1.0,0.0,2
D,GAT+LSTM_full_retrain,tue,626,0.8888888888888888,1.0,1.0,0.0,2
D,GAT+LSTM_full_retrain,tue,627,0.9090909090909091,1.0,1.0,0.0,2
D,GAT+LSTM_full_retrain,tue,628,0.9230769230769231,0.9999999999999998,1.0,0.0,2
D,GAT+LSTM_full_retrain,tue,629,0.9333333333333333,1.0,1.0,0.0,2
D,GAT+LSTM_full_retrain,tue,630,0.9411764705882353,1.0000000000000002,1.0,0.0,2
D,GAT+LSTM_full_retrain,tue,631,0.9473684210526315,0.9999999999999999,1.0,0.0,2
D,GAT+LSTM_full_retrain,tue,632,0.9523809523809523,1.0,1.0,0.0,2
D,GAT+LSTM_full_retrain,tue,633,0.9565217391304348,1.0,1.0,0.0,2
D,GAT+LSTM_full_retrain,tue,634,0.96,0.9999999999999998,1.0,0.0,2
D,GAT+LSTM_full_retrain,tue,635,0.9629629629629629,0.9999999999999999,1.0,0.0,2
D,GAT+LSTM_full_retrain,tue,636,0.9655172413793104,1.0,1.0,0.0,2
D,GAT+LSTM_full_retrain,tue,637,0.967741935483871,1.0,1.0,0.0,2
D,GAT+LSTM_full_retrain,tue,638,0.9696969696969697,1.0,1.0,0.0,2
D,GAT+LSTM_full_retrain,tue,639,0.9714285714285714,1.0,1.0,0.0,2
D,GAT+LSTM_full_retrain,tue,640,0.972972972972973,0.9999999999999998,1.0,0.0,2
D,GAT+LSTM_full_retrain,tue,641,0.9743589743589743,1.0000000000000002,,0.0,2
D,GAT+LSTM_full_retrain,tue,642,1.0,1.0000000000000002,,0.0,2
D,GAT+LSTM_full_retrain,tue,643,1.0,1.0000000000000002,,0.0,2
D,GAT+LSTM_full_retrain,tue,644,1.0,1.0000000000000002,,0.0,2
D,GAT+LSTM_full_retrain,tue,645,1.0,1.0000000000000002,,0.0,2
D,GAT+LSTM_full_retrain,tue,646,1.0,1.0000000000000002,,0.0,2
D,GAT+LSTM_full_retrain,tue,647,1.0,1.0000000000000002,,0.0,2
D,GAT+LSTM_full_retrain,tue,648,1.0,1.0000000000000002,,0.0,2
D,GAT+LSTM_full_retrain,tue,649,1.0,1.0000000000000002,,0.0,2
D,GAT+LSTM_full_retrain,tue,650,1.0,1.0000000000000002,,0.0,2
D,GAT+LSTM_full_retrain,tue,651,1.0,1.0000000000000002,,0.0,2
D,GAT+LSTM_full_retrain,tue,652,1.0,1.0000000000000002,,0.0,2
D,GAT+LSTM_full_retrain,tue,653,1.0,1.0000000000000002,,0.0,2
D,GAT+LSTM_full_retrain,tue,654,1.0,1.0000000000000002,,0.0,2
D,GAT+LSTM_full_retrain,tue,655,1.0,1.0000000000000002,,0.0,2
D,GAT+LSTM_full_retrain,tue,656,1.0,1.0000000000000002,,0.0,2
D,GAT+LSTM_full_retrain,tue,657,1.0,1.0000000000000002,,0.0,2
D,GAT+LSTM_full_retrain,tue,658,1.0,1.0000000000000002,,0.0,2
D,GAT+LSTM_full_retrain,tue,659,1.0,1.0000000000000002,,0.0,2
D,GAT+LSTM_full_retrain,tue,660,1.0,1.0000000000000002,,0.0,2
D,GAT+LSTM_full_retrain,tue,661,1.0,1.0000000000000002,,0.0,2
D,GAT+LSTM_full_retrain,tue,662,1.0,1.0000000000000002,,0.0,2
D,GAT+LSTM_full_retrain,tue,663,1.0,1.0000000000000002,,0.0,2
D,GAT+LSTM_full_retrain,tue,664,1.0,1.0000000000000002,,0.0,2
D,GAT+LSTM_full_retrain,tue,665,1.0,1.0000000000000002,,0.0,2
D,GAT+LSTM_full_retrain,tue,666,1.0,1.0000000000000002,,0.0,2
D,GAT+LSTM_full_retrain,tue,667,1.0,1.0000000000000002,,0.0,2
D,GAT+LSTM_full_retrain,tue,668,1.0,1.0000000000000002,,0.0,2
D,GAT+LSTM_full_retrain,tue,669,1.0,1.0000000000000002,,0.0,2
D,GAT+LSTM_full_retrain,tue,670,1.0,1.0000000000000002,,0.0,2
D,GAT+LSTM_full_retrain,tue,671,1.0,1.0000000000000002,,0.0,2
D,GAT+LSTM_full_retrain,tue,672,1.0,1.0000000000000002,,0.0,2
D,GAT+LSTM_full_retrain,tue,673,1.0,1.0000000000000002,,0.0,2
D,GAT+LSTM_full_retrain,tue,674,0.9743589743589743,0.9773122399751859,0.631578947368421,1.0,2
D,GAT+LSTM_full_retrain,tue,675,0.9473684210526315,0.9659370677720782,0.7222222222222223,1.0,2
D,GAT+LSTM_full_retrain,tue,676,0.918918918918919,0.9588163033368826,0.7843137254901961,1.0,2
D,GAT+LSTM_full_retrain,tue,677,0.8888888888888888,0.9504604286966903,0.8125,1.0,2
D,GAT+LSTM_full_retrain,tue,678,0.8888888888888888,0.9339275718798745,0.75,1.0,2
D,GAT+LSTM_full_retrain,tue,679,0.8571428571428571,0.9241489203950504,0.7866666666666666,1.0,2
D,GAT+LSTM_full_retrain,tue,680,0.8235294117647058,0.9119280346171101,0.8095238095238095,1.0,2
D,GAT+LSTM_full_retrain,tue,681,0.8125,0.8963245527725163,0.8241758241758241,0.8571428571428571,2
D,GAT+LSTM_full_retrain,tue,682,0.7741935483870968,0.875853775853776,0.8333333333333334,0.875,2
D,GAT+LSTM_full_retrain,tue,683,0.7586206896551724,0.8480056559602014,0.8383838383838385,0.7777777777777778,2
D,GAT+LSTM_full_retrain,tue,684,0.7407407407407407,0.8080799755799755,0.8400000000000001,0.7,2
D,GAT+LSTM_full_retrain,tue,685,0.72,0.7455963789297122,0.8383838383838385,0.6363636363636364,2
D,GAT+LSTM_full_retrain,tue,686,0.6956521739130435,0.7198728354978354,0.8437500000000001,0.5833333333333334,2
D,GAT+LSTM_full_retrain,tue,687,0.6666666666666666,0.7075860647289218,0.8571428571428572,0.5384615384615384,2
D,GAT+LSTM_full_retrain,tue,688,0.631578947368421,0.6717592592592592,0.8571428571428572,0.5,2
D,GAT+LSTM_full_retrain,tue,689,0.5882352941176471,0.6250793650793651,0.8533333333333334,0.4666666666666667,2
D,GAT+LSTM_full_retrain,tue,690,0.5333333333333333,0.37797619047619047,0.828125,0.4375,2
D,GAT+LSTM_full_retrain,tue,691,0.46153846153846156,0.27142857142857146,0.8039215686274509,0.4117647058823529,2
D,GAT+LSTM_full_retrain,tue,692,0.36363636363636365,0.21666666666666667,0.8333333333333334,0.3888888888888889,2
D,GAT+LSTM_full_retrain,tue,693,0.2222222222222222,0.1,0.7894736842105263,0.3684210526315789,2
D,GAT+LSTM_full_retrain,tue,694,0.25,0.125,0.8421052631578947,0.3157894736842105,2
D,GAT+LSTM_full_retrain,tue,695,0.2857142857142857,0.16666666666666666,0.8947368421052632,0.2631578947368421,2
D,GAT+LSTM_full_retrain,tue,696,0.2857142857142857,0.25,0.9473684210526316,0.2631578947368421,2
D,GAT+LSTM_full_retrain,tue,697,0.2857142857142857,1.0,1.0,0.2631578947368421,2
D,GAT+LSTM_full_retrain,tue,698,0.0,0.5,,0.3,2
D,GAT+LSTM_full_retrain,tue,699,0.0,0.5,,0.3,2
D,GAT+LSTM_full_retrain,tue,700,0.0,0.5,,0.25,2
D,GAT+LSTM_full_retrain,tue,701,0.0,0.5,,0.25,2
D,GAT+LSTM_full_retrain,tue,702,0.0,0.5,,0.2,2
D,GAT+LSTM_full_retrain,tue,703,0.0,0.5,,0.2,2
D,GAT+LSTM_full_retrain,tue,704,0.0,0.5,,0.2,2
D,GAT+LSTM_full_retrain,tue,705,0.0,0.5,,0.2,2
D,GAT+LSTM_full_retrain,tue,706,0.0,0.5,,0.25,2
D,GAT+LSTM_full_retrain,tue,707,0.0,0.5,,0.3,2
D,GAT+LSTM_full_retrain,tue,708,0.0,0.5,,0.35,2
D,GAT+LSTM_full_retrain,tue,709,0.0,0.5,,0.4,2
D,GAT+LSTM_full_retrain,tue,710,0.0,0.5,,0.45,2
D,GAT+LSTM_full_retrain,tue,711,0.0,0.5,,0.5,2
D,GAT+LSTM_full_retrain,tue,712,0.0,0.5,,0.55,2
D,GAT+LSTM_full_retrain,tue,713,0.0,0.5,,0.6,2
D,GAT+LSTM_full_retrain,tue,714,0.0,0.5,,0.65,2
D,GAT+LSTM_full_retrain,tue,715,0.0,0.5,,0.7,2
D,GAT+LSTM_full_retrain,tue,716,0.0,0.5,,0.7,2
D,GAT+LSTM_full_retrain,tue,717,0.0,0.5,,0.7,2
D,GAT+LSTM_full_retrain,tue,718,0.0,0.5,,0.7,2
D,GAT+LSTM_full_retrain,tue,719,0.0,0.5,,0.7,2
D,GAT+LSTM_full_retrain,tue,720,0.0,0.5,,0.75,2
D,GAT+LSTM_full_retrain,tue,721,0.0,0.5,,0.75,2
D,GAT+LSTM_full_retrain,tue,722,0.0,0.5,,0.75,2
D,GAT+LSTM_full_retrain,tue,723,0.0,0.5,,0.75,2
D,GAT+LSTM_full_retrain,tue,724,0.0,0.5,,0.75,2
D,GAT+LSTM_full_retrain,tue,725,0.0,0.5,,0.75,2
D,GAT+LSTM_full_retrain,tue,726,0.0,0.5,,0.7,2
D,GAT+LSTM_full_retrain,tue,727,0.0,0.5,,0.65,2
D,GAT+LSTM_full_retrain,tue,728,0.0,0.5,,0.6,2
D,GAT+LSTM_full_retrain,tue,729,0.0,0.5,,0.55,2
D,GAT+LSTM_full_retrain,tue,730,0.0,0.5,,0.5,2
D,GAT+LSTM_full_retrain,tue,731,0.0,0.5,,0.45,2
D,GAT+LSTM_full_retrain,tue,732,0.0,0.5,,0.4,2
D,GAT+LSTM_full_retrain,tue,733,0.0,0.5,,0.35,2
D,GAT+LSTM_full_retrain,tue,734,0.0,0.5,,0.3,2
D,GAT+LSTM_full_retrain,tue,735,0.0,0.5,,0.25,2
D,GAT+LSTM_full_retrain,tue,736,0.0,0.5,,0.2,2
D,GAT+LSTM_full_retrain,tue,737,0.0,0.5,,0.15,2
D,GAT+LSTM_full_retrain,tue,738,0.0,0.5,,0.1,2
D,GAT+LSTM_full_retrain,tue,739,0.0,0.5,,0.05,2
D,GAT+LSTM_full_retrain,tue,740,0.0,0.5,,0.0,2
D,GAT+LSTM_full_retrain,tue,741,0.0,0.5,,0.0,2
D,GAT+LSTM_full_retrain,tue,742,0.0,0.5,,0.0,2
D,GAT+LSTM_full_retrain,tue,743,0.0,0.5,,0.0,2
D,GAT+LSTM_full_retrain,tue,744,0.0,0.5,,0.0,2
D,GAT+LSTM_full_retrain,tue,745,0.0,0.5,,0.0,2
D,GAT+LSTM_full_retrain,tue,746,0.0,0.5,,0.0,2
D,GAT+LSTM_full_retrain,tue,747,0.0,0.5,,0.0,2
D,GAT+LSTM_full_retrain,tue,748,0.0,0.5,,0.0,2
D,GAT+LSTM_full_retrain,tue,749,0.0,0.5,,0.0,2
D,GAT+LSTM_full_retrain,tue,750,0.0,0.5,,0.0,2
D,GAT+LSTM_full_retrain,tue,751,0.0,0.5,,0.0,2
D,GAT+LSTM_full_retrain,tue,752,0.0,0.5,,0.0,2
D,GAT+LSTM_full_retrain,tue,753,0.0,0.5,,0.0,2
D,GAT+LSTM_full_retrain,tue,754,0.0,0.5,,0.0,2
D,GAT+LSTM_full_retrain,tue,755,0.0,0.5,,0.0,2
D,GAT+LSTM_full_retrain,tue,756,0.0,0.5,,0.0,2
D,GAT+LSTM_full_retrain,tue,757,0.0,0.5,,0.0,2
D,GAT+LSTM_full_retrain,tue,758,0.0,0.5,,0.0,2
D,GAT+LSTM_full_retrain,tue,759,0.0,0.5,,0.0,2
D,GAT+LSTM_full_retrain,tue,760,0.0,0.5,,0.0,2
D,GAT+LSTM_full_retrain,tue,761,0.0,0.5,,0.0,2
D,GAT+LSTM_full_retrain,tue,762,0.0,0.5,,0.0,2
D,GAT+LSTM_full_retrain,tue,763,0.0,0.5,,0.0,2
D,GAT+LSTM_full_retrain,tue,764,0.0,0.5,,0.0,2
D,GAT+LSTM_full_retrain,tue,765,0.0,0.5,,0.0,2
D,GAT+LSTM_full_retrain,tue,766,0.0,0.041666666666666664,0.42105263157894735,0.0,2
D,GAT+LSTM_full_retrain,tue,767,0.0,0.07767232767232768,0.3888888888888889,0.0,2
D,GAT+LSTM_full_retrain,tue,768,0.0,0.11755189255189255,0.39215686274509803,0.0,2
D,GAT+LSTM_full_retrain,tue,769,0.0,0.1670177045177045,0.4375,0.0,2
D,GAT+LSTM_full_retrain,tue,770,0.0,0.1974804607157548,0.4,0.0,2
D,GAT+LSTM_full_retrain,tue,771,0.0,0.22934892191858136,0.36904761904761907,0.0,2
D,GAT+LSTM_full_retrain,tue,772,0.0,0.2626652375463742,0.3406593406593406,0.0,2
D,GAT+LSTM_full_retrain,tue,773,0.0,0.30547700439825054,0.34375,0.0,2
D,GAT+LSTM_full_retrain,tue,774,0.0,0.32223362054373406,0.2626262626262626,0.0,2
D,GAT+LSTM_full_retrain,tue,775,0.0,0.3456083837043589,0.2,0.0,2
D,GAT+LSTM_full_retrain,tue,776,0.0,0.39186112734874345,0.20202020202020202,0.0,2
D,GAT+LSTM_full_retrain,tue,777,0.0,0.42504285002350023,0.16666666666666666,0.0,2
D,GAT+LSTM_full_retrain,tue,778,0.0,0.4679947744695304,0.15384615384615385,0.0,2
D,GAT+LSTM_full_retrain,tue,779,0.0,0.5238299840854019,0.16666666666666669,0.0,2
D,GAT+LSTM_full_retrain,tue,780,0.0,0.5606139574792826,0.10666666666666666,0.0,2
D,GAT+LSTM_full_retrain,tue,781,0.0,0.6429059046173983,0.171875,0.0,2
D,GAT+LSTM_full_retrain,tue,782,0.0,0.779241936405932,0.25490196078431376,0.0,2
D,GAT+LSTM_full_retrain,tue,783,0.0,0.8211506201057286,0.16666666666666669,0.0,2
D,GAT+LSTM_full_retrain,tue,784,0.0,0.8777505443608586,0.05263157894736842,0.0,2
D,GAT+LSTM_full_retrain,tue,785,0.0,1.0000000000000002,,0.0,2
D,GAT+LSTM_full_retrain,tue,786,0.0,1.0000000000000002,,0.0,2
D,GAT+LSTM_full_retrain,tue,787,0.0,1.0000000000000002,,0.0,2
D,GAT+LSTM_full_retrain,tue,788,0.0,1.0000000000000002,,0.0,2
D,GAT+LSTM_full_retrain,tue,789,0.0,1.0000000000000002,,0.0,2
D,GAT+LSTM_full_retrain,tue,790,0.0,1.0000000000000002,,0.0,2
D,GAT+LSTM_full_retrain,tue,791,0.0,1.0000000000000002,,0.0,2
D,GAT+LSTM_full_retrain,tue,792,0.0,1.0000000000000002,,0.0,2
D,GAT+LSTM_full_retrain,tue,793,0.0,1.0000000000000002,,0.0,2
D,GAT+LSTM_full_retrain,tue,794,0.0,1.0000000000000002,,0.0,2
D,GAT+LSTM_full_retrain,tue,795,0.0,1.0000000000000002,,0.0,2
D,GAT+LSTM_full_retrain,tue,796,0.0,1.0000000000000002,,0.0,2
D,GAT+LSTM_full_retrain,tue,797,0.0,1.0000000000000002,,0.0,2
D,GAT+LSTM_full_retrain,tue,798,0.0,1.0000000000000002,,0.0,2
D,GAT+LSTM_full_retrain,tue,799,0.0,1.0000000000000002,,0.0,2
D,GAT+LSTM_full_retrain,tue,800,0.0,1.0000000000000002,,0.0,2
D,GAT+LSTM_full_retrain,tue,801,0.0,1.0000000000000002,,0.0,2
D,GAT+LSTM_full_retrain,tue,802,0.0,1.0000000000000002,,0.0,2
D,GAT+LSTM_full_retrain,tue,803,0.0,1.0000000000000002,,0.0,2
D,GAT+LSTM_full_retrain,tue,804,0.0,1.0000000000000002,,0.0,2
D,GAT+LSTM_full_retrain,tue,805,0.0,1.0000000000000002,,0.0,2
D,GAT+LSTM_full_retrain,tue,806,0.0,1.0000000000000002,,0.0,2
D,GAT+LSTM_full_retrain,tue,807,0.0,1.0000000000000002,,0.0,2
D,GAT+LSTM_full_retrain,tue,808,0.0,1.0000000000000002,,0.0,2
D,GAT+LSTM_full_retrain,tue,809,0.0,1.0000000000000002,,0.0,2
D,GAT+LSTM_full_retrain,tue,810,0.0,1.0000000000000002,,0.0,2
D,GAT+LSTM_full_retrain,tue,811,0.0,1.0000000000000002,,0.0,2
D,GAT+LSTM_full_retrain,tue,812,0.0,0.9365224741854201,0.2631578947368421,0.0,2
D,GAT+LSTM_full_retrain,tue,813,0.0,0.9134993207877626,0.4444444444444445,0.0,2
D,GAT+LSTM_full_retrain,tue,814,0.0,0.9089386766130528,0.6078431372549019,0.0,2
D,GAT+LSTM_full_retrain,tue,815,0.0,0.8628638316984872,0.546875,0.0,2
D,GAT+LSTM_full_retrain,tue,816,0.0,0.8401160551121851,0.6133333333333333,0.0,2
D,GAT+LSTM_full_retrain,tue,817,0.0,0.7714374103831201,0.5476190476190476,0.0,2
D,GAT+LSTM_full_retrain,tue,818,0.0,0.7259922800929588,0.5824175824175825,0.0,2
D,GAT+LSTM_full_retrain,tue,819,0.0,0.6616125500316677,0.6041666666666667,0.0,2
D,GAT+LSTM_full_retrain,tue,820,0.0,0.6235820366502185,0.6262626262626263,0.0,2
D,GAT+LSTM_full_retrain,tue,821,0.0,0.6061516261516261,0.66,0.0,2
D,GAT+LSTM_full_retrain,tue,822,0.0,0.6007504840838174,0.707070707070707,0.0,2
D,GAT+LSTM_full_retrain,tue,823,0.0,0.5972041847041847,0.75,0.0,2
D,GAT+LSTM_full_retrain,tue,824,0.0,0.53279736136879,0.7142857142857143,0.0,2
D,GAT+LSTM_full_retrain,tue,825,0.0,0.4852152477152477,0.6904761904761904,0.0,2
D,GAT+LSTM_full_retrain,tue,826,0.0,0.29796536796536793,0.6533333333333333,0.0,2
D,GAT+LSTM_full_retrain,tue,827,0.0,0.23180916305916302,0.640625,0.0,2
D,GAT+LSTM_full_retrain,tue,828,0.0,0.1783249158249158,0.6470588235294117,0.0,2
D,GAT+LSTM_full_retrain,tue,829,0.0,0.12777777777777777,0.6666666666666667,0.0,2
D,GAT+LSTM_full_retrain,tue,830,0.0,0.05,0.5263157894736843,0.0,2
D,GAT+LSTM_full_retrain,tue,831,0.0,0.5,,0.0,2
D,GAT+LSTM_full_retrain,tue,832,0.0,0.5,,0.0,2
D,GAT+LSTM_full_retrain,tue,833,0.0,0.5,,0.0,2
D,GAT+LSTM_full_retrain,tue,834,0.0,0.5,,0.0,2
D,GAT+LSTM_full_retrain,tue,835,0.0,0.5,,0.0,2
D,GAT+LSTM_full_retrain,tue,836,0.0,0.5,,0.0,2
D,GAT+LSTM_full_retrain,tue,837,0.0,0.5,,0.0,2
D,GAT+LSTM_full_retrain,tue,838,0.0,0.5,,0.0,2
D,GAT+LSTM_full_retrain,tue,839,0.0,0.5,,0.0,2
D,GAT+LSTM_full_retrain,tue,840,0.0,0.5,,0.0,2
D,GAT+LSTM_full_retrain,tue,841,0.0,0.5,,0.0,2
D,GAT+LSTM_full_retrain,tue,842,0.0,0.5,,0.0,2
D,GAT+LSTM_full_retrain,tue,843,0.0,0.5,,0.0,2
D,GAT+LSTM_full_retrain,tue,844,0.0,0.5,,0.0,2
D,GAT+LSTM_full_retrain,tue,845,0.0,0.5,,0.0,2
D,GAT+LSTM_full_retrain,tue,846,0.0,0.5,,0.0,2
D,GAT+LSTM_full_retrain,tue,847,0.0,0.5,,0.0,2
D,GAT+LSTM_full_retrain,tue,848,0.0,0.5,,0.0,2
D,GAT+LSTM_full_retrain,tue,849,0.0,0.5,,0.0,2
D,GAT+LSTM_full_retrain,tue,850,0.0,0.5,,0.0,2
D,GAT+LSTM_full_retrain,tue,851,0.0,0.5,,0.0,2
D,GAT+LSTM_full_retrain,tue,852,0.0,0.5,,0.0,2
D,GAT+LSTM_full_retrain,tue,853,0.0,0.5,,0.0,2
D,GAT+LSTM_full_retrain,tue,854,0.0,0.5,,0.0,2
D,GAT+LSTM_full_retrain,tue,855,0.0,0.5,,0.0,2
D,GAT+LSTM_full_retrain,tue,856,0.0,0.5,,0.0,2
D,GAT+LSTM_full_retrain,tue,857,0.0,0.5,,0.0,2
D,GAT+LSTM_full_retrain,tue,858,0.0,0.5,,0.0,2
D,GAT+LSTM_full_retrain,tue,859,0.0,0.5,,0.0,2
D,GAT+LSTM_full_retrain,tue,860,0.0,0.5,,0.0,2
D,GAT+LSTM_full_retrain,tue,861,0.0,0.5,,0.0,2
D,GAT+LSTM_full_retrain,tue,862,0.0,0.5,,0.0,2
D,GAT+LSTM_full_retrain,tue,863,0.0,0.5,,0.0,2
D,GAT+LSTM_full_retrain,tue,864,0.0,0.5,,0.0,2
D,GAT+LSTM_full_retrain,tue,865,0.0,0.5,,0.05,2
D,GAT+LSTM_full_retrain,tue,866,0.0,0.5,,0.1,2
D,GAT+LSTM_full_retrain,tue,867,0.0,0.5,,0.15,2
D,GAT+LSTM_full_retrain,tue,868,0.0,0.5,,0.2,2
D,GAT+LSTM_full_retrain,tue,869,0.0,0.5,,0.2,2
D,GAT+LSTM_full_retrain,tue,870,0.0,0.5,,0.2,2
D,GAT+LSTM_full_retrain,tue,871,0.0,0.5,,0.2,2
D,GAT+LSTM_full_retrain,tue,872,0.0,0.5,,0.2,2
D,GAT+LSTM_full_retrain,tue,873,0.0,0.5,,0.2,2
D,GAT+LSTM_full_retrain,tue,874,0.0,0.5,,0.2,2
D,GAT+LSTM_full_retrain,tue,875,0.0,0.5,,0.2,2
D,GAT+LSTM_full_retrain,tue,876,0.0,0.5,,0.2,2
D,GAT+LSTM_full_retrain,tue,877,0.0,0.025,0.0,0.21052631578947367,2
D,GAT+LSTM_full_retrain,tue,878,0.0,0.05131578947368421,0.0,0.2222222222222222,2
D,GAT+LSTM_full_retrain,tue,879,0.0,0.07860623781676414,0.0,0.23529411764705882,2
D,GAT+LSTM_full_retrain,tue,880,0.0,0.10695734434124526,0.0,0.25,2
D,GAT+LSTM_full_retrain,tue,881,0.0,0.13646800825593394,0.0,0.26666666666666666,2
D,GAT+LSTM_full_retrain,tue,882,0.0,0.16725289531017087,0.0,0.2857142857142857,2
D,GAT+LSTM_full_retrain,tue,883,0.0,0.19944618198156455,0.0,0.3076923076923077,2
D,GAT+LSTM_full_retrain,tue,884,0.0,0.23320653160049445,0.0,0.3333333333333333,2
D,GAT+LSTM_full_retrain,tue,885,0.0,0.26872384056336585,0.0,0.2727272727272727,2
D,GAT+LSTM_full_retrain,tue,886,0.0,0.30622859682457204,0.0,0.2,2
D,GAT+LSTM_full_retrain,tue,887,0.0,0.34600521558374076,0.0,0.1111111111111111,2
D,GAT+LSTM_full_retrain,tue,888,0.0,0.3884116571423073,0.0,0.0,2
D,GAT+LSTM_full_retrain,tue,889,0.0,0.43390941538417127,0.0,0.0,2
D,GAT+LSTM_full_retrain,tue,890,0.0,0.4831115755098506,0.0,0.0,2
D,GAT+LSTM_full_retrain,tue,891,0.0,0.5368645587298837,0.0,0.0,2
D,GAT+LSTM_full_retrain,tue,892,0.0,0.5963984190474129,0.0,0.0,2
D,GAT+LSTM_full_retrain,tue,893,0.0,0.6636341781511149,0.0,0.0,2
D,GAT+LSTM_full_retrain,tue,894,0.0,0.7419178158729243,0.0,0.0,2
D,GAT+LSTM_full_retrain,tue,895,0.0,0.8382768601503324,0.0,0.0,2
D,GAT+LSTM_full_retrain,tue,896,0.0,1.0000000000000002,,0.0,2
D,GAT+LSTM_full_retrain,tue,897,0.0,1.0000000000000002,,0.0,2
D,GAT+LSTM_full_retrain,tue,898,0.0,1.0000000000000002,,0.0,2
D,GAT+LSTM_full_retrain,tue,899,0.0,1.0000000000000002,,0.0,2
D,GAT+LSTM_full_retrain,tue,900,0.0,1.0000000000000002,,0.0,2
D,GAT+LSTM_full_retrain,tue,901,0.0,1.0000000000000002,,0.0,2
D,GAT+LSTM_full_retrain,tue,902,0.0,1.0000000000000002,,0.0,2
D,GAT+LSTM_full_retrain,tue,903,0.0,1.0000000000000002,,0.0,2
D,GAT+LSTM_full_retrain,tue,904,0.0,1.0000000000000002,,0.0,2
D,GAT+LSTM_full_retrain,tue,905,0.0,1.0000000000000002,,0.0,2
D,GAT+LSTM_full_retrain,tue,906,0.0,1.0000000000000002,,0.0,2
D,GAT+LSTM_full_retrain,tue,907,0.0,1.0000000000000002,,0.0,2
D,GAT+LSTM_full_retrain,tue,908,0.0,1.0000000000000002,,0.0,2
D,GAT+LSTM_full_retrain,tue,909,0.0,1.0000000000000002,,0.0,2
D,GAT+LSTM_full_retrain,tue,910,0.0,1.0000000000000002,,0.0,2
D,GAT+LSTM_full_retrain,tue,911,0.0,1.0000000000000002,,0.0,2
D,GAT+LSTM_full_retrain,tue,912,0.0,1.0000000000000002,,0.0,2
D,GAT+LSTM_full_retrain,tue,913,0.0,1.0000000000000002,,0.0,2
D,GAT+LSTM_full_retrain,tue,914,0.0,1.0000000000000002,,0.0,2
D,GAT+LSTM_full_retrain,tue,915,0.0,1.0000000000000002,,0.0,2
D,GAT+LSTM_full_retrain,tue,916,0.0,1.0000000000000002,,0.0,2
D,GAT+LSTM_full_retrain,tue,917,0.0,1.0000000000000002,,0.0,2
D,GAT+LSTM_full_retrain,tue,918,0.0,1.0000000000000002,,0.0,2
D,GAT+LSTM_full_retrain,tue,919,0.0,1.0000000000000002,,0.0,2
D,GAT+LSTM_full_retrain,tue,920,0.0,1.0000000000000002,,0.0,2
D,GAT+LSTM_full_retrain,tue,921,0.0,1.0000000000000002,,0.0,2
D,GAT+LSTM_full_retrain,tue,922,0.0,1.0000000000000002,,0.0,2
D,GAT+LSTM_full_retrain,tue,923,0.0,1.0000000000000002,,0.0,2
D,GAT+LSTM_full_retrain,tue,924,0.0,1.0000000000000002,,0.0,2
D,GAT+LSTM_full_retrain,tue,925,0.0,1.0000000000000002,,0.0,2
D,GAT+LSTM_full_retrain,tue,926,0.0,1.0000000000000002,,0.0,2
D,GAT+LSTM_full_retrain,tue,927,0.0,1.0000000000000002,,0.0,2
D,GAT+LSTM_full_retrain,tue,928,0.0,1.0000000000000002,,0.0,2
D,GAT+LSTM_full_retrain,tue,929,0.0,1.0000000000000002,,0.0,2
D,GAT+LSTM_full_retrain,tue,930,0.0,1.0000000000000002,,0.0,2
D,GAT+LSTM_full_retrain,tue,931,0.0,1.0000000000000002,,0.0,2
D,GAT+LSTM_full_retrain,tue,932,0.0,1.0000000000000002,,0.0,2
D,GAT+LSTM_full_retrain,tue,933,0.0,1.0000000000000002,,0.0,2
D,GAT+LSTM_full_retrain,tue,934,0.0,1.0000000000000002,,0.0,2
D,GAT+LSTM_full_retrain,tue,935,0.0,1.0000000000000002,,0.0,2
D,GAT+LSTM_full_retrain,tue,936,0.0,1.0000000000000002,,0.0,2
D,GAT+LSTM_full_retrain,tue,937,0.0,1.0000000000000002,,0.0,2
D,GAT+LSTM_full_retrain,tue,938,0.0,1.0000000000000002,,0.0,2
D,GAT+LSTM_full_retrain,tue,939,0.0,1.0000000000000002,,0.0,2
D,GAT+LSTM_full_retrain,tue,940,0.0,1.0000000000000002,,0.0,2
D,GAT+LSTM_full_retrain,tue,941,0.0,1.0000000000000002,,0.0,2
D,GAT+LSTM_full_retrain,tue,942,0.0,1.0000000000000002,,0.0,2
D,GAT+LSTM_full_retrain,tue,943,0.0,1.0000000000000002,,0.0,2
D,GAT+LSTM_full_retrain,tue,944,0.0,1.0000000000000002,,0.0,2
D,GAT+LSTM_full_retrain,tue,945,0.0,1.0000000000000002,,0.0,2
D,GAT+LSTM_full_retrain,tue,946,0.09523809523809523,1.0000000000000002,,0.0,2
D,GAT+LSTM_full_retrain,tue,947,0.18181818181818182,1.0000000000000002,,0.0,2
D,GAT+LSTM_full_retrain,tue,948,0.2608695652173913,1.0000000000000002,,0.0,2
D,GAT+LSTM_full_retrain,tue,949,0.3333333333333333,1.0000000000000002,,0.0,2
D,GAT+LSTM_full_retrain,tue,950,0.4,1.0000000000000002,,0.0,2
D,GAT+LSTM_full_retrain,tue,951,0.46153846153846156,1.0000000000000002,,0.0,2
D,GAT+LSTM_full_retrain,tue,952,0.5185185185185185,1.0000000000000002,,0.0,2
D,GAT+LSTM_full_retrain,tue,953,0.5714285714285714,1.0000000000000002,,0.0,2
D,GAT+LSTM_full_retrain,tue,954,0.6206896551724138,1.0000000000000002,,0.0,2
D,GAT+LSTM_full_retrain,tue,955,0.6666666666666666,1.0000000000000002,,0.0,2
D,GAT+LSTM_full_retrain,tue,956,0.7096774193548387,1.0000000000000002,,0.0,2
D,GAT+LSTM_full_retrain,tue,957,0.75,1.0000000000000002,,0.0,2
D,GAT+LSTM_full_retrain,tue,958,0.7878787878787878,1.0000000000000002,,0.0,2
D,GAT+LSTM_full_retrain,tue,959,0.8235294117647058,1.0000000000000002,,0.0,2
D,GAT+LSTM_full_retrain,tue,960,0.8571428571428571,1.0000000000000002,,0.0,2
D,GAT+LSTM_full_retrain,tue,961,0.8888888888888888,1.0000000000000002,,0.0,2
D,GAT+LSTM_full_retrain,tue,962,0.918918918918919,1.0000000000000002,,0.0,2
D,GAT+LSTM_full_retrain,tue,963,0.9473684210526315,1.0000000000000002,,0.0,2
D,GAT+LSTM_full_retrain,tue,964,0.9743589743589743,1.0000000000000002,,0.0,2
D,GAT+LSTM_full_retrain,tue,965,1.0,1.0000000000000002,,0.0,2
D,GAT+LSTM_full_retrain,tue,966,1.0,1.0000000000000002,,0.0,2
D,GAT+LSTM_full_retrain,tue,967,1.0,1.0000000000000002,,0.0,2
D,GAT+LSTM_full_retrain,tue,968,1.0,1.0000000000000002,,0.0,2
D,GAT+LSTM_full_retrain,tue,969,1.0,1.0000000000000002,,0.0,2
D,GAT+LSTM_full_retrain,tue,970,1.0,1.0000000000000002,,0.0,2
D,GAT+LSTM_full_retrain,tue,971,1.0,1.0000000000000002,,0.0,2
D,GAT+LSTM_full_retrain,tue,972,1.0,1.0000000000000002,,0.0,2
D,GAT+LSTM_full_retrain,tue,973,1.0,1.0000000000000002,,0.0,2
D,GAT+LSTM_full_retrain,tue,974,1.0,1.0000000000000002,,0.0,2
D,GAT+LSTM_full_retrain,tue,975,1.0,1.0000000000000002,,0.0,2
D,GAT+LSTM_full_retrain,tue,976,1.0,1.0000000000000002,,0.0,2
D,GAT+LSTM_full_retrain,tue,977,1.0,1.0000000000000002,,0.0,2
D,GAT+LSTM_full_retrain,tue,978,1.0,1.0000000000000002,,0.0,2
D,GAT+LSTM_full_retrain,tue,979,1.0,1.0000000000000002,,0.0,2
D,GAT+LSTM_full_retrain,tue,980,1.0,1.0000000000000002,,0.0,2
D,GAT+LSTM_full_retrain,tue,981,1.0,1.0000000000000002,,0.0,2
D,GAT+LSTM_full_retrain,tue,982,1.0,1.0000000000000002,,0.0,2
D,GAT+LSTM_full_retrain,tue,983,1.0,1.0000000000000002,,0.0,2
D,GAT+LSTM_full_retrain,tue,984,1.0,1.0000000000000002,,0.0,2
D,GAT+LSTM_full_retrain,tue,985,1.0,1.0000000000000002,,0.0,2
D,GAT+LSTM_full_retrain,tue,986,1.0,1.0000000000000002,,0.0,2
D,GAT+LSTM_full_retrain,tue,987,1.0,1.0000000000000002,,0.0,2
D,GAT+LSTM_full_retrain,tue,988,1.0,1.0000000000000002,,0.0,2
D,GAT+LSTM_full_retrain,tue,989,1.0,1.0000000000000002,,0.0,2
D,GAT+LSTM_full_retrain,tue,990,1.0,1.0000000000000002,,0.0,2
D,GAT+LSTM_full_retrain,tue,991,1.0,1.0000000000000002,,0.0,2
D,GAT+LSTM_full_retrain,tue,992,1.0,1.0000000000000002,,0.0,2
D,GAT+LSTM_full_retrain,tue,993,1.0,1.0000000000000002,,0.0,2
D,GAT+LSTM_full_retrain,tue,994,1.0,1.0000000000000002,,0.0,2
D,GAT+LSTM_full_retrain,tue,995,1.0,1.0000000000000002,,0.0,2
D,GAT+LSTM_full_retrain,tue,996,1.0,1.0000000000000002,,0.0,2
D,GAT+LSTM_full_retrain,tue,997,1.0,1.0000000000000002,,0.0,2
D,GAT+LSTM_full_retrain,tue,998,1.0,1.0000000000000002,,0.0,2
D,GAT+LSTM_full_retrain,tue,999,1.0,1.0000000000000002,,0.0,2
D,GAT+LSTM_full_retrain,tue,1000,1.0,1.0000000000000002,,0.0,2
D,GAT+LSTM_full_retrain,tue,1001,1.0,1.0000000000000002,,0.0,2
D,GAT+LSTM_full_retrain,tue,1002,1.0,1.0000000000000002,,0.0,2
D,GAT+LSTM_full_retrain,tue,1003,1.0,1.0000000000000002,,0.0,2
D,GAT+LSTM_full_retrain,tue,1004,1.0,1.0000000000000002,,0.0,2
D,GAT+LSTM_full_retrain,tue,1005,1.0,1.0000000000000002,,0.0,2
D,GAT+LSTM_full_retrain,tue,1006,1.0,1.0000000000000002,,0.0,2
D,GAT+LSTM_full_retrain,tue,1007,1.0,1.0000000000000002,,0.0,2
D,GAT+LSTM_full_retrain,tue,1008,1.0,1.0000000000000002,,0.0,2
D,GAT+LSTM_full_retrain,tue,1009,1.0,1.0000000000000002,,0.0,2
D,GAT+LSTM_full_retrain,tue,1010,1.0,1.0000000000000002,,0.0,2
D,GAT+LSTM_full_retrain,tue,1011,1.0,1.0000000000000002,,0.0,2
D,GAT+LSTM_full_retrain,tue,1012,1.0,1.0000000000000002,,0.0,2
D,GAT+LSTM_full_retrain,tue,1013,1.0,1.0000000000000002,,0.0,2
D,GAT+LSTM_full_retrain,tue,1014,1.0,1.0000000000000002,,0.0,2
D,GAT+LSTM_full_retrain,tue,1015,1.0,1.0000000000000002,,0.0,2
D,GAT+LSTM_full_retrain,tue,1016,1.0,1.0000000000000002,,0.0,2
D,GAT+LSTM_full_retrain,tue,1017,1.0,1.0000000000000002,,0.0,2
D,GAT+LSTM_full_retrain,tue,1018,1.0,1.0000000000000002,,0.0,2
D,GAT+LSTM_full_retrain,tue,1019,1.0,1.0000000000000002,,0.0,2
D,GAT+LSTM_full_retrain,tue,1020,1.0,1.0000000000000002,,0.0,2
D,GAT+LSTM_full_retrain,tue,1021,1.0,1.0000000000000002,,0.0,2
D,GAT+LSTM_full_retrain,tue,1022,1.0,1.0000000000000002,,0.0,2
D,GAT+LSTM_full_retrain,tue,1023,1.0,1.0000000000000002,,0.0,2
D,GAT+LSTM_full_retrain,tue,1024,1.0,1.0000000000000002,,0.0,2
D,GAT+LSTM_full_retrain,tue,1025,1.0,1.0000000000000002,,0.0,2
D,GAT+LSTM_full_retrain,tue,1026,1.0,1.0000000000000002,,0.0,2
D,GAT+LSTM_full_retrain,tue,1027,1.0,1.0000000000000002,,0.0,2
D,GAT+LSTM_full_retrain,tue,1028,1.0,1.0000000000000002,,0.0,2
D,GAT+LSTM_full_retrain,tue,1029,1.0,1.0000000000000002,,0.0,2
D,GAT+LSTM_full_retrain,tue,1030,1.0,1.0000000000000002,,0.0,2
D,GAT+LSTM_full_retrain,tue,1031,1.0,1.0000000000000002,,0.0,2
D,GAT+LSTM_full_retrain,tue,1032,1.0,1.0000000000000002,,0.0,2
D,GAT+LSTM_full_retrain,wed,1222,0.9743589743589743,0.9999999999999998,1.0,1.0,3
D,GAT+LSTM_full_retrain,wed,1223,0.9473684210526315,1.0,1.0,1.0,3
D,GAT+LSTM_full_retrain,wed,1224,0.918918918918919,1.0,1.0,1.0,3
D,GAT+LSTM_full_retrain,wed,1225,0.8888888888888888,1.0,1.0,1.0,3
D,GAT+LSTM_full_retrain,wed,1226,0.8571428571428571,1.0,1.0,1.0,3
D,GAT+LSTM_full_retrain,wed,1227,0.8235294117647058,0.9999999999999999,1.0,1.0,3
D,GAT+LSTM_full_retrain,wed,1228,0.7878787878787878,0.9780075187969923,0.9285714285714286,1.0,3
D,GAT+LSTM_full_retrain,wed,1229,0.7741935483870968,0.9750337381916327,0.9340659340659341,0.8571428571428571,3
D,GAT+LSTM_full_retrain,wed,1230,0.7586206896551724,0.9684454191033139,0.9270833333333333,0.75,3
D,GAT+LSTM_full_retrain,wed,1231,0.7407407407407407,0.9636066547831255,0.9292929292929293,0.6666666666666666,3
D,GAT+LSTM_full_retrain,wed,1232,0.72,0.954248366013072,0.92,0.6,3
D,GAT+LSTM_full_retrain,wed,1233,0.6956521739130435,0.9428104575163401,0.9090909090909091,0.5454545454545454,3
D,GAT+LSTM_full_retrain,wed,1234,0.6666666666666666,0.9285130718954249,0.8958333333333334,0.5,3
D,GAT+LSTM_full_retrain,wed,1235,0.631578947368421,0.9101307189542482,0.8791208791208791,0.46153846153846156,3
D,GAT+LSTM_full_retrain,wed,1236,0.5882352941176471,0.8856209150326797,0.8571428571428572,0.42857142857142855,3
D,GAT+LSTM_full_retrain,wed,1237,0.5333333333333333,0.8513071895424837,0.8266666666666667,0.4,3
D,GAT+LSTM_full_retrain,wed,1238,0.46153846153846156,0.7998366013071896,0.78125,0.375,3
D,GAT+LSTM_full_retrain,wed,1239,0.36363636363636365,0.7140522875816993,0.7058823529411764,0.35294117647058826,3
D,GAT+LSTM_full_retrain,wed,1240,0.2222222222222222,0.5424836601307189,0.5555555555555556,0.3333333333333333,3
D,GAT+LSTM_full_retrain,wed,1241,0.0,0.027777777777777776,0.10526315789473684,0.3157894736842105,3
D,GAT+LSTM_full_retrain,wed,1242,0.0,0.027777777777777776,0.10526315789473684,0.2631578947368421,3
D,GAT+LSTM_full_retrain,wed,1243,0.0,0.027777777777777776,0.10526315789473684,0.21052631578947367,3
D,GAT+LSTM_full_retrain,wed,1244,0.0,0.027777777777777776,0.10526315789473684,0.15789473684210525,3
D,GAT+LSTM_full_retrain,wed,1245,0.0,0.027777777777777776,0.10526315789473684,0.10526315789473684,3
D,GAT+LSTM_full_retrain,wed,1246,0.0,0.027777777777777776,0.10526315789473684,0.05263157894736842,3
D,GAT+LSTM_full_retrain,wed,1247,0.0,0.027777777777777776,0.10526315789473684,0.0,3
D,GAT+LSTM_full_retrain,wed,1248,0.0,0.029411764705882353,0.1578947368421053,0.0,3
D,GAT+LSTM_full_retrain,wed,1249,0.0,0.058108660130718956,0.1388888888888889,0.0,3
D,GAT+LSTM_full_retrain,wed,1250,0.0,0.08852124183006536,0.13725490196078435,0.0,3
D,GAT+LSTM_full_retrain,wed,1251,0.0,0.1155752432551968,0.109375,0.0,3
D,GAT+LSTM_full_retrain,wed,1252,0.0,0.1461733991842351,0.09333333333333331,0.0,3
D,GAT+LSTM_full_retrain,wed,1253,0.0,0.1772047561714744,0.0714285714285714,0.0,3
D,GAT+LSTM_full_retrain,wed,1254,0.0,0.19944618198156455,0.0,0.0,3
D,GAT+LSTM_full_retrain,wed,1255,0.0,0.23320653160049445,0.0,0.0,3
D,GAT+LSTM_full_retrain,wed,1256,0.0,0.37520532204484736,0.1111111111111111,0.0,3
D,GAT+LSTM_full_retrain,wed,1257,0.0,0.42130435440032965,0.16999999999999998,0.0,3
D,GAT+LSTM_full_retrain,wed,1258,0.0,0.47038538087299697,0.21212121212121213,0.0,3
D,GAT+LSTM_full_retrain,wed,1259,0.0,0.5746790934097435,0.2708333333333333,0.0,3
D,GAT+LSTM_full_retrain,wed,1260,0.0,0.6213220027967585,0.2857142857142857,0.0,3
D,GAT+LSTM_full_retrain,wed,1261,0.0,0.7007574217271254,0.34523809523809523,0.0,3
D,GAT+LSTM_full_retrain,wed,1262,0.0,0.7515062133715386,0.37333333333333335,0.0,3
D,GAT+LSTM_full_retrain,wed,1263,0.0,0.859006644155638,0.46875,0.0,3
D,GAT+LSTM_full_retrain,wed,1264,0.0,0.8819963715133083,0.43137254901960786,0.0,3
D,GAT+LSTM_full_retrain,wed,1265,0.0,0.9059004494615039,0.5490196078431373,0.0,3
D,GAT+LSTM_full_retrain,wed,1266,0.0,0.9368789504173922,0.5555555555555556,0.0,3
D,GAT+LSTM_full_retrain,wed,1267,0.0,0.9848503159343145,0.7368421052631579,0.0,3
D,GAT+LSTM_full_retrain,wed,1268,0.0,0.9882494387413319,0.7894736842105263,0.0,3
D,GAT+LSTM_full_retrain,wed,1269,0.0,0.9848503159343145,0.7368421052631579,0.0,3
D,GAT+LSTM_full_retrain,wed,1270,0.0,0.9848503159343145,0.7368421052631579,0.0,3
D,GAT+LSTM_full_retrain,wed,1271,0.0,0.9848503159343145,0.7368421052631579,0.0,3
D,GAT+LSTM_full_retrain,wed,1272,0.0,0.9882494387413319,0.7894736842105263,0.0,3
D,GAT+LSTM_full_retrain,wed,1273,0.0,0.9914421631995363,0.8421052631578947,0.0,3
D,GAT+LSTM_full_retrain,wed,1274,0.0,0.9914421631995363,0.8421052631578947,0.0,3
D,GAT+LSTM_full_retrain,wed,1275,0.0,0.9914421631995363,0.8421052631578947,0.0,3
D,GAT+LSTM_full_retrain,wed,1276,0.0,0.9882494387413319,0.7894736842105263,0.0,3
D,GAT+LSTM_full_retrain,wed,1277,0.0,0.9882494387413319,0.7894736842105263,0.0,3
D,GAT+LSTM_full_retrain,wed,1278,0.0,0.9848503159343145,0.7368421052631579,0.0,3
D,GAT+LSTM_full_retrain,wed,1279,0.0,0.9830235651765581,0.8611111111111112,0.0,3
D,GAT+LSTM_full_retrain,wed,1280,0.0,0.9830235651765581,0.8611111111111112,0.0,3
D,GAT+LSTM_full_retrain,wed,1281,0.0,0.9830235651765581,0.8611111111111112,0.0,3
D,GAT+LSTM_full_retrain,wed,1282,0.0,0.9830235651765581,0.8611111111111112,0.0,3
D,GAT+LSTM_full_retrain,wed,1283,0.0,0.8772848703735608,0.607843137254902,0.0,3
D,GAT+LSTM_full_retrain,wed,1284,0.0,0.8772848703735608,0.607843137254902,0.0,3
D,GAT+LSTM_full_retrain,wed,1285,0.0,0.8810448358982322,0.6274509803921569,0.0,3
D,GAT+LSTM_full_retrain,wed,1286,0.0,0.8546281990820498,0.625,0.0,3
D,GAT+LSTM_full_retrain,wed,1287,0.0,0.8338057831401484,0.6399999999999999,0.0,3
D,GAT+LSTM_full_retrain,wed,1288,0.0,0.8338057831401484,0.6399999999999999,0.0,3
D,GAT+LSTM_full_retrain,wed,1289,0.0,0.8311254712493102,0.6266666666666666,0.0,3
D,GAT+LSTM_full_retrain,wed,1290,0.0,0.828344826827799,0.6133333333333333,0.0,3
D,GAT+LSTM_full_retrain,wed,1291,0.0,0.7871478756308478,0.5599999999999999,0.0,3
D,GAT+LSTM_full_retrain,wed,1292,0.0,0.7928381113210835,0.5733333333333333,0.0,3
D,GAT+LSTM_full_retrain,wed,1293,0.0,0.8206158890988613,0.5866666666666667,0.0,3
D,GAT+LSTM_full_retrain,wed,1294,0.0,0.8400603335433057,0.6,0.0,3
D,GAT+LSTM_full_retrain,wed,1295,0.0,0.8400603335433057,0.6,0.0,3
D,GAT+LSTM_full_retrain,wed,1296,0.0,0.8680417965247686,0.6533333333333333,0.0,3
D,GAT+LSTM_full_retrain,wed,1297,0.0,0.8802640187469909,0.6666666666666666,0.0,3
D,GAT+LSTM_full_retrain,wed,1298,0.0,0.9027892712722434,0.7200000000000001,0.0,3
D,GAT+LSTM_full_retrain,wed,1299,0.0,0.9203246307034039,0.703125,0.0,3
D,GAT+LSTM_full_retrain,wed,1300,0.0,0.9277031029256261,0.71875,0.0,3
D,GAT+LSTM_full_retrain,wed,1301,0.0,0.9343003251478483,0.734375,0.0,3
D,GAT+LSTM_full_retrain,wed,1302,0.0,0.9442611976087208,0.765625,0.0,3
D,GAT+LSTM_full_retrain,wed,1303,0.0,0.9713060766102106,0.8235294117647058,0.0,3
D,GAT+LSTM_full_retrain,wed,1304,0.0,0.9713060766102106,0.8235294117647058,0.0,3
D,GAT+LSTM_full_retrain,wed,1305,0.0,0.981933455643466,0.8333333333333334,0.0,3
D,GAT+LSTM_full_retrain,wed,1306,0.0,0.9914421631995363,0.8421052631578947,0.0,3
D,GAT+LSTM_full_retrain,wed,1307,0.0,1.0000000000000002,,0.0,3
D,GAT+LSTM_full_retrain,wed,1308,0.0,1.0000000000000002,,0.0,3
D,GAT+LSTM_full_retrain,wed,1309,0.0,1.0000000000000002,,0.0,3
D,GAT+LSTM_full_retrain,wed,1310,0.0,1.0000000000000002,,0.0,3
D,GAT+LSTM_full_retrain,wed,1311,0.0,1.0000000000000002,,0.0,3
D,GAT+LSTM_full_retrain,wed,1312,0.0,1.0000000000000002,,0.0,3
D,GAT+LSTM_full_retrain,wed,1313,0.0,1.0000000000000002,,0.0,3
D,GAT+LSTM_full_retrain,wed,1314,0.0,1.0000000000000002,,0.0,3
D,GAT+LSTM_full_retrain,wed,1315,0.0,1.0000000000000002,,0.0,3
D,GAT+LSTM_full_retrain,wed,1316,0.0,1.0000000000000002,,0.0,3
D,GAT+LSTM_full_retrain,wed,1317,0.0,1.0000000000000002,,0.0,3
D,GAT+LSTM_full_retrain,wed,1318,0.0,1.0000000000000002,,0.0,3
D,GAT+LSTM_full_retrain,wed,1319,0.0,1.0000000000000002,,0.0,3
D,GAT+LSTM_full_retrain,wed,1320,0.0,1.0000000000000002,,0.0,3
D,GAT+LSTM_full_retrain,wed,1321,0.0,1.0000000000000002,,0.0,3
D,GAT+LSTM_full_retrain,wed,1322,0.0,1.0000000000000002,,0.0,3
D,GAT+LSTM_full_retrain,wed,1323,0.0,1.0000000000000002,,0.0,3
D,GAT+LSTM_full_retrain,wed,1324,0.0,1.0000000000000002,,0.0,3
D,GAT+LSTM_full_retrain,wed,1325,0.0,1.0000000000000002,,0.0,3
D,GAT+LSTM_full_retrain,wed,1326,0.0,1.0000000000000002,,0.0,3
D,GAT+LSTM_full_retrain,wed,1327,0.09523809523809523,1.0000000000000002,,0.0,3
D,GAT+LSTM_full_retrain,wed,1328,0.18181818181818182,1.0000000000000002,,0.0,3
D,GAT+LSTM_full_retrain,wed,1329,0.2608695652173913,1.0000000000000002,,0.0,3
D,GAT+LSTM_full_retrain,wed,1330,0.3333333333333333,1.0000000000000002,,0.0,3
D,GAT+LSTM_full_retrain,wed,1331,0.4,1.0000000000000002,,0.0,3
D,GAT+LSTM_full_retrain,wed,1332,0.46153846153846156,1.0000000000000002,,0.0,3
D,GAT+LSTM_full_retrain,wed,1333,0.5185185185185185,1.0000000000000002,,0.0,3
D,GAT+LSTM_full_retrain,wed,1334,0.5714285714285714,1.0000000000000002,,0.0,3
D,GAT+LSTM_full_retrain,wed,1335,0.6206896551724138,1.0000000000000002,,0.0,3
D,GAT+LSTM_full_retrain,wed,1336,0.6666666666666666,1.0000000000000002,,0.0,3
D,GAT+LSTM_full_retrain,wed,1337,0.7096774193548387,1.0000000000000002,,0.0,3
D,GAT+LSTM_full_retrain,wed,1338,0.75,1.0000000000000002,,0.0,3
D,GAT+LSTM_full_retrain,wed,1339,0.7878787878787878,1.0000000000000002,,0.0,3
D,GAT+LSTM_full_retrain,wed,1340,0.8235294117647058,1.0000000000000002,,0.0,3
D,GAT+LSTM_full_retrain,wed,1341,0.8571428571428571,1.0000000000000002,,0.0,3
D,GAT+LSTM_full_retrain,wed,1342,0.8888888888888888,1.0000000000000002,,0.0,3
D,GAT+LSTM_full_retrain,wed,1343,0.918918918918919,1.0000000000000002,,0.0,3
D,GAT+LSTM_full_retrain,wed,1344,0.9473684210526315,1.0000000000000002,,0.0,3
D,GAT+LSTM_full_retrain,wed,1345,0.9743589743589743,1.0000000000000002,,0.0,3
D,GAT+LSTM_full_retrain,wed,1346,1.0,1.0000000000000002,,0.0,3
D,GAT+LSTM_full_retrain,wed,1347,1.0,1.0000000000000002,,0.0,3
D,GAT+LSTM_full_retrain,wed,1348,1.0,1.0000000000000002,,0.0,3
D,GAT+LSTM_full_retrain,wed,1349,1.0,1.0000000000000002,,0.0,3
D,GAT+LSTM_full_retrain,wed,1350,1.0,1.0000000000000002,,0.0,3
D,GAT+LSTM_full_retrain,wed,1351,1.0,1.0000000000000002,,0.0,3
D,GAT+LSTM_full_retrain,wed,1352,1.0,1.0000000000000002,,0.0,3
D,GAT+LSTM_full_retrain,wed,1353,1.0,1.0000000000000002,,0.0,3
D,GAT+LSTM_full_retrain,wed,1354,1.0,1.0000000000000002,,0.0,3
D,GAT+LSTM_full_retrain,wed,1355,1.0,1.0000000000000002,,0.0,3
D,GAT+LSTM_full_retrain,wed,1356,1.0,1.0000000000000002,,0.0,3
D,GAT+LSTM_full_retrain,wed,1357,1.0,1.0000000000000002,,0.0,3
D,GAT+LSTM_full_retrain,wed,1358,1.0,1.0000000000000002,,0.0,3
D,GAT+LSTM_full_retrain,wed,1359,1.0,1.0000000000000002,,0.0,3
D,GAT+LSTM_full_retrain,wed,1360,1.0,1.0000000000000002,,0.0,3
D,GAT+LSTM_full_retrain,wed,1361,1.0,1.0000000000000002,,0.0,3
D,GAT+LSTM_full_retrain,wed,1362,1.0,1.0000000000000002,,0.0,3
D,GAT+LSTM_full_retrain,wed,1363,1.0,1.0000000000000002,,0.0,3
D,GAT+LSTM_full_retrain,wed,1364,1.0,1.0000000000000002,,0.0,3
D,GAT+LSTM_full_retrain,wed,1365,1.0,1.0000000000000002,,0.0,3
D,GAT+LSTM_full_retrain,wed,1366,1.0,1.0000000000000002,,0.0,3
D,GAT+LSTM_full_retrain,wed,1367,1.0,1.0000000000000002,,0.0,3
D,GAT+LSTM_full_retrain,wed,1368,1.0,1.0000000000000002,,0.0,3
D,GAT+LSTM_full_retrain,wed,1369,1.0,1.0000000000000002,,0.0,3
D,GAT+LSTM_full_retrain,wed,1370,1.0,1.0000000000000002,,0.0,3
D,GAT+LSTM_full_retrain,wed,1371,1.0,1.0000000000000002,,0.0,3
D,GAT+LSTM_full_retrain,wed,1372,1.0,1.0000000000000002,,0.0,3
D,GAT+LSTM_full_retrain,wed,1373,1.0,1.0000000000000002,,0.0,3
D,GAT+LSTM_full_retrain,wed,1374,1.0,1.0000000000000002,,0.0,3
D,GAT+LSTM_full_retrain,wed,1375,1.0,1.0000000000000002,,0.0,3
D,GAT+LSTM_full_retrain,wed,1376,1.0,1.0000000000000002,,0.0,3
D,GAT+LSTM_full_retrain,wed,1377,1.0,1.0000000000000002,,0.0,3
D,GAT+LSTM_full_retrain,wed,1378,1.0,1.0000000000000002,,0.0,3
D,GAT+LSTM_full_retrain,wed,1379,1.0,1.0000000000000002,,0.0,3
D,GAT+LSTM_full_retrain,wed,1380,1.0,1.0000000000000002,,0.0,3
D,GAT+LSTM_full_retrain,wed,1381,1.0,1.0000000000000002,,0.0,3
D,GAT+LSTM_full_retrain,wed,1382,1.0,1.0000000000000002,,0.0,3
D,GAT+LSTM_full_retrain,wed,1383,1.0,1.0000000000000002,,0.0,3
D,GAT+LSTM_full_retrain,wed,1384,1.0,1.0000000000000002,,0.0,3
D,GAT+LSTM_full_retrain,wed,1385,1.0,1.0000000000000002,,0.0,3
D,GAT+LSTM_full_retrain,wed,1386,1.0,1.0000000000000002,,0.0,3
D,GAT+LSTM_full_retrain,wed,1387,1.0,1.0000000000000002,,0.0,3
D,GAT+LSTM_full_retrain,wed,1388,1.0,1.0000000000000002,,0.0,3
D,GAT+LSTM_full_retrain,wed,1389,1.0,1.0000000000000002,,0.0,3
D,GAT+LSTM_full_retrain,wed,1390,1.0,1.0000000000000002,,0.0,3
D,GAT+LSTM_full_retrain,wed,1391,1.0,1.0000000000000002,,0.0,3
D,GAT+LSTM_full_retrain,wed,1392,1.0,1.0000000000000002,,0.0,3
D,GAT+LSTM_full_retrain,wed,1393,1.0,1.0000000000000002,,0.0,3
D,GAT+LSTM_full_retrain,wed,1394,1.0,1.0000000000000002,,0.0,3
D,GAT+LSTM_full_retrain,wed,1395,1.0,1.0000000000000002,,0.0,3
D,GAT+LSTM_full_retrain,wed,1396,1.0,1.0000000000000002,,0.0,3
D,GAT+LSTM_full_retrain,wed,1397,1.0,1.0000000000000002,,0.0,3
D,GAT+LSTM_full_retrain,wed,1398,1.0,1.0000000000000002,,0.0,3
D,GAT+LSTM_full_retrain,wed,1399,1.0,1.0000000000000002,,0.0,3
D,GAT+LSTM_full_retrain,wed,1400,1.0,1.0000000000000002,,0.0,3
D,GAT+LSTM_full_retrain,wed,1401,1.0,1.0000000000000002,,0.0,3
D,GAT+LSTM_full_retrain,wed,1402,1.0,1.0000000000000002,,0.0,3
D,GAT+LSTM_full_retrain,wed,1403,1.0,1.0000000000000002,,0.0,3
D,GAT+LSTM_full_retrain,wed,1404,1.0,1.0000000000000002,,0.0,3
D,GAT+LSTM_full_retrain,wed,1405,1.0,1.0000000000000002,,0.0,3
D,GAT+LSTM_full_retrain,wed,1406,1.0,1.0000000000000002,,0.0,3
D,GAT+LSTM_full_retrain,wed,1407,1.0,1.0000000000000002,,0.0,3
D,GAT+LSTM_full_retrain,wed,1408,1.0,1.0000000000000002,,0.0,3
D,GAT+LSTM_full_retrain,wed,1409,1.0,1.0000000000000002,,0.0,3
D,GAT+LSTM_full_retrain,wed,1410,1.0,1.0000000000000002,,0.0,3
D,GAT+LSTM_full_retrain,wed,1411,1.0,1.0000000000000002,,0.0,3
D,GAT+LSTM_full_retrain,wed,1412,1.0,1.0000000000000002,,0.0,3
D,GAT+LSTM_full_retrain,wed,1413,1.0,1.0000000000000002,,0.0,3
D,GAT+LSTM_full_retrain,wed,1414,1.0,1.0000000000000002,,0.0,3
D,GAT+LSTM_full_retrain,wed,1415,1.0,1.0000000000000002,,0.0,3
D,GAT+LSTM_full_retrain,wed,1416,1.0,1.0000000000000002,,0.0,3
D,GAT+LSTM_full_retrain,wed,1417,1.0,1.0000000000000002,,0.0,3
D,GAT+LSTM_full_retrain,wed,1418,1.0,1.0000000000000002,,0.0,3
D,GAT+LSTM_full_retrain,wed,1419,1.0,1.0000000000000002,,0.0,3
D,GAT+LSTM_full_retrain,wed,1420,1.0,1.0000000000000002,,0.0,3
D,GAT+LSTM_full_retrain,wed,1421,1.0,1.0000000000000002,,0.0,3
D,GAT+LSTM_full_retrain,wed,1422,1.0,1.0000000000000002,,0.0,3
D,GAT+LSTM_full_retrain,wed,1423,1.0,1.0000000000000002,,0.0,3
D,GAT+LSTM_full_retrain,wed,1424,1.0,1.0000000000000002,,0.0,3
D,GAT+LSTM_full_retrain,wed,1425,1.0,1.0000000000000002,,0.0,3
D,GAT+LSTM_full_retrain,wed,1426,1.0,1.0000000000000002,,0.0,3
D,GAT+LSTM_full_retrain,wed,1427,1.0,1.0000000000000002,,0.0,3
D,GAT+LSTM_full_retrain,wed,1428,1.0,1.0000000000000002,,0.0,3
D,GAT+LSTM_full_retrain,wed,1429,1.0,1.0000000000000002,,0.0,3
D,GAT+LSTM_full_retrain,wed,1430,1.0,1.0000000000000002,,0.0,3
D,GAT+LSTM_full_retrain,wed,1431,1.0,1.0,,0.0,3
D,GAT+LSTM_full_retrain,wed,1432,1.0,1.0,,0.0,3
D,GAT+LSTM_full_retrain,wed,1433,1.0,1.0,,0.0,3
D,GAT+LSTM_full_retrain,wed,1434,1.0,1.0,,0.0,3
D,GAT+LSTM_full_retrain,wed,1435,1.0,1.0,,0.0,3
D,GAT+LSTM_full_retrain,wed,1436,1.0,1.0,,0.0,3
D,GAT+LSTM_full_retrain,wed,1437,1.0,1.0,,0.0,3
D,GAT+LSTM_full_retrain,wed,1438,1.0,1.0,,0.0,3
D,GAT+LSTM_full_retrain,wed,1439,1.0,1.0000000000000002,,0.0,3
D,GAT+LSTM_full_retrain,wed,1440,1.0,1.0000000000000002,,0.0,3
D,GAT+LSTM_full_retrain,wed,1441,1.0,1.0000000000000002,,0.0,3
D,GAT+LSTM_full_retrain,wed,1442,1.0,1.0000000000000002,,0.0,3
D,GAT+LSTM_full_retrain,wed,1443,1.0,1.0000000000000002,,0.0,3
D,GAT+LSTM_full_retrain,wed,1444,1.0,1.0000000000000002,,0.0,3
D,GAT+LSTM_full_retrain,wed,1445,1.0,1.0000000000000002,,0.0,3
D,GAT+LSTM_full_retrain,wed,1446,1.0,1.0000000000000002,,0.0,3
D,GAT+LSTM_full_retrain,wed,1447,1.0,1.0000000000000002,,0.0,3
D,GAT+LSTM_full_retrain,wed,1448,1.0,1.0000000000000002,,0.0,3
D,GAT+LSTM_full_retrain,wed,1449,1.0,1.0000000000000002,,0.0,3
D,GAT+LSTM_full_retrain,wed,1450,1.0,1.0000000000000002,,0.0,3
D,GAT+LSTM_full_retrain,wed,1451,1.0,1.0000000000000002,,0.0,3
D,GAT+LSTM_full_retrain,wed,1452,1.0,1.0000000000000002,,0.0,3
D,GAT+LSTM_full_retrain,wed,1453,1.0,1.0000000000000002,,0.0,3
D,GAT+LSTM_full_retrain,wed,1454,1.0,1.0000000000000002,,0.0,3
D,GAT+LSTM_full_retrain,wed,1455,1.0,1.0000000000000002,,0.0,3
D,GAT+LSTM_full_retrain,wed,1456,1.0,1.0000000000000002,,0.0,3
D,GAT+LSTM_full_retrain,wed,1457,1.0,1.0000000000000002,,0.0,3
D,GAT+LSTM_full_retrain,wed,1458,1.0,1.0000000000000002,,0.0,3
D,GAT+LSTM_full_retrain,wed,1459,1.0,1.0000000000000002,,0.0,3
D,GAT+LSTM_full_retrain,wed,1460,1.0,1.0000000000000002,,0.0,3
D,GAT+LSTM_full_retrain,wed,1461,1.0,1.0000000000000002,,0.0,3
D,GAT+LSTM_full_retrain,wed,1462,1.0,1.0000000000000002,,0.0,3
D,GAT+LSTM_full_retrain,wed,1463,1.0,1.0000000000000002,,0.0,3
D,GAT+LSTM_full_retrain,wed,1464,1.0,1.0000000000000002,,0.0,3
D,GAT+LSTM_full_retrain,wed,1465,1.0,1.0000000000000002,,0.0,3
D,GAT+LSTM_full_retrain,wed,1466,1.0,1.0000000000000002,,0.0,3
D,GAT+LSTM_full_retrain,wed,1467,1.0,1.0000000000000002,,0.0,3
D,GAT+LSTM_full_retrain,wed,1468,1.0,1.0000000000000002,,0.0,3
D,GAT+LSTM_full_retrain,wed,1469,1.0,1.0000000000000002,,0.0,3
D,GAT+LSTM_full_retrain,wed,1470,1.0,1.0000000000000002,,0.0,3
D,GAT+LSTM_full_retrain,wed,1471,1.0,1.0000000000000002,,0.0,3
D,GAT+LSTM_full_retrain,wed,1472,1.0,1.0000000000000002,,0.0,3
D,GAT+LSTM_full_retrain,wed,1473,1.0,1.0000000000000002,,0.0,3
D,GAT+LSTM_full_retrain,wed,1474,1.0,0.9999999999999998,1.0,0.0,3
D,GAT+LSTM_full_retrain,wed,1475,0.972972972972973,0.997299168975069,0.9473684210526315,0.0,3
D,GAT+LSTM_full_retrain,wed,1476,0.9714285714285714,0.9969948018193633,0.9722222222222222,0.0,3
D,GAT+LSTM_full_retrain,wed,1477,0.9696969696969697,0.9966359092656671,0.9803921568627452,0.0,3
D,GAT+LSTM_full_retrain,wed,1478,0.9375,0.9966359092656671,0.9803921568627452,0.0,3
D,GAT+LSTM_full_retrain,wed,1479,0.9032258064516129,0.9930675701653211,0.9607843137254902,0.0,3
D,GAT+LSTM_full_retrain,wed,1480,0.9032258064516129,0.9930675701653211,0.9607843137254902,0.0,3
D,GAT+LSTM_full_retrain,wed,1481,0.9032258064516129,0.9930675701653211,0.9607843137254902,0.0,3
D,GAT+LSTM_full_retrain,wed,1482,0.9032258064516129,0.9930675701653211,0.9607843137254902,0.0,3
D,GAT+LSTM_full_retrain,wed,1483,0.9032258064516129,0.9930675701653211,0.9607843137254902,0.0,3
D,GAT+LSTM_full_retrain,wed,1484,0.9032258064516129,0.9930675701653211,0.9607843137254902,0.0,3
D,GAT+LSTM_full_retrain,wed,1485,0.9032258064516129,0.9930675701653211,0.9607843137254902,0.0,3
D,GAT+LSTM_full_retrain,wed,1486,0.9032258064516129,0.9930675701653211,0.9607843137254902,0.0,3
D,GAT+LSTM_full_retrain,wed,1487,0.9032258064516129,0.9930675701653211,0.9607843137254902,0.0,3
D,GAT+LSTM_full_retrain,wed,1488,0.9032258064516129,0.9930675701653211,0.9607843137254902,0.0,3
D,GAT+LSTM_full_retrain,wed,1489,0.9032258064516129,0.9930675701653211,0.9607843137254902,0.0,3
D,GAT+LSTM_full_retrain,wed,1490,0.9032258064516129,0.9930675701653211,0.9607843137254902,0.0,3
D,GAT+LSTM_full_retrain,wed,1491,0.9032258064516129,0.9930675701653211,0.9607843137254902,0.0,3
D,GAT+LSTM_full_retrain,wed,1492,0.9032258064516129,0.9930675701653211,0.9607843137254902,0.0,3
D,GAT+LSTM_full_retrain,wed,1493,0.9032258064516129,0.9930675701653211,0.9607843137254902,0.0,3
D,GAT+LSTM_full_retrain,wed,1494,0.875,0.8695688058577331,0.6862745098039217,0.3333333333333333,3
D,GAT+LSTM_full_retrain,wed,1495,0.875,0.8119706172095879,0.59375,0.5,3
D,GAT+LSTM_full_retrain,wed,1496,0.8484848484848485,0.7953824101487608,0.515625,0.75,3
D,GAT+LSTM_full_retrain,wed,1497,0.8235294117647058,0.7807168783658722,0.4375,1.0,3
D,GAT+LSTM_full_retrain,wed,1498,0.8235294117647058,0.7551783282936534,0.48,1.0,3
D,GAT+LSTM_full_retrain,wed,1499,0.8235294117647058,0.7477417749089575,0.5595238095238095,1.0,3
D,GAT+LSTM_full_retrain,wed,1500,0.7878787878787878,0.7520215065821163,0.6593406593406594,1.0,3
D,GAT+LSTM_full_retrain,wed,1501,0.7741935483870968,0.758403415756357,0.7395833333333333,0.875,3
D,GAT+LSTM_full_retrain,wed,1502,0.7586206896551724,0.7547759207518565,0.7777777777777777,0.7777777777777778,3
D,GAT+LSTM_full_retrain,wed,1503,0.7407407407407407,0.731794733044733,0.79,0.7,3
D,GAT+LSTM_full_retrain,wed,1504,0.72,0.719107744107744,0.8080808080808081,0.6363636363636364,3
D,GAT+LSTM_full_retrain,wed,1505,0.6956521739130435,0.7159455128205128,0.8333333333333333,0.5833333333333334,3
D,GAT+LSTM_full_retrain,wed,1506,0.6666666666666666,0.7389455782312924,0.8901098901098901,0.5384615384615384,3
D,GAT+LSTM_full_retrain,wed,1507,0.631578947368421,0.7482142857142857,0.9166666666666667,0.5,3
D,GAT+LSTM_full_retrain,wed,1508,0.5882352941176471,0.7514285714285713,0.9333333333333333,0.4666666666666667,3
D,GAT+LSTM_full_retrain,wed,1509,0.5333333333333333,0.73125,0.9375,0.4375,3
D,GAT+LSTM_full_retrain,wed,1510,0.46153846153846156,0.711111111111111,0.9411764705882353,0.4117647058823529,3
D,GAT+LSTM_full_retrain,wed,1511,0.36363636363636365,0.3333333333333333,0.9166666666666666,0.3888888888888889,3
D,GAT+LSTM_full_retrain,wed,1512,0.2222222222222222,0.16666666666666666,0.8947368421052632,0.3684210526315789,3
D,GAT+LSTM_full_retrain,wed,1513,0.0,0.5,,0.35,3
D,GAT+LSTM_full_retrain,wed,1514,0.0,0.5,,0.3,3
D,GAT+LSTM_full_retrain,wed,1515,0.0,0.5,,0.25,3
D,GAT+LSTM_full_retrain,wed,1516,0.0,0.5,,0.2,3
D,GAT+LSTM_full_retrain,wed,1517,0.0,0.5,,0.15,3
D,GAT+LSTM_full_retrain,wed,1518,0.0,0.5,,0.1,3
D,GAT+LSTM_full_retrain,wed,1519,0.0,0.5,,0.05,3
D,GAT+LSTM_full_retrain,wed,1520,0.0,0.5,,0.0,3
D,GAT+LSTM_full_retrain,wed,1521,0.0,0.5,,0.0,3
D,GAT+LSTM_full_retrain,wed,1522,0.0,0.5,,0.0,3
D,GAT+LSTM_full_retrain,wed,1523,0.0,0.5,,0.0,3
D,GAT+LSTM_full_retrain,wed,1524,0.0,0.5,,0.0,3
D,GAT+LSTM_full_retrain,wed,1525,0.0,0.5,,0.0,3
D,GAT+LSTM_full_retrain,wed,1526,0.0,0.5,,0.0,3
D,GAT+LSTM_full_retrain,wed,1527,0.0,0.5,,0.0,3
D,GAT+LSTM_full_retrain,wed,1528,0.0,0.5,,0.0,3
D,GAT+LSTM_full_retrain,wed,1529,0.0,0.5,,0.0,3
D,GAT+LSTM_full_retrain,wed,1530,0.0,0.5,,0.0,3
D,GAT+LSTM_full_retrain,wed,1531,0.0,0.5,,0.0,3
D,GAT+LSTM_full_retrain,wed,1532,0.0,0.5,,0.0,3
D,GAT+LSTM_full_retrain,wed,1533,0.0,0.5,,0.0,3
D,GAT+LSTM_full_retrain,wed,1534,0.0,0.5,,0.0,3
D,GAT+LSTM_full_retrain,wed,1535,0.0,0.5,,0.0,3
D,GAT+LSTM_full_retrain,wed,1536,0.0,0.5,,0.0,3
D,GAT+LSTM_full_retrain,wed,1537,0.0,0.5,,0.0,3
D,GAT+LSTM_full_retrain,wed,1538,0.0,0.5,,0.0,3
D,GAT+LSTM_full_retrain,wed,1539,0.0,0.5,,0.0,3
D,GAT+LSTM_full_retrain,wed,1540,0.0,0.5,,0.0,3
D,GAT+LSTM_full_retrain,wed,1541,0.0,0.5,,0.0,3
D,GAT+LSTM_full_retrain,wed,1542,0.0,0.5,,0.0,3
D,GAT+LSTM_full_retrain,wed,1543,0.0,0.5,,0.0,3
D,GAT+LSTM_full_retrain,wed,1544,0.0,0.5,,0.0,3
D,GAT+LSTM_full_retrain,wed,1545,0.0,0.5,,0.0,3
D,GAT+LSTM_full_retrain,wed,1546,0.0,0.5,,0.0,3
D,GAT+LSTM_full_retrain,wed,1547,0.0,0.5,,0.0,3
D,GAT+LSTM_full_retrain,wed,1548,0.0,0.5,,0.0,3
D,GAT+LSTM_full_retrain,wed,1549,0.0,0.5,,0.0,3
D,GAT+LSTM_full_retrain,wed,1550,0.0,0.5,,0.0,3
D,GAT+LSTM_full_retrain,wed,1551,0.0,0.5,,0.0,3
D,GAT+LSTM_full_retrain,wed,1552,0.0,0.5,,0.0,3
D,GAT+LSTM_full_retrain,wed,1553,0.0,0.5,,0.0,3
D,GAT+LSTM_full_retrain,wed,1554,0.0,0.5,,0.0,3
D,GAT+LSTM_full_retrain,wed,1555,0.0,0.5,,0.0,3
D,GAT+LSTM_full_retrain,wed,1556,0.0,0.5,,0.0,3
D,GAT+LSTM_full_retrain,wed,1557,0.0,0.5,,0.0,3
D,GAT+LSTM_full_retrain,wed,1558,0.0,0.5,,0.0,3
D,GAT+LSTM_full_retrain,wed,1559,0.0,0.5,,0.0,3
D,GAT+LSTM_full_retrain,wed,1560,0.0,0.5,,0.0,3
D,GAT+LSTM_full_retrain,wed,1561,0.0,0.5,,0.0,3
D,GAT+LSTM_full_retrain,wed,1562,0.0,0.5,,0.0,3
D,GAT+LSTM_full_retrain,wed,1563,0.0,0.5,,0.0,3
D,GAT+LSTM_full_retrain,wed,1564,0.0,0.5,,0.0,3
D,GAT+LSTM_full_retrain,wed,1565,0.0,0.5,,0.0,3
D,GAT+LSTM_full_retrain,wed,1566,0.0,0.5,,0.0,3
D,GAT+LSTM_full_retrain,wed,1567,0.0,0.5,,0.0,3
D,GAT+LSTM_full_retrain,wed,1568,0.0,0.5,,0.0,3
D,GAT+LSTM_full_retrain,wed,1569,0.0,0.5,,0.0,3
D,GAT+LSTM_full_retrain,wed,1570,0.0,0.03125,0.21052631578947367,0.0,3
D,GAT+LSTM_full_retrain,wed,1571,0.0,0.03125,0.21052631578947367,0.0,3
D,GAT+LSTM_full_retrain,wed,1572,0.0,0.029411764705882353,0.1578947368421053,0.0,3
D,GAT+LSTM_full_retrain,wed,1573,0.0,0.029411764705882353,0.1578947368421053,0.0,3
D,GAT+LSTM_full_retrain,wed,1574,0.0,0.027777777777777776,0.10526315789473684,0.0,3
D,GAT+LSTM_full_retrain,wed,1575,0.0,0.02631578947368421,0.052631578947368474,0.0,3
D,GAT+LSTM_full_retrain,wed,1576,0.0,0.02631578947368421,0.052631578947368474,0.0,3
D,GAT+LSTM_full_retrain,wed,1577,0.0,0.02631578947368421,0.052631578947368474,0.0,3
D,GAT+LSTM_full_retrain,wed,1578,0.0,0.025,0.0,0.0,3
D,GAT+LSTM_full_retrain,wed,1579,0.0,0.025,0.0,0.0,3
D,GAT+LSTM_full_retrain,wed,1580,0.0,0.025,0.0,0.0,3
D,GAT+LSTM_full_retrain,wed,1581,0.0,0.025,0.0,0.0,3
D,GAT+LSTM_full_retrain,wed,1582,0.0,0.025,0.0,0.0,3
D,GAT+LSTM_full_retrain,wed,1583,0.0,0.025,0.0,0.0,3
D,GAT+LSTM_full_retrain,wed,1584,0.0,0.025,0.0,0.0,3
D,GAT+LSTM_full_retrain,wed,1585,0.0,0.02631578947368421,0.052631578947368474,0.0,3
D,GAT+LSTM_full_retrain,wed,1586,0.0,0.027777777777777776,0.10526315789473684,0.0,3
D,GAT+LSTM_full_retrain,wed,1587,0.0,0.029411764705882353,0.1578947368421053,0.0,3
D,GAT+LSTM_full_retrain,wed,1588,0.0,0.029411764705882353,0.1578947368421053,0.0,3
D,GAT+LSTM_full_retrain,wed,1589,0.0,0.029411764705882353,0.1578947368421053,0.0,3
D,GAT+LSTM_full_retrain,wed,1590,0.0,0.5,,0.0,3
D,GAT+LSTM_full_retrain,wed,1591,0.0,0.5,,0.0,3
D,GAT+LSTM_full_retrain,wed,1592,0.0,0.5,,0.0,3
D,GAT+LSTM_full_retrain,wed,1593,0.0,0.5,,0.0,3
D,GAT+LSTM_full_retrain,wed,1594,0.0,0.5,,0.0,3
D,GAT+LSTM_full_retrain,wed,1595,0.0,0.5,,0.0,3
D,GAT+LSTM_full_retrain,wed,1596,0.0,0.5,,0.0,3
D,GAT+LSTM_full_retrain,wed,1597,0.0,0.5,,0.0,3
D,GAT+LSTM_full_retrain,wed,1598,0.0,0.5,,0.0,3
D,GAT+LSTM_full_retrain,wed,1599,0.0,0.5,,0.0,3
D,GAT+LSTM_full_retrain,wed,1600,0.0,0.5,,0.0,3
D,GAT+LSTM_full_retrain,wed,1601,0.0,0.5,,0.0,3
D,GAT+LSTM_full_retrain,wed,1602,0.0,0.5,,0.0,3
D,GAT+LSTM_full_retrain,wed,1603,0.0,0.5,,0.05,3
D,GAT+LSTM_full_retrain,wed,1604,0.0,0.5,,0.1,3
D,GAT+LSTM_full_retrain,wed,1605,0.0,0.5,,0.15,3
D,GAT+LSTM_full_retrain,wed,1606,0.0,0.5,,0.2,3
D,GAT+LSTM_full_retrain,wed,1607,0.0,0.5,,0.25,3
D,GAT+LSTM_full_retrain,wed,1608,0.0,0.5,,0.3,3
D,GAT+LSTM_full_retrain,wed,1609,0.0,0.5,,0.35,3
D,GAT+LSTM_full_retrain,wed,1610,0.0,0.5,,0.4,3
D,GAT+LSTM_full_retrain,wed,1611,0.0,0.5,,0.45,3
D,GAT+LSTM_full_retrain,wed,1612,0.0,0.5,,0.5,3
D,GAT+LSTM_full_retrain,wed,1613,0.0,0.5,,0.5,3
D,GAT+LSTM_full_retrain,wed,1614,0.0,0.5,,0.55,3
D,GAT+LSTM_full_retrain,wed,1615,0.0,0.5,,0.6,3
D,GAT+LSTM_full_retrain,wed,1616,0.0,0.5,,0.65,3
D,GAT+LSTM_full_retrain,wed,1617,0.0,0.5,,0.7,3
D,GAT+LSTM_full_retrain,wed,1618,0.0,0.5,,0.75,3
D,GAT+LSTM_full_retrain,wed,1619,0.0,0.5,,0.8,3
D,GAT+LSTM_full_retrain,wed,1620,0.0,0.5,,0.85,3
D,GAT+LSTM_full_retrain,wed,1621,0.0,0.5,,0.9,3
D,GAT+LSTM_full_retrain,wed,1622,0.0,0.5,,0.9,3
D,GAT+LSTM_full_retrain,wed,1623,0.0,0.5,,0.85,3
D,GAT+LSTM_full_retrain,wed,1624,0.0,0.5,,0.8,3
D,GAT+LSTM_full_retrain,wed,1625,0.0,0.5,,0.75,3
D,GAT+LSTM_full_retrain,wed,1626,0.0,0.5,,0.7,3
D,GAT+LSTM_full_retrain,wed,1627,0.0,0.5,,0.65,3
D,GAT+LSTM_full_retrain,wed,1628,0.0,0.5,,0.6,3
D,GAT+LSTM_full_retrain,wed,1629,0.0,0.5,,0.55,3
D,GAT+LSTM_full_retrain,wed,1630,0.0,0.5,,0.5,3
D,GAT+LSTM_full_retrain,wed,1631,0.0,0.5,,0.45,3
D,GAT+LSTM_full_retrain,wed,1632,0.0,0.5,,0.4,3
D,GAT+LSTM_full_retrain,wed,1633,0.0,0.5,,0.4,3
D,GAT+LSTM_full_retrain,wed,1634,0.0,0.5,,0.35,3
D,GAT+LSTM_full_retrain,wed,1635,0.0,0.5,,0.3,3
D,GAT+LSTM_full_retrain,wed,1636,0.0,0.5,,0.25,3
D,GAT+LSTM_full_retrain,wed,1637,0.0,0.5,,0.2,3
D,GAT+LSTM_full_retrain,wed,1638,0.0,0.5,,0.15,3
D,GAT+LSTM_full_retrain,wed,1639,0.0,0.5,,0.1,3
D,GAT+LSTM_full_retrain,wed,1640,0.0,0.5,,0.05,3
D,GAT+LSTM_full_retrain,wed,1641,0.0,0.5,,0.0,3
D,GAT+LSTM_full_retrain,wed,1642,0.0,0.5,,0.0,3
D,GAT+LSTM_full_retrain,wed,1643,0.0,0.5,,0.0,3
D,GAT+LSTM_full_retrain,wed,1644,0.0,0.5,,0.0,3
D,GAT+LSTM_full_retrain,wed,1645,0.0,0.5,,0.0,3
D,GAT+LSTM_full_retrain,wed,1646,0.0,0.5,,0.0,3
D,GAT+LSTM_full_retrain,wed,1647,0.0,0.5,,0.0,3
D,GAT+LSTM_full_retrain,wed,1648,0.0,0.5,,0.0,3
D,GAT+LSTM_full_retrain,wed,1649,0.0,0.5,,0.0,3
D,GAT+LSTM_full_retrain,wed,1650,0.0,0.5,,0.0,3
D,GAT+LSTM_full_retrain,wed,1651,0.0,0.5,,0.0,3
D,GAT+LSTM_full_retrain,wed,1652,0.0,0.5,,0.0,3
D,GAT+LSTM_full_retrain,wed,1653,0.0,0.5,,0.0,3
D,GAT+LSTM_full_retrain,wed,1654,0.0,0.5,,0.0,3
D,GAT+LSTM_full_retrain,wed,1655,0.0,0.5,,0.0,3
D,GAT+LSTM_full_retrain,wed,1656,0.0,0.5,,0.0,3
D,GAT+LSTM_full_retrain,wed,1657,0.0,0.5,,0.0,3
D,GAT+LSTM_full_retrain,wed,1658,0.0,0.5,,0.0,3
D,GAT+LSTM_full_retrain,wed,1659,0.0,0.5,,0.0,3
D,GAT+LSTM_full_retrain,wed,1660,0.0,0.5,,0.0,3
D,GAT+LSTM_full_retrain,wed,1661,0.0,0.5,,0.0,3
D,GAT+LSTM_full_retrain,wed,1662,0.0,0.5,,0.0,3
D,GAT+LSTM_full_retrain,wed,1663,0.0,0.5,,0.0,3
D,GAT+LSTM_full_retrain,wed,1664,0.0,0.5,,0.0,3
D,GAT+LSTM_full_retrain,wed,1665,0.0,0.5,,0.0,3
D,GAT+LSTM_full_retrain,wed,1666,0.0,0.5,,0.0,3
D,GAT+LSTM_full_retrain,wed,1667,0.0,0.5,,0.0,3
D,GAT+LSTM_full_retrain,wed,1668,0.0,0.08333333333333333,0.736842105263158,0.0,3
D,GAT+LSTM_full_retrain,wed,1669,0.6666666666666666,0.6130952380952381,0.8611111111111112,0.0,3
D,GAT+LSTM_full_retrain,wed,1670,0.8,0.7767857142857142,0.9019607843137254,0.0,3
D,GAT+LSTM_full_retrain,wed,1671,0.8571428571428571,0.8524305555555556,0.921875,0.0,3
D,GAT+LSTM_full_retrain,wed,1672,0.8888888888888888,0.8944444444444444,0.9333333333333333,0.0,3
D,GAT+LSTM_full_retrain,wed,1673,0.9090909090909091,0.9204545454545454,0.9404761904761905,0.0,3
D,GAT+LSTM_full_retrain,wed,1674,0.9230769230769231,0.9377705627705626,0.945054945054945,0.0,3
D,GAT+LSTM_full_retrain,wed,1675,0.9333333333333333,0.9499198717948718,0.9479166666666666,0.0,3
D,GAT+LSTM_full_retrain,wed,1676,0.9411764705882353,0.9587912087912089,0.9494949494949494,0.0,3
D,GAT+LSTM_full_retrain,wed,1677,0.9473684210526315,0.9654761904761905,0.95,0.0,3
D,GAT+LSTM_full_retrain,wed,1678,0.9523809523809523,0.9706439393939394,0.9494949494949495,0.0,3
D,GAT+LSTM_full_retrain,wed,1679,0.9565217391304348,0.9747242647058824,0.9479166666666666,0.0,3
D,GAT+LSTM_full_retrain,wed,1680,0.96,0.978004022121669,0.9450549450549451,0.0,3
D,GAT+LSTM_full_retrain,wed,1681,0.9629629629629629,0.9806808688387635,0.9404761904761905,0.0,3
D,GAT+LSTM_full_retrain,wed,1682,0.9655172413793104,0.9828947368421053,0.9333333333333333,0.0,3
D,GAT+LSTM_full_retrain,wed,1683,0.967741935483871,0.9871710526315789,0.9375,0.0,3
D,GAT+LSTM_full_retrain,wed,1684,0.9696969696969697,0.9909442724458204,0.9411764705882353,0.0,3
D,GAT+LSTM_full_retrain,wed,1685,0.9714285714285714,0.9942982456140352,0.9444444444444444,0.0,3
D,GAT+LSTM_full_retrain,wed,1686,0.972972972972973,0.997299168975069,0.9473684210526315,0.0,3
D,GAT+LSTM_full_retrain,wed,1687,0.9743589743589743,1.0000000000000002,,0.0,3
D,GAT+LSTM_full_retrain,wed,1688,1.0,1.0000000000000002,,0.0,3
D,GAT+LSTM_full_retrain,wed,1689,1.0,1.0000000000000002,,0.0,3
D,GAT+LSTM_full_retrain,wed,1690,0.9743589743589743,1.0000000000000002,,0.0,3
D,GAT+LSTM_full_retrain,wed,1691,0.9473684210526315,1.0000000000000002,,0.0,3
D,GAT+LSTM_full_retrain,wed,1692,0.918918918918919,1.0000000000000002,,0.0,3
D,GAT+LSTM_full_retrain,wed,1693,0.918918918918919,1.0000000000000002,,0.0,3
D,GAT+LSTM_full_retrain,wed,1694,0.918918918918919,1.0000000000000002,,0.0,3
D,GAT+LSTM_full_retrain,wed,1695,0.918918918918919,1.0000000000000002,,0.0,3
D,GAT+LSTM_full_retrain,wed,1696,0.918918918918919,1.0000000000000002,,0.0,3
D,GAT+LSTM_full_retrain,wed,1697,0.918918918918919,1.0000000000000002,,0.0,3
D,GAT+LSTM_full_retrain,wed,1698,0.918918918918919,1.0000000000000002,,0.0,3
D,GAT+LSTM_full_retrain,wed,1699,0.918918918918919,1.0000000000000002,,0.0,3
D,GAT+LSTM_full_retrain,wed,1700,0.8888888888888888,1.0000000000000002,,0.0,3
D,GAT+LSTM_full_retrain,wed,1701,0.8571428571428571,1.0000000000000002,,0.0,3
D,GAT+LSTM_full_retrain,wed,1702,0.8571428571428571,1.0000000000000002,,0.0,3
D,GAT+LSTM_full_retrain,wed,1703,0.8571428571428571,1.0000000000000002,,0.0,3
D,GAT+LSTM_full_retrain,wed,1704,0.8571428571428571,1.0000000000000002,,0.0,3
D,GAT+LSTM_full_retrain,wed,1705,0.8571428571428571,1.0000000000000002,,0.0,3
D,GAT+LSTM_full_retrain,wed,1706,0.8571428571428571,1.0000000000000002,,0.0,3
D,GAT+LSTM_full_retrain,wed,1707,0.8571428571428571,1.0000000000000002,,0.0,3
D,GAT+LSTM_full_retrain,wed,1708,0.8571428571428571,1.0000000000000002,,0.0,3
D,GAT+LSTM_full_retrain,wed,1709,0.8571428571428571,1.0000000000000002,,0.0,3
D,GAT+LSTM_full_retrain,wed,1710,0.8888888888888888,1.0000000000000002,,0.0,3
D,GAT+LSTM_full_retrain,wed,1711,0.918918918918919,1.0000000000000002,,0.0,3
D,GAT+LSTM_full_retrain,wed,1712,0.9473684210526315,1.0000000000000002,,0.0,3
D,GAT+LSTM_full_retrain,wed,1713,0.9473684210526315,1.0000000000000002,,0.0,3
D,GAT+LSTM_full_retrain,wed,1714,0.9473684210526315,1.0000000000000002,,0.0,3
D,GAT+LSTM_full_retrain,wed,1715,0.9473684210526315,1.0000000000000002,,0.0,3
D,GAT+LSTM_full_retrain,wed,1716,0.9473684210526315,1.0000000000000002,,0.0,3
D,GAT+LSTM_full_retrain,wed,1717,0.9473684210526315,1.0000000000000002,,0.0,3
D,GAT+LSTM_full_retrain,wed,1718,0.9473684210526315,1.0000000000000002,,0.0,3
D,GAT+LSTM_full_retrain,wed,1719,0.9473684210526315,1.0000000000000002,,0.0,3
D,GAT+LSTM_full_retrain,wed,1720,0.9743589743589743,1.0000000000000002,,0.0,3
D,GAT+LSTM_full_retrain,wed,1721,1.0,1.0000000000000002,,0.0,3
D,GAT+LSTM_full_retrain,wed,1722,1.0,1.0000000000000002,,0.0,3
D,GAT+LSTM_full_retrain,wed,1723,1.0,1.0000000000000002,,0.0,3
D,GAT+LSTM_full_retrain,wed,1724,1.0,1.0000000000000002,,0.0,3
D,GAT+LSTM_full_retrain,wed,1725,1.0,1.0000000000000002,,0.0,3
D,GAT+LSTM_full_retrain,wed,1726,1.0,1.0000000000000002,,0.0,3
D,GAT+LSTM_full_retrain,wed,1727,1.0,1.0000000000000002,,0.0,3
D,GAT+LSTM_full_retrain,wed,1728,1.0,1.0000000000000002,,0.0,3
D,GAT+LSTM_full_retrain,wed,1729,1.0,1.0000000000000002,,0.0,3
D,GAT+LSTM_full_retrain,wed,1730,1.0,1.0000000000000002,,0.0,3
D,GAT+LSTM_full_retrain,wed,1731,1.0,1.0000000000000002,,0.0,3
D,GAT+LSTM_full_retrain,wed,1732,1.0,1.0000000000000002,,0.0,3
D,GAT+LSTM_full_retrain,wed,1733,1.0,1.0000000000000002,,0.0,3
D,GAT+LSTM_full_retrain,wed,1734,1.0,1.0000000000000002,,0.0,3
D,GAT+LSTM_full_retrain,wed,1735,1.0,1.0000000000000002,,0.0,3
D,GAT+LSTM_full_retrain,wed,1736,1.0,1.0000000000000002,,0.0,3
D,GAT+LSTM_full_retrain,wed,1737,1.0,1.0000000000000002,,0.0,3
D,GAT+LSTM_full_retrain,wed,1738,1.0,1.0000000000000002,,0.0,3
D,GAT+LSTM_full_retrain,wed,1739,1.0,1.0000000000000002,,0.0,3
D,GAT+LSTM_full_retrain,wed,1740,1.0,1.0000000000000002,,0.0,3
D,GAT+LSTM_full_retrain,wed,1741,1.0,1.0000000000000002,,0.0,3
D,GAT+LSTM_full_retrain,wed,1742,1.0,1.0000000000000002,,0.0,3
D,GAT+LSTM_full_retrain,wed,1743,1.0,1.0000000000000002,,0.0,3
D,GAT+LSTM_full_retrain,wed,1744,0.9743589743589743,1.0000000000000002,,0.0,3
D,GAT+LSTM_full_retrain,wed,1745,0.9473684210526315,1.0000000000000002,,0.0,3
D,GAT+LSTM_full_retrain,wed,1746,0.918918918918919,1.0000000000000002,,0.0,3
D,GAT+LSTM_full_retrain,wed,1747,0.918918918918919,1.0000000000000002,,0.0,3
D,GAT+LSTM_full_retrain,wed,1748,0.918918918918919,1.0000000000000002,,0.0,3
D,GAT+LSTM_full_retrain,wed,1749,0.918918918918919,1.0000000000000002,,0.0,3
D,GAT+LSTM_full_retrain,wed,1750,0.918918918918919,1.0000000000000002,,0.0,3
D,GAT+LSTM_full_retrain,wed,1751,0.918918918918919,1.0000000000000002,,0.0,3
D,GAT+LSTM_full_retrain,wed,1752,0.918918918918919,1.0000000000000002,,0.0,3
D,GAT+LSTM_full_retrain,wed,1753,0.918918918918919,1.0000000000000002,,0.0,3
D,GAT+LSTM_full_retrain,wed,1754,0.918918918918919,1.0000000000000002,,0.0,3
D,GAT+LSTM_full_retrain,wed,1755,0.918918918918919,1.0000000000000002,,0.0,3
D,GAT+LSTM_full_retrain,wed,1756,0.918918918918919,1.0000000000000002,,0.0,3
D,GAT+LSTM_full_retrain,wed,1757,0.918918918918919,1.0000000000000002,,0.0,3
D,GAT+LSTM_full_retrain,wed,1758,0.918918918918919,1.0000000000000002,,0.0,3
D,GAT+LSTM_full_retrain,wed,1759,0.918918918918919,1.0000000000000002,,0.0,3
D,GAT+LSTM_full_retrain,wed,1760,0.918918918918919,1.0000000000000002,,0.0,3
D,GAT+LSTM_full_retrain,wed,1761,0.918918918918919,1.0000000000000002,,0.0,3
D,GAT+LSTM_full_retrain,wed,1762,0.918918918918919,1.0000000000000002,,0.0,3
D,GAT+LSTM_full_retrain,wed,1763,0.8888888888888888,1.0000000000000002,,0.0,3
D,GAT+LSTM_full_retrain,wed,1764,0.918918918918919,1.0000000000000002,,0.0,3
D,GAT+LSTM_full_retrain,wed,1765,0.9473684210526315,1.0000000000000002,,0.0,3
D,GAT+LSTM_full_retrain,wed,1766,0.9743589743589743,1.0000000000000002,,0.0,3
D,GAT+LSTM_full_retrain,wed,1767,0.9743589743589743,1.0000000000000002,,0.0,3
D,GAT+LSTM_full_retrain,wed,1768,0.9743589743589743,1.0000000000000002,,0.0,3
D,GAT+LSTM_full_retrain,wed,1769,0.9743589743589743,1.0000000000000002,,0.0,3
D,GAT+LSTM_full_retrain,wed,1770,0.9743589743589743,1.0000000000000002,,0.0,3
D,GAT+LSTM_full_retrain,wed,1771,0.9743589743589743,1.0000000000000002,,0.0,3
D,GAT+LSTM_full_retrain,wed,1772,0.9743589743589743,1.0000000000000002,,0.0,3
D,GAT+LSTM_full_retrain,wed,1773,0.9743589743589743,1.0000000000000002,,0.0,3
D,GAT+LSTM_full_retrain,wed,1774,0.9743589743589743,1.0000000000000002,,0.0,3
D,GAT+LSTM_full_retrain,wed,1775,0.9743589743589743,1.0000000000000002,,0.0,3
D,GAT+LSTM_full_retrain,wed,1776,0.9743589743589743,1.0000000000000002,,0.0,3
D,GAT+LSTM_full_retrain,wed,1777,0.9743589743589743,1.0000000000000002,,0.0,3
D,GAT+LSTM_full_retrain,wed,1778,0.9743589743589743,1.0000000000000002,,0.0,3
D,GAT+LSTM_full_retrain,wed,1779,0.9743589743589743,1.0000000000000002,,0.0,3
D,GAT+LSTM_full_retrain,wed,1780,0.9743589743589743,1.0000000000000002,,0.0,3
D,GAT+LSTM_full_retrain,wed,1781,0.9743589743589743,1.0000000000000002,,0.0,3
D,GAT+LSTM_full_retrain,wed,1782,0.9743589743589743,1.0000000000000002,,0.0,3
D,GAT+LSTM_full_retrain,wed,1783,1.0,1.0000000000000002,,0.0,3
D,GAT+LSTM_full_retrain,wed,1784,1.0,1.0000000000000002,,0.0,3
D,GAT+LSTM_full_retrain,wed,1785,1.0,1.0000000000000002,,0.0,3
D,GAT+LSTM_full_retrain,wed,1786,1.0,1.0000000000000002,,0.0,3
D,GAT+LSTM_full_retrain,wed,1787,1.0,1.0000000000000002,,0.0,3
D,GAT+LSTM_full_retrain,wed,1788,1.0,1.0000000000000002,,0.0,3
D,GAT+LSTM_full_retrain,wed,1789,1.0,1.0000000000000002,,0.0,3
D,GAT+LSTM_full_retrain,wed,1790,1.0,1.0000000000000002,,0.0,3
D,GAT+LSTM_full_retrain,wed,1791,1.0,1.0000000000000002,,0.0,3
D,GAT+LSTM_full_retrain,wed,1792,1.0,1.0000000000000002,,0.0,3
D,GAT+LSTM_full_retrain,wed,1793,1.0,1.0000000000000002,,0.0,3
D,GAT+LSTM_full_retrain,wed,1794,1.0,1.0000000000000002,,0.0,3
D,GAT+LSTM_full_retrain,wed,1795,1.0,1.0000000000000002,,0.0,3
D,GAT+LSTM_full_retrain,wed,1796,1.0,1.0000000000000002,,0.0,3
D,GAT+LSTM_full_retrain,wed,1797,1.0,1.0000000000000002,,0.0,3
D,GAT+LSTM_full_retrain,wed,1798,1.0,1.0000000000000002,,0.0,3
D,GAT+LSTM_full_retrain,wed,1799,1.0,1.0000000000000002,,0.0,3
D,GAT+LSTM_full_retrain,wed,1800,1.0,1.0000000000000002,,0.0,3
D,GAT+LSTM_full_retrain,wed,1801,1.0,1.0000000000000002,,0.0,3
D,GAT+LSTM_full_retrain,wed,1802,1.0,1.0000000000000002,,0.0,3
D,GAT+LSTM_full_retrain,wed,1803,1.0,1.0000000000000002,,0.0,3
D,GAT+LSTM_full_retrain,wed,1804,1.0,1.0000000000000002,,0.0,3
D,GAT+LSTM_full_retrain,wed,1805,1.0,1.0000000000000002,,0.0,3
D,GAT+LSTM_full_retrain,wed,1806,1.0,1.0000000000000002,,0.0,3
D,GAT+LSTM_full_retrain,wed,1807,1.0,1.0000000000000002,,0.0,3
D,GAT+LSTM_full_retrain,wed,1808,1.0,1.0000000000000002,,0.0,3
D,GAT+LSTM_full_retrain,wed,1809,1.0,1.0000000000000002,,0.0,3
D,GAT+LSTM_full_retrain,wed,1810,1.0,1.0000000000000002,,0.0,3
D,GAT+LSTM_full_retrain,wed,1811,1.0,1.0000000000000002,,0.0,3
D,GAT+LSTM_full_retrain,wed,1812,1.0,1.0000000000000002,,0.0,3
D,GAT+LSTM_full_retrain,wed,1813,1.0,1.0000000000000002,,0.0,3
D,GAT+LSTM_full_retrain,wed,1814,1.0,1.0000000000000002,,0.0,3
D,GAT+LSTM_full_retrain,wed,1815,1.0,1.0000000000000002,,0.0,3
D,GAT+LSTM_full_retrain,wed,1816,1.0,1.0000000000000002,,0.0,3
D,GAT+LSTM_full_retrain,wed,1817,1.0,1.0000000000000002,,0.0,3
D,GAT+LSTM_full_retrain,wed,1818,1.0,1.0000000000000002,,0.0,3
D,GAT+LSTM_full_retrain,wed,1819,1.0,1.0000000000000002,,0.0,3
D,GAT+LSTM_full_retrain,wed,1820,1.0,1.0000000000000002,,0.0,3
D,GAT+LSTM_full_retrain,wed,1821,1.0,1.0000000000000002,,0.0,3
D,GAT+LSTM_full_retrain,wed,1822,1.0,1.0000000000000002,,0.0,3
D,GAT+LSTM_full_retrain,wed,1823,1.0,1.0000000000000002,,0.0,3
D,GAT+LSTM_full_retrain,wed,1824,1.0,1.0000000000000002,,0.0,3
D,GAT+LSTM_full_retrain,wed,1825,1.0,1.0000000000000002,,0.0,3
D,GAT+LSTM_full_retrain,wed,1826,1.0,1.0000000000000002,,0.0,3
D,GAT+LSTM_full_retrain,wed,1827,1.0,1.0000000000000002,,0.0,3
D,GAT+LSTM_full_retrain,wed,1828,1.0,1.0000000000000002,,0.0,3
D,GAT+LSTM_full_retrain,wed,1829,1.0,1.0000000000000002,,0.0,3
D,GAT+LSTM_full_retrain,wed,1830,1.0,1.0000000000000002,,0.0,3
D,GAT+LSTM_full_retrain,wed,1831,1.0,1.0000000000000002,,0.0,3
D,GAT+LSTM_full_retrain,wed,1832,1.0,1.0000000000000002,,0.0,3
D,GAT+LSTM_full_retrain,thu_am,1833,0.9743589743589743,0.9999999999999998,1.0,1.0,4
D,GAT+LSTM_full_retrain,thu_am,1834,0.9473684210526315,1.0,1.0,1.0,4
D,GAT+LSTM_full_retrain,thu_am,1835,0.918918918918919,1.0,1.0,1.0,4
D,GAT+LSTM_full_retrain,thu_am,1836,0.8888888888888888,1.0,1.0,1.0,4
D,GAT+LSTM_full_retrain,thu_am,1837,0.8823529411764706,1.0,1.0,0.8,4
D,GAT+LSTM_full_retrain,thu_am,1838,0.875,0.9999999999999999,1.0,0.6666666666666666,4
D,GAT+LSTM_full_retrain,thu_am,1839,0.8666666666666667,0.9999999999999998,1.0,0.5714285714285714,4
D,GAT+LSTM_full_retrain,thu_am,1840,0.8571428571428571,1.0,1.0,0.5,4
D,GAT+LSTM_full_retrain,thu_am,1841,0.8461538461538461,1.0,1.0,0.4444444444444444,4
D,GAT+LSTM_full_retrain,thu_am,1842,0.8333333333333334,0.9999999999999999,1.0,0.4,4
D,GAT+LSTM_full_retrain,thu_am,1843,0.8181818181818182,1.0000000000000002,1.0,0.36363636363636365,4
D,GAT+LSTM_full_retrain,thu_am,1844,0.8,1.0,1.0,0.3333333333333333,4
D,GAT+LSTM_full_retrain,thu_am,1845,0.7368421052631579,0.9443681318681318,0.9375,0.3333333333333333,4
D,GAT+LSTM_full_retrain,thu_am,1846,0.7058823529411765,0.9313186813186811,0.9340659340659341,0.3076923076923077,4
D,GAT+LSTM_full_retrain,thu_am,1847,0.625,0.8566433566433567,0.8681318681318682,0.3076923076923077,4
D,GAT+LSTM_full_retrain,thu_am,1848,0.5333333333333333,0.7604707792207792,0.7692307692307692,0.3076923076923077,4
D,GAT+LSTM_full_retrain,thu_am,1849,0.46153846153846156,0.6913510101010101,0.7380952380952381,0.2857142857142857,4
D,GAT+LSTM_full_retrain,thu_am,1850,0.36363636363636365,0.5935714285714286,0.7066666666666667,0.26666666666666666,4
D,GAT+LSTM_full_retrain,thu_am,1851,0.2,0.3978054109633057,0.52,0.26666666666666666,4
D,GAT+LSTM_full_retrain,thu_am,1852,0.0,0.18172231105667638,0.3333333333333333,0.26666666666666666,4
D,GAT+LSTM_full_retrain,thu_am,1853,0.0,0.21502492211664037,0.3095238095238095,0.21428571428571427,4
D,GAT+LSTM_full_retrain,thu_am,1854,0.0,0.252098829962607,0.29670329670329665,0.15384615384615385,4
D,GAT+LSTM_full_retrain,thu_am,1855,0.0,0.29594282297939417,0.30208333333333337,0.08333333333333333,4
D,GAT+LSTM_full_retrain,thu_am,1856,0.0,0.3944965375563931,0.3939393939393939,0.0,4
D,GAT+LSTM_full_retrain,thu_am,1857,0.0,0.5816728425513255,0.48000000000000004,0.0,4
D,GAT+LSTM_full_retrain,thu_am,1858,0.0,0.7058668756424176,0.5353535353535354,0.0,4
D,GAT+LSTM_full_retrain,thu_am,1859,0.0,0.7355523794088037,0.5520833333333333,0.0,4
D,GAT+LSTM_full_retrain,thu_am,1860,0.0,0.7931953026201655,0.6043956043956044,0.0,4
D,GAT+LSTM_full_retrain,thu_am,1861,0.0,0.8376973176094139,0.6309523809523809,0.0,4
D,GAT+LSTM_full_retrain,thu_am,1862,0.0,0.9008196026539679,0.7066666666666667,0.0,4
D,GAT+LSTM_full_retrain,thu_am,1863,0.0,0.9209923037274044,0.71875,0.0,4
D,GAT+LSTM_full_retrain,thu_am,1864,0.0,0.9238710409615072,0.6274509803921569,0.0,4
D,GAT+LSTM_full_retrain,thu_am,1865,0.0,0.915992889701003,0.607843137254902,0.0,4
D,GAT+LSTM_full_retrain,thu_am,1866,0.0,0.9327784213168631,0.5555555555555556,0.0,4
D,GAT+LSTM_full_retrain,thu_am,1867,0.0,0.9241805377189796,0.5277777777777778,0.0,4
D,GAT+LSTM_full_retrain,thu_am,1868,0.0,0.9327784213168631,0.5555555555555556,0.0,4
D,GAT+LSTM_full_retrain,thu_am,1869,0.0,0.9882494387413319,0.7894736842105263,0.0,4
D,GAT+LSTM_full_retrain,thu_am,1870,0.0,1.0000000000000002,,0.0,4
D,GAT+LSTM_full_retrain,thu_am,1871,0.0,1.0000000000000002,,0.0,4
D,GAT+LSTM_full_retrain,thu_am,1872,0.0,1.0000000000000002,,0.0,4
D,GAT+LSTM_full_retrain,thu_am,1873,0.0,1.0000000000000002,,0.0,4
D,GAT+LSTM_full_retrain,thu_am,1874,0.0,1.0000000000000002,,0.0,4
D,GAT+LSTM_full_retrain,thu_am,1875,0.0,1.0000000000000002,,0.0,4
D,GAT+LSTM_full_retrain,thu_am,1876,0.0,1.0000000000000002,,0.0,4
D,GAT+LSTM_full_retrain,thu_am,1877,0.0,1.0000000000000002,,0.0,4
D,GAT+LSTM_full_retrain,thu_am,1878,0.0,1.0000000000000002,,0.0,4
D,GAT+LSTM_full_retrain,thu_am,1879,0.0,1.0000000000000002,,0.0,4
D,GAT+LSTM_full_retrain,thu_am,1880,0.0,1.0000000000000002,,0.0,4
D,GAT+LSTM_full_retrain,thu_am,1881,0.0,1.0000000000000002,,0.0,4
D,GAT+LSTM_full_retrain,thu_am,1882,0.0,1.0000000000000002,,0.0,4
D,GAT+LSTM_full_retrain,thu_am,1883,0.0,1.0000000000000002,,0.0,4
D,GAT+LSTM_full_retrain,thu_am,1884,0.0,1.0000000000000002,,0.0,4
D,GAT+LSTM_full_retrain,thu_am,1885,0.0,1.0000000000000002,,0.0,4
D,GAT+LSTM_full_retrain,thu_am,1886,0.0,1.0000000000000002,,0.0,4
D,GAT+LSTM_full_retrain,thu_am,1887,0.0,1.0000000000000002,,0.0,4
D,GAT+LSTM_full_retrain,thu_am,1888,0.0,1.0000000000000002,,0.0,4
D,GAT+LSTM_full_retrain,thu_am,1889,0.0,1.0000000000000002,,0.0,4
D,GAT+LSTM_full_retrain,thu_am,1890,0.0,1.0000000000000002,,0.0,4
D,GAT+LSTM_full_retrain,thu_am,1891,0.0,1.0000000000000002,,0.0,4
D,GAT+LSTM_full_retrain,thu_am,1892,0.0,1.0000000000000002,,0.0,4
D,GAT+LSTM_full_retrain,thu_am,1893,0.0,1.0000000000000002,,0.0,4
D,GAT+LSTM_full_retrain,thu_am,1894,0.0,1.0000000000000002,,0.0,4
D,GAT+LSTM_full_retrain,thu_am,1895,0.0,0.8382768601503324,0.0,0.0,4
D,GAT+LSTM_full_retrain,thu_am,1896,0.0,0.7419178158729243,0.0,0.0,4
D,GAT+LSTM_full_retrain,thu_am,1897,0.0,0.6660851585432718,0.019607843137254905,0.0,4
D,GAT+LSTM_full_retrain,thu_am,1898,0.0,0.6216464349204287,0.109375,0.0,4
D,GAT+LSTM_full_retrain,thu_am,1899,0.0,0.5774525818179068,0.16,0.0,4
D,GAT+LSTM_full_retrain,thu_am,1900,0.0,0.5418713673053566,0.2142857142857143,0.0,4
D,GAT+LSTM_full_retrain,thu_am,1901,0.0,0.48550803044432483,0.20879120879120883,0.0,4
D,GAT+LSTM_full_retrain,thu_am,1902,0.0,0.43560821058886073,0.20833333333333334,0.0,4
D,GAT+LSTM_full_retrain,thu_am,1903,0.0,0.4612367487173989,0.27083333333333337,0.0,4
D,GAT+LSTM_full_retrain,thu_am,1904,0.0,0.5587160055716558,0.35416666666666663,0.0,4
D,GAT+LSTM_full_retrain,thu_am,1905,0.0,0.6259613759420262,0.40625,0.0,4
D,GAT+LSTM_full_retrain,thu_am,1906,0.0,0.6912677335277956,0.4895833333333333,0.0,4
D,GAT+LSTM_full_retrain,thu_am,1907,0.0,0.7487264988909726,0.5729166666666666,0.0,4
D,GAT+LSTM_full_retrain,thu_am,1908,0.0,0.8003980500207282,0.65625,0.0,4
D,GAT+LSTM_full_retrain,thu_am,1909,0.0,0.8133423259245629,0.6875,0.0,4
D,GAT+LSTM_full_retrain,thu_am,1910,0.0,0.8381642632465002,0.7291666666666666,0.0,4
D,GAT+LSTM_full_retrain,thu_am,1911,0.0,0.8831200934142113,0.8125,0.0,4
D,GAT+LSTM_full_retrain,thu_am,1912,0.0,0.9159130527696705,0.8645833333333334,0.0,4
D,GAT+LSTM_full_retrain,thu_am,1913,0.0,0.9362289331039332,0.90625,0.0,4
D,GAT+LSTM_full_retrain,thu_am,1914,0.0,0.9526325526325529,0.9270833333333333,0.0,4
D,GAT+LSTM_full_retrain,thu_am,1915,0.0,0.9691692922462152,0.945054945054945,0.0,4
D,GAT+LSTM_full_retrain,thu_am,1916,0.13333333333333333,0.9950680272108843,0.9880952380952381,0.0,4
D,GAT+LSTM_full_retrain,thu_am,1917,0.13333333333333333,0.8546503100074528,0.8452380952380952,0.0,4
D,GAT+LSTM_full_retrain,thu_am,1918,0.13333333333333333,0.7595982390625248,0.6904761904761906,0.0,4
D,GAT+LSTM_full_retrain,thu_am,1919,0.13333333333333333,0.6888984090139552,0.5357142857142857,0.0,4
D,GAT+LSTM_full_retrain,thu_am,1920,0.125,0.6982006065829596,0.44,0.0,4
D,GAT+LSTM_full_retrain,thu_am,1921,0.11764705882352941,0.7069205248118755,0.296875,0.0,4
D,GAT+LSTM_full_retrain,thu_am,1922,0.1111111111111111,0.7151047663864091,0.058823529411764705,0.0,4
D,GAT+LSTM_full_retrain,thu_am,1923,0.1111111111111111,0.7151047663864091,0.058823529411764705,0.0,4
D,GAT+LSTM_full_retrain,thu_am,1924,0.11764705882352941,0.7069205248118755,0.296875,0.0,4
D,GAT+LSTM_full_retrain,thu_am,1925,0.125,0.695213563812635,0.4266666666666667,0.0,4
D,GAT+LSTM_full_retrain,thu_am,1926,0.13333333333333333,0.6825782274325507,0.5119047619047619,0.0,4
D,GAT+LSTM_full_retrain,thu_am,1927,0.14285714285714285,0.6689039705234037,0.5714285714285714,0.0,4
D,GAT+LSTM_full_retrain,thu_am,1928,0.15384615384615385,0.654066742224637,0.6145833333333333,0.0,4
D,GAT+LSTM_full_retrain,thu_am,1929,0.16666666666666666,0.6379304374519686,0.6464646464646465,0.0,4
D,GAT+LSTM_full_retrain,thu_am,1930,0.18181818181818182,0.6203525860104807,0.6700000000000002,0.0,4
D,GAT+LSTM_full_retrain,thu_am,1931,0.2,0.6011995476907758,0.6868686868686869,0.0,4
D,GAT+LSTM_full_retrain,thu_am,1932,0.2222222222222222,0.5459992310321258,0.65625,0.0,4
D,GAT+LSTM_full_retrain,thu_am,1933,0.25,0.5279597804033894,0.6703296703296703,0.0,4
D,GAT+LSTM_full_retrain,thu_am,1934,0.2857142857142857,0.5106411862990811,0.6785714285714286,0.0,4
D,GAT+LSTM_full_retrain,thu_am,1935,0.3333333333333333,0.4600062656641604,0.6400000000000001,0.0,4
D,GAT+LSTM_full_retrain,thu_am,1936,0.0,0.19744674185463656,0.515625,0.0,4
D,GAT+LSTM_full_retrain,thu_am,1937,0.0,0.19744674185463656,0.515625,0.0625,4
D,GAT+LSTM_full_retrain,thu_am,1938,0.0,0.19744674185463656,0.515625,0.125,4
D,GAT+LSTM_full_retrain,thu_am,1939,0.0,0.19744674185463656,0.515625,0.1875,4
D,GAT+LSTM_full_retrain,thu_am,1940,0.0,0.1265142021720969,0.4313725490196078,0.17647058823529413,4
D,GAT+LSTM_full_retrain,thu_am,1941,0.0,0.06798245614035087,0.3055555555555556,0.2222222222222222,4
D,GAT+LSTM_full_retrain,thu_am,1942,0.0,0.02631578947368421,0.052631578947368474,0.2631578947368421,4
D,GAT+LSTM_full_retrain,thu_am,1943,0.0,0.5,,0.3,4
D,GAT+LSTM_full_retrain,thu_am,1944,0.0,0.5,,0.3,4
D,GAT+LSTM_full_retrain,thu_am,1945,0.0,0.5,,0.3,4
D,GAT+LSTM_full_retrain,thu_am,1946,0.0,0.5,,0.3,4
D,GAT+LSTM_full_retrain,thu_am,1947,0.0,0.5,,0.35,4
D,GAT+LSTM_full_retrain,thu_am,1948,0.0,0.5,,0.4,4
D,GAT+LSTM_full_retrain,thu_am,1949,0.0,0.5,,0.45,4
D,GAT+LSTM_full_retrain,thu_am,1950,0.0,0.5,,0.5,4
D,GAT+LSTM_full_retrain,thu_am,1951,0.0,0.5,,0.55,4
D,GAT+LSTM_full_retrain,thu_am,1952,0.0,0.5,,0.6,4
D,GAT+LSTM_full_retrain,thu_am,1953,0.0,0.5,,0.6,4
D,GAT+LSTM_full_retrain,thu_am,1954,0.0,0.5,,0.65,4
D,GAT+LSTM_full_retrain,thu_am,1955,0.0,0.5,,0.65,4
D,GAT+LSTM_full_retrain,thu_am,1956,0.0,0.5,,0.65,4
D,GAT+LSTM_full_retrain,thu_am,1957,0.0,0.5,,0.6,4
D,GAT+LSTM_full_retrain,thu_am,1958,0.0,0.5,,0.55,4
D,GAT+LSTM_full_retrain,thu_am,1959,0.0,0.5,,0.5,4
D,GAT+LSTM_full_retrain,thu_am,1960,0.0,0.5,,0.5,4
D,GAT+LSTM_full_retrain,thu_am,1961,0.0,0.5,,0.45,4
D,GAT+LSTM_full_retrain,thu_am,1962,0.0,0.5,,0.4,4
D,GAT+LSTM_full_retrain,thu_am,1963,0.0,0.5,,0.35,4
D,GAT+LSTM_full_retrain,thu_am,1964,0.0,0.5,,0.35,4
D,GAT+LSTM_full_retrain,thu_am,1965,0.0,0.5,,0.35,4
D,GAT+LSTM_full_retrain,thu_am,1966,0.0,0.5,,0.4,4
D,GAT+LSTM_full_retrain,thu_am,1967,0.0,0.5,,0.35,4
D,GAT+LSTM_full_retrain,thu_am,1968,0.0,0.5,,0.3,4
D,GAT+LSTM_full_retrain,thu_am,1969,0.0,0.5,,0.25,4
D,GAT+LSTM_full_retrain,thu_am,1970,0.0,0.5,,0.2,4
D,GAT+LSTM_full_retrain,thu_am,1971,0.0,0.5,,0.15,4
D,GAT+LSTM_full_retrain,thu_am,1972,0.0,0.5,,0.1,4
D,GAT+LSTM_full_retrain,thu_am,1973,0.0,0.5,,0.1,4
D,GAT+LSTM_full_retrain,thu_am,1974,0.0,0.5,,0.1,4
D,GAT+LSTM_full_retrain,thu_am,1975,0.0,0.5,,0.15,4
D,GAT+LSTM_full_retrain,thu_am,1976,0.0,0.5,,0.15,4
D,GAT+LSTM_full_retrain,thu_am,1977,0.0,0.5,,0.15,4
D,GAT+LSTM_full_retrain,thu_am,1978,0.0,0.5,,0.2,4
D,GAT+LSTM_full_retrain,thu_am,1979,0.0,0.5,,0.25,4
D,GAT+LSTM_full_retrain,thu_am,1980,0.0,0.5,,0.3,4
D,GAT+LSTM_full_retrain,thu_am,1981,0.0,0.5,,0.35,4
D,GAT+LSTM_full_retrain,thu_am,1982,0.0,0.5,,0.4,4
D,GAT+LSTM_full_retrain,thu_am,1983,0.0,0.5,,0.45,4
D,GAT+LSTM_full_retrain,thu_am,1984,0.0,0.5,,0.5,4
D,GAT+LSTM_full_retrain,thu_am,1985,0.0,0.5,,0.55,4
D,GAT+LSTM_full_retrain,thu_am,1986,0.0,0.5,,0.5,4
D,GAT+LSTM_full_retrain,thu_am,1987,0.0,0.5,,0.5,4
D,GAT+LSTM_full_retrain,thu_am,1988,0.0,0.5,,0.55,4
D,GAT+LSTM_full_retrain,thu_am,1989,0.0,0.5,,0.6,4
D,GAT+LSTM_full_retrain,thu_am,1990,0.0,0.5,,0.65,4
D,GAT+LSTM_full_retrain,thu_am,1991,0.0,0.5,,0.7,4
D,GAT+LSTM_full_retrain,thu_am,1992,0.0,0.5,,0.75,4
D,GAT+LSTM_full_retrain,thu_am,1993,0.0,0.5,,0.8,4
D,GAT+LSTM_full_retrain,thu_am,1994,0.0,0.5,,0.8,4
D,GAT+LSTM_full_retrain,thu_am,1995,0.0,0.5,,0.8,4
D,GAT+LSTM_full_retrain,thu_am,1996,0.0,0.5,,0.85,4
D,GAT+LSTM_full_retrain,thu_am,1997,0.0,0.5,,0.9,4
D,GAT+LSTM_full_retrain,thu_pm,2444,0.0,0.5,,0.85,4
D,GAT+LSTM_full_retrain,thu_pm,2445,0.0,0.5,,0.8,4
D,GAT+LSTM_full_retrain,thu_pm,2446,0.0,0.5,,0.75,4
D,GAT+LSTM_full_retrain,thu_pm,2447,0.0,0.5,,0.7,4
D,GAT+LSTM_full_retrain,thu_pm,2448,0.0,0.5,,0.65,4
D,GAT+LSTM_full_retrain,thu_pm,2449,0.0,0.5,,0.6,4
D,GAT+LSTM_full_retrain,thu_pm,2450,0.0,0.5,,0.55,4
D,GAT+LSTM_full_retrain,thu_pm,2451,0.0,0.5,,0.55,4
D,GAT+LSTM_full_retrain,thu_pm,2452,0.0,0.5,,0.6,4
D,GAT+LSTM_full_retrain,thu_pm,2453,0.0,0.5,,0.65,4
D,GAT+LSTM_full_retrain,thu_pm,2454,0.0,0.5,,0.65,4
D,GAT+LSTM_full_retrain,thu_pm,2455,0.0,0.5,,0.6,4
D,GAT+LSTM_full_retrain,thu_pm,2456,0.0,0.5,,0.6,4
D,GAT+LSTM_full_retrain,thu_pm,2457,0.0,0.5,,0.55,4
D,GAT+LSTM_full_retrain,thu_pm,2458,0.0,0.5,,0.5,4
D,GAT+LSTM_full_retrain,thu_pm,2459,0.0,0.5,,0.5,4
D,GAT+LSTM_full_retrain,thu_pm,2460,0.0,0.5,,0.5,4
D,GAT+LSTM_full_retrain,thu_pm,2461,0.0,0.5,,0.5,4
D,GAT+LSTM_full_retrain,thu_pm,2462,0.0,0.5,,0.5,4
D,GAT+LSTM_full_retrain,thu_pm,2463,0.0,0.5,,0.5,4
D,GAT+LSTM_full_retrain,thu_pm,2464,0.0,0.5,,0.55,4
D,GAT+LSTM_full_retrain,thu_pm,2465,0.0,0.5,,0.6,4
D,GAT+LSTM_full_retrain,thu_pm,2466,0.0,0.5,,0.65,4
D,GAT+LSTM_full_retrain,thu_pm,2467,0.0,0.5,,0.7,4
D,GAT+LSTM_full_retrain,thu_pm,2468,0.0,0.5,,0.75,4
D,GAT+LSTM_full_retrain,thu_pm,2469,0.0,0.5,,0.8,4
D,GAT+LSTM_full_retrain,thu_pm,2470,0.0,0.5,,0.85,4
D,GAT+LSTM_full_retrain,thu_pm,2471,0.0,0.5,,0.8,4
D,GAT+LSTM_full_retrain,thu_pm,2472,0.0,0.5,,0.75,4
D,GAT+LSTM_full_retrain,thu_pm,2473,0.0,0.5,,0.7,4
D,GAT+LSTM_full_retrain,thu_pm,2474,0.0,0.5,,0.65,4
D,GAT+LSTM_full_retrain,thu_pm,2475,0.0,0.5,,0.65,4
D,GAT+LSTM_full_retrain,thu_pm,2476,0.0,0.5,,0.6,4
D,GAT+LSTM_full_retrain,thu_pm,2477,0.0,0.5,,0.65,4
D,GAT+LSTM_full_retrain,thu_pm,2478,0.0,0.5,,0.7,4
D,GAT+LSTM_full_retrain,thu_pm,2479,0.0,0.5,,0.7,4
D,GAT+LSTM_full_retrain,thu_pm,2480,0.0,0.5,,0.7,4
D,GAT+LSTM_full_retrain,thu_pm,2481,0.0,0.5,,0.7,4
D,GAT+LSTM_full_retrain,thu_pm,2482,0.0,0.5,,0.65,4
D,GAT+LSTM_full_retrain,thu_pm,2483,0.0,0.5,,0.6,4
D,GAT+LSTM_full_retrain,thu_pm,2484,0.0,0.5,,0.6,4
D,GAT+LSTM_full_retrain,thu_pm,2485,0.0,0.5,,0.6,4
D,GAT+LSTM_full_retrain,thu_pm,2486,0.0,0.5,,0.6,4
D,GAT+LSTM_full_retrain,thu_pm,2487,0.0,0.5,,0.55,4
D,GAT+LSTM_full_retrain,thu_pm,2488,0.0,0.5,,0.5,4
D,GAT+LSTM_full_retrain,thu_pm,2489,0.0,0.5,,0.45,4
D,GAT+LSTM_full_retrain,thu_pm,2490,0.0,0.5,,0.4,4
D,GAT+LSTM_full_retrain,thu_pm,2491,0.0,0.5,,0.4,4
D,GAT+LSTM_full_retrain,thu_pm,2492,0.0,0.5,,0.45,4
D,GAT+LSTM_full_retrain,thu_pm,2493,0.0,0.5,,0.5,4
D,GAT+LSTM_full_retrain,thu_pm,2494,0.0,0.5,,0.55,4
D,GAT+LSTM_full_retrain,thu_pm,2495,0.0,0.5,,0.6,4
D,GAT+LSTM_full_retrain,thu_pm,2496,0.0,0.5,,0.65,4
D,GAT+LSTM_full_retrain,thu_pm,2497,0.0,0.5,,0.65,4
D,GAT+LSTM_full_retrain,thu_pm,2498,0.0,0.5,,0.65,4
D,GAT+LSTM_full_retrain,thu_pm,2499,0.0,0.5,,0.65,4
D,GAT+LSTM_full_retrain,thu_pm,2500,0.0,0.5,,0.65,4
D,GAT+LSTM_full_retrain,thu_pm,2501,0.0,0.5,,0.6,4
D,GAT+LSTM_full_retrain,thu_pm,2502,0.0,0.5,,0.6,4
D,GAT+LSTM_full_retrain,thu_pm,2503,0.0,0.5,,0.6,4
D,GAT+LSTM_full_retrain,thu_pm,2504,0.0,0.5,,0.55,4
D,GAT+LSTM_full_retrain,thu_pm,2505,0.0,0.5,,0.55,4
D,GAT+LSTM_full_retrain,thu_pm,2506,0.0,0.5,,0.55,4
D,GAT+LSTM_full_retrain,thu_pm,2507,0.0,0.5,,0.55,4
D,GAT+LSTM_full_retrain,thu_pm,2508,0.0,0.02631578947368421,0.052631578947368474,0.5789473684210527,4
D,GAT+LSTM_full_retrain,thu_pm,2509,0.0,0.027777777777777776,0.10526315789473684,0.5789473684210527,4
D,GAT+LSTM_full_retrain,thu_pm,2510,0.0,0.058108660130718956,0.1388888888888889,0.6111111111111112,4
D,GAT+LSTM_full_retrain,thu_pm,2511,0.0,0.058108660130718956,0.1388888888888889,0.6666666666666666,4
D,GAT+LSTM_full_retrain,thu_pm,2512,0.0,0.058108660130718956,0.1388888888888889,0.6666666666666666,4
D,GAT+LSTM_full_retrain,thu_pm,2513,0.0,0.058108660130718956,0.1388888888888889,0.6666666666666666,4
D,GAT+LSTM_full_retrain,thu_pm,2514,0.0,0.09044117647058825,0.15686274509803924,0.6470588235294118,4
D,GAT+LSTM_full_retrain,thu_pm,2515,0.0,0.12446457749766572,0.171875,0.625,4
D,GAT+LSTM_full_retrain,thu_pm,2516,0.0,0.1575426452632335,0.17333333333333328,0.6,4
D,GAT+LSTM_full_retrain,thu_pm,2517,0.0,0.16827623357035124,0.24000000000000002,0.5333333333333333,4
D,GAT+LSTM_full_retrain,thu_pm,2518,0.0,0.18060397935397934,0.3066666666666667,0.4666666666666667,4
D,GAT+LSTM_full_retrain,thu_pm,2519,0.0,0.22489246864246865,0.3333333333333333,0.42857142857142855,4
D,GAT+LSTM_full_retrain,thu_pm,2520,0.0,0.22489246864246865,0.3333333333333333,0.35714285714285715,4
D,GAT+LSTM_full_retrain,thu_pm,2521,0.0,0.23569925444925444,0.38095238095238093,0.35714285714285715,4
D,GAT+LSTM_full_retrain,thu_pm,2522,0.0,0.23569925444925444,0.38095238095238093,0.35714285714285715,4
D,GAT+LSTM_full_retrain,thu_pm,2523,0.0,0.2724001197215483,0.3626373626373626,0.38461538461538464,4
D,GAT+LSTM_full_retrain,thu_pm,2524,0.0,0.3126886185709715,0.36458333333333326,0.4166666666666667,4
D,GAT+LSTM_full_retrain,thu_pm,2525,0.0,0.35696369262545735,0.3737373737373737,0.36363636363636365,4
D,GAT+LSTM_full_retrain,thu_pm,2526,0.0,0.40032102142783255,0.37,0.3,4
D,GAT+LSTM_full_retrain,thu_pm,2527,0.0,0.4096070121399068,0.4,0.3,4
D,GAT+LSTM_full_retrain,thu_pm,2528,0.0,0.3968670244444238,0.36,0.3,4
D,GAT+LSTM_full_retrain,thu_pm,2529,0.0,0.43087543535052686,0.33333333333333337,0.3333333333333333,4
D,GAT+LSTM_full_retrain,thu_pm,2530,0.0,0.40298724409405523,0.38,0.3,4
D,GAT+LSTM_full_retrain,thu_pm,2531,0.0,0.428257806864618,0.43999999999999995,0.2,4
D,GAT+LSTM_full_retrain,thu_pm,2532,0.0,0.456194314801126,0.49,0.1,4
D,GAT+LSTM_full_retrain,thu_pm,2533,0.0,0.456194314801126,0.49,0.1,4
D,GAT+LSTM_full_retrain,thu_pm,2534,0.0,0.3771173583802583,0.4242424242424242,0.18181818181818182,4
D,GAT+LSTM_full_retrain,thu_pm,2535,0.0,0.30952116285417364,0.36458333333333337,0.25,4
D,GAT+LSTM_full_retrain,thu_pm,2536,0.0,0.2544428343659878,0.31868131868131866,0.3076923076923077,4
D,GAT+LSTM_full_retrain,thu_pm,2537,0.0,0.24077158498045273,0.26373626373626374,0.3076923076923077,4
D,GAT+LSTM_full_retrain,thu_pm,2538,0.0,0.22935770124514043,0.20879120879120877,0.3076923076923077,4
D,GAT+LSTM_full_retrain,thu_pm,2539,0.0,0.18736860691195056,0.1785714285714286,0.2857142857142857,4
D,GAT+LSTM_full_retrain,thu_pm,2540,0.0,0.1923319306252743,0.2142857142857143,0.2857142857142857,4
D,GAT+LSTM_full_retrain,thu_pm,2541,0.0,0.20229425180083077,0.2619047619047619,0.2857142857142857,4
D,GAT+LSTM_full_retrain,thu_pm,2542,0.0,0.21204954280612173,0.30952380952380953,0.2857142857142857,4
D,GAT+LSTM_full_retrain,thu_pm,2543,0.0,0.17008915061546642,0.28,0.26666666666666666,4
D,GAT+LSTM_full_retrain,thu_pm,2544,0.0,0.1258520810330021,0.21875,0.25,4
D,GAT+LSTM_full_retrain,thu_pm,2545,0.0,0.09285018100807574,0.21568627450980393,0.23529411764705882,4
D,GAT+LSTM_full_retrain,thu_pm,2546,0.0,0.06103801169590643,0.2222222222222222,0.2222222222222222,4
D,GAT+LSTM_full_retrain,thu_pm,2547,0.0,0.05943544759334233,0.19444444444444448,0.2222222222222222,4
D,GAT+LSTM_full_retrain,thu_pm,2548,0.0,0.038461538461538464,0.368421052631579,0.21052631578947367,4
D,GAT+LSTM_full_retrain,thu_pm,2549,0.0,0.5,,0.2,4
D,GAT+LSTM_full_retrain,thu_pm,2550,0.0,0.5,,0.2,4
D,GAT+LSTM_full_retrain,thu_pm,2551,0.0,0.5,,0.2,4
D,GAT+LSTM_full_retrain,thu_pm,2552,0.0,0.5,,0.2,4
D,GAT+LSTM_full_retrain,thu_pm,2553,0.0,0.5,,0.15,4
D,GAT+LSTM_full_retrain,thu_pm,2554,0.0,0.03571428571428571,0.3157894736842105,0.10526315789473684,4
D,GAT+LSTM_full_retrain,thu_pm,2555,0.0,0.03571428571428571,0.3157894736842105,0.05263157894736842,4
D,GAT+LSTM_full_retrain,thu_pm,2556,0.0,0.03571428571428571,0.3157894736842105,0.0,4
D,GAT+LSTM_full_retrain,thu_pm,2557,0.0,0.03571428571428571,0.3157894736842105,0.0,4
D,GAT+LSTM_full_retrain,thu_pm,2558,0.0,0.03571428571428571,0.3157894736842105,0.0,4
D,GAT+LSTM_full_retrain,thu_pm,2559,0.6666666666666666,0.554945054945055,0.6666666666666667,0.0,4
D,GAT+LSTM_full_retrain,thu_pm,2560,0.5,0.17994505494505494,0.6388888888888888,0.05555555555555555,4
D,GAT+LSTM_full_retrain,thu_pm,2561,0.4,0.17619047619047618,0.6111111111111112,0.1111111111111111,4
D,GAT+LSTM_full_retrain,thu_pm,2562,0.3333333333333333,0.13452380952380952,0.5833333333333334,0.16666666666666666,4
D,GAT+LSTM_full_retrain,thu_pm,2563,0.5,0.5293650793650793,0.7254901960784313,0.17647058823529413,4
D,GAT+LSTM_full_retrain,thu_pm,2564,0.4444444444444444,0.4988095238095238,0.7058823529411764,0.23529411764705882,4
D,GAT+LSTM_full_retrain,thu_pm,2565,0.4,0.22569444444444442,0.6470588235294117,0.29411764705882354,4
D,GAT+LSTM_full_retrain,thu_pm,2566,0.36363636363636365,0.18119747899159663,0.588235294117647,0.35294117647058826,4
D,GAT+LSTM_full_retrain,thu_pm,2567,0.3333333333333333,0.17127684407096172,0.5686274509803921,0.4117647058823529,4
D,GAT+LSTM_full_retrain,thu_pm,2568,0.3076923076923077,0.1469226579520697,0.5098039215686274,0.47058823529411764,4
D,GAT+LSTM_full_retrain,thu_pm,2569,0.4,0.4436769005847953,0.609375,0.5,4
D,GAT+LSTM_full_retrain,thu_pm,2570,0.375,0.23299441786283892,0.546875,0.5625,4
D,GAT+LSTM_full_retrain,thu_pm,2571,0.35294117647058826,0.1969284005468216,0.5,0.625,4
D,GAT+LSTM_full_retrain,thu_pm,2572,0.3333333333333333,0.1747734721418932,0.453125,0.6875,4
D,GAT+LSTM_full_retrain,thu_pm,2573,0.4,0.42103431656063234,0.5466666666666666,0.7333333333333333,4
D,GAT+LSTM_full_retrain,thu_pm,2574,0.4,0.44206349206349205,0.65625,0.75,4
D,GAT+LSTM_full_retrain,thu_pm,2575,0.38095238095238093,0.44206349206349205,0.65625,0.8125,4
D,GAT+LSTM_full_retrain,thu_pm,2576,0.36363636363636365,0.43819444444444444,0.640625,0.875,4
D,GAT+LSTM_full_retrain,thu_pm,2577,0.4166666666666667,0.4324420677361854,0.6133333333333333,0.9333333333333333,4
D,GAT+LSTM_full_retrain,thu_pm,2578,0.4,0.41746880570409983,0.5733333333333334,1.0,4
D,GAT+LSTM_full_retrain,thu_pm,2579,0.3333333333333333,0.45770202020202017,0.703125,1.0,4
D,GAT+LSTM_full_retrain,thu_pm,2580,0.3333333333333333,0.45770202020202017,0.703125,1.0,4
D,GAT+LSTM_full_retrain,thu_pm,2581,0.3333333333333333,0.4454691142191142,0.671875,1.0,4
D,GAT+LSTM_full_retrain,thu_pm,2582,0.4,0.4276956376956377,0.6133333333333334,1.0,4
D,GAT+LSTM_full_retrain,thu_pm,2583,0.3333333333333333,0.4515151515151515,0.6875,1.0,4
D,GAT+LSTM_full_retrain,thu_pm,2584,0.3333333333333333,0.4403554778554779,0.65625,1.0,4
D,GAT+LSTM_full_retrain,thu_pm,2585,0.3333333333333333,0.4403554778554779,0.65625,1.0,4
D,GAT+LSTM_full_retrain,thu_pm,2586,0.3333333333333333,0.4515151515151515,0.6875,1.0,4
D,GAT+LSTM_full_retrain,thu_pm,2587,0.3333333333333333,0.4515151515151515,0.6875,1.0,4
D,GAT+LSTM_full_retrain,thu_pm,2588,0.4,0.4276956376956377,0.6133333333333334,1.0,4
D,GAT+LSTM_full_retrain,thu_pm,2589,0.3333333333333333,0.40376498501498503,0.5625,1.0,4
D,GAT+LSTM_full_retrain,thu_pm,2590,0.3333333333333333,0.41769133644133644,0.609375,1.0,4
D,GAT+LSTM_full_retrain,thu_pm,2591,0.3333333333333333,0.41769133644133644,0.609375,1.0,4
D,GAT+LSTM_full_retrain,thu_pm,2592,0.3333333333333333,0.41769133644133644,0.609375,1.0,4
D,GAT+LSTM_full_retrain,thu_pm,2593,0.2608695652173913,0.12987567987567988,0.45098039215686275,1.0,4
D,GAT+LSTM_full_retrain,thu_pm,2594,0.3333333333333333,0.41769133644133644,0.609375,1.0,4
D,GAT+LSTM_full_retrain,thu_pm,2595,0.3333333333333333,0.40376498501498503,0.5625,1.0,4
D,GAT+LSTM_full_retrain,thu_pm,2596,0.3333333333333333,0.40376498501498503,0.5625,1.0,4
D,GAT+LSTM_full_retrain,thu_pm,2597,0.2608695652173913,0.44654234654234654,0.6274509803921569,1.0,4
D,GAT+LSTM_full_retrain,thu_pm,2598,0.3333333333333333,0.3991161616161616,0.546875,1.0,4
D,GAT+LSTM_full_retrain,thu_pm,2599,0.3333333333333333,0.40422979797979797,0.5625,1.0,4
D,GAT+LSTM_full_retrain,thu_pm,2600,0.3333333333333333,0.40422979797979797,0.5625,1.0,4
D,GAT+LSTM_full_retrain,thu_pm,2601,0.4,0.41122474747474747,0.5733333333333334,1.0,4
D,GAT+LSTM_full_retrain,thu_pm,2602,0.3333333333333333,0.40422979797979797,0.5625,1.0,4
D,GAT+LSTM_full_retrain,thu_pm,2603,0.3333333333333333,0.39205381016042784,0.515625,1.0,4
D,GAT+LSTM_full_retrain,thu_pm,2604,0.3333333333333333,0.39205381016042784,0.515625,1.0,4
D,GAT+LSTM_full_retrain,thu_pm,2605,0.3333333333333333,0.39205381016042784,0.515625,1.0,4
D,GAT+LSTM_full_retrain,thu_pm,2606,0.4,0.3784400566753508,0.4666666666666667,1.0,4
D,GAT+LSTM_full_retrain,thu_pm,2607,0.4,0.3684567066920008,0.4266666666666667,1.0,4
D,GAT+LSTM_full_retrain,thu_pm,2608,0.3333333333333333,0.3817130581836464,0.46875,1.0,4
D,GAT+LSTM_full_retrain,thu_pm,2609,0.3333333333333333,0.3817130581836464,0.46875,1.0,4
D,GAT+LSTM_full_retrain,thu_pm,2610,0.3333333333333333,0.37550052072110895,0.4375,1.0,4
D,GAT+LSTM_full_retrain,thu_pm,2611,0.4,0.42603246426775837,0.5333333333333333,1.0,4
D,GAT+LSTM_full_retrain,thu_pm,2612,0.4,0.42603246426775837,0.5333333333333333,1.0,4
D,GAT+LSTM_full_retrain,thu_pm,2613,0.4,0.470029480323598,0.5866666666666667,1.0,4
D,GAT+LSTM_full_retrain,thu_pm,2614,0.3333333333333333,0.2045538101604278,0.5,1.0,4
D,GAT+LSTM_full_retrain,thu_pm,2615,0.3333333333333333,0.4008290626856803,0.546875,1.0,4
D,GAT+LSTM_full_retrain,thu_pm,2616,0.4,0.37197043969102794,0.44,1.0,4
D,GAT+LSTM_full_retrain,thu_pm,2617,0.4,0.35977092910529446,0.38666666666666666,1.0,4
D,GAT+LSTM_full_retrain,thu_pm,2618,0.3333333333333333,0.38635366826156303,0.484375,1.0,4
D,GAT+LSTM_full_retrain,thu_pm,2619,0.3333333333333333,0.389041146761735,0.5,1.0,4
D,GAT+LSTM_full_retrain,thu_pm,2620,0.3333333333333333,0.389041146761735,0.5,1.0,4
D,GAT+LSTM_full_retrain,thu_pm,2621,0.2608695652173913,0.427688651218063,0.5294117647058824,1.0,4
D,GAT+LSTM_full_retrain,thu_pm,2622,0.3333333333333333,0.38474197371256197,0.484375,1.0,4
D,GAT+LSTM_full_retrain,thu_pm,2623,0.3333333333333333,0.38474197371256197,0.484375,1.0,4
D,GAT+LSTM_full_retrain,thu_pm,2624,0.3333333333333333,0.38474197371256197,0.484375,1.0,4
D,GAT+LSTM_full_retrain,thu_pm,2625,0.3333333333333333,0.38474197371256197,0.484375,1.0,4
D,GAT+LSTM_full_retrain,thu_pm,2626,0.2608695652173913,0.4173489908784026,0.47058823529411764,1.0,4
D,GAT+LSTM_full_retrain,thu_pm,2627,0.3333333333333333,0.4125197514903397,0.546875,1.0,4
D,GAT+LSTM_full_retrain,thu_pm,2628,0.3333333333333333,0.21490070387129212,0.515625,1.0,4
D,GAT+LSTM_full_retrain,thu_pm,2629,0.3333333333333333,0.19406737053795878,0.5,1.0,4
D,GAT+LSTM_full_retrain,thu_pm,2630,0.3333333333333333,0.1762102276808159,0.46875,1.0,4
D,GAT+LSTM_full_retrain,thu_pm,2631,0.2608695652173913,0.11072505925447101,0.3725490196078431,1.0,4
D,GAT+LSTM_full_retrain,thu_pm,2632,0.3333333333333333,0.13545096866497797,0.296875,1.0,4
D,GAT+LSTM_full_retrain,thu_pm,2633,0.3333333333333333,0.1333063608218407,0.28125,1.0,4
D,GAT+LSTM_full_retrain,thu_pm,2634,0.3333333333333333,0.1307568270223069,0.265625,1.0,4
D,GAT+LSTM_full_retrain,thu_pm,2635,0.3333333333333333,0.1307568270223069,0.265625,1.0,4
D,GAT+LSTM_full_retrain,thu_pm,2636,0.3333333333333333,0.13532177800269907,0.296875,1.0,4
D,GAT+LSTM_full_retrain,thu_pm,2637,0.3333333333333333,0.14479095465937572,0.34375,1.0,4
D,GAT+LSTM_full_retrain,thu_pm,2638,0.3333333333333333,0.14479095465937572,0.34375,1.0,4
D,GAT+LSTM_full_retrain,thu_pm,2639,0.34782608695652173,0.1472032353611301,0.359375,0.9375,4
D,GAT+LSTM_full_retrain,thu_pm,2640,0.34782608695652173,0.15036257602047076,0.375,0.9375,4
D,GAT+LSTM_full_retrain,thu_pm,2641,0.34782608695652173,0.15974336121394947,0.421875,0.9375,4
D,GAT+LSTM_full_retrain,thu_pm,2642,0.2857142857142857,0.12650772430184196,0.4509803921568627,0.8823529411764706,4
D,GAT+LSTM_full_retrain,thu_pm,2643,0.2857142857142857,0.130548128342246,0.47058823529411764,0.8823529411764706,4
D,GAT+LSTM_full_retrain,thu_pm,2644,0.2857142857142857,0.1386574074074074,0.5098039215686274,0.8823529411764706,4
D,GAT+LSTM_full_retrain,thu_pm,2645,0.3,0.15667989417989417,0.5686274509803921,0.8235294117647058,4
D,GAT+LSTM_full_retrain,thu_pm,2646,0.3157894736842105,0.16849816849816848,0.6078431372549019,0.7647058823529411,4
D,GAT+LSTM_full_retrain,thu_pm,2647,0.2222222222222222,0.0950091575091575,0.5277777777777778,0.7777777777777778,4
D,GAT+LSTM_full_retrain,thu_pm,2648,0.2222222222222222,0.10096153846153846,0.5555555555555556,0.7777777777777778,4
D,GAT+LSTM_full_retrain,thu_pm,2649,0.2222222222222222,0.1092948717948718,0.5833333333333333,0.7777777777777778,4
D,GAT+LSTM_full_retrain,thu_pm,2650,0.2222222222222222,0.12179487179487179,0.6111111111111112,0.7777777777777778,4
D,GAT+LSTM_full_retrain,thu_pm,2651,0.2222222222222222,0.12179487179487179,0.6111111111111112,0.7777777777777778,4
D,GAT+LSTM_full_retrain,thu_pm,2652,0.11764705882352941,0.125,0.8421052631578947,0.7894736842105263,4
D,GAT+LSTM_full_retrain,thu_pm,2653,0.125,0.16666666666666666,0.8947368421052632,0.7368421052631579,4
D,GAT+LSTM_full_retrain,thu_pm,2654,0.13333333333333333,0.25,0.9473684210526316,0.6842105263157895,4
D,GAT+LSTM_full_retrain,thu_pm,2655,0.13333333333333333,1.0,1.0,0.6842105263157895,4
D,GAT+LSTM_full_retrain,thu_pm,2656,0.0,0.5,,0.7,4
D,GAT+LSTM_full_retrain,thu_pm,2657,0.0,0.5,,0.7,4
D,GAT+LSTM_full_retrain,thu_pm,2658,0.0,0.5,,0.7,4
D,GAT+LSTM_full_retrain,thu_pm,2659,0.0,0.5,,0.75,4
D,GAT+LSTM_full_retrain,thu_pm,2660,0.0,0.5,,0.75,4
D,GAT+LSTM_full_retrain,thu_pm,2661,0.0,0.5,,0.75,4
D,GAT+LSTM_full_retrain,thu_pm,2662,0.0,0.5,,0.8,4
D,GAT+LSTM_full_retrain,thu_pm,2663,0.0,0.5,,0.8,4
D,GAT+LSTM_full_retrain,thu_pm,2664,0.0,0.5,,0.8,4
D,GAT+LSTM_full_retrain,thu_pm,2665,0.0,0.5,,0.85,4
D,GAT+LSTM_full_retrain,thu_pm,2666,0.0,0.5,,0.9,4
D,GAT+LSTM_full_retrain,thu_pm,2667,0.0,0.5,,0.9,4
D,GAT+LSTM_full_retrain,thu_pm,2668,0.0,0.5,,0.9,4
D,GAT+LSTM_full_retrain,thu_pm,2669,0.0,0.5,,0.9,4
D,GAT+LSTM_full_retrain,thu_pm,2670,0.0,0.5,,0.9,4
D,GAT+LSTM_full_retrain,thu_pm,2671,0.0,0.5,,0.9,4
D,GAT+LSTM_full_retrain,thu_pm,2672,0.0,0.5,,0.9,4
D,GAT+LSTM_full_retrain,thu_pm,2673,0.0,0.5,,0.9,4
D,GAT+LSTM_full_retrain,thu_pm,2674,0.0,0.5,,0.95,4
D,GAT+LSTM_full_retrain,thu_pm,2675,0.0,0.5,,0.95,4
D,GAT+LSTM_full_retrain,thu_pm,2676,0.0,0.5,,0.95,4
D,GAT+LSTM_full_retrain,thu_pm,2677,0.0,0.5,,0.95,4
D,GAT+LSTM_full_retrain,thu_pm,2678,0.0,0.5,,0.95,4
D,GAT+LSTM_full_retrain,thu_pm,2679,0.0,0.5,,0.9,4
D,GAT+LSTM_full_retrain,thu_pm,2680,0.0,0.5,,0.85,4
D,GAT+LSTM_full_retrain,thu_pm,2681,0.0,0.5,,0.8,4
D,GAT+LSTM_full_retrain,thu_pm,2682,0.0,0.5,,0.8,4
D,GAT+LSTM_full_retrain,thu_pm,2683,0.0,0.5,,0.8,4
D,GAT+LSTM_full_retrain,thu_pm,2684,0.0,0.5,,0.75,4
D,GAT+LSTM_full_retrain,thu_pm,2685,0.0,0.5,,0.75,4
D,GAT+LSTM_full_retrain,thu_pm,2686,0.0,0.5,,0.75,4
D,GAT+LSTM_full_retrain,thu_pm,2687,0.0,0.5,,0.75,4
D,GAT+LSTM_full_retrain,thu_pm,2688,0.0,0.5,,0.75,4
D,GAT+LSTM_full_retrain,thu_pm,2689,0.0,0.5,,0.75,4
D,GAT+LSTM_full_retrain,thu_pm,2690,0.0,0.5,,0.75,4
D,GAT+LSTM_full_retrain,thu_pm,2691,0.0,0.5,,0.75,4
D,GAT+LSTM_full_retrain,thu_pm,2692,0.0,0.5,,0.7,4
D,GAT+LSTM_full_retrain,thu_pm,2693,0.0,0.5,,0.7,4
D,GAT+LSTM_full_retrain,thu_pm,2694,0.0,0.5,,0.65,4
D,GAT+LSTM_full_retrain,thu_pm,2695,0.0,0.5,,0.6,4
D,GAT+LSTM_full_retrain,thu_pm,2696,0.0,0.5,,0.55,4
D,GAT+LSTM_full_retrain,fri_am,3055,0.0,0.5,,0.5,5
D,GAT+LSTM_full_retrain,fri_am,3056,0.0,0.5,,0.45,5
D,GAT+LSTM_full_retrain,fri_am,3057,0.0,0.5,,0.45,5
D,GAT+LSTM_full_retrain,fri_am,3058,0.0,0.5,,0.5,5
D,GAT+LSTM_full_retrain,fri_am,3059,0.0,0.5,,0.5,5
D,GAT+LSTM_full_retrain,fri_am,3060,0.0,0.5,,0.45,5
D,GAT+LSTM_full_retrain,fri_am,3061,0.0,0.5,,0.4,5
D,GAT+LSTM_full_retrain,fri_am,3062,0.0,0.5,,0.4,5
D,GAT+LSTM_full_retrain,fri_am,3063,0.0,0.5,,0.35,5
D,GAT+LSTM_full_retrain,fri_am,3064,0.0,0.5,,0.3,5
D,GAT+LSTM_full_retrain,fri_am,3065,0.0,0.5,,0.25,5
D,GAT+LSTM_full_retrain,fri_am,3066,0.0,0.5,,0.2,5
D,GAT+LSTM_full_retrain,fri_am,3067,0.0,0.5,,0.15,5
D,GAT+LSTM_full_retrain,fri_am,3068,0.0,0.5,,0.1,5
D,GAT+LSTM_full_retrain,fri_am,3069,0.0,0.5,,0.05,5
D,GAT+LSTM_full_retrain,fri_am,3070,0.0,0.5,,0.05,5
D,GAT+LSTM_full_retrain,fri_am,3071,0.0,0.5,,0.05,5
D,GAT+LSTM_full_retrain,fri_am,3072,0.0,0.5,,0.05,5
D,GAT+LSTM_full_retrain,fri_am,3073,0.0,0.5,,0.05,5
D,GAT+LSTM_full_retrain,fri_am,3074,0.0,0.5,,0.05,5
D,GAT+LSTM_full_retrain,fri_am,3075,0.0,0.5,,0.05,5
D,GAT+LSTM_full_retrain,fri_am,3076,0.0,0.5,,0.05,5
D,GAT+LSTM_full_retrain,fri_am,3077,0.0,0.5,,0.05,5
D,GAT+LSTM_full_retrain,fri_am,3078,0.0,0.08333333333333333,0.736842105263158,0.0,5
D,GAT+LSTM_full_retrain,fri_am,3079,0.0,0.14821428571428572,0.7222222222222223,0.0,5
D,GAT+LSTM_full_retrain,fri_am,3080,0.0,0.14821428571428572,0.7222222222222223,0.0,5
D,GAT+LSTM_full_retrain,fri_am,3081,0.0,0.1284722222222222,0.6666666666666667,0.05555555555555555,5
D,GAT+LSTM_full_retrain,fri_am,3082,0.0,0.12251984126984126,0.638888888888889,0.1111111111111111,5
D,GAT+LSTM_full_retrain,fri_am,3083,0.0,0.10902777777777778,0.5833333333333334,0.16666666666666666,5
D,GAT+LSTM_full_retrain,fri_am,3084,0.0,0.10902777777777778,0.5833333333333334,0.2222222222222222,5
D,GAT+LSTM_full_retrain,fri_am,3085,0.0,0.09823232323232324,0.5277777777777778,0.2222222222222222,5
D,GAT+LSTM_full_retrain,fri_am,3086,0.0,0.10170454545454546,0.5555555555555556,0.2222222222222222,5
D,GAT+LSTM_full_retrain,fri_am,3087,0.0,0.10170454545454546,0.5555555555555556,0.2222222222222222,5
D,GAT+LSTM_full_retrain,fri_am,3088,0.0,0.09217171717171717,0.5,0.2777777777777778,5
D,GAT+LSTM_full_retrain,fri_am,3089,0.0,0.09217171717171717,0.5,0.3333333333333333,5
D,GAT+LSTM_full_retrain,fri_am,3090,0.0,0.09217171717171717,0.5,0.3333333333333333,5
D,GAT+LSTM_full_retrain,fri_am,3091,0.0,0.09217171717171717,0.5,0.3333333333333333,5
D,GAT+LSTM_full_retrain,fri_am,3092,0.0,0.08707264957264957,0.4722222222222222,0.3333333333333333,5
D,GAT+LSTM_full_retrain,fri_am,3093,0.0,0.07994505494505494,0.4166666666666667,0.3888888888888889,5
D,GAT+LSTM_full_retrain,fri_am,3094,0.0,0.07391774891774891,0.3611111111111111,0.4444444444444444,5
D,GAT+LSTM_full_retrain,fri_am,3095,0.0,0.06874999999999999,0.3055555555555555,0.5,5
D,GAT+LSTM_full_retrain,fri_am,3096,0.0,0.06426753393665158,0.25,0.5,5
D,GAT+LSTM_full_retrain,fri_am,3097,0.0,0.06034080298786181,0.19444444444444448,0.5555555555555556,5
D,GAT+LSTM_full_retrain,fri_am,3098,0.0,0.027777777777777776,0.10526315789473684,0.5263157894736842,5
D,GAT+LSTM_full_retrain,fri_am,3099,0.0,0.5,,0.5,5
D,GAT+LSTM_full_retrain,fri_am,3100,0.0,0.5,,0.5,5
D,GAT+LSTM_full_retrain,fri_am,3101,0.0,0.5,,0.45,5
D,GAT+LSTM_full_retrain,fri_am,3102,0.0,0.5,,0.4,5
D,GAT+LSTM_full_retrain,fri_am,3103,0.0,0.5,,0.35,5
D,GAT+LSTM_full_retrain,fri_am,3104,0.0,0.5,,0.35,5
D,GAT+LSTM_full_retrain,fri_am,3105,0.0,0.5,,0.4,5
D,GAT+LSTM_full_retrain,fri_am,3106,0.0,0.5,,0.4,5
D,GAT+LSTM_full_retrain,fri_am,3107,0.0,0.5,,0.4,5
D,GAT+LSTM_full_retrain,fri_am,3108,0.0,0.5,,0.35,5
D,GAT+LSTM_full_retrain,fri_am,3109,0.0,0.5,,0.3,5
D,GAT+LSTM_full_retrain,fri_am,3110,0.0,0.03333333333333333,0.26315789473684215,0.3157894736842105,5
D,GAT+LSTM_full_retrain,fri_am,3111,0.0,0.054824561403508776,0.1111111111111111,0.3333333333333333,5
D,GAT+LSTM_full_retrain,fri_am,3112,0.0,0.08125174046226678,0.07843137254901962,0.35294117647058826,5
D,GAT+LSTM_full_retrain,fri_am,3113,0.0,0.10921978778015928,0.0625,0.3125,5
D,GAT+LSTM_full_retrain,fri_am,3114,0.0,0.13855134158926727,0.053333333333333344,0.26666666666666666,5
D,GAT+LSTM_full_retrain,fri_am,3115,0.0,0.16927309733037288,0.047619047619047616,0.21428571428571427,5
D,GAT+LSTM_full_retrain,fri_am,3116,0.0,0.2014869983080952,0.04395604395604396,0.23076923076923078,5
D,GAT+LSTM_full_retrain,fri_am,3117,0.0,0.23534328373724658,0.04166666666666667,0.16666666666666666,5
D,GAT+LSTM_full_retrain,fri_am,3118,0.0,0.27103865537818067,0.0404040404040404,0.18181818181818182,5
D,GAT+LSTM_full_retrain,fri_am,3119,0.0,0.30882599942197464,0.04000000000000001,0.2,5
D,GAT+LSTM_full_retrain,fri_am,3120,0.0,0.34795326753179273,0.030303030303030307,0.2222222222222222,5
D,GAT+LSTM_full_retrain,fri_am,3121,0.0,0.3897344084650586,0.020833333333333332,0.25,5
D,GAT+LSTM_full_retrain,fri_am,3122,0.0,0.43459622857098446,0.010989010989010993,0.2857142857142857,5
D,GAT+LSTM_full_retrain,fri_am,3123,0.0,0.483961915645905,0.0119047619047619,0.3333333333333333,5
D,GAT+LSTM_full_retrain,fri_am,3124,0.0,0.5379756698409949,0.01333333333333333,0.2,5
D,GAT+LSTM_full_retrain,fri_am,3125,0.0,0.5979609190474129,0.015625,0.0,5
D,GAT+LSTM_full_retrain,fri_am,3126,0.0,0.6660851585432718,0.019607843137254905,0.0,5
D,GAT+LSTM_full_retrain,fri_am,3127,0.0,0.7465474455025538,0.027777777777777776,0.0,5
D,GAT+LSTM_full_retrain,fri_am,3128,0.0,0.8382768601503324,0.0,0.0,5
D,GAT+LSTM_full_retrain,fri_am,3129,0.0,1.0000000000000002,,0.0,5
D,GAT+LSTM_full_retrain,fri_am,3130,0.0,0.8777505443608586,0.05263157894736842,0.0,5
D,GAT+LSTM_full_retrain,fri_am,3131,0.0,0.8996803689222621,0.10526315789473684,0.0,5
D,GAT+LSTM_full_retrain,fri_am,3132,0.0,0.7558067047618131,0.05555555555555555,0.5,5
D,GAT+LSTM_full_retrain,fri_am,3133,0.0,0.6714773154060169,0.03921568627450981,0.6666666666666666,5
D,GAT+LSTM_full_retrain,fri_am,3134,0.0,0.6773596683471934,0.05882352941176472,0.6666666666666666,5
D,GAT+LSTM_full_retrain,fri_am,3135,0.1,0.6880039260502746,0.09803921568627452,0.6666666666666666,5
D,GAT+LSTM_full_retrain,fri_am,3136,0.1,0.6934310969186219,0.11764705882352942,0.6666666666666666,5
D,GAT+LSTM_full_retrain,fri_am,3137,0.1,0.6985081277309468,0.13725490196078433,0.6666666666666666,5
D,GAT+LSTM_full_retrain,fri_am,3138,0.1,0.7032466898224501,0.1568627450980392,0.6666666666666666,5
D,GAT+LSTM_full_retrain,fri_am,3139,0.1,0.7076733089549515,0.17647058823529416,0.6666666666666666,5
D,GAT+LSTM_full_retrain,fri_am,3140,0.1,0.7076733089549515,0.17647058823529416,0.6666666666666666,5
D,GAT+LSTM_full_retrain,fri_am,3141,0.1,0.7118176939816895,0.19607843137254904,0.6666666666666666,5
D,GAT+LSTM_full_retrain,fri_am,3142,0.1,0.7157084111077008,0.21568627450980393,0.6666666666666666,5
D,GAT+LSTM_full_retrain,fri_am,3143,0.1,0.7193714147707044,0.23529411764705888,0.6666666666666666,5
D,GAT+LSTM_full_retrain,fri_am,3144,0.1,0.7228297211701873,0.25490196078431376,0.6666666666666666,5
D,GAT+LSTM_full_retrain,fri_am,3145,0.1,0.7261035306939968,0.27450980392156865,0.6666666666666666,5
D,GAT+LSTM_full_retrain,fri_am,3146,0.1,0.7292105087793487,0.29411764705882354,0.6666666666666666,5
D,GAT+LSTM_full_retrain,fri_am,3147,0.1,0.7321661027816554,0.3137254901960784,0.6666666666666666,5
D,GAT+LSTM_full_retrain,fri_am,3148,0.19047619047619047,0.7419700243502828,0.33333333333333337,0.6666666666666666,5
D,GAT+LSTM_full_retrain,fri_am,3149,0.2727272727272727,0.7982191390632476,0.3921568627450981,0.6666666666666666,5
D,GAT+LSTM_full_retrain,fri_am,3150,0.3333333333333333,0.8372881862432946,0.16666666666666666,1.0,5
D,GAT+LSTM_full_retrain,fri_am,3151,0.4,0.8442987682538767,0.19444444444444445,1.0,5
D,GAT+LSTM_full_retrain,fri_am,3152,0.46153846153846156,0.8996803689222621,0.10526315789473684,1.0,5
D,GAT+LSTM_full_retrain,fri_am,3153,0.5185185185185185,1.0000000000000002,,0.0,5
D,GAT+LSTM_full_retrain,fri_am,3154,0.5185185185185185,1.0000000000000002,,0.0,5
D,GAT+LSTM_full_retrain,fri_am,3155,0.46153846153846156,1.0000000000000002,,0.0,5
D,GAT+LSTM_full_retrain,fri_am,3156,0.46153846153846156,1.0000000000000002,,0.0,5
D,GAT+LSTM_full_retrain,fri_am,3157,0.46153846153846156,1.0000000000000002,,0.0,5
D,GAT+LSTM_full_retrain,fri_am,3158,0.5185185185185185,1.0000000000000002,,0.0,5
D,GAT+LSTM_full_retrain,fri_am,3159,0.5714285714285714,1.0000000000000002,,0.0,5
D,GAT+LSTM_full_retrain,fri_am,3160,0.5714285714285714,1.0000000000000002,,0.0,5
D,GAT+LSTM_full_retrain,fri_am,3161,0.5714285714285714,1.0000000000000002,,0.0,5
D,GAT+LSTM_full_retrain,fri_am,3162,0.5714285714285714,1.0000000000000002,,0.0,5
D,GAT+LSTM_full_retrain,fri_am,3163,0.5714285714285714,1.0000000000000002,,0.0,5
D,GAT+LSTM_full_retrain,fri_am,3164,0.5714285714285714,1.0000000000000002,,0.0,5
D,GAT+LSTM_full_retrain,fri_am,3165,0.5714285714285714,1.0000000000000002,,0.0,5
D,GAT+LSTM_full_retrain,fri_am,3166,0.5714285714285714,1.0000000000000002,,0.0,5
D,GAT+LSTM_full_retrain,fri_am,3167,0.5714285714285714,1.0000000000000002,,0.0,5
D,GAT+LSTM_full_retrain,fri_am,3168,0.5185185185185185,1.0000000000000002,,0.0,5
D,GAT+LSTM_full_retrain,fri_am,3169,0.46153846153846156,1.0000000000000002,,0.0,5
D,GAT+LSTM_full_retrain,fri_am,3170,0.4,1.0000000000000002,,0.0,5
D,GAT+LSTM_full_retrain,fri_am,3171,0.4,1.0000000000000002,,0.0,5
D,GAT+LSTM_full_retrain,fri_am,3172,0.4,1.0000000000000002,,0.0,5
D,GAT+LSTM_full_retrain,fri_am,3173,0.4,1.0000000000000002,,0.0,5
D,GAT+LSTM_full_retrain,fri_am,3174,0.46153846153846156,1.0000000000000002,,0.0,5
D,GAT+LSTM_full_retrain,fri_am,3175,0.46153846153846156,0.8382768601503324,0.0,1.0,5
D,GAT+LSTM_full_retrain,fri_am,3176,0.5185185185185185,0.8777505443608586,0.05263157894736842,1.0,5
D,GAT+LSTM_full_retrain,fri_am,3177,0.5714285714285714,0.8777505443608586,0.05263157894736842,1.0,5
D,GAT+LSTM_full_retrain,fri_am,3178,0.5714285714285714,0.8777505443608586,0.05263157894736842,1.0,5
D,GAT+LSTM_full_retrain,fri_am,3179,0.5185185185185185,0.8777505443608586,0.05263157894736842,1.0,5
D,GAT+LSTM_full_retrain,fri_am,3180,0.5185185185185185,0.8777505443608586,0.05263157894736842,1.0,5
D,GAT+LSTM_full_retrain,fri_am,3181,0.5714285714285714,0.8777505443608586,0.05263157894736842,1.0,5
D,GAT+LSTM_full_retrain,fri_am,3182,0.6206896551724138,0.8777505443608586,0.05263157894736842,1.0,5
D,GAT+LSTM_full_retrain,fri_am,3183,0.6666666666666666,0.8777505443608586,0.05263157894736842,1.0,5
D,GAT+LSTM_full_retrain,fri_am,3184,0.7096774193548387,0.8777505443608586,0.05263157894736842,1.0,5
D,GAT+LSTM_full_retrain,fri_am,3185,0.75,0.8777505443608586,0.05263157894736842,1.0,5
D,GAT+LSTM_full_retrain,fri_am,3186,0.75,0.8777505443608586,0.05263157894736842,1.0,5
D,GAT+LSTM_full_retrain,fri_am,3187,0.75,0.8473992171876589,0.3055555555555556,1.0,5
D,GAT+LSTM_full_retrain,fri_am,3188,0.7878787878787878,0.8514622837507255,0.33333333333333337,1.0,5
D,GAT+LSTM_full_retrain,fri_am,3189,0.8235294117647058,0.8552524750409167,0.3611111111111111,1.0,5
D,GAT+LSTM_full_retrain,fri_am,3190,0.8571428571428571,0.8819517017401435,0.41666666666666663,1.0,5
D,GAT+LSTM_full_retrain,fri_am,3191,0.8571428571428571,0.8819517017401435,0.41666666666666663,1.0,5
D,GAT+LSTM_full_retrain,fri_am,3192,0.8571428571428571,0.8981554054438472,0.4444444444444444,1.0,5
D,GAT+LSTM_full_retrain,fri_am,3193,0.8571428571428571,0.9106554054438473,0.4722222222222222,1.0,5
D,GAT+LSTM_full_retrain,fri_am,3194,0.8571428571428571,0.9208405906290325,0.5,1.0,5
D,GAT+LSTM_full_retrain,fri_am,3195,0.8823529411764706,0.9774938094146042,0.8055555555555556,0.5,5
D,GAT+LSTM_full_retrain,fri_am,3196,0.875,0.9746839414101753,0.8627450980392156,0.3333333333333333,5
D,GAT+LSTM_full_retrain,fri_am,3197,0.8666666666666667,0.9713091085793292,0.890625,0.25,5
D,GAT+LSTM_full_retrain,fri_am,3198,0.8275862068965517,0.9658640328217534,0.875,0.25,5
D,GAT+LSTM_full_retrain,fri_am,3199,0.8571428571428571,0.9712135740076916,0.9199999999999999,0.2,5
D,GAT+LSTM_full_retrain,fri_am,3200,0.8571428571428571,0.9678639008050771,0.9066666666666666,0.2,5
D,GAT+LSTM_full_retrain,fri_am,3201,0.8461538461538461,0.9629382085001832,0.9166666666666667,0.16666666666666666,5
D,GAT+LSTM_full_retrain,fri_am,3202,0.8461538461538461,0.9629382085001832,0.9166666666666667,0.16666666666666666,5
D,GAT+LSTM_full_retrain,fri_am,3203,0.8,0.8982190258208356,0.8351648351648352,0.2857142857142857,5
D,GAT+LSTM_full_retrain,fri_am,3204,0.8,0.9047846823864922,0.8461538461538461,0.2857142857142857,5
D,GAT+LSTM_full_retrain,fri_am,3205,0.8,0.9108452884470981,0.8571428571428572,0.2857142857142857,5
D,GAT+LSTM_full_retrain,fri_am,3206,0.8461538461538461,0.9164710729190364,0.8681318681318682,0.2857142857142857,5
D,GAT+LSTM_full_retrain,fri_am,3207,0.8888888888888888,0.9263452379786412,0.8690476190476191,0.16666666666666666,5
D,GAT+LSTM_full_retrain,fri_am,3208,0.8461538461538461,0.7309113335131435,0.7472527472527473,0.2857142857142857,5
D,GAT+LSTM_full_retrain,fri_am,3209,0.8461538461538461,0.7886036412054511,0.7582417582417582,0.2857142857142857,5
D,GAT+LSTM_full_retrain,fri_am,3210,0.8461538461538461,0.7788966814984914,0.7472527472527473,0.2857142857142857,5
D,GAT+LSTM_full_retrain,fri_am,3211,0.8461538461538461,0.7788966814984914,0.7472527472527473,0.2857142857142857,5
D,GAT+LSTM_full_retrain,fri_am,3212,0.8461538461538461,0.7679992456010556,0.7362637362637362,0.2857142857142857,5
D,GAT+LSTM_full_retrain,fri_am,3213,0.8461538461538461,0.7558197584215685,0.7252747252747253,0.2857142857142857,5
D,GAT+LSTM_full_retrain,fri_am,3214,0.8461538461538461,0.7429992456010557,0.7142857142857143,0.2857142857142857,5
D,GAT+LSTM_full_retrain,fri_am,3215,0.8461538461538461,0.7429992456010557,0.7142857142857143,0.2857142857142857,5
D,GAT+LSTM_full_retrain,fri_am,3216,0.8571428571428571,0.7524845602576694,0.6666666666666667,0.3333333333333333,5
D,GAT+LSTM_full_retrain,fri_am,3217,0.8666666666666667,0.7612000718579667,0.6,0.4,5
D,GAT+LSTM_full_retrain,fri_am,3218,0.9032258064516129,0.7612000718579667,0.6,0.4,5
D,GAT+LSTM_full_retrain,fri_am,3219,0.875,0.7687828761043737,0.5,0.5,5
D,GAT+LSTM_full_retrain,fri_am,3220,0.9090909090909091,0.7719231947318247,0.515625,0.5,5
D,GAT+LSTM_full_retrain,fri_am,3221,0.9142857142857143,0.7791014920044241,0.3529411764705883,0.6666666666666666,5
D,GAT+LSTM_full_retrain,fri_am,3222,0.9142857142857143,0.7791014920044241,0.3529411764705883,0.6666666666666666,5
D,GAT+LSTM_full_retrain,fri_am,3223,0.9411764705882353,0.8665689475036589,0.6666666666666667,0.3333333333333333,5
D,GAT+LSTM_full_retrain,fri_am,3224,0.9090909090909091,0.8010898613984916,0.5625,0.5,5
D,GAT+LSTM_full_retrain,fri_am,3225,0.9090909090909091,0.8010898613984916,0.5625,0.5,5
D,GAT+LSTM_full_retrain,fri_am,3226,0.875,0.8010898613984916,0.5625,0.5,5
D,GAT+LSTM_full_retrain,fri_am,3227,0.875,0.7922356947318249,0.546875,0.5,5
D,GAT+LSTM_full_retrain,fri_am,3228,0.9090909090909091,0.9214709082879726,0.7254901960784315,0.3333333333333333,5
D,GAT+LSTM_full_retrain,fri_am,3229,0.9090909090909091,0.9082356141703256,0.7058823529411765,0.3333333333333333,5
D,GAT+LSTM_full_retrain,fri_am,3230,0.875,0.9050757718020057,0.6862745098039216,0.3333333333333333,5
D,GAT+LSTM_full_retrain,fri_am,3231,0.8387096774193549,0.8990463347433844,0.6470588235294118,0.3333333333333333,5
D,GAT+LSTM_full_retrain,fri_am,3232,0.8,0.87835305743246,0.6078431372549019,0.3333333333333333,5
D,GAT+LSTM_full_retrain,fri_am,3233,0.8,0.87835305743246,0.6078431372549019,0.3333333333333333,5
D,GAT+LSTM_full_retrain,fri_am,3234,0.7586206896551724,0.8745930919077886,0.5882352941176471,0.3333333333333333,5
D,GAT+LSTM_full_retrain,fri_am,3235,0.7333333333333333,0.8942613770722646,0.5277777777777778,0.5,5
D,GAT+LSTM_full_retrain,fri_am,3236,0.7333333333333333,0.8942613770722646,0.5277777777777778,0.5,5
D,GAT+LSTM_full_retrain,fri_am,3237,0.7333333333333333,0.8942613770722646,0.5277777777777778,0.5,5
D,GAT+LSTM_full_retrain,fri_am,3238,0.7333333333333333,0.9104650807759683,0.5555555555555556,0.5,5
D,GAT+LSTM_full_retrain,fri_am,3239,0.7741935483870968,0.9229650807759684,0.5833333333333333,0.5,5
D,GAT+LSTM_full_retrain,fri_pm_scan,3666,0.7333333333333333,0.8614544331808948,0.4705882352941177,0.6666666666666666,5
D,GAT+LSTM_full_retrain,fri_pm_scan,3667,0.7333333333333333,0.8614544331808948,0.4705882352941177,0.6666666666666666,5
D,GAT+LSTM_full_retrain,fri_pm_scan,3668,0.6896551724137931,0.83071319778218,0.484375,0.75,5
D,GAT+LSTM_full_retrain,fri_pm_scan,3669,0.6666666666666666,0.7872646708511646,0.3125,1.0,5
D,GAT+LSTM_full_retrain,fri_pm_scan,3670,0.6666666666666666,0.754973004184498,0.28125,1.0,5
D,GAT+LSTM_full_retrain,fri_pm_scan,3671,0.6206896551724138,0.7100728319381571,0.28,1.0,5
D,GAT+LSTM_full_retrain,fri_pm_scan,3672,0.6206896551724138,0.6833484418181455,0.3214285714285714,1.0,5
D,GAT+LSTM_full_retrain,fri_pm_scan,3673,0.5714285714285714,0.6580636799230513,0.3516483516483517,1.0,5
D,GAT+LSTM_full_retrain,fri_pm_scan,3674,0.5185185185185185,0.5708595333401836,0.3229166666666667,1.0,5
D,GAT+LSTM_full_retrain,fri_pm_scan,3675,0.46153846153846156,0.5428364146876671,0.3333333333333333,1.0,5
D,GAT+LSTM_full_retrain,fri_pm_scan,3676,0.46153846153846156,0.5304785135744888,0.38,1.0,5
D,GAT+LSTM_full_retrain,fri_pm_scan,3677,0.46153846153846156,0.5252619783515036,0.4343434343434343,1.0,5
D,GAT+LSTM_full_retrain,fri_pm_scan,3678,0.46153846153846156,0.5243646381997774,0.4895833333333333,1.0,5
D,GAT+LSTM_full_retrain,fri_pm_scan,3679,0.4,0.5349435860714056,0.5604395604395604,1.0,5
D,GAT+LSTM_full_retrain,fri_pm_scan,3680,0.4166666666666667,0.5660842812158601,0.6666666666666667,0.9285714285714286,5
D,GAT+LSTM_full_retrain,fri_pm_scan,3681,0.43478260869565216,0.622985347985348,0.8133333333333334,0.8666666666666667,5
D,GAT+LSTM_full_retrain,fri_pm_scan,3682,0.38095238095238093,0.6486742424242424,0.84375,0.8125,5
D,GAT+LSTM_full_retrain,fri_pm_scan,3683,0.3157894736842105,0.35656565656565653,0.803921568627451,0.7647058823529411,5
D,GAT+LSTM_full_retrain,fri_pm_scan,3684,0.23529411764705882,0.20277777777777778,0.75,0.7222222222222222,5
D,GAT+LSTM_full_retrain,fri_pm_scan,3685,0.13333333333333333,0.05555555555555555,0.5789473684210527,0.6842105263157895,5
D,GAT+LSTM_full_retrain,fri_pm_scan,3686,0.14285714285714285,0.0625,0.631578947368421,0.631578947368421,5
D,GAT+LSTM_full_retrain,fri_pm_scan,3687,0.0,0.5,,0.65,5
D,GAT+LSTM_full_retrain,fri_pm_scan,3688,0.0,0.5,,0.65,5
D,GAT+LSTM_full_retrain,fri_pm_scan,3689,0.0,0.5,,0.65,5
D,GAT+LSTM_full_retrain,fri_pm_scan,3690,0.0,0.5,,0.65,5
D,GAT+LSTM_full_retrain,fri_pm_scan,3691,0.0,0.5,,0.65,5
D,GAT+LSTM_full_retrain,fri_pm_scan,3692,0.0,0.5,,0.65,5
D,GAT+LSTM_full_retrain,fri_pm_scan,3693,0.0,0.5,,0.65,5
D,GAT+LSTM_full_retrain,fri_pm_scan,3694,0.0,0.5,,0.6,5
D,GAT+LSTM_full_retrain,fri_pm_scan,3695,0.0,0.5,,0.6,5
D,GAT+LSTM_full_retrain,fri_pm_scan,3696,0.0,0.5,,0.6,5
D,GAT+LSTM_full_retrain,fri_pm_scan,3697,0.0,0.5,,0.55,5
D,GAT+LSTM_full_retrain,fri_pm_scan,3698,0.0,0.5,,0.5,5
D,GAT+LSTM_full_retrain,fri_pm_scan,3699,0.0,0.5,,0.45,5
D,GAT+LSTM_full_retrain,fri_pm_scan,3700,0.0,0.5,,0.45,5
D,GAT+LSTM_full_retrain,fri_pm_scan,3701,0.0,0.045454545454545456,0.4736842105263158,0.47368421052631576,5
D,GAT+LSTM_full_retrain,fri_pm_scan,3702,0.0,0.045454545454545456,0.4736842105263158,0.47368421052631576,5
D,GAT+LSTM_full_retrain,fri_pm_scan,3703,0.0,0.06293195108984583,0.25,0.5,5
D,GAT+LSTM_full_retrain,fri_pm_scan,3704,0.0,0.08601781488778393,0.1568627450980392,0.5294117647058824,5
D,GAT+LSTM_full_retrain,fri_pm_scan,3705,0.0,0.11723493225041212,0.15625,0.5625,5
D,GAT+LSTM_full_retrain,fri_pm_scan,3706,0.0,0.1490741770269634,0.14666666666666667,0.6,5
D,GAT+LSTM_full_retrain,fri_pm_scan,3707,0.0,0.18596176212275284,0.16666666666666666,0.5714285714285714,5
D,GAT+LSTM_full_retrain,fri_pm_scan,3708,0.13333333333333333,0.23553126041239708,0.2527472527472527,0.5384615384615384,5
D,GAT+LSTM_full_retrain,fri_pm_scan,3709,0.13333333333333333,0.23910268898382564,0.2637362637362637,0.5384615384615384,5
D,GAT+LSTM_full_retrain,fri_pm_scan,3710,0.14285714285714285,0.25009031247144914,0.29670329670329665,0.46153846153846156,5
D,GAT+LSTM_full_retrain,fri_pm_scan,3711,0.15384615384615385,0.26525471156441965,0.3186813186813186,0.38461538461538464,5
D,GAT+LSTM_full_retrain,fri_pm_scan,3712,0.16666666666666666,0.3766492693875489,0.3406593406593406,0.3076923076923077,5
D,GAT+LSTM_full_retrain,fri_pm_scan,3713,0.18181818181818182,0.382431582312719,0.35164835164835156,0.23076923076923078,5
D,GAT+LSTM_full_retrain,fri_pm_scan,3714,0.18181818181818182,0.3966304786544725,0.3846153846153845,0.23076923076923078,5
D,GAT+LSTM_full_retrain,fri_pm_scan,3715,0.2,0.41956458819572484,0.4285714285714285,0.15384615384615385,5
D,GAT+LSTM_full_retrain,fri_pm_scan,3716,0.2,0.41956458819572484,0.4285714285714285,0.15384615384615385,5
D,GAT+LSTM_full_retrain,fri_pm_scan,3717,0.18181818181818182,0.2993264929576296,0.40659340659340654,0.23076923076923078,5
D,GAT+LSTM_full_retrain,fri_pm_scan,3718,0.16666666666666666,0.281154288178282,0.36263736263736257,0.3076923076923077,5
D,GAT+LSTM_full_retrain,fri_pm_scan,3719,0.2857142857142857,0.36469273840839245,0.39583333333333337,0.3333333333333333,5
D,GAT+LSTM_full_retrain,fri_pm_scan,3720,0.375,0.44850852574020783,0.4545454545454545,0.36363636363636365,5
D,GAT+LSTM_full_retrain,fri_pm_scan,3721,0.47058823529411764,0.5663656685973506,0.4949494949494949,0.36363636363636365,5
D,GAT+LSTM_full_retrain,fri_pm_scan,3722,0.4444444444444444,0.5264546536863357,0.4545454545454545,0.45454545454545453,5
D,GAT+LSTM_full_retrain,fri_pm_scan,3723,0.4444444444444444,0.5013446783909246,0.4895833333333333,0.5,5
D,GAT+LSTM_full_retrain,fri_pm_scan,3724,0.4444444444444444,0.48881328847328404,0.5384615384615384,0.5384615384615384,5
D,GAT+LSTM_full_retrain,fri_pm_scan,3725,0.4444444444444444,0.48496327624617097,0.5833333333333333,0.5714285714285714,5
D,GAT+LSTM_full_retrain,fri_pm_scan,3726,0.4444444444444444,0.510483193277311,0.68,0.6,5
D,GAT+LSTM_full_retrain,fri_pm_scan,3727,0.4444444444444444,0.5700892857142856,0.8125,0.625,5
D,GAT+LSTM_full_retrain,fri_pm_scan,3728,0.35294117647058826,0.6378968253968254,0.8823529411764706,0.6470588235294118,5
D,GAT+LSTM_full_retrain,fri_pm_scan,3729,0.375,0.6378968253968254,0.8823529411764706,0.5882352941176471,5
D,GAT+LSTM_full_retrain,fri_pm_scan,3730,0.375,0.6378968253968254,0.8823529411764706,0.5882352941176471,5
D,GAT+LSTM_full_retrain,fri_pm_scan,3731,0.35294117647058826,0.625,0.8627450980392156,0.6470588235294118,5
D,GAT+LSTM_full_retrain,fri_pm_scan,3732,0.3333333333333333,0.6148148148148147,0.8431372549019608,0.7058823529411765,5
D,GAT+LSTM_full_retrain,fri_pm_scan,3733,0.3157894736842105,0.6065656565656565,0.8235294117647058,0.7647058823529411,5
D,GAT+LSTM_full_retrain,fri_pm_scan,3734,0.3,0.6065656565656565,0.8235294117647058,0.8235294117647058,5
D,GAT+LSTM_full_retrain,fri_pm_scan,3735,0.2857142857142857,0.6065656565656565,0.8235294117647058,0.8823529411764706,5
D,GAT+LSTM_full_retrain,fri_pm_scan,3736,0.2857142857142857,0.6065656565656565,0.8235294117647058,0.8823529411764706,5
D,GAT+LSTM_full_retrain,fri_pm_scan,3737,0.2857142857142857,0.7537037037037037,0.8627450980392157,0.8823529411764706,5
D,GAT+LSTM_full_retrain,fri_pm_scan,3738,0.2857142857142857,0.7537037037037037,0.8627450980392157,0.8823529411764706,5
D,GAT+LSTM_full_retrain,fri_pm_scan,3739,0.2,1.0,1.0,0.8888888888888888,5
D,GAT+LSTM_full_retrain,fri_pm_scan,3740,0.10526315789473684,1.0,1.0,0.8947368421052632,5
D,GAT+LSTM_full_retrain,fri_pm_scan,3741,0.0,0.5,,0.9,5
D,GAT+LSTM_full_retrain,fri_pm_scan,3742,0.0,0.5,,0.85,5
D,GAT+LSTM_full_retrain,fri_pm_scan,3743,0.0,0.5,,0.8,5
D,GAT+LSTM_full_retrain,fri_pm_scan,3744,0.0,0.5,,0.8,5
D,GAT+LSTM_full_retrain,fri_pm_scan,3745,0.0,0.5,,0.8,5
D,GAT+LSTM_full_retrain,fri_pm_scan,3746,0.0,0.5,,0.8,5
D,GAT+LSTM_full_retrain,fri_pm_scan,3747,0.0,0.5,,0.8,5
D,GAT+LSTM_full_retrain,fri_pm_scan,3748,0.0,0.5,,0.75,5
D,GAT+LSTM_full_retrain,fri_pm_scan,3749,0.0,0.5,,0.75,5
D,GAT+LSTM_full_retrain,fri_pm_scan,3750,0.0,0.5,,0.8,5
D,GAT+LSTM_full_retrain,fri_pm_scan,3751,0.11764705882352941,0.25,0.9473684210526316,0.7894736842105263,5
D,GAT+LSTM_full_retrain,fri_pm_scan,3752,0.2222222222222222,0.7916666666666666,0.9722222222222222,0.7777777777777778,5
D,GAT+LSTM_full_retrain,fri_pm_scan,3753,0.3157894736842105,0.9027777777777777,0.9803921568627451,0.7647058823529411,5
D,GAT+LSTM_full_retrain,fri_pm_scan,3754,0.4,0.94375,0.984375,0.75,5
D,GAT+LSTM_full_retrain,fri_pm_scan,3755,0.47619047619047616,0.9633333333333334,0.9866666666666667,0.7333333333333333,5
D,GAT+LSTM_full_retrain,fri_pm_scan,3756,0.5454545454545454,0.9742063492063491,0.9880952380952381,0.7142857142857143,5
D,GAT+LSTM_full_retrain,fri_pm_scan,3757,0.6086956521739131,0.9808673469387754,0.989010989010989,0.6923076923076923,5
D,GAT+LSTM_full_retrain,fri_pm_scan,3758,0.6666666666666666,0.9852430555555556,0.9895833333333333,0.6666666666666666,5
D,GAT+LSTM_full_retrain,fri_pm_scan,3759,0.72,0.9882716049382718,0.9898989898989898,0.6363636363636364,5
D,GAT+LSTM_full_retrain,fri_pm_scan,3760,0.7692307692307693,0.9999999999999999,1.0,0.6,5
D,GAT+LSTM_full_retrain,fri_pm_scan,3761,0.8148148148148148,1.0,1.0,0.5555555555555556,5
D,GAT+LSTM_full_retrain,fri_pm_scan,3762,0.8275862068965517,1.0,1.0,0.625,5
D,GAT+LSTM_full_retrain,fri_pm_scan,3763,0.8387096774193549,0.9999999999999998,1.0,0.7142857142857143,5
D,GAT+LSTM_full_retrain,fri_pm_scan,3764,0.875,0.9999999999999999,1.0,0.6666666666666666,5
D,GAT+LSTM_full_retrain,fri_pm_scan,3765,0.9090909090909091,1.0,1.0,0.6,5
D,GAT+LSTM_full_retrain,fri_pm_scan,3766,0.9411764705882353,1.0,1.0,0.5,5
D,GAT+LSTM_full_retrain,fri_pm_scan,3767,0.9714285714285714,1.0,1.0,0.3333333333333333,5
D,GAT+LSTM_full_retrain,fri_pm_scan,3768,0.972972972972973,1.0,1.0,0.5,5
D,GAT+LSTM_full_retrain,fri_pm_scan,3769,0.9743589743589743,0.9999999999999998,1.0,1.0,5
D,GAT+LSTM_full_retrain,fri_pm_scan,3770,1.0,1.0000000000000002,,0.0,5
D,GAT+LSTM_full_retrain,fri_pm_scan,3771,1.0,1.0000000000000002,,0.0,5
D,GAT+LSTM_full_retrain,fri_pm_scan,3772,1.0,1.0000000000000002,,0.0,5
D,GAT+LSTM_full_retrain,fri_pm_scan,3773,1.0,1.0000000000000002,,0.0,5
D,GAT+LSTM_full_retrain,fri_pm_scan,3774,1.0,1.0000000000000002,,0.0,5
D,GAT+LSTM_full_retrain,fri_pm_scan,3775,1.0,1.0000000000000002,,0.0,5
D,GAT+LSTM_full_retrain,fri_pm_scan,3776,1.0,1.0000000000000002,,0.0,5
D,GAT+LSTM_full_retrain,fri_pm_scan,3777,1.0,1.0000000000000002,,0.0,5
D,GAT+LSTM_full_retrain,fri_pm_scan,3778,1.0,1.0000000000000002,,0.0,5
D,GAT+LSTM_full_retrain,fri_pm_scan,3779,1.0,1.0000000000000002,,0.0,5
D,GAT+LSTM_full_retrain,fri_pm_scan,3780,1.0,1.0000000000000002,,0.0,5
D,GAT+LSTM_full_retrain,fri_pm_scan,3781,1.0,1.0000000000000002,,0.0,5
D,GAT+LSTM_full_retrain,fri_pm_scan,3782,1.0,1.0000000000000002,,0.0,5
D,GAT+LSTM_full_retrain,fri_pm_scan,3783,1.0,1.0000000000000002,,0.0,5
D,GAT+LSTM_full_retrain,fri_pm_scan,3784,1.0,1.0000000000000002,,0.0,5
D,GAT+LSTM_full_retrain,fri_pm_scan,3785,1.0,1.0000000000000002,,0.0,5
D,GAT+LSTM_full_retrain,fri_pm_scan,3786,1.0,1.0000000000000002,,0.0,5
D,GAT+LSTM_full_retrain,fri_pm_scan,3787,1.0,1.0000000000000002,,0.0,5
D,GAT+LSTM_full_retrain,fri_pm_scan,3788,1.0,1.0000000000000002,,0.0,5
D,GAT+LSTM_full_retrain,fri_pm_scan,3789,1.0,1.0000000000000002,,0.0,5
D,GAT+LSTM_full_retrain,fri_pm_scan,3790,1.0,1.0000000000000002,,0.0,5
D,GAT+LSTM_full_retrain,fri_pm_scan,3791,1.0,1.0000000000000002,,0.0,5
D,GAT+LSTM_full_retrain,fri_pm_scan,3792,1.0,1.0000000000000002,,0.0,5
D,GAT+LSTM_full_retrain,fri_pm_scan,3793,1.0,1.0000000000000002,,0.0,5
D,GAT+LSTM_full_retrain,fri_pm_scan,3794,1.0,1.0000000000000002,,0.0,5
D,GAT+LSTM_full_retrain,fri_pm_scan,3795,1.0,1.0000000000000002,,0.0,5
D,GAT+LSTM_full_retrain,fri_pm_scan,3796,1.0,1.0000000000000002,,0.0,5
D,GAT+LSTM_full_retrain,fri_pm_scan,3797,1.0,1.0000000000000002,,0.0,5
D,GAT+LSTM_full_retrain,fri_pm_scan,3798,1.0,1.0000000000000002,,0.0,5
D,GAT+LSTM_full_retrain,fri_pm_scan,3799,1.0,1.0000000000000002,,0.0,5
D,GAT+LSTM_full_retrain,fri_pm_scan,3800,1.0,1.0000000000000002,,0.0,5
D,GAT+LSTM_full_retrain,fri_pm_scan,3801,1.0,1.0000000000000002,,0.0,5
D,GAT+LSTM_full_retrain,fri_pm_scan,3802,1.0,1.0000000000000002,,0.0,5
D,GAT+LSTM_full_retrain,fri_pm_scan,3803,1.0,1.0000000000000002,,0.0,5
D,GAT+LSTM_full_retrain,fri_pm_scan,3804,1.0,1.0000000000000002,,0.0,5
D,GAT+LSTM_full_retrain,fri_pm_scan,3805,1.0,1.0000000000000002,,0.0,5
D,GAT+LSTM_full_retrain,fri_pm_scan,3806,1.0,1.0000000000000002,,0.0,5
D,GAT+LSTM_full_retrain,fri_pm_scan,3807,1.0,1.0000000000000002,,0.0,5
D,GAT+LSTM_full_retrain,fri_pm_scan,3808,1.0,1.0000000000000002,,0.0,5
D,GAT+LSTM_full_retrain,fri_pm_scan,3809,1.0,1.0000000000000002,,0.0,5
D,GAT+LSTM_full_retrain,fri_pm_scan,3810,1.0,1.0000000000000002,,0.0,5
D,GAT+LSTM_full_retrain,fri_pm_scan,3811,1.0,1.0000000000000002,,0.0,5
D,GAT+LSTM_full_retrain,fri_pm_scan,3812,1.0,1.0000000000000002,,0.0,5
D,GAT+LSTM_full_retrain,fri_pm_scan,3813,1.0,1.0000000000000002,,0.0,5
D,GAT+LSTM_full_retrain,fri_pm_scan,3814,1.0,1.0000000000000002,,0.0,5
D,GAT+LSTM_full_retrain,fri_pm_scan,3815,1.0,1.0000000000000002,,0.0,5
D,GAT+LSTM_full_retrain,fri_pm_scan,3816,1.0,1.0000000000000002,,0.0,5
D,GAT+LSTM_full_retrain,fri_pm_scan,3817,1.0,1.0000000000000002,,0.0,5
D,GAT+LSTM_full_retrain,fri_pm_scan,3818,1.0,1.0000000000000002,,0.0,5
D,GAT+LSTM_full_retrain,fri_pm_scan,3819,1.0,1.0000000000000002,,0.0,5
D,GAT+LSTM_full_retrain,fri_pm_scan,3820,1.0,1.0000000000000002,,0.0,5
D,GAT+LSTM_full_retrain,fri_pm_scan,3821,1.0,1.0000000000000002,,0.0,5
D,GAT+LSTM_full_retrain,fri_pm_scan,3822,1.0,1.0000000000000002,,0.0,5
D,GAT+LSTM_full_retrain,fri_pm_scan,3823,1.0,1.0000000000000002,,0.0,5
D,GAT+LSTM_full_retrain,fri_pm_scan,3824,1.0,1.0000000000000002,,0.0,5
D,GAT+LSTM_full_retrain,fri_pm_scan,3825,1.0,1.0000000000000002,,0.0,5
D,GAT+LSTM_full_retrain,fri_pm_scan,3826,1.0,1.0000000000000002,,0.0,5
D,GAT+LSTM_full_retrain,fri_pm_scan,3827,1.0,1.0000000000000002,,0.0,5
D,GAT+LSTM_full_retrain,fri_pm_scan,3828,1.0,1.0000000000000002,,0.0,5
D,GAT+LSTM_full_retrain,fri_pm_scan,3829,1.0,1.0000000000000002,,0.0,5
D,GAT+LSTM_full_retrain,fri_pm_scan,3830,1.0,1.0000000000000002,,0.0,5
D,GAT+LSTM_full_retrain,fri_pm_scan,3831,1.0,1.0000000000000002,,0.0,5
D,GAT+LSTM_full_retrain,fri_pm_scan,3832,1.0,1.0000000000000002,,0.0,5
D,GAT+LSTM_full_retrain,fri_pm_scan,3833,1.0,1.0000000000000002,,0.0,5
D,GAT+LSTM_full_retrain,fri_pm_scan,3834,1.0,1.0000000000000002,,0.0,5
D,GAT+LSTM_full_retrain,fri_pm_scan,3835,1.0,1.0000000000000002,,0.0,5
D,GAT+LSTM_full_retrain,fri_pm_scan,3836,1.0,1.0000000000000002,,0.0,5
D,GAT+LSTM_full_retrain,fri_pm_scan,3837,1.0,1.0000000000000002,,0.0,5
D,GAT+LSTM_full_retrain,fri_pm_scan,3838,1.0,0.9999999999999998,1.0,0.0,5
D,GAT+LSTM_full_retrain,fri_pm_scan,3839,1.0,1.0,1.0,0.0,5
D,GAT+LSTM_full_retrain,fri_pm_scan,3840,1.0,1.0,1.0,0.0,5
D,GAT+LSTM_full_retrain,fri_pm_scan,3841,1.0,1.0,1.0,0.0,5
D,GAT+LSTM_full_retrain,fri_pm_scan,3842,1.0,1.0,1.0,0.0,5
D,GAT+LSTM_full_retrain,fri_pm_scan,3843,0.9655172413793104,1.0,1.0,0.0,5
D,GAT+LSTM_full_retrain,fri_pm_scan,3844,0.9629629629629629,0.9999999999999999,1.0,0.0,5
D,GAT+LSTM_full_retrain,fri_pm_scan,3845,0.96,0.9999999999999998,1.0,0.0,5
D,GAT+LSTM_full_retrain,fri_pm_scan,3846,0.9565217391304348,0.9933226495726496,0.9895833333333334,0.0,5
D,GAT+LSTM_full_retrain,fri_pm_scan,3847,0.9090909090909091,0.9933226495726496,0.9895833333333334,0.0,5
D,GAT+LSTM_full_retrain,fri_pm_scan,3848,0.8571428571428571,0.9754779942279944,0.9583333333333333,0.0,5
D,GAT+LSTM_full_retrain,fri_pm_scan,3849,0.8,0.9754779942279944,0.9583333333333333,0.0,5
D,GAT+LSTM_full_retrain,fri_pm_scan,3850,0.7368421052631579,0.9754779942279944,0.9583333333333333,0.0,5
D,GAT+LSTM_full_retrain,fri_pm_scan,3851,0.6666666666666666,0.9754779942279944,0.9583333333333333,0.0,5
D,GAT+LSTM_full_retrain,fri_pm_scan,3852,0.5882352941176471,0.9482257632073811,0.90625,0.0,5
D,GAT+LSTM_full_retrain,fri_pm_scan,3853,0.5,0.9273519610835789,0.875,0.0,5
D,GAT+LSTM_full_retrain,fri_pm_scan,3854,0.4,0.8872294341866712,0.7916666666666667,0.0,5
D,GAT+LSTM_full_retrain,fri_pm_scan,3855,0.3076923076923077,0.8497937867555092,0.7575757575757576,0.0,5
D,GAT+LSTM_full_retrain,fri_pm_scan,3856,0.18181818181818182,0.7522321209492262,0.6900000000000001,0.0,5
D,GAT+LSTM_full_retrain,fri_pm_scan,3857,0.0,0.7522321209492262,0.6900000000000001,0.0,5
D,GAT+LSTM_full_retrain,fri_pm_scan,3858,0.0,0.7436011685682737,0.6799999999999999,0.0,5
D,GAT+LSTM_full_retrain,fri_pm_scan,3859,0.0,0.7692948627739651,0.6767676767676767,0.0,5
D,GAT+LSTM_full_retrain,fri_pm_scan,3860,0.0,0.7421174761380223,0.6262626262626263,0.0,5
D,GAT+LSTM_full_retrain,fri_pm_scan,3861,0.0,0.730311668309487,0.5959595959595959,0.0,5
D,GAT+LSTM_full_retrain,fri_pm_scan,3862,0.0,0.7174904816545684,0.5555555555555556,0.0,5
D,GAT+LSTM_full_retrain,fri_pm_scan,3863,0.0,0.7200668337510442,0.6000000000000001,0.0,5
D,GAT+LSTM_full_retrain,fri_pm_scan,3864,0.0,0.7267151853993958,0.6199999999999999,0.0,5
D,GAT+LSTM_full_retrain,fri_pm_scan,3865,0.0,0.7143504843969241,0.5454545454545454,0.0,5
D,GAT+LSTM_full_retrain,fri_pm_scan,3866,0.0,0.7176583363889867,0.5,0.0,5
D,GAT+LSTM_full_retrain,fri_pm_scan,3867,0.15384615384615385,0.7176583363889867,0.5,0.0,5
D,GAT+LSTM_full_retrain,fri_pm_scan,3868,0.2857142857142857,0.7662211162017666,0.5625,0.0,5
D,GAT+LSTM_full_retrain,fri_pm_scan,3869,0.2857142857142857,0.7900141056197559,0.5833333333333334,0.0,5
D,GAT+LSTM_full_retrain,fri_pm_scan,3870,0.4,0.8029109310165813,0.59375,0.0,5
D,GAT+LSTM_full_retrain,fri_pm_scan,3871,0.4,0.8029109310165813,0.59375,0.0,5
D,GAT+LSTM_full_retrain,fri_pm_scan,3872,0.5,0.8472389613740233,0.6770833333333333,0.0,5
D,GAT+LSTM_full_retrain,fri_pm_scan,3873,0.5,0.7200128775593172,0.6464646464646464,0.1111111111111111,5
D,GAT+LSTM_full_retrain,fri_pm_scan,3874,0.5,0.6771050732892837,0.6699999999999999,0.2,5
D,GAT+LSTM_full_retrain,fri_pm_scan,3875,0.47058823529411764,0.6352183489025593,0.62,0.3,5
D,GAT+LSTM_full_retrain,fri_pm_scan,3876,0.47058823529411764,0.6414304701146806,0.6299999999999999,0.3,5
D,GAT+LSTM_full_retrain,fri_pm_scan,3877,0.5,0.6216954423094774,0.6363636363636364,0.2727272727272727,5
D,GAT+LSTM_full_retrain,fri_pm_scan,3878,0.5,0.6216954423094774,0.6363636363636364,0.2727272727272727,5
D,GAT+LSTM_full_retrain,fri_pm_scan,3879,0.5333333333333333,0.600814536340852,0.6354166666666666,0.25,5
D,GAT+LSTM_full_retrain,fri_pm_ddos,4277,0.5333333333333333,0.6033192663030124,0.6458333333333334,0.25,5
D,GAT+LSTM_full_retrain,fri_pm_ddos,4278,0.5333333333333333,0.6061276813356921,0.6562499999999999,0.25,5
D,GAT+LSTM_full_retrain,fri_pm_ddos,4279,0.5333333333333333,0.6061276813356921,0.6562499999999999,0.25,5
D,GAT+LSTM_full_retrain,fri_pm_ddos,4280,0.5333333333333333,0.6061276813356921,0.6562499999999999,0.25,5
D,GAT+LSTM_full_retrain,fri_pm_ddos,4281,0.5333333333333333,0.5976207368912476,0.6458333333333333,0.25,5
D,GAT+LSTM_full_retrain,fri_pm_ddos,4282,0.5714285714285714,0.6248982926503934,0.7472527472527472,0.23076923076923078,5
D,GAT+LSTM_full_retrain,fri_pm_ddos,4283,0.6153846153846154,0.667228835978836,0.8571428571428572,0.21428571428571427,5
D,GAT+LSTM_full_retrain,fri_pm_ddos,4284,0.5454545454545454,0.6193650793650793,0.8533333333333334,0.2,5
D,GAT+LSTM_full_retrain,fri_pm_ddos,4285,0.4444444444444444,0.5598214285714286,0.84375,0.1875,5
D,GAT+LSTM_full_retrain,fri_pm_ddos,4286,0.5,0.5686507936507936,0.8627450980392156,0.17647058823529413,5
D,GAT+LSTM_full_retrain,fri_pm_ddos,4287,0.3333333333333333,0.6333333333333333,0.8888888888888888,0.16666666666666666,5
D,GAT+LSTM_full_retrain,fri_pm_ddos,4288,0.4,1.0,1.0,0.15789473684210525,5
D,GAT+LSTM_full_retrain,fri_pm_ddos,4289,0.0,0.5,,0.15,5
D,GAT+LSTM_full_retrain,fri_pm_ddos,4290,0.0,0.5,,0.1,5
D,GAT+LSTM_full_retrain,fri_pm_ddos,4291,0.0,0.5,,0.05,5
D,GAT+LSTM_full_retrain,fri_pm_ddos,4292,0.0,0.5,,0.0,5
D,GAT+LSTM_full_retrain,fri_pm_ddos,4293,0.0,0.5,,0.0,5
D,GAT+LSTM_full_retrain,fri_pm_ddos,4294,0.0,0.5,,0.0,5
D,GAT+LSTM_full_retrain,fri_pm_ddos,4295,1.0,1.0,1.0,0.0,5
D,GAT+LSTM_full_retrain,fri_pm_ddos,4296,1.0,1.0,1.0,0.0,5
D,GAT+LSTM_full_retrain,fri_pm_ddos,4297,1.0,1.0,1.0,0.0,5
D,GAT+LSTM_full_retrain,fri_pm_ddos,4298,1.0,1.0,1.0,0.0,5
D,GAT+LSTM_full_retrain,fri_pm_ddos,4299,1.0,1.0,1.0,0.0,5
D,GAT+LSTM_full_retrain,fri_pm_ddos,4300,1.0,1.0,1.0,0.0,5
D,GAT+LSTM_full_retrain,fri_pm_ddos,4301,1.0,0.9999999999999998,1.0,0.0,5
D,GAT+LSTM_full_retrain,fri_pm_ddos,4302,1.0,1.0,1.0,0.0,5
D,GAT+LSTM_full_retrain,fri_pm_ddos,4303,1.0,1.0000000000000002,1.0,0.0,5
D,GAT+LSTM_full_retrain,fri_pm_ddos,4304,1.0,0.9999999999999999,1.0,0.0,5
D,GAT+LSTM_full_retrain,fri_pm_ddos,4305,1.0,1.0,1.0,0.0,5
D,GAT+LSTM_full_retrain,fri_pm_ddos,4306,1.0,1.0,1.0,0.0,5
D,GAT+LSTM_full_retrain,fri_pm_ddos,4307,1.0,0.9999999999999998,1.0,0.0,5
D,GAT+LSTM_full_retrain,fri_pm_ddos,4308,0.9629629629629629,0.9999999999999998,1.0,0.14285714285714285,5
D,GAT+LSTM_full_retrain,fri_pm_ddos,4309,0.9655172413793104,0.9999999999999999,1.0,0.16666666666666666,5
D,GAT+LSTM_full_retrain,fri_pm_ddos,4310,0.967741935483871,1.0,1.0,0.2,5
D,GAT+LSTM_full_retrain,fri_pm_ddos,4311,0.9696969696969697,1.0,1.0,0.25,5
D,GAT+LSTM_full_retrain,fri_pm_ddos,4312,0.9714285714285714,1.0,1.0,0.3333333333333333,5
D,GAT+LSTM_full_retrain,fri_pm_ddos,4313,0.972972972972973,1.0,1.0,0.5,5
D,GAT+LSTM_full_retrain,fri_pm_ddos,4314,0.9743589743589743,0.9999999999999998,1.0,1.0,5
D,GAT+LSTM_full_retrain,fri_pm_ddos,4315,0.9743589743589743,0.9999999999999998,1.0,1.0,5
D,GAT+LSTM_full_retrain,fri_pm_ddos,4316,0.9743589743589743,0.9999999999999998,1.0,1.0,5
D,GAT+LSTM_full_retrain,fri_pm_ddos,4317,0.9473684210526315,1.0,1.0,1.0,5
D,GAT+LSTM_full_retrain,fri_pm_ddos,4318,0.918918918918919,0.9966359092656671,0.9803921568627452,1.0,5
D,GAT+LSTM_full_retrain,fri_pm_ddos,4319,0.918918918918919,0.9966359092656671,0.9803921568627452,1.0,5
D,GAT+LSTM_full_retrain,fri_pm_ddos,4320,0.918918918918919,0.9966359092656671,0.9803921568627452,1.0,5
D,GAT+LSTM_full_retrain,fri_pm_ddos,4321,0.918918918918919,0.9966359092656671,0.9803921568627452,1.0,5
D,GAT+LSTM_full_retrain,fri_pm_ddos,4322,0.918918918918919,0.9966359092656671,0.9803921568627452,1.0,5
D,GAT+LSTM_full_retrain,fri_pm_ddos,4323,0.918918918918919,0.9966359092656671,0.9803921568627452,1.0,5
D,GAT+LSTM_full_retrain,fri_pm_ddos,4324,0.918918918918919,0.9966359092656671,0.9803921568627452,1.0,5
D,GAT+LSTM_full_retrain,fri_pm_ddos,4325,0.918918918918919,0.9966359092656671,0.9803921568627452,1.0,5
D,GAT+LSTM_full_retrain,fri_pm_ddos,4326,0.918918918918919,0.9966359092656671,0.9803921568627452,1.0,5
D,GAT+LSTM_full_retrain,fri_pm_ddos,4327,0.8888888888888888,0.9962086397058824,0.984375,1.0,5
D,GAT+LSTM_full_retrain,fri_pm_ddos,4328,0.8888888888888888,0.9928513071895425,0.96875,1.0,5
D,GAT+LSTM_full_retrain,fri_pm_ddos,4329,0.8888888888888888,1.0,1.0,1.0,5
D,GAT+LSTM_full_retrain,fri_pm_ddos,4330,0.8888888888888888,1.0,1.0,1.0,5
D,GAT+LSTM_full_retrain,fri_pm_ddos,4331,0.8888888888888888,1.0,1.0,1.0,5
D,GAT+LSTM_full_retrain,fri_pm_ddos,4332,0.8888888888888888,1.0,1.0,1.0,5
D,GAT+LSTM_full_retrain,fri_pm_ddos,4333,0.8888888888888888,1.0,1.0,1.0,5
D,GAT+LSTM_full_retrain,fri_pm_ddos,4334,0.8888888888888888,1.0,1.0,1.0,5
D,GAT+LSTM_full_retrain,fri_pm_ddos,4335,0.8888888888888888,1.0,1.0,1.0,5
D,GAT+LSTM_full_retrain,fri_pm_ddos,4336,0.8571428571428571,1.0,1.0,1.0,5
D,GAT+LSTM_full_retrain,fri_pm_ddos,4337,0.8571428571428571,1.0,1.0,1.0,5
D,GAT+LSTM_full_retrain,fri_pm_ddos,4338,0.8888888888888888,1.0,1.0,1.0,5
D,GAT+LSTM_full_retrain,fri_pm_ddos,4339,0.8888888888888888,1.0,1.0,1.0,5
D,GAT+LSTM_full_retrain,fri_pm_ddos,4340,0.8888888888888888,1.0,1.0,1.0,5
D,GAT+LSTM_full_retrain,fri_pm_ddos,4341,0.8888888888888888,1.0,1.0,1.0,5
D,GAT+LSTM_full_retrain,fri_pm_ddos,4342,0.8888888888888888,1.0,1.0,1.0,5
D,GAT+LSTM_full_retrain,fri_pm_ddos,4343,0.8888888888888888,1.0,1.0,1.0,5
D,GAT+LSTM_full_retrain,fri_pm_ddos,4344,0.8888888888888888,1.0,1.0,1.0,5
D,GAT+LSTM_full_retrain,fri_pm_ddos,4345,0.8888888888888888,1.0,1.0,1.0,5
D,GAT+LSTM_full_retrain,fri_pm_ddos,4346,0.8571428571428571,1.0,1.0,1.0,5
D,GAT+LSTM_full_retrain,fri_pm_ddos,4347,0.8888888888888888,1.0,1.0,1.0,5
D,GAT+LSTM_full_retrain,fri_pm_ddos,4348,0.918918918918919,1.0,1.0,1.0,5
D,GAT+LSTM_full_retrain,fri_pm_ddos,4349,0.918918918918919,1.0,1.0,1.0,5
D,GAT+LSTM_full_retrain,fri_pm_ddos,4350,0.918918918918919,1.0,1.0,1.0,5
D,GAT+LSTM_full_retrain,fri_pm_ddos,4351,0.918918918918919,1.0,1.0,1.0,5
D,GAT+LSTM_full_retrain,fri_pm_ddos,4352,0.918918918918919,1.0,1.0,1.0,5
D,GAT+LSTM_full_retrain,fri_pm_ddos,4353,0.918918918918919,1.0,1.0,1.0,5
D,GAT+LSTM_full_retrain,fri_pm_ddos,4354,0.918918918918919,1.0,1.0,1.0,5
D,GAT+LSTM_full_retrain,fri_pm_ddos,4355,0.918918918918919,1.0,1.0,1.0,5
D,GAT+LSTM_full_retrain,fri_pm_ddos,4356,0.9473684210526315,1.0,1.0,1.0,5
D,GAT+LSTM_full_retrain,fri_pm_ddos,4357,0.9743589743589743,0.9999999999999998,1.0,1.0,5
D,GAT+LSTM_full_retrain,fri_pm_ddos,4358,0.9743589743589743,0.9999999999999998,1.0,1.0,5
D,GAT+LSTM_full_retrain,fri_pm_ddos,4359,0.9743589743589743,0.9999999999999998,1.0,1.0,5
D,GAT+LSTM_full_retrain,fri_pm_ddos,4360,0.9743589743589743,0.9999999999999998,1.0,1.0,5
D,GAT+LSTM_full_retrain,fri_pm_ddos,4361,0.9743589743589743,0.9999999999999998,1.0,1.0,5
D,GAT+LSTM_full_retrain,fri_pm_ddos,4362,0.9743589743589743,0.9999999999999998,1.0,1.0,5
D,GAT+LSTM_full_retrain,fri_pm_ddos,4363,0.9473684210526315,1.0,1.0,1.0,5
D,GAT+LSTM_full_retrain,fri_pm_ddos,4364,0.9473684210526315,1.0,1.0,1.0,5
D,GAT+LSTM_full_retrain,fri_pm_ddos,4365,0.9473684210526315,1.0,1.0,1.0,5
D,GAT+LSTM_full_retrain,fri_pm_ddos,4366,0.9743589743589743,0.9999999999999998,1.0,1.0,5
D,GAT+LSTM_full_retrain,fri_pm_ddos,4367,0.9743589743589743,0.9999999999999998,1.0,1.0,5
D,GAT+LSTM_full_retrain,fri_pm_ddos,4368,0.9743589743589743,0.9999999999999998,1.0,1.0,5
D,GAT+LSTM_full_retrain,fri_pm_ddos,4369,0.9743589743589743,0.9999999999999998,1.0,1.0,5
D,GAT+LSTM_full_retrain,fri_pm_ddos,4370,0.9743589743589743,0.9999999999999998,1.0,1.0,5
D,GAT+LSTM_full_retrain,fri_pm_ddos,4371,0.9473684210526315,1.0,1.0,1.0,5
D,GAT+LSTM_full_retrain,fri_pm_ddos,4372,0.9473684210526315,1.0,1.0,1.0,5
D,GAT+LSTM_full_retrain,fri_pm_ddos,4373,0.9473684210526315,1.0,1.0,1.0,5
D,GAT+LSTM_full_retrain,fri_pm_ddos,4374,0.9473684210526315,1.0,1.0,1.0,5
D,GAT+LSTM_full_retrain,fri_pm_ddos,4375,0.9473684210526315,1.0,1.0,1.0,5
D,GAT+LSTM_full_retrain,fri_pm_ddos,4376,0.9473684210526315,1.0,1.0,1.0,5
D,GAT+LSTM_full_retrain,fri_pm_ddos,4377,0.9473684210526315,1.0,1.0,1.0,5
D,GAT+LSTM_full_retrain,fri_pm_ddos,4378,0.9473684210526315,1.0,1.0,1.0,5
D,GAT+LSTM_full_retrain,fri_pm_ddos,4379,0.918918918918919,1.0,1.0,1.0,5
D,GAT+LSTM_full_retrain,fri_pm_ddos,4380,0.918918918918919,1.0,1.0,1.0,5
D,GAT+LSTM_full_retrain,fri_pm_ddos,4381,0.918918918918919,1.0,1.0,1.0,5
D,GAT+LSTM_full_retrain,fri_pm_ddos,4382,0.918918918918919,1.0,1.0,1.0,5
D,GAT+LSTM_full_retrain,fri_pm_ddos,4383,0.9473684210526315,1.0,1.0,1.0,5
D,GAT+LSTM_full_retrain,fri_pm_ddos,4384,0.9473684210526315,1.0,1.0,1.0,5
D,GAT+LSTM_full_retrain,fri_pm_ddos,4385,0.9473684210526315,1.0,1.0,1.0,5
D,GAT+LSTM_full_retrain,fri_pm_ddos,4386,0.9473684210526315,1.0,1.0,1.0,5
D,GAT+LSTM_full_retrain,fri_pm_ddos,4387,0.9473684210526315,1.0,1.0,1.0,5
D,GAT+LSTM_full_retrain,fri_pm_ddos,4388,0.918918918918919,0.9966359092656671,0.9803921568627452,1.0,5
D,GAT+LSTM_full_retrain,fri_pm_ddos,4389,0.918918918918919,0.9966359092656671,0.9803921568627452,1.0,5
D,GAT+LSTM_full_retrain,fri_pm_ddos,4390,0.918918918918919,0.9966359092656671,0.9803921568627452,1.0,5
D,GAT+LSTM_full_retrain,fri_pm_ddos,4391,0.9473684210526315,0.9969948018193633,0.9722222222222222,1.0,5
D,GAT+LSTM_full_retrain,fri_pm_ddos,4392,0.9473684210526315,0.9969948018193633,0.9722222222222222,1.0,5
D,GAT+LSTM_full_retrain,fri_pm_ddos,4393,0.9473684210526315,0.9969948018193633,0.9722222222222222,1.0,5
D,GAT+LSTM_full_retrain,fri_pm_ddos,4394,0.9473684210526315,0.9969948018193633,0.9722222222222222,1.0,5
D,GAT+LSTM_full_retrain,fri_pm_ddos,4395,0.9473684210526315,0.9969948018193633,0.9722222222222222,1.0,5
D,GAT+LSTM_full_retrain,fri_pm_ddos,4396,0.918918918918919,0.9936360509115927,0.9607843137254902,1.0,5
D,GAT+LSTM_full_retrain,fri_pm_ddos,4397,0.918918918918919,0.9936360509115927,0.9607843137254902,1.0,5
D,GAT+LSTM_full_retrain,fri_pm_ddos,4398,0.918918918918919,0.9936360509115927,0.9607843137254902,1.0,5
D,GAT+LSTM_full_retrain,fri_pm_ddos,4399,0.9473684210526315,0.9942982456140352,0.9444444444444444,1.0,5
D,GAT+LSTM_full_retrain,fri_pm_ddos,4400,0.9473684210526315,0.9942982456140352,0.9444444444444444,1.0,5
D,GAT+LSTM_full_retrain,fri_pm_ddos,4401,0.9473684210526315,0.9942982456140352,0.9444444444444444,1.0,5
D,GAT+LSTM_full_retrain,fri_pm_ddos,4402,0.9473684210526315,0.9942982456140352,0.9444444444444444,1.0,5
D,GAT+LSTM_full_retrain,fri_pm_ddos,4403,0.9473684210526315,0.9942982456140352,0.9444444444444444,1.0,5
D,GAT+LSTM_full_retrain,fri_pm_ddos,4404,0.9473684210526315,0.9942982456140352,0.9444444444444444,1.0,5
D,GAT+LSTM_full_retrain,fri_pm_ddos,4405,0.918918918918919,0.9909442724458204,0.9411764705882353,1.0,5
D,GAT+LSTM_full_retrain,fri_pm_ddos,4406,0.918918918918919,0.9813983488132095,0.8823529411764706,1.0,5
D,GAT+LSTM_full_retrain,fri_pm_ddos,4407,0.918918918918919,0.9909442724458204,0.9411764705882353,1.0,5
D,GAT+LSTM_full_retrain,fri_pm_ddos,4408,0.9473684210526315,0.9942982456140352,0.9444444444444444,1.0,5
D,GAT+LSTM_full_retrain,fri_pm_ddos,4409,0.9473684210526315,0.9942982456140352,0.9444444444444444,1.0,5
D,GAT+LSTM_full_retrain,fri_pm_ddos,4410,0.9473684210526315,0.9942982456140352,0.9444444444444444,1.0,5
D,GAT+LSTM_full_retrain,fri_pm_ddos,4411,0.9473684210526315,0.9942982456140352,0.9444444444444444,1.0,5
D,GAT+LSTM_full_retrain,fri_pm_ddos,4412,0.9473684210526315,0.9942982456140352,0.9444444444444444,1.0,5
D,GAT+LSTM_full_retrain,fri_pm_ddos,4413,0.9473684210526315,0.9942982456140352,0.9444444444444444,1.0,5
D,GAT+LSTM_full_retrain,fri_pm_ddos,4414,0.918918918918919,0.9909442724458204,0.9411764705882353,1.0,5
D,GAT+LSTM_full_retrain,fri_pm_ddos,4415,0.918918918918919,0.9813983488132095,0.8823529411764706,1.0,5
D,GAT+LSTM_full_retrain,fri_pm_ddos,4416,0.9473684210526315,0.984917751213546,0.8611111111111112,1.0,5
D,GAT+LSTM_full_retrain,fri_pm_ddos,4417,0.9473684210526315,0.984917751213546,0.8611111111111112,1.0,5
D,GAT+LSTM_full_retrain,fri_pm_ddos,4418,0.9473684210526315,0.984917751213546,0.8611111111111112,1.0,5
D,GAT+LSTM_full_retrain,fri_pm_ddos,4419,0.9473684210526315,0.984917751213546,0.8611111111111112,1.0,5
D,GAT+LSTM_full_retrain,fri_pm_ddos,4420,0.9473684210526315,0.984917751213546,0.8611111111111112,1.0,5
D,GAT+LSTM_full_retrain,fri_pm_ddos,4421,0.9473684210526315,0.984917751213546,0.8611111111111112,1.0,5
D,GAT+LSTM_full_retrain,fri_pm_ddos,4422,0.918918918918919,0.9804170713693114,0.8823529411764706,1.0,5
D,GAT+LSTM_full_retrain,fri_pm_ddos,4423,0.8888888888888888,0.9752728558528675,0.890625,1.0,5
D,GAT+LSTM_full_retrain,fri_pm_ddos,4424,0.8888888888888888,0.9752728558528675,0.890625,1.0,5
D,GAT+LSTM_full_retrain,fri_pm_ddos,4425,0.918918918918919,0.9873759333454745,0.9215686274509804,1.0,5
D,GAT+LSTM_full_retrain,fri_pm_ddos,4426,0.918918918918919,0.9966359092656671,0.9803921568627452,1.0,5
D,GAT+LSTM_full_retrain,fri_pm_ddos,4427,0.918918918918919,0.9966359092656671,0.9803921568627452,1.0,5
D,GAT+LSTM_full_retrain,fri_pm_ddos,4428,0.918918918918919,0.9966359092656671,0.9803921568627452,1.0,5
D,GAT+LSTM_full_retrain,fri_pm_ddos,4429,0.918918918918919,0.9966359092656671,0.9803921568627452,1.0,5
D,GAT+LSTM_full_retrain,fri_pm_ddos,4430,0.918918918918919,0.9966359092656671,0.9803921568627452,1.0,5
D,GAT+LSTM_full_retrain,fri_pm_ddos,4431,0.8888888888888888,0.9962086397058824,0.984375,1.0,5
D,GAT+LSTM_full_retrain,fri_pm_ddos,4432,0.8571428571428571,0.9956944444444444,0.9866666666666667,1.0,5
D,GAT+LSTM_full_retrain,fri_pm_ddos,4433,0.8571428571428571,0.9956944444444444,0.9866666666666667,1.0,5
D,GAT+LSTM_full_retrain,fri_pm_ddos,4434,0.8888888888888888,1.0,1.0,1.0,5
D,GAT+LSTM_full_retrain,fri_pm_ddos,4435,0.8888888888888888,1.0,1.0,1.0,5
D,GAT+LSTM_full_retrain,fri_pm_ddos,4436,0.8888888888888888,1.0,1.0,1.0,5
D,GAT+LSTM_full_retrain,fri_pm_ddos,4437,0.8888888888888888,1.0,1.0,1.0,5
D,GAT+LSTM_full_retrain,fri_pm_ddos,4438,0.8888888888888888,1.0,1.0,1.0,5
D,GAT+LSTM_full_retrain,fri_pm_ddos,4439,0.8888888888888888,1.0,1.0,1.0,5
D,GAT+LSTM_full_retrain,fri_pm_ddos,4440,0.8888888888888888,1.0,1.0,1.0,5
D,GAT+LSTM_full_retrain,fri_pm_ddos,4441,0.8571428571428571,0.9956944444444443,0.9866666666666667,1.0,5
D,GAT+LSTM_full_retrain,fri_pm_ddos,4442,0.8888888888888888,0.9962086397058824,0.984375,1.0,5
D,GAT+LSTM_full_retrain,fri_pm_ddos,4443,0.918918918918919,0.996635909265667,0.9803921568627452,1.0,5
D,GAT+LSTM_full_retrain,fri_pm_ddos,4444,0.918918918918919,0.996635909265667,0.9803921568627452,1.0,5
D,GAT+LSTM_full_retrain,fri_pm_ddos,4445,0.918918918918919,0.996635909265667,0.9803921568627452,1.0,5
D,GAT+LSTM_full_retrain,fri_pm_ddos,4446,0.918918918918919,0.996635909265667,0.9803921568627452,1.0,5
D,GAT+LSTM_full_retrain,fri_pm_ddos,4447,0.918918918918919,0.996635909265667,0.9803921568627452,1.0,5
D,GAT+LSTM_full_retrain,fri_pm_ddos,4448,0.918918918918919,0.996635909265667,0.9803921568627452,1.0,5
D,GAT+LSTM_full_retrain,fri_pm_ddos,4449,0.8888888888888888,0.9962086397058824,0.984375,1.0,5
D,GAT+LSTM_full_retrain,fri_pm_ddos,4450,0.8823529411764706,0.9956944444444444,0.9866666666666667,0.8,5
D,GAT+LSTM_full_retrain,fri_pm_ddos,4451,0.8823529411764706,0.9956944444444444,0.9866666666666667,0.8,5
D,GAT+LSTM_full_retrain,fri_pm_ddos,4452,0.8823529411764706,0.9956944444444444,0.9866666666666667,0.8,5
D,GAT+LSTM_full_retrain,fri_pm_ddos,4453,0.8823529411764706,1.0,1.0,0.8,5
D,GAT+LSTM_full_retrain,fri_pm_ddos,4454,0.8823529411764706,1.0,1.0,0.8,5
D,GAT+LSTM_full_retrain,fri_pm_ddos,4455,0.8823529411764706,1.0,1.0,0.8,5
D,GAT+LSTM_full_retrain,fri_pm_ddos,4456,0.8823529411764706,1.0,1.0,0.8,5
D,GAT+LSTM_full_retrain,fri_pm_ddos,4457,0.8823529411764706,1.0,1.0,0.8,5
D,GAT+LSTM_full_retrain,fri_pm_ddos,4458,0.8823529411764706,1.0,1.0,0.8,5
D,GAT+LSTM_full_retrain,fri_pm_ddos,4459,0.8823529411764706,1.0,1.0,0.8,5
D,GAT+LSTM_full_retrain,fri_pm_ddos,4460,0.8484848484848485,0.9999999999999999,1.0,0.8333333333333334,5
D,GAT+LSTM_full_retrain,fri_pm_ddos,4461,0.8484848484848485,0.9999999999999999,1.0,0.8333333333333334,5
D,GAT+LSTM_full_retrain,fri_pm_ddos,4462,0.8484848484848485,0.9999999999999999,1.0,0.8333333333333334,5
D,GAT+LSTM_full_retrain,fri_pm_ddos,4463,0.8484848484848485,0.9999999999999999,1.0,0.8333333333333334,5
D,GAT+LSTM_full_retrain,fri_pm_ddos,4464,0.8484848484848485,0.9999999999999999,1.0,0.8333333333333334,5
D,GAT+LSTM_full_retrain,fri_pm_ddos,4465,0.8484848484848485,0.9999999999999999,1.0,0.8333333333333334,5
D,GAT+LSTM_full_retrain,fri_pm_ddos,4466,0.8484848484848485,0.9999999999999999,1.0,0.8333333333333334,5
D,GAT+LSTM_full_retrain,fri_pm_ddos,4467,0.8484848484848485,0.9999999999999999,1.0,0.8333333333333334,5
D,GAT+LSTM_full_retrain,fri_pm_ddos,4468,0.8484848484848485,0.9999999999999999,1.0,0.8333333333333334,5
D,GAT+LSTM_full_retrain,fri_pm_ddos,4469,0.8484848484848485,0.9897697540554682,0.9761904761904763,0.8333333333333334,5
D,GAT+LSTM_full_retrain,fri_pm_ddos,4470,0.8235294117647058,0.9809098639455781,0.9523809523809524,1.0,5
D,GAT+LSTM_full_retrain,fri_pm_ddos,4471,0.8571428571428571,0.9833006535947713,0.9466666666666667,1.0,5
D,GAT+LSTM_full_retrain,fri_pm_ddos,4472,0.8888888888888888,0.9852685866013071,0.9375,1.0,5
D,GAT+LSTM_full_retrain,fri_pm_ddos,4473,0.8571428571428571,0.9833006535947713,0.9466666666666667,1.0,5
D,GAT+LSTM_full_retrain,fri_pm_ddos,4474,0.8235294117647058,0.9809098639455781,0.9523809523809524,1.0,5
D,GAT+LSTM_full_retrain,fri_pm_ddos,4475,0.8125,0.9779656241194701,0.956043956043956,0.8571428571428571,5
D,GAT+LSTM_full_retrain,fri_pm_ddos,4476,0.8,0.974282661782662,0.9583333333333334,0.75,5
D,GAT+LSTM_full_retrain,fri_pm_ddos,4477,0.7857142857142857,0.9695910150455607,0.9595959595959596,0.6666666666666666,5
D,GAT+LSTM_full_retrain,fri_pm_ddos,4478,0.7692307692307693,0.9634848484848485,0.9600000000000001,0.6,5
D,GAT+LSTM_full_retrain,fri_pm_ddos,4479,0.75,0.9553310886644222,0.9595959595959596,0.5454545454545454,5
D,GAT+LSTM_full_retrain,fri_pm_ddos,4480,0.782608695652174,0.9553310886644222,0.9595959595959596,0.45454545454545453,5
D,GAT+LSTM_full_retrain,fri_pm_ddos,4481,0.8181818181818182,0.9553310886644222,0.9595959595959596,0.36363636363636365,5
D,GAT+LSTM_full_retrain,fri_pm_ddos,4482,0.8,0.9736111111111111,0.9791666666666667,0.3333333333333333,5
D,GAT+LSTM_full_retrain,fri_pm_ddos,4483,0.7777777777777778,0.9999999999999998,1.0,0.3076923076923077,5
D,GAT+LSTM_full_retrain,fri_pm_ddos,4484,0.75,1.0,1.0,0.2857142857142857,5
D,GAT+LSTM_full_retrain,fri_pm_ddos,4485,0.7142857142857143,1.0,1.0,0.26666666666666666,5
D,GAT+LSTM_full_retrain,fri_pm_ddos,4486,0.6666666666666666,1.0,1.0,0.25,5
D,GAT+LSTM_full_retrain,fri_pm_ddos,4487,0.6,1.0,1.0,0.23529411764705882,5
D,GAT+LSTM_full_retrain,fri_pm_ddos,4488,0.5,1.0,1.0,0.2222222222222222,5
D,GAT+LSTM_full_retrain,fri_pm_ddos,4489,0.5714285714285714,1.0,1.0,0.16666666666666666,5
D,GAT+LSTM_full_retrain,fri_pm_ddos,4490,0.6666666666666666,1.0,1.0,0.1111111111111111,5
D,GAT+LSTM_full_retrain,fri_pm_ddos,4491,0.5,1.0,1.0,0.10526315789473684,5
D,GAT+LSTM_full_retrain,fri_pm_ddos,4492,0.0,0.5,,0.1,5
D,GAT+LSTM_full_retrain,fri_pm_ddos,4493,0.0,0.5,,0.05,5
D,GAT+LSTM_full_retrain,fri_pm_ddos,4494,0.0,0.5,,0.0,5
D,GAT+LSTM_full_retrain,fri_pm_ddos,4495,0.0,0.5,,0.0,5
D,GAT+LSTM_full_retrain,fri_pm_ddos,4496,0.0,0.5,,0.0,5
D,GAT+LSTM_full_retrain,fri_pm_ddos,4497,0.0,0.5,,0.0,5
D,GAT+LSTM_full_retrain,fri_pm_ddos,4498,0.0,0.5,,0.0,5
D,GAT+LSTM_full_retrain,fri_pm_ddos,4499,0.0,0.5,,0.0,5
D,GAT+LSTM_full_retrain,fri_pm_ddos,4500,0.0,0.5,,0.05,5
D,GAT+LSTM_incremental,mon,6,0.0,0.5,,0.0,1
D,GAT+LSTM_incremental,mon,7,0.0,0.5,,0.0,1
D,GAT+LSTM_incremental,mon,8,0.0,0.5,,0.0,1
D,GAT+LSTM_incremental,mon,9,0.0,0.5,,0.0,1
D,GAT+LSTM_incremental,mon,10,0.0,0.5,,0.0,1
D,GAT+LSTM_incremental,mon,11,0.0,0.5,,0.0,1
D,GAT+LSTM_incremental,mon,12,0.0,0.5,,0.0,1
D,GAT+LSTM_incremental,mon,13,0.0,0.5,,0.0,1
D,GAT+LSTM_incremental,mon,14,0.0,0.5,,0.0,1
D,GAT+LSTM_incremental,mon,15,0.0,0.5,,0.0,1
D,GAT+LSTM_incremental,mon,16,0.0,0.5,,0.0,1
D,GAT+LSTM_incremental,mon,17,0.0,0.5,,0.0,1
D,GAT+LSTM_incremental,mon,18,0.0,0.5,,0.0,1
D,GAT+LSTM_incremental,mon,19,0.0,0.5,,0.0,1
D,GAT+LSTM_incremental,mon,20,0.0,0.5,,0.0,1
D,GAT+LSTM_incremental,mon,21,0.0,0.5,,0.0,1
D,GAT+LSTM_incremental,mon,22,0.0,0.5,,0.0,1
D,GAT+LSTM_incremental,mon,23,0.0,0.5,,0.0,1
D,GAT+LSTM_incremental,mon,24,0.0,0.5,,0.0,1
D,GAT+LSTM_incremental,mon,25,0.0,0.5,,0.0,1
D,GAT+LSTM_incremental,mon,26,0.0,0.5,,0.0,1
D,GAT+LSTM_incremental,mon,27,0.0,0.5,,0.0,1
D,GAT+LSTM_incremental,mon,28,0.0,0.5,,0.0,1
D,GAT+LSTM_incremental,mon,29,0.0,0.5,,0.0,1
D,GAT+LSTM_incremental,mon,30,0.0,0.5,,0.0,1
D,GAT+LSTM_incremental,mon,31,0.0,0.5,,0.0,1
D,GAT+LSTM_incremental,mon,32,0.0,0.5,,0.0,1
D,GAT+LSTM_incremental,mon,33,0.0,0.5,,0.0,1
D,GAT+LSTM_incremental,mon,34,0.0,0.5,,0.0,1
D,GAT+LSTM_incremental,mon,35,0.0,0.5,,0.0,1
D,GAT+LSTM_incremental,mon,36,0.0,0.5,,0.0,1
D,GAT+LSTM_incremental,mon,37,0.0,0.5,,0.0,1
D,GAT+LSTM_incremental,mon,38,0.0,0.5,,0.0,1
D,GAT+LSTM_incremental,mon,39,0.0,0.5,,0.0,1
D,GAT+LSTM_incremental,mon,40,0.0,0.5,,0.0,1
D,GAT+LSTM_incremental,mon,41,0.0,0.5,,0.0,1
D,GAT+LSTM_incremental,mon,42,0.0,0.5,,0.0,1
D,GAT+LSTM_incremental,mon,43,0.0,0.5,,0.0,1
D,GAT+LSTM_incremental,mon,44,0.0,0.5,,0.0,1
D,GAT+LSTM_incremental,mon,45,0.0,0.5,,0.0,1
D,GAT+LSTM_incremental,mon,46,0.0,0.5,,0.0,1
D,GAT+LSTM_incremental,mon,47,0.0,0.5,,0.0,1
D,GAT+LSTM_incremental,mon,48,0.0,0.5,,0.0,1
D,GAT+LSTM_incremental,mon,49,0.0,0.5,,0.0,1
D,GAT+LSTM_incremental,mon,50,0.0,0.5,,0.0,1
D,GAT+LSTM_incremental,mon,51,0.0,0.5,,0.0,1
D,GAT+LSTM_incremental,mon,52,0.0,0.5,,0.0,1
D,GAT+LSTM_incremental,mon,53,0.0,0.5,,0.0,1
D,GAT+LSTM_incremental,mon,54,0.0,0.5,,0.0,1
D,GAT+LSTM_incremental,mon,55,0.0,0.5,,0.0,1
D,GAT+LSTM_incremental,mon,56,0.0,0.5,,0.0,1
D,GAT+LSTM_incremental,mon,57,0.0,0.5,,0.0,1
D,GAT+LSTM_incremental,mon,58,0.0,0.5,,0.0,1
D,GAT+LSTM_incremental,mon,59,0.0,0.5,,0.0,1
D,GAT+LSTM_incremental,mon,60,0.0,0.5,,0.0,1
D,GAT+LSTM_incremental,mon,61,0.0,0.5,,0.0,1
D,GAT+LSTM_incremental,mon,62,0.0,0.5,,0.0,1
D,GAT+LSTM_incremental,mon,63,0.0,0.5,,0.0,1
D,GAT+LSTM_incremental,mon,64,0.0,0.5,,0.0,1
D,GAT+LSTM_incremental,mon,65,0.0,0.5,,0.0,1
D,GAT+LSTM_incremental,mon,66,0.0,0.5,,0.0,1
D,GAT+LSTM_incremental,mon,67,0.0,0.5,,0.0,1
D,GAT+LSTM_incremental,mon,68,0.0,0.5,,0.0,1
D,GAT+LSTM_incremental,mon,69,0.0,0.5,,0.0,1
D,GAT+LSTM_incremental,mon,70,0.0,0.5,,0.0,1
D,GAT+LSTM_incremental,mon,71,0.0,0.5,,0.0,1
D,GAT+LSTM_incremental,mon,72,0.0,0.5,,0.0,1
D,GAT+LSTM_incremental,mon,73,0.0,0.5,,0.0,1
D,GAT+LSTM_incremental,mon,74,0.0,0.5,,0.0,1
D,GAT+LSTM_incremental,mon,75,0.0,0.5,,0.0,1
D,GAT+LSTM_incremental,mon,76,0.0,0.5,,0.0,1
D,GAT+LSTM_incremental,mon,77,0.0,0.5,,0.0,1
D,GAT+LSTM_incremental,mon,78,0.0,0.5,,0.0,1
D,GAT+LSTM_incremental,mon,79,0.0,0.5,,0.0,1
D,GAT+LSTM_incremental,mon,80,0.0,0.5,,0.0,1
D,GAT+LSTM_incremental,mon,81,0.0,0.5,,0.0,1
D,GAT+LSTM_incremental,mon,82,0.0,0.5,,0.0,1
D,GAT+LSTM_incremental,mon,83,0.0,0.5,,0.0,1
D,GAT+LSTM_incremental,mon,84,0.0,0.5,,0.0,1
D,GAT+LSTM_incremental,mon,85,0.0,0.5,,0.0,1
D,GAT+LSTM_incremental,mon,86,0.0,0.5,,0.0,1
D,GAT+LSTM_incremental,mon,87,0.0,0.5,,0.0,1
D,GAT+LSTM_incremental,mon,88,0.0,0.5,,0.0,1
D,GAT+LSTM_incremental,mon,89,0.0,0.5,,0.0,1
D,GAT+LSTM_incremental,mon,90,0.0,0.5,,0.0,1
D,GAT+LSTM_incremental,mon,91,0.0,0.5,,0.0,1
D,GAT+LSTM_incremental,mon,92,0.0,0.5,,0.0,1
D,GAT+LSTM_incremental,mon,93,0.0,0.5,,0.0,1
D,GAT+LSTM_incremental,mon,94,0.0,0.5,,0.0,1
D,GAT+LSTM_incremental,mon,95,0.0,0.5,,0.0,1
D,GAT+LSTM_incremental,mon,96,0.0,0.5,,0.0,1
D,GAT+LSTM_incremental,mon,97,0.0,0.5,,0.0,1
D,GAT+LSTM_incremental,mon,98,0.0,0.5,,0.0,1
D,GAT+LSTM_incremental,mon,99,0.0,0.5,,0.0,1
D,GAT+LSTM_incremental,mon,100,0.0,0.5,,0.0,1
D,GAT+LSTM_incremental,mon,101,0.0,0.5,,0.0,1
D,GAT+LSTM_incremental,mon,102,0.0,0.5,,0.0,1
D,GAT+LSTM_incremental,mon,103,0.0,0.5,,0.0,1
D,GAT+LSTM_incremental,mon,104,0.0,0.5,,0.0,1
D,GAT+LSTM_incremental,mon,105,0.0,0.5,,0.0,1
D,GAT+LSTM_incremental,mon,106,0.0,0.5,,0.0,1
D,GAT+LSTM_incremental,mon,107,0.0,0.5,,0.0,1
D,GAT+LSTM_incremental,mon,108,0.0,0.5,,0.0,1
D,GAT+LSTM_incremental,mon,109,0.0,0.5,,0.0,1
D,GAT+LSTM_incremental,mon,110,0.0,0.5,,0.0,1
D,GAT+LSTM_incremental,mon,111,0.0,0.5,,0.0,1
D,GAT+LSTM_incremental,mon,112,0.0,0.5,,0.0,1
D,GAT+LSTM_incremental,mon,113,0.0,0.5,,0.0,1
D,GAT+LSTM_incremental,mon,114,0.0,0.5,,0.0,1
D,GAT+LSTM_incremental,mon,115,0.0,0.5,,0.0,1
D,GAT+LSTM_incremental,mon,116,0.0,0.5,,0.0,1
D,GAT+LSTM_incremental,mon,117,0.0,0.5,,0.0,1
D,GAT+LSTM_incremental,mon,118,0.0,0.5,,0.0,1
D,GAT+LSTM_incremental,mon,119,0.0,0.5,,0.0,1
D,GAT+LSTM_incremental,mon,120,0.0,0.5,,0.0,1
D,GAT+LSTM_incremental,mon,121,0.0,0.5,,0.0,1
D,GAT+LSTM_incremental,mon,122,0.0,0.5,,0.0,1
D,GAT+LSTM_incremental,mon,123,0.0,0.5,,0.0,1
D,GAT+LSTM_incremental,mon,124,0.0,0.5,,0.0,1
D,GAT+LSTM_incremental,mon,125,0.0,0.5,,0.0,1
D,GAT+LSTM_incremental,mon,126,0.0,0.5,,0.0,1
D,GAT+LSTM_incremental,mon,127,0.0,0.5,,0.0,1
D,GAT+LSTM_incremental,mon,128,0.0,0.5,,0.0,1
D,GAT+LSTM_incremental,mon,129,0.0,0.5,,0.0,1
D,GAT+LSTM_incremental,mon,130,0.0,0.5,,0.0,1
D,GAT+LSTM_incremental,mon,131,0.0,0.5,,0.0,1
D,GAT+LSTM_incremental,mon,132,0.0,0.5,,0.0,1
D,GAT+LSTM_incremental,mon,133,0.0,0.5,,0.0,1
D,GAT+LSTM_incremental,mon,134,0.0,0.5,,0.0,1
D,GAT+LSTM_incremental,mon,135,0.0,0.5,,0.0,1
D,GAT+LSTM_incremental,mon,136,0.0,0.5,,0.0,1
D,GAT+LSTM_incremental,mon,137,0.0,0.5,,0.0,1
D,GAT+LSTM_incremental,mon,138,0.0,0.5,,0.0,1
D,GAT+LSTM_incremental,mon,139,0.0,0.5,,0.0,1
D,GAT+LSTM_incremental,mon,140,0.0,0.5,,0.0,1
D,GAT+LSTM_incremental,mon,141,0.0,0.5,,0.0,1
D,GAT+LSTM_incremental,mon,142,0.0,0.5,,0.0,1
D,GAT+LSTM_incremental,mon,143,0.0,0.5,,0.0,1
D,GAT+LSTM_incremental,mon,144,0.0,0.5,,0.0,1
D,GAT+LSTM_incremental,mon,145,0.0,0.5,,0.0,1
D,GAT+LSTM_incremental,mon,146,0.0,0.5,,0.0,1
D,GAT+LSTM_incremental,mon,147,0.0,0.5,,0.0,1
D,GAT+LSTM_incremental,mon,148,0.0,0.5,,0.0,1
D,GAT+LSTM_incremental,mon,149,0.0,0.5,,0.0,1
D,GAT+LSTM_incremental,mon,150,0.0,0.5,,0.0,1
D,GAT+LSTM_incremental,mon,151,0.0,0.5,,0.0,1
D,GAT+LSTM_incremental,mon,152,0.0,0.5,,0.0,1
D,GAT+LSTM_incremental,mon,153,0.0,0.5,,0.0,1
D,GAT+LSTM_incremental,mon,154,0.0,0.5,,0.0,1
D,GAT+LSTM_incremental,mon,155,0.0,0.5,,0.0,1
D,GAT+LSTM_incremental,mon,156,0.0,0.5,,0.0,1
D,GAT+LSTM_incremental,mon,157,0.0,0.5,,0.0,1
D,GAT+LSTM_incremental,mon,158,0.0,0.5,,0.0,1
D,GAT+LSTM_incremental,mon,159,0.0,0.5,,0.0,1
D,GAT+LSTM_incremental,mon,160,0.0,0.5,,0.0,1
D,GAT+LSTM_incremental,mon,161,0.0,0.5,,0.0,1
D,GAT+LSTM_incremental,mon,162,0.0,0.5,,0.0,1
D,GAT+LSTM_incremental,mon,163,0.0,0.5,,0.0,1
D,GAT+LSTM_incremental,mon,164,0.0,0.5,,0.0,1
D,GAT+LSTM_incremental,mon,165,0.0,0.5,,0.0,1
D,GAT+LSTM_incremental,mon,166,0.0,0.5,,0.0,1
D,GAT+LSTM_incremental,mon,167,0.0,0.5,,0.0,1
D,GAT+LSTM_incremental,mon,168,0.0,0.5,,0.0,1
D,GAT+LSTM_incremental,mon,169,0.0,0.5,,0.0,1
D,GAT+LSTM_incremental,mon,170,0.0,0.5,,0.0,1
D,GAT+LSTM_incremental,mon,171,0.0,0.5,,0.0,1
D,GAT+LSTM_incremental,mon,172,0.0,0.5,,0.0,1
D,GAT+LSTM_incremental,mon,173,0.0,0.5,,0.0,1
D,GAT+LSTM_incremental,mon,174,0.0,0.5,,0.0,1
D,GAT+LSTM_incremental,mon,175,0.0,0.5,,0.0,1
D,GAT+LSTM_incremental,mon,176,0.0,0.5,,0.0,1
D,GAT+LSTM_incremental,mon,177,0.0,0.5,,0.0,1
D,GAT+LSTM_incremental,mon,178,0.0,0.5,,0.0,1
D,GAT+LSTM_incremental,mon,179,0.0,0.5,,0.0,1
D,GAT+LSTM_incremental,mon,180,0.0,0.5,,0.0,1
D,GAT+LSTM_incremental,mon,181,0.0,0.5,,0.0,1
D,GAT+LSTM_incremental,mon,182,0.0,0.5,,0.0,1
D,GAT+LSTM_incremental,mon,183,0.0,0.5,,0.0,1
D,GAT+LSTM_incremental,mon,184,0.0,0.5,,0.0,1
D,GAT+LSTM_incremental,mon,185,0.0,0.5,,0.0,1
D,GAT+LSTM_incremental,mon,186,0.0,0.5,,0.0,1
D,GAT+LSTM_incremental,mon,187,0.0,0.5,,0.0,1
D,GAT+LSTM_incremental,mon,188,0.0,0.5,,0.0,1
D,GAT+LSTM_incremental,mon,189,0.0,0.5,,0.0,1
D,GAT+LSTM_incremental,mon,190,0.0,0.5,,0.0,1
D,GAT+LSTM_incremental,mon,191,0.0,0.5,,0.0,1
D,GAT+LSTM_incremental,mon,192,0.0,0.5,,0.0,1
D,GAT+LSTM_incremental,mon,193,0.0,0.5,,0.0,1
D,GAT+LSTM_incremental,mon,194,0.0,0.5,,0.0,1
D,GAT+LSTM_incremental,mon,195,0.0,0.5,,0.0,1
D,GAT+LSTM_incremental,mon,196,0.0,0.5,,0.0,1
D,GAT+LSTM_incremental,mon,197,0.0,0.5,,0.0,1
D,GAT+LSTM_incremental,mon,198,0.0,0.5,,0.0,1
D,GAT+LSTM_incremental,mon,199,0.0,0.5,,0.0,1
D,GAT+LSTM_incremental,mon,200,0.0,0.5,,0.0,1
D,GAT+LSTM_incremental,mon,201,0.0,0.5,,0.0,1
D,GAT+LSTM_incremental,mon,202,0.0,0.5,,0.0,1
D,GAT+LSTM_incremental,mon,203,0.0,0.5,,0.0,1
D,GAT+LSTM_incremental,mon,204,0.0,0.5,,0.0,1
D,GAT+LSTM_incremental,mon,205,0.0,0.5,,0.0,1
D,GAT+LSTM_incremental,mon,206,0.0,0.5,,0.0,1
D,GAT+LSTM_incremental,mon,207,0.0,0.5,,0.0,1
D,GAT+LSTM_incremental,mon,208,0.0,0.5,,0.0,1
D,GAT+LSTM_incremental,mon,209,0.0,0.5,,0.0,1
D,GAT+LSTM_incremental,mon,210,0.0,0.5,,0.0,1
D,GAT+LSTM_incremental,mon,211,0.0,0.5,,0.0,1
D,GAT+LSTM_incremental,mon,212,0.0,0.5,,0.0,1
D,GAT+LSTM_incremental,mon,213,0.0,0.5,,0.0,1
D,GAT+LSTM_incremental,mon,214,0.0,0.5,,0.0,1
D,GAT+LSTM_incremental,mon,215,0.0,0.5,,0.0,1
D,GAT+LSTM_incremental,mon,216,0.0,0.5,,0.0,1
D,GAT+LSTM_incremental,mon,217,0.0,0.5,,0.0,1
D,GAT+LSTM_incremental,mon,218,0.0,0.5,,0.0,1
D,GAT+LSTM_incremental,mon,219,0.0,0.5,,0.0,1
D,GAT+LSTM_incremental,mon,220,0.0,0.5,,0.0,1
D,GAT+LSTM_incremental,mon,221,0.0,0.5,,0.0,1
D,GAT+LSTM_incremental,mon,222,0.0,0.5,,0.0,1
D,GAT+LSTM_incremental,mon,223,0.0,0.5,,0.0,1
D,GAT+LSTM_incremental,mon,224,0.0,0.5,,0.0,1
D,GAT+LSTM_incremental,mon,225,0.0,0.5,,0.0,1
D,GAT+LSTM_incremental,mon,226,0.0,0.5,,0.0,1
D,GAT+LSTM_incremental,mon,227,0.0,0.5,,0.0,1
D,GAT+LSTM_incremental,mon,228,0.0,0.5,,0.0,1
D,GAT+LSTM_incremental,mon,229,0.0,0.5,,0.0,1
D,GAT+LSTM_incremental,mon,230,0.0,0.5,,0.0,1
D,GAT+LSTM_incremental,mon,231,0.0,0.5,,0.0,1
D,GAT+LSTM_incremental,mon,232,0.0,0.5,,0.0,1
D,GAT+LSTM_incremental,mon,233,0.0,0.5,,0.0,1
D,GAT+LSTM_incremental,mon,234,0.0,0.5,,0.0,1
D,GAT+LSTM_incremental,mon,235,0.0,0.5,,0.0,1
D,GAT+LSTM_incremental,mon,236,0.0,0.5,,0.0,1
D,GAT+LSTM_incremental,mon,237,0.0,0.5,,0.0,1
D,GAT+LSTM_incremental,mon,238,0.0,0.5,,0.0,1
D,GAT+LSTM_incremental,mon,239,0.0,0.5,,0.0,1
D,GAT+LSTM_incremental,mon,240,0.0,0.5,,0.0,1
D,GAT+LSTM_incremental,mon,241,0.0,0.5,,0.0,1
D,GAT+LSTM_incremental,mon,242,0.0,0.5,,0.0,1
D,GAT+LSTM_incremental,mon,243,0.0,0.5,,0.0,1
D,GAT+LSTM_incremental,mon,244,0.0,0.5,,0.0,1
D,GAT+LSTM_incremental,mon,245,0.0,0.5,,0.0,1
D,GAT+LSTM_incremental,mon,246,0.0,0.5,,0.0,1
D,GAT+LSTM_incremental,mon,247,0.0,0.5,,0.0,1
D,GAT+LSTM_incremental,mon,248,0.0,0.5,,0.0,1
D,GAT+LSTM_incremental,mon,249,0.0,0.5,,0.0,1
D,GAT+LSTM_incremental,mon,250,0.0,0.5,,0.0,1
D,GAT+LSTM_incremental,mon,251,0.0,0.5,,0.0,1
D,GAT+LSTM_incremental,mon,252,0.0,0.5,,0.0,1
D,GAT+LSTM_incremental,mon,253,0.0,0.5,,0.0,1
D,GAT+LSTM_incremental,mon,254,0.0,0.5,,0.0,1
D,GAT+LSTM_incremental,mon,255,0.0,0.5,,0.0,1
D,GAT+LSTM_incremental,mon,256,0.0,0.5,,0.0,1
D,GAT+LSTM_incremental,mon,257,0.0,0.5,,0.0,1
D,GAT+LSTM_incremental,mon,258,0.0,0.5,,0.0,1
D,GAT+LSTM_incremental,mon,259,0.0,0.5,,0.0,1
D,GAT+LSTM_incremental,mon,260,0.0,0.5,,0.0,1
D,GAT+LSTM_incremental,mon,261,0.0,0.5,,0.0,1
D,GAT+LSTM_incremental,mon,262,0.0,0.5,,0.0,1
D,GAT+LSTM_incremental,mon,263,0.0,0.5,,0.0,1
D,GAT+LSTM_incremental,mon,264,0.0,0.5,,0.0,1
D,GAT+LSTM_incremental,mon,265,0.0,0.5,,0.0,1
D,GAT+LSTM_incremental,mon,266,0.0,0.5,,0.0,1
D,GAT+LSTM_incremental,mon,267,0.0,0.5,,0.0,1
D,GAT+LSTM_incremental,mon,268,0.0,0.5,,0.0,1
D,GAT+LSTM_incremental,mon,269,0.0,0.5,,0.0,1
D,GAT+LSTM_incremental,mon,270,0.0,0.5,,0.0,1
D,GAT+LSTM_incremental,mon,271,0.0,0.5,,0.0,1
D,GAT+LSTM_incremental,mon,272,0.0,0.5,,0.0,1
D,GAT+LSTM_incremental,mon,273,0.0,0.5,,0.0,1
D,GAT+LSTM_incremental,mon,274,0.0,0.5,,0.0,1
D,GAT+LSTM_incremental,mon,275,0.0,0.5,,0.0,1
D,GAT+LSTM_incremental,mon,276,0.0,0.5,,0.0,1
D,GAT+LSTM_incremental,mon,277,0.0,0.5,,0.0,1
D,GAT+LSTM_incremental,mon,278,0.0,0.5,,0.0,1
D,GAT+LSTM_incremental,mon,279,0.0,0.5,,0.0,1
D,GAT+LSTM_incremental,mon,280,0.0,0.5,,0.0,1
D,GAT+LSTM_incremental,mon,281,0.0,0.5,,0.0,1
D,GAT+LSTM_incremental,mon,282,0.0,0.5,,0.0,1
D,GAT+LSTM_incremental,mon,283,0.0,0.5,,0.0,1
D,GAT+LSTM_incremental,mon,284,0.0,0.5,,0.0,1
D,GAT+LSTM_incremental,mon,285,0.0,0.5,,0.0,1
D,GAT+LSTM_incremental,mon,286,0.0,0.5,,0.0,1
D,GAT+LSTM_incremental,mon,287,0.0,0.5,,0.0,1
D,GAT+LSTM_incremental,mon,288,0.0,0.5,,0.0,1
D,GAT+LSTM_incremental,mon,289,0.0,0.5,,0.0,1
D,GAT+LSTM_incremental,mon,290,0.0,0.5,,0.0,1
D,GAT+LSTM_incremental,mon,291,0.0,0.5,,0.0,1
D,GAT+LSTM_incremental,mon,292,0.0,0.5,,0.0,1
D,GAT+LSTM_incremental,mon,293,0.0,0.5,,0.0,1
D,GAT+LSTM_incremental,mon,294,0.0,0.5,,0.0,1
D,GAT+LSTM_incremental,mon,295,0.0,0.5,,0.0,1
D,GAT+LSTM_incremental,mon,296,0.0,0.5,,0.0,1
D,GAT+LSTM_incremental,mon,297,0.0,0.5,,0.0,1
D,GAT+LSTM_incremental,mon,298,0.0,0.5,,0.0,1
D,GAT+LSTM_incremental,mon,299,0.0,0.5,,0.0,1
D,GAT+LSTM_incremental,mon,300,0.0,0.5,,0.0,1
D,GAT+LSTM_incremental,mon,301,0.0,0.5,,0.0,1
D,GAT+LSTM_incremental,mon,302,0.0,0.5,,0.0,1
D,GAT+LSTM_incremental,mon,303,0.0,0.5,,0.0,1
D,GAT+LSTM_incremental,mon,304,0.0,0.5,,0.0,1
D,GAT+LSTM_incremental,mon,305,0.0,0.5,,0.0,1
D,GAT+LSTM_incremental,mon,306,0.0,0.5,,0.0,1
D,GAT+LSTM_incremental,mon,307,0.0,0.5,,0.0,1
D,GAT+LSTM_incremental,mon,308,0.0,0.5,,0.0,1
D,GAT+LSTM_incremental,mon,309,0.0,0.5,,0.0,1
D,GAT+LSTM_incremental,mon,310,0.0,0.5,,0.0,1
D,GAT+LSTM_incremental,mon,311,0.0,0.5,,0.0,1
D,GAT+LSTM_incremental,mon,312,0.0,0.5,,0.0,1
D,GAT+LSTM_incremental,mon,313,0.0,0.5,,0.0,1
D,GAT+LSTM_incremental,mon,314,0.0,0.5,,0.0,1
D,GAT+LSTM_incremental,mon,315,0.0,0.5,,0.0,1
D,GAT+LSTM_incremental,mon,316,0.0,0.5,,0.0,1
D,GAT+LSTM_incremental,mon,317,0.0,0.5,,0.0,1
D,GAT+LSTM_incremental,mon,318,0.0,0.5,,0.0,1
D,GAT+LSTM_incremental,mon,319,0.0,0.5,,0.0,1
D,GAT+LSTM_incremental,mon,320,0.0,0.5,,0.0,1
D,GAT+LSTM_incremental,mon,321,0.0,0.5,,0.0,1
D,GAT+LSTM_incremental,mon,322,0.0,0.5,,0.0,1
D,GAT+LSTM_incremental,mon,323,0.0,0.5,,0.0,1
D,GAT+LSTM_incremental,mon,324,0.0,0.5,,0.0,1
D,GAT+LSTM_incremental,mon,325,0.0,0.5,,0.0,1
D,GAT+LSTM_incremental,mon,326,0.0,0.5,,0.0,1
D,GAT+LSTM_incremental,mon,327,0.0,0.5,,0.0,1
D,GAT+LSTM_incremental,mon,328,0.0,0.5,,0.0,1
D,GAT+LSTM_incremental,mon,329,0.0,0.5,,0.0,1
D,GAT+LSTM_incremental,mon,330,0.0,0.5,,0.0,1
D,GAT+LSTM_incremental,mon,331,0.0,0.5,,0.0,1
D,GAT+LSTM_incremental,mon,332,0.0,0.5,,0.0,1
D,GAT+LSTM_incremental,mon,333,0.0,0.5,,0.0,1
D,GAT+LSTM_incremental,mon,334,0.0,0.5,,0.0,1
D,GAT+LSTM_incremental,mon,335,0.0,0.5,,0.0,1
D,GAT+LSTM_incremental,mon,336,0.0,0.5,,0.0,1
D,GAT+LSTM_incremental,mon,337,0.0,0.5,,0.0,1
D,GAT+LSTM_incremental,mon,338,0.0,0.5,,0.0,1
D,GAT+LSTM_incremental,mon,339,0.0,0.5,,0.0,1
D,GAT+LSTM_incremental,mon,340,0.0,0.5,,0.0,1
D,GAT+LSTM_incremental,mon,341,0.0,0.5,,0.0,1
D,GAT+LSTM_incremental,mon,342,0.0,0.5,,0.0,1
D,GAT+LSTM_incremental,mon,343,0.0,0.5,,0.0,1
D,GAT+LSTM_incremental,mon,344,0.0,0.5,,0.0,1
D,GAT+LSTM_incremental,mon,345,0.0,0.5,,0.0,1
D,GAT+LSTM_incremental,mon,346,0.0,0.5,,0.0,1
D,GAT+LSTM_incremental,mon,347,0.0,0.5,,0.0,1
D,GAT+LSTM_incremental,mon,348,0.0,0.5,,0.0,1
D,GAT+LSTM_incremental,mon,349,0.0,0.5,,0.0,1
D,GAT+LSTM_incremental,mon,350,0.0,0.5,,0.0,1
D,GAT+LSTM_incremental,mon,351,0.0,0.5,,0.0,1
D,GAT+LSTM_incremental,mon,352,0.0,0.5,,0.0,1
D,GAT+LSTM_incremental,mon,353,0.0,0.5,,0.0,1
D,GAT+LSTM_incremental,mon,354,0.0,0.5,,0.0,1
D,GAT+LSTM_incremental,mon,355,0.0,0.5,,0.0,1
D,GAT+LSTM_incremental,mon,356,0.0,0.5,,0.0,1
D,GAT+LSTM_incremental,mon,357,0.0,0.5,,0.0,1
D,GAT+LSTM_incremental,mon,358,0.0,0.5,,0.0,1
D,GAT+LSTM_incremental,mon,359,0.0,0.5,,0.0,1
D,GAT+LSTM_incremental,mon,360,0.0,0.5,,0.0,1
D,GAT+LSTM_incremental,mon,361,0.0,0.5,,0.0,1
D,GAT+LSTM_incremental,mon,362,0.0,0.5,,0.0,1
D,GAT+LSTM_incremental,mon,363,0.0,0.5,,0.0,1
D,GAT+LSTM_incremental,mon,364,0.0,0.5,,0.0,1
D,GAT+LSTM_incremental,mon,365,0.0,0.5,,0.0,1
D,GAT+LSTM_incremental,mon,366,0.0,0.5,,0.0,1
D,GAT+LSTM_incremental,mon,367,0.0,0.5,,0.0,1
D,GAT+LSTM_incremental,mon,368,0.0,0.5,,0.0,1
D,GAT+LSTM_incremental,mon,369,0.0,0.5,,0.0,1
D,GAT+LSTM_incremental,mon,370,0.0,0.5,,0.0,1
D,GAT+LSTM_incremental,mon,371,0.0,0.5,,0.0,1
D,GAT+LSTM_incremental,mon,372,0.0,0.5,,0.0,1
D,GAT+LSTM_incremental,mon,373,0.0,0.5,,0.0,1
D,GAT+LSTM_incremental,mon,374,0.0,0.5,,0.0,1
D,GAT+LSTM_incremental,mon,375,0.0,0.5,,0.0,1
D,GAT+LSTM_incremental,mon,376,0.0,0.5,,0.0,1
D,GAT+LSTM_incremental,mon,377,0.0,0.5,,0.0,1
D,GAT+LSTM_incremental,mon,378,0.0,0.5,,0.0,1
D,GAT+LSTM_incremental,mon,379,0.0,0.5,,0.0,1
D,GAT+LSTM_incremental,mon,380,0.0,0.5,,0.0,1
D,GAT+LSTM_incremental,mon,381,0.0,0.5,,0.0,1
D,GAT+LSTM_incremental,mon,382,0.0,0.5,,0.0,1
D,GAT+LSTM_incremental,mon,383,0.0,0.5,,0.0,1
D,GAT+LSTM_incremental,mon,384,0.0,0.5,,0.0,1
D,GAT+LSTM_incremental,mon,385,0.0,0.5,,0.0,1
D,GAT+LSTM_incremental,mon,386,0.0,0.5,,0.0,1
D,GAT+LSTM_incremental,mon,387,0.0,0.5,,0.0,1
D,GAT+LSTM_incremental,mon,388,0.0,0.5,,0.0,1
D,GAT+LSTM_incremental,mon,389,0.0,0.5,,0.0,1
D,GAT+LSTM_incremental,mon,390,0.0,0.5,,0.0,1
D,GAT+LSTM_incremental,mon,391,0.0,0.5,,0.0,1
D,GAT+LSTM_incremental,mon,392,0.0,0.5,,0.0,1
D,GAT+LSTM_incremental,mon,393,0.0,0.5,,0.0,1
D,GAT+LSTM_incremental,mon,394,0.0,0.5,,0.0,1
D,GAT+LSTM_incremental,mon,395,0.0,0.5,,0.0,1
D,GAT+LSTM_incremental,mon,396,0.0,0.5,,0.0,1
D,GAT+LSTM_incremental,mon,397,0.0,0.5,,0.0,1
D,GAT+LSTM_incremental,mon,398,0.0,0.5,,0.0,1
D,GAT+LSTM_incremental,mon,399,0.0,0.5,,0.0,1
D,GAT+LSTM_incremental,mon,400,0.0,0.5,,0.0,1
D,GAT+LSTM_incremental,mon,401,0.0,0.5,,0.0,1
D,GAT+LSTM_incremental,mon,402,0.0,0.5,,0.0,1
D,GAT+LSTM_incremental,mon,403,0.0,0.5,,0.0,1
D,GAT+LSTM_incremental,mon,404,0.0,0.5,,0.0,1
D,GAT+LSTM_incremental,mon,405,0.0,0.5,,0.0,1
D,GAT+LSTM_incremental,mon,406,0.0,0.5,,0.0,1
D,GAT+LSTM_incremental,mon,407,0.0,0.5,,0.0,1
D,GAT+LSTM_incremental,mon,408,0.0,0.5,,0.0,1
D,GAT+LSTM_incremental,mon,409,0.0,0.5,,0.0,1
D,GAT+LSTM_incremental,mon,410,0.0,0.5,,0.0,1
D,GAT+LSTM_incremental,mon,411,0.0,0.5,,0.0,1
D,GAT+LSTM_incremental,mon,412,0.0,0.5,,0.0,1
D,GAT+LSTM_incremental,mon,413,0.0,0.5,,0.0,1
D,GAT+LSTM_incremental,mon,414,0.0,0.5,,0.0,1
D,GAT+LSTM_incremental,mon,415,0.0,0.5,,0.0,1
D,GAT+LSTM_incremental,mon,416,0.0,0.5,,0.0,1
D,GAT+LSTM_incremental,mon,417,0.0,0.5,,0.0,1
D,GAT+LSTM_incremental,mon,418,0.0,0.5,,0.0,1
D,GAT+LSTM_incremental,mon,419,0.0,0.5,,0.0,1
D,GAT+LSTM_incremental,mon,420,0.0,0.5,,0.0,1
D,GAT+LSTM_incremental,mon,421,0.0,0.5,,0.0,1
D,GAT+LSTM_incremental,mon,422,0.0,0.5,,0.0,1
D,GAT+LSTM_incremental,mon,423,0.0,0.5,,0.0,1
D,GAT+LSTM_incremental,mon,424,0.0,0.5,,0.0,1
D,GAT+LSTM_incremental,mon,425,0.0,0.5,,0.0,1
D,GAT+LSTM_incremental,mon,426,0.0,0.5,,0.0,1
D,GAT+LSTM_incremental,mon,427,0.0,0.5,,0.0,1
D,GAT+LSTM_incremental,mon,428,0.0,0.5,,0.0,1
D,GAT+LSTM_incremental,mon,429,0.0,0.5,,0.0,1
D,GAT+LSTM_incremental,mon,430,0.0,0.5,,0.0,1
D,GAT+LSTM_incremental,mon,431,0.0,0.5,,0.0,1
D,GAT+LSTM_incremental,mon,432,0.0,0.5,,0.0,1
D,GAT+LSTM_incremental,mon,433,0.0,0.5,,0.0,1
D,GAT+LSTM_incremental,mon,434,0.0,0.5,,0.0,1
D,GAT+LSTM_incremental,mon,435,0.0,0.5,,0.0,1
D,GAT+LSTM_incremental,mon,436,0.0,0.5,,0.0,1
D,GAT+LSTM_incremental,mon,437,0.0,0.5,,0.0,1
D,GAT+LSTM_incremental,mon,438,0.0,0.5,,0.0,1
D,GAT+LSTM_incremental,mon,439,0.0,0.5,,0.0,1
D,GAT+LSTM_incremental,mon,440,0.0,0.5,,0.0,1
D,GAT+LSTM_incremental,mon,441,0.0,0.5,,0.0,1
D,GAT+LSTM_incremental,mon,442,0.0,0.5,,0.0,1
D,GAT+LSTM_incremental,mon,443,0.0,0.5,,0.0,1
D,GAT+LSTM_incremental,mon,444,0.0,0.5,,0.0,1
D,GAT+LSTM_incremental,mon,445,0.0,0.5,,0.0,1
D,GAT+LSTM_incremental,mon,446,0.0,0.5,,0.0,1
D,GAT+LSTM_incremental,mon,447,0.0,0.5,,0.0,1
D,GAT+LSTM_incremental,mon,448,0.0,0.5,,0.0,1
D,GAT+LSTM_incremental,mon,449,0.0,0.5,,0.0,1
D,GAT+LSTM_incremental,mon,450,0.0,0.5,,0.0,1
D,GAT+LSTM_incremental,mon,451,0.0,0.5,,0.0,1
D,GAT+LSTM_incremental,mon,452,0.0,0.5,,0.0,1
D,GAT+LSTM_incremental,mon,453,0.0,0.5,,0.0,1
D,GAT+LSTM_incremental,mon,454,0.0,0.5,,0.0,1
D,GAT+LSTM_incremental,mon,455,0.0,0.5,,0.0,1
D,GAT+LSTM_incremental,mon,456,0.0,0.5,,0.0,1
D,GAT+LSTM_incremental,mon,457,0.0,0.5,,0.0,1
D,GAT+LSTM_incremental,mon,458,0.0,0.5,,0.0,1
D,GAT+LSTM_incremental,mon,459,0.0,0.5,,0.0,1
D,GAT+LSTM_incremental,mon,460,0.0,0.5,,0.0,1
D,GAT+LSTM_incremental,mon,461,0.0,0.5,,0.0,1
D,GAT+LSTM_incremental,mon,462,0.0,0.5,,0.0,1
D,GAT+LSTM_incremental,mon,463,0.0,0.5,,0.0,1
D,GAT+LSTM_incremental,mon,464,0.0,0.5,,0.0,1
D,GAT+LSTM_incremental,mon,465,0.0,0.5,,0.0,1
D,GAT+LSTM_incremental,mon,466,0.0,0.5,,0.0,1
D,GAT+LSTM_incremental,mon,467,0.0,0.5,,0.0,1
D,GAT+LSTM_incremental,mon,468,0.0,0.5,,0.0,1
D,GAT+LSTM_incremental,mon,469,0.0,0.5,,0.0,1
D,GAT+LSTM_incremental,mon,470,0.0,0.5,,0.0,1
D,GAT+LSTM_incremental,mon,471,0.0,0.5,,0.0,1
D,GAT+LSTM_incremental,mon,472,0.0,0.5,,0.0,1
D,GAT+LSTM_incremental,mon,473,0.0,0.5,,0.0,1
D,GAT+LSTM_incremental,mon,474,0.0,0.5,,0.0,1
D,GAT+LSTM_incremental,mon,475,0.0,0.5,,0.0,1
D,GAT+LSTM_incremental,mon,476,0.0,0.5,,0.0,1
D,GAT+LSTM_incremental,mon,477,0.0,0.5,,0.0,1
D,GAT+LSTM_incremental,mon,478,0.0,0.5,,0.0,1
D,GAT+LSTM_incremental,mon,479,0.0,0.5,,0.0,1
D,GAT+LSTM_incremental,mon,480,0.0,0.5,,0.0,1
D,GAT+LSTM_incremental,mon,481,0.0,0.5,,0.0,1
D,GAT+LSTM_incremental,mon,482,0.0,0.5,,0.0,1
D,GAT+LSTM_incremental,mon,483,0.0,0.5,,0.0,1
D,GAT+LSTM_incremental,mon,484,0.0,0.5,,0.0,1
D,GAT+LSTM_incremental,mon,485,0.0,0.5,,0.0,1
D,GAT+LSTM_incremental,mon,486,0.0,0.5,,0.0,1
D,GAT+LSTM_incremental,mon,487,0.0,0.5,,0.0,1
D,GAT+LSTM_incremental,mon,488,0.0,0.5,,0.0,1
D,GAT+LSTM_incremental,mon,489,0.0,0.5,,0.0,1
D,GAT+LSTM_incremental,mon,490,0.0,0.5,,0.0,1
D,GAT+LSTM_incremental,mon,491,0.0,0.5,,0.0,1
D,GAT+LSTM_incremental,mon,492,0.0,0.5,,0.0,1
D,GAT+LSTM_incremental,mon,493,0.0,0.5,,0.0,1
D,GAT+LSTM_incremental,mon,494,0.0,0.5,,0.0,1
D,GAT+LSTM_incremental,mon,495,0.0,0.5,,0.0,1
D,GAT+LSTM_incremental,mon,496,0.0,0.5,,0.0,1
D,GAT+LSTM_incremental,mon,497,0.0,0.5,,0.0,1
D,GAT+LSTM_incremental,mon,498,0.0,0.5,,0.0,1
D,GAT+LSTM_incremental,mon,499,0.0,0.5,,0.0,1
D,GAT+LSTM_incremental,mon,500,0.0,0.5,,0.0,1
D,GAT+LSTM_incremental,mon,501,0.0,0.5,,0.0,1
D,GAT+LSTM_incremental,mon,502,0.0,0.5,,0.0,1
D,GAT+LSTM_incremental,tue,611,0.0,0.5,,0.0,2
D,GAT+LSTM_incremental,tue,612,0.0,0.5,,0.0,2
D,GAT+LSTM_incremental,tue,613,0.0,0.5,,0.0,2
D,GAT+LSTM_incremental,tue,614,0.0,0.5,,0.0,2
D,GAT+LSTM_incremental,tue,615,0.0,0.5,,0.0,2
D,GAT+LSTM_incremental,tue,616,0.0,0.5,,0.0,2
D,GAT+LSTM_incremental,tue,617,0.0,0.5,,0.0,2
D,GAT+LSTM_incremental,tue,618,0.0,0.5,,0.0,2
D,GAT+LSTM_incremental,tue,619,0.0,0.5,,0.0,2
D,GAT+LSTM_incremental,tue,620,0.0,0.5,,0.0,2
D,GAT+LSTM_incremental,tue,621,0.0,0.5,,0.0,2
D,GAT+LSTM_incremental,tue,622,0.0,1.0,1.0,0.0,2
D,GAT+LSTM_incremental,tue,623,0.6666666666666666,1.0,1.0,0.0,2
D,GAT+LSTM_incremental,tue,624,0.8,1.0,1.0,0.0,2
D,GAT+LSTM_incremental,tue,625,0.8571428571428571,1.0,1.0,0.0,2
D,GAT+LSTM_incremental,tue,626,0.8888888888888888,1.0,1.0,0.0,2
D,GAT+LSTM_incremental,tue,627,0.9090909090909091,1.0,1.0,0.0,2
D,GAT+LSTM_incremental,tue,628,0.9230769230769231,0.9999999999999998,1.0,0.0,2
D,GAT+LSTM_incremental,tue,629,0.9333333333333333,1.0,1.0,0.0,2
D,GAT+LSTM_incremental,tue,630,0.9411764705882353,1.0000000000000002,1.0,0.0,2
D,GAT+LSTM_incremental,tue,631,0.9473684210526315,0.9999999999999999,1.0,0.0,2
D,GAT+LSTM_incremental,tue,632,0.9523809523809523,1.0,1.0,0.0,2
D,GAT+LSTM_incremental,tue,633,0.9565217391304348,1.0,1.0,0.0,2
D,GAT+LSTM_incremental,tue,634,0.96,0.9999999999999998,1.0,0.0,2
D,GAT+LSTM_incremental,tue,635,0.9629629629629629,0.9999999999999999,1.0,0.0,2
D,GAT+LSTM_incremental,tue,636,0.9655172413793104,1.0,1.0,0.0,2
D,GAT+LSTM_incremental,tue,637,0.967741935483871,1.0,1.0,0.0,2
D,GAT+LSTM_incremental,tue,638,0.9696969696969697,1.0,1.0,0.0,2
D,GAT+LSTM_incremental,tue,639,0.9714285714285714,1.0,1.0,0.0,2
D,GAT+LSTM_incremental,tue,640,0.972972972972973,0.9999999999999998,1.0,0.0,2
D,GAT+LSTM_incremental,tue,641,0.9743589743589743,1.0000000000000002,,0.0,2
D,GAT+LSTM_incremental,tue,642,1.0,1.0000000000000002,,0.0,2
D,GAT+LSTM_incremental,tue,643,1.0,1.0000000000000002,,0.0,2
D,GAT+LSTM_incremental,tue,644,1.0,1.0000000000000002,,0.0,2
D,GAT+LSTM_incremental,tue,645,1.0,1.0000000000000002,,0.0,2
D,GAT+LSTM_incremental,tue,646,1.0,1.0000000000000002,,0.0,2
D,GAT+LSTM_incremental,tue,647,1.0,1.0000000000000002,,0.0,2
D,GAT+LSTM_incremental,tue,648,1.0,1.0000000000000002,,0.0,2
D,GAT+LSTM_incremental,tue,649,1.0,1.0000000000000002,,0.0,2
D,GAT+LSTM_incremental,tue,650,1.0,1.0000000000000002,,0.0,2
D,GAT+LSTM_incremental,tue,651,1.0,1.0000000000000002,,0.0,2
D,GAT+LSTM_incremental,tue,652,1.0,1.0000000000000002,,0.0,2
D,GAT+LSTM_incremental,tue,653,1.0,1.0000000000000002,,0.0,2
D,GAT+LSTM_incremental,tue,654,1.0,1.0000000000000002,,0.0,2
D,GAT+LSTM_incremental,tue,655,1.0,1.0000000000000002,,0.0,2
D,GAT+LSTM_incremental,tue,656,1.0,1.0000000000000002,,0.0,2
D,GAT+LSTM_incremental,tue,657,1.0,1.0000000000000002,,0.0,2
D,GAT+LSTM_incremental,tue,658,1.0,1.0000000000000002,,0.0,2
D,GAT+LSTM_incremental,tue,659,1.0,1.0000000000000002,,0.0,2
D,GAT+LSTM_incremental,tue,660,1.0,1.0000000000000002,,0.0,2
D,GAT+LSTM_incremental,tue,661,1.0,1.0000000000000002,,0.0,2
D,GAT+LSTM_incremental,tue,662,1.0,1.0000000000000002,,0.0,2
D,GAT+LSTM_incremental,tue,663,1.0,1.0000000000000002,,0.0,2
D,GAT+LSTM_incremental,tue,664,1.0,1.0000000000000002,,0.0,2
D,GAT+LSTM_incremental,tue,665,1.0,1.0000000000000002,,0.0,2
D,GAT+LSTM_incremental,tue,666,1.0,1.0000000000000002,,0.0,2
D,GAT+LSTM_incremental,tue,667,1.0,1.0000000000000002,,0.0,2
D,GAT+LSTM_incremental,tue,668,1.0,1.0000000000000002,,0.0,2
D,GAT+LSTM_incremental,tue,669,1.0,1.0000000000000002,,0.0,2
D,GAT+LSTM_incremental,tue,670,1.0,1.0000000000000002,,0.0,2
D,GAT+LSTM_incremental,tue,671,1.0,1.0000000000000002,,0.0,2
D,GAT+LSTM_incremental,tue,672,1.0,1.0000000000000002,,0.0,2
D,GAT+LSTM_incremental,tue,673,1.0,1.0000000000000002,,0.0,2
D,GAT+LSTM_incremental,tue,674,1.0,0.9999999999999998,1.0,0.0,2
D,GAT+LSTM_incremental,tue,675,1.0,1.0,1.0,0.0,2
D,GAT+LSTM_incremental,tue,676,1.0,1.0,1.0,0.0,2
D,GAT+LSTM_incremental,tue,677,1.0,1.0,1.0,0.0,2
D,GAT+LSTM_incremental,tue,678,0.967741935483871,0.9928513071895425,0.96875,0.0,2
D,GAT+LSTM_incremental,tue,679,0.9655172413793104,0.9919117647058824,0.9733333333333334,0.0,2
D,GAT+LSTM_incremental,tue,680,0.9629629629629629,0.9907738095238094,0.9761904761904763,0.0,2
D,GAT+LSTM_incremental,tue,681,0.96,0.9893772893772892,0.9780219780219781,0.0,2
D,GAT+LSTM_incremental,tue,682,0.9565217391304348,0.9876373626373628,0.9791666666666666,0.0,2
D,GAT+LSTM_incremental,tue,683,0.9523809523809523,0.9854312354312356,0.9797979797979798,0.0,2
D,GAT+LSTM_incremental,tue,684,0.9473684210526315,0.9825757575757575,0.9800000000000001,0.0,2
D,GAT+LSTM_incremental,tue,685,0.9411764705882353,0.978787878787879,0.9797979797979797,0.0,2
D,GAT+LSTM_incremental,tue,686,0.9333333333333333,0.9736111111111111,0.9791666666666667,0.0,2
D,GAT+LSTM_incremental,tue,687,0.9230769230769231,0.9662698412698412,0.978021978021978,0.0,2
D,GAT+LSTM_incremental,tue,688,0.9090909090909091,0.9553571428571428,0.9761904761904763,0.0,2
D,GAT+LSTM_incremental,tue,689,0.8888888888888888,0.9380952380952381,0.9733333333333334,0.0,2
D,GAT+LSTM_incremental,tue,690,0.8571428571428571,0.9083333333333333,0.96875,0.0,2
D,GAT+LSTM_incremental,tue,691,0.8,0.8500000000000001,0.9607843137254901,0.0,2
D,GAT+LSTM_incremental,tue,692,0.6666666666666666,0.7083333333333333,0.9444444444444444,0.0,2
D,GAT+LSTM_incremental,tue,693,0.0,0.16666666666666666,0.8947368421052632,0.0,2
D,GAT+LSTM_incremental,tue,694,0.0,0.25,0.9473684210526316,0.0,2
D,GAT+LSTM_incremental,tue,695,0.0,1.0,1.0,0.0,2
D,GAT+LSTM_incremental,tue,696,0.0,1.0,1.0,0.0,2
D,GAT+LSTM_incremental,tue,697,0.0,1.0,1.0,0.0,2
D,GAT+LSTM_incremental,tue,698,0.0,0.5,,0.0,2
D,GAT+LSTM_incremental,tue,699,0.0,0.5,,0.0,2
D,GAT+LSTM_incremental,tue,700,0.0,0.5,,0.0,2
D,GAT+LSTM_incremental,tue,701,0.0,0.5,,0.0,2
D,GAT+LSTM_incremental,tue,702,0.0,0.5,,0.0,2
D,GAT+LSTM_incremental,tue,703,0.0,0.5,,0.0,2
D,GAT+LSTM_incremental,tue,704,0.0,0.5,,0.0,2
D,GAT+LSTM_incremental,tue,705,0.0,0.5,,0.0,2
D,GAT+LSTM_incremental,tue,706,0.0,0.5,,0.0,2
D,GAT+LSTM_incremental,tue,707,0.0,0.5,,0.0,2
D,GAT+LSTM_incremental,tue,708,0.0,0.5,,0.0,2
D,GAT+LSTM_incremental,tue,709,0.0,0.5,,0.0,2
D,GAT+LSTM_incremental,tue,710,0.0,0.5,,0.0,2
D,GAT+LSTM_incremental,tue,711,0.0,0.5,,0.0,2
D,GAT+LSTM_incremental,tue,712,0.0,0.5,,0.0,2
D,GAT+LSTM_incremental,tue,713,0.0,0.5,,0.0,2
D,GAT+LSTM_incremental,tue,714,0.0,0.5,,0.0,2
D,GAT+LSTM_incremental,tue,715,0.0,0.5,,0.0,2
D,GAT+LSTM_incremental,tue,716,0.0,0.5,,0.0,2
D,GAT+LSTM_incremental,tue,717,0.0,0.5,,0.0,2
D,GAT+LSTM_incremental,tue,718,0.0,0.5,,0.0,2
D,GAT+LSTM_incremental,tue,719,0.0,0.5,,0.0,2
D,GAT+LSTM_incremental,tue,720,0.0,0.5,,0.0,2
D,GAT+LSTM_incremental,tue,721,0.0,0.5,,0.0,2
D,GAT+LSTM_incremental,tue,722,0.0,0.5,,0.0,2
D,GAT+LSTM_incremental,tue,723,0.0,0.5,,0.0,2
D,GAT+LSTM_incremental,tue,724,0.0,0.5,,0.0,2
D,GAT+LSTM_incremental,tue,725,0.0,0.5,,0.0,2
D,GAT+LSTM_incremental,tue,726,0.0,0.5,,0.0,2
D,GAT+LSTM_incremental,tue,727,0.0,0.5,,0.0,2
D,GAT+LSTM_incremental,tue,728,0.0,0.5,,0.0,2
D,GAT+LSTM_incremental,tue,729,0.0,0.5,,0.0,2
D,GAT+LSTM_incremental,tue,730,0.0,0.5,,0.0,2
D,GAT+LSTM_incremental,tue,731,0.0,0.5,,0.0,2
D,GAT+LSTM_incremental,tue,732,0.0,0.5,,0.0,2
D,GAT+LSTM_incremental,tue,733,0.0,0.5,,0.0,2
D,GAT+LSTM_incremental,tue,734,0.0,0.5,,0.0,2
D,GAT+LSTM_incremental,tue,735,0.0,0.5,,0.0,2
D,GAT+LSTM_incremental,tue,736,0.0,0.5,,0.0,2
D,GAT+LSTM_incremental,tue,737,0.0,0.5,,0.0,2
D,GAT+LSTM_incremental,tue,738,0.0,0.5,,0.0,2
D,GAT+LSTM_incremental,tue,739,0.0,0.5,,0.0,2
D,GAT+LSTM_incremental,tue,740,0.0,0.5,,0.0,2
D,GAT+LSTM_incremental,tue,741,0.0,0.5,,0.0,2
D,GAT+LSTM_incremental,tue,742,0.0,0.5,,0.0,2
D,GAT+LSTM_incremental,tue,743,0.0,0.5,,0.0,2
D,GAT+LSTM_incremental,tue,744,0.0,0.5,,0.0,2
D,GAT+LSTM_incremental,tue,745,0.0,0.5,,0.0,2
D,GAT+LSTM_incremental,tue,746,0.0,0.5,,0.0,2
D,GAT+LSTM_incremental,tue,747,0.0,0.5,,0.0,2
D,GAT+LSTM_incremental,tue,748,0.0,0.5,,0.0,2
D,GAT+LSTM_incremental,tue,749,0.0,0.5,,0.0,2
D,GAT+LSTM_incremental,tue,750,0.0,0.5,,0.0,2
D,GAT+LSTM_incremental,tue,751,0.0,0.5,,0.0,2
D,GAT+LSTM_incremental,tue,752,0.0,0.5,,0.0,2
D,GAT+LSTM_incremental,tue,753,0.0,0.5,,0.0,2
D,GAT+LSTM_incremental,tue,754,0.0,0.5,,0.0,2
D,GAT+LSTM_incremental,tue,755,0.0,0.5,,0.0,2
D,GAT+LSTM_incremental,tue,756,0.0,0.5,,0.0,2
D,GAT+LSTM_incremental,tue,757,0.0,0.5,,0.0,2
D,GAT+LSTM_incremental,tue,758,0.0,0.5,,0.0,2
D,GAT+LSTM_incremental,tue,759,0.0,0.5,,0.0,2
D,GAT+LSTM_incremental,tue,760,0.0,0.5,,0.0,2
D,GAT+LSTM_incremental,tue,761,0.0,0.5,,0.0,2
D,GAT+LSTM_incremental,tue,762,0.0,0.5,,0.0,2
D,GAT+LSTM_incremental,tue,763,0.0,0.5,,0.0,2
D,GAT+LSTM_incremental,tue,764,0.0,0.5,,0.0,2
D,GAT+LSTM_incremental,tue,765,0.0,0.5,,0.0,2
D,GAT+LSTM_incremental,tue,766,0.0,1.0,1.0,0.0,2
D,GAT+LSTM_incremental,tue,767,0.0,1.0,1.0,0.0,2
D,GAT+LSTM_incremental,tue,768,0.5,1.0,1.0,0.0,2
D,GAT+LSTM_incremental,tue,769,0.6666666666666666,1.0,1.0,0.0,2
D,GAT+LSTM_incremental,tue,770,0.75,1.0,1.0,0.0,2
D,GAT+LSTM_incremental,tue,771,0.8,1.0,1.0,0.0,2
D,GAT+LSTM_incremental,tue,772,0.8333333333333334,0.9999999999999998,1.0,0.0,2
D,GAT+LSTM_incremental,tue,773,0.8571428571428571,1.0,1.0,0.0,2
D,GAT+LSTM_incremental,tue,774,0.875,1.0000000000000002,1.0,0.0,2
D,GAT+LSTM_incremental,tue,775,0.8888888888888888,0.9999999999999999,1.0,0.0,2
D,GAT+LSTM_incremental,tue,776,0.9,1.0,1.0,0.0,2
D,GAT+LSTM_incremental,tue,777,0.9090909090909091,1.0,1.0,0.0,2
D,GAT+LSTM_incremental,tue,778,0.9166666666666666,0.9999999999999998,1.0,0.0,2
D,GAT+LSTM_incremental,tue,779,0.9230769230769231,0.9999999999999999,1.0,0.0,2
D,GAT+LSTM_incremental,tue,780,0.9285714285714286,1.0,1.0,0.0,2
D,GAT+LSTM_incremental,tue,781,0.9333333333333333,1.0,1.0,0.0,2
D,GAT+LSTM_incremental,tue,782,0.9375,1.0,1.0,0.0,2
D,GAT+LSTM_incremental,tue,783,0.9411764705882353,1.0,1.0,0.0,2
D,GAT+LSTM_incremental,tue,784,0.9444444444444444,0.9999999999999998,1.0,0.0,2
D,GAT+LSTM_incremental,tue,785,0.9473684210526315,1.0000000000000002,,0.0,2
D,GAT+LSTM_incremental,tue,786,0.9743589743589743,1.0000000000000002,,0.0,2
D,GAT+LSTM_incremental,tue,787,1.0,1.0000000000000002,,0.0,2
D,GAT+LSTM_incremental,tue,788,1.0,1.0000000000000002,,0.0,2
D,GAT+LSTM_incremental,tue,789,1.0,1.0000000000000002,,0.0,2
D,GAT+LSTM_incremental,tue,790,1.0,1.0000000000000002,,0.0,2
D,GAT+LSTM_incremental,tue,791,1.0,1.0000000000000002,,0.0,2
D,GAT+LSTM_incremental,tue,792,1.0,1.0000000000000002,,0.0,2
D,GAT+LSTM_incremental,tue,793,1.0,1.0000000000000002,,0.0,2
D,GAT+LSTM_incremental,tue,794,1.0,1.0000000000000002,,0.0,2
D,GAT+LSTM_incremental,tue,795,1.0,1.0000000000000002,,0.0,2
D,GAT+LSTM_incremental,tue,796,1.0,1.0000000000000002,,0.0,2
D,GAT+LSTM_incremental,tue,797,1.0,1.0000000000000002,,0.0,2
D,GAT+LSTM_incremental,tue,798,1.0,1.0000000000000002,,0.0,2
D,GAT+LSTM_incremental,tue,799,1.0,1.0000000000000002,,0.0,2
D,GAT+LSTM_incremental,tue,800,1.0,1.0000000000000002,,0.0,2
D,GAT+LSTM_incremental,tue,801,1.0,1.0000000000000002,,0.0,2
D,GAT+LSTM_incremental,tue,802,1.0,1.0000000000000002,,0.0,2
D,GAT+LSTM_incremental,tue,803,1.0,1.0000000000000002,,0.0,2
D,GAT+LSTM_incremental,tue,804,1.0,1.0000000000000002,,0.0,2
D,GAT+LSTM_incremental,tue,805,1.0,1.0000000000000002,,0.0,2
D,GAT+LSTM_incremental,tue,806,1.0,1.0000000000000002,,0.0,2
D,GAT+LSTM_incremental,tue,807,1.0,1.0000000000000002,,0.0,2
D,GAT+LSTM_incremental,tue,808,1.0,1.0000000000000002,,0.0,2
D,GAT+LSTM_incremental,tue,809,1.0,1.0000000000000002,,0.0,2
D,GAT+LSTM_incremental,tue,810,1.0,1.0000000000000002,,0.0,2
D,GAT+LSTM_incremental,tue,811,1.0,1.0000000000000002,,0.0,2
D,GAT+LSTM_incremental,tue,812,0.9743589743589743,0.9999999999999998,1.0,1.0,2
D,GAT+LSTM_incremental,tue,813,0.972972972972973,1.0,1.0,0.5,2
D,GAT+LSTM_incremental,tue,814,0.9714285714285714,1.0,1.0,0.3333333333333333,2
D,GAT+LSTM_incremental,tue,815,0.9696969696969697,1.0,1.0,0.25,2
D,GAT+LSTM_incremental,tue,816,0.967741935483871,1.0,1.0,0.2,2
D,GAT+LSTM_incremental,tue,817,0.9655172413793104,0.9999999999999999,1.0,0.16666666666666666,2
D,GAT+LSTM_incremental,tue,818,0.9629629629629629,0.9999999999999998,1.0,0.14285714285714285,2
D,GAT+LSTM_incremental,tue,819,0.96,1.0,1.0,0.125,2
D,GAT+LSTM_incremental,tue,820,0.9565217391304348,1.0,1.0,0.1111111111111111,2
D,GAT+LSTM_incremental,tue,821,0.9523809523809523,0.9999999999999999,1.0,0.1,2
D,GAT+LSTM_incremental,tue,822,0.9473684210526315,1.0000000000000002,1.0,0.09090909090909091,2
D,GAT+LSTM_incremental,tue,823,0.9411764705882353,1.0,1.0,0.08333333333333333,2
D,GAT+LSTM_incremental,tue,824,0.9333333333333333,0.9999999999999998,1.0,0.07692307692307693,2
D,GAT+LSTM_incremental,tue,825,0.9230769230769231,1.0,1.0,0.07142857142857142,2
D,GAT+LSTM_incremental,tue,826,0.9090909090909091,1.0,1.0,0.06666666666666667,2
D,GAT+LSTM_incremental,tue,827,0.8888888888888888,1.0,1.0,0.0625,2
D,GAT+LSTM_incremental,tue,828,0.8571428571428571,1.0,1.0,0.058823529411764705,2
D,GAT+LSTM_incremental,tue,829,0.8,1.0,1.0,0.05555555555555555,2
D,GAT+LSTM_incremental,tue,830,0.6666666666666666,1.0,1.0,0.05263157894736842,2
D,GAT+LSTM_incremental,tue,831,0.0,0.5,,0.05,2
D,GAT+LSTM_incremental,tue,832,0.0,0.5,,0.0,2
D,GAT+LSTM_incremental,tue,833,0.0,0.5,,0.0,2
D,GAT+LSTM_incremental,tue,834,0.0,0.5,,0.0,2
D,GAT+LSTM_incremental,tue,835,0.0,0.5,,0.0,2
D,GAT+LSTM_incremental,tue,836,0.0,0.5,,0.0,2
D,GAT+LSTM_incremental,tue,837,0.0,0.5,,0.0,2
D,GAT+LSTM_incremental,tue,838,0.0,0.5,,0.0,2
D,GAT+LSTM_incremental,tue,839,0.0,0.5,,0.0,2
D,GAT+LSTM_incremental,tue,840,0.0,0.5,,0.0,2
D,GAT+LSTM_incremental,tue,841,0.0,0.5,,0.0,2
D,GAT+LSTM_incremental,tue,842,0.0,0.5,,0.0,2
D,GAT+LSTM_incremental,tue,843,0.0,0.5,,0.0,2
D,GAT+LSTM_incremental,tue,844,0.0,0.5,,0.0,2
D,GAT+LSTM_incremental,tue,845,0.0,0.5,,0.0,2
D,GAT+LSTM_incremental,tue,846,0.0,0.5,,0.0,2
D,GAT+LSTM_incremental,tue,847,0.0,0.5,,0.0,2
D,GAT+LSTM_incremental,tue,848,0.0,0.5,,0.0,2
D,GAT+LSTM_incremental,tue,849,0.0,0.5,,0.0,2
D,GAT+LSTM_incremental,tue,850,0.0,0.5,,0.0,2
D,GAT+LSTM_incremental,tue,851,0.0,0.5,,0.0,2
D,GAT+LSTM_incremental,tue,852,0.0,0.5,,0.0,2
D,GAT+LSTM_incremental,tue,853,0.0,0.5,,0.0,2
D,GAT+LSTM_incremental,tue,854,0.0,0.5,,0.0,2
D,GAT+LSTM_incremental,tue,855,0.0,0.5,,0.0,2
D,GAT+LSTM_incremental,tue,856,0.0,0.5,,0.0,2
D,GAT+LSTM_incremental,tue,857,0.0,0.5,,0.0,2
D,GAT+LSTM_incremental,tue,858,0.0,0.5,,0.0,2
D,GAT+LSTM_incremental,tue,859,0.0,0.5,,0.0,2
D,GAT+LSTM_incremental,tue,860,0.0,0.5,,0.0,2
D,GAT+LSTM_incremental,tue,861,0.0,0.5,,0.0,2
D,GAT+LSTM_incremental,tue,862,0.0,0.5,,0.0,2
D,GAT+LSTM_incremental,tue,863,0.0,0.5,,0.0,2
D,GAT+LSTM_incremental,tue,864,0.0,0.5,,0.0,2
D,GAT+LSTM_incremental,tue,865,0.0,0.5,,0.0,2
D,GAT+LSTM_incremental,tue,866,0.0,0.5,,0.0,2
D,GAT+LSTM_incremental,tue,867,0.0,0.5,,0.0,2
D,GAT+LSTM_incremental,tue,868,0.0,0.5,,0.0,2
D,GAT+LSTM_incremental,tue,869,0.0,0.5,,0.0,2
D,GAT+LSTM_incremental,tue,870,0.0,0.5,,0.0,2
D,GAT+LSTM_incremental,tue,871,0.0,0.5,,0.0,2
D,GAT+LSTM_incremental,tue,872,0.0,0.5,,0.0,2
D,GAT+LSTM_incremental,tue,873,0.0,0.5,,0.0,2
D,GAT+LSTM_incremental,tue,874,0.0,0.5,,0.0,2
D,GAT+LSTM_incremental,tue,875,0.0,0.5,,0.0,2
D,GAT+LSTM_incremental,tue,876,0.0,0.5,,0.0,2
D,GAT+LSTM_incremental,tue,877,0.0,0.025,0.0,0.0,2
D,GAT+LSTM_incremental,tue,878,0.0,0.05131578947368421,0.0,0.0,2
D,GAT+LSTM_incremental,tue,879,0.0,0.07860623781676414,0.0,0.0,2
D,GAT+LSTM_incremental,tue,880,0.0,0.10695734434124526,0.0,0.0,2
D,GAT+LSTM_incremental,tue,881,0.0,0.13736086539879108,0.02666666666666666,0.0,2
D,GAT+LSTM_incremental,tue,882,0.0,0.1704503922576678,0.04761904761904763,0.0,2
D,GAT+LSTM_incremental,tue,883,0.0,0.2059905304901988,0.06593406593406594,0.0,2
D,GAT+LSTM_incremental,tue,884,0.0,0.24400927052823337,0.08333333333333331,0.0,2
D,GAT+LSTM_incremental,tue,885,0.0,0.27993115177067707,0.08080808080808079,0.0,2
D,GAT+LSTM_incremental,tue,886,0.0,0.318158888754864,0.07999999999999999,0.0,2
D,GAT+LSTM_incremental,tue,887,0.0,0.36428794295737726,0.101010101010101,0.0,2
D,GAT+LSTM_incremental,tue,888,0.0,0.4146335833642335,0.125,0.0,2
D,GAT+LSTM_incremental,tue,889,0.0,0.47325938165721454,0.1758241758241758,0.0,2
D,GAT+LSTM_incremental,tue,890,0.0,0.5377957801940553,0.2142857142857143,0.0,2
D,GAT+LSTM_incremental,tue,891,0.0,0.6109495478148729,0.26666666666666666,0.0,2
D,GAT+LSTM_incremental,tue,892,0.0,0.6999590944830884,0.34375,0.0,2
D,GAT+LSTM_incremental,tue,893,0.0,0.8470024438723218,0.43137254901960786,0.0,2
D,GAT+LSTM_incremental,tue,894,0.0,0.870547365335807,0.33333333333333337,0.0,2
D,GAT+LSTM_incremental,tue,895,0.0,0.8996803689222621,0.10526315789473684,0.0,2
D,GAT+LSTM_incremental,tue,896,0.0,1.0000000000000002,,0.0,2
D,GAT+LSTM_incremental,tue,897,0.0,1.0000000000000002,,0.0,2
D,GAT+LSTM_incremental,tue,898,0.0,1.0000000000000002,,0.0,2
D,GAT+LSTM_incremental,tue,899,0.0,1.0000000000000002,,0.0,2
D,GAT+LSTM_incremental,tue,900,0.0,1.0000000000000002,,0.0,2
D,GAT+LSTM_incremental,tue,901,0.0,1.0000000000000002,,0.0,2
D,GAT+LSTM_incremental,tue,902,0.0,1.0000000000000002,,0.0,2
D,GAT+LSTM_incremental,tue,903,0.0,1.0000000000000002,,0.0,2
D,GAT+LSTM_incremental,tue,904,0.0,1.0000000000000002,,0.0,2
D,GAT+LSTM_incremental,tue,905,0.0,1.0000000000000002,,0.0,2
D,GAT+LSTM_incremental,tue,906,0.0,1.0000000000000002,,0.0,2
D,GAT+LSTM_incremental,tue,907,0.0,1.0000000000000002,,0.0,2
D,GAT+LSTM_incremental,tue,908,0.0,1.0000000000000002,,0.0,2
D,GAT+LSTM_incremental,tue,909,0.0,1.0000000000000002,,0.0,2
D,GAT+LSTM_incremental,tue,910,0.0,1.0000000000000002,,0.0,2
D,GAT+LSTM_incremental,tue,911,0.0,1.0000000000000002,,0.0,2
D,GAT+LSTM_incremental,tue,912,0.0,1.0000000000000002,,0.0,2
D,GAT+LSTM_incremental,tue,913,0.0,1.0000000000000002,,0.0,2
D,GAT+LSTM_incremental,tue,914,0.0,1.0000000000000002,,0.0,2
D,GAT+LSTM_incremental,tue,915,0.0,1.0000000000000002,,0.0,2
D,GAT+LSTM_incremental,tue,916,0.0,1.0000000000000002,,0.0,2
D,GAT+LSTM_incremental,tue,917,0.0,1.0000000000000002,,0.0,2
D,GAT+LSTM_incremental,tue,918,0.0,1.0000000000000002,,0.0,2
D,GAT+LSTM_incremental,tue,919,0.0,1.0000000000000002,,0.0,2
D,GAT+LSTM_incremental,tue,920,0.0,1.0000000000000002,,0.0,2
D,GAT+LSTM_incremental,tue,921,0.0,1.0000000000000002,,0.0,2
D,GAT+LSTM_incremental,tue,922,0.0,1.0000000000000002,,0.0,2
D,GAT+LSTM_incremental,tue,923,0.0,1.0000000000000002,,0.0,2
D,GAT+LSTM_incremental,tue,924,0.0,1.0000000000000002,,0.0,2
D,GAT+LSTM_incremental,tue,925,0.0,1.0000000000000002,,0.0,2
D,GAT+LSTM_incremental,tue,926,0.0,1.0000000000000002,,0.0,2
D,GAT+LSTM_incremental,tue,927,0.0,1.0000000000000002,,0.0,2
D,GAT+LSTM_incremental,tue,928,0.0,1.0000000000000002,,0.0,2
D,GAT+LSTM_incremental,tue,929,0.0,1.0000000000000002,,0.0,2
D,GAT+LSTM_incremental,tue,930,0.0,1.0000000000000002,,0.0,2
D,GAT+LSTM_incremental,tue,931,0.0,1.0000000000000002,,0.0,2
D,GAT+LSTM_incremental,tue,932,0.0,1.0000000000000002,,0.0,2
D,GAT+LSTM_incremental,tue,933,0.0,1.0000000000000002,,0.0,2
D,GAT+LSTM_incremental,tue,934,0.0,1.0000000000000002,,0.0,2
D,GAT+LSTM_incremental,tue,935,0.0,1.0000000000000002,,0.0,2
D,GAT+LSTM_incremental,tue,936,0.0,1.0000000000000002,,0.0,2
D,GAT+LSTM_incremental,tue,937,0.0,1.0000000000000002,,0.0,2
D,GAT+LSTM_incremental,tue,938,0.0,1.0000000000000002,,0.0,2
D,GAT+LSTM_incremental,tue,939,0.0,1.0000000000000002,,0.0,2
D,GAT+LSTM_incremental,tue,940,0.0,1.0000000000000002,,0.0,2
D,GAT+LSTM_incremental,tue,941,0.0,1.0000000000000002,,0.0,2
D,GAT+LSTM_incremental,tue,942,0.0,1.0000000000000002,,0.0,2
D,GAT+LSTM_incremental,tue,943,0.0,1.0000000000000002,,0.0,2
D,GAT+LSTM_incremental,tue,944,0.0,1.0000000000000002,,0.0,2
D,GAT+LSTM_incremental,tue,945,0.0,1.0000000000000002,,0.0,2
D,GAT+LSTM_incremental,tue,946,0.0,1.0000000000000002,,0.0,2
D,GAT+LSTM_incremental,tue,947,0.0,1.0000000000000002,,0.0,2
D,GAT+LSTM_incremental,tue,948,0.0,1.0000000000000002,,0.0,2
D,GAT+LSTM_incremental,tue,949,0.0,1.0000000000000002,,0.0,2
D,GAT+LSTM_incremental,tue,950,0.0,1.0000000000000002,,0.0,2
D,GAT+LSTM_incremental,tue,951,0.0,1.0000000000000002,,0.0,2
D,GAT+LSTM_incremental,tue,952,0.0,1.0000000000000002,,0.0,2
D,GAT+LSTM_incremental,tue,953,0.0,1.0000000000000002,,0.0,2
D,GAT+LSTM_incremental,tue,954,0.0,1.0000000000000002,,0.0,2
D,GAT+LSTM_incremental,tue,955,0.0,1.0000000000000002,,0.0,2
D,GAT+LSTM_incremental,tue,956,0.0,1.0000000000000002,,0.0,2
D,GAT+LSTM_incremental,tue,957,0.0,1.0000000000000002,,0.0,2
D,GAT+LSTM_incremental,tue,958,0.0,1.0000000000000002,,0.0,2
D,GAT+LSTM_incremental,tue,959,0.0,1.0000000000000002,,0.0,2
D,GAT+LSTM_incremental,tue,960,0.0,1.0000000000000002,,0.0,2
D,GAT+LSTM_incremental,tue,961,0.0,1.0000000000000002,,0.0,2
D,GAT+LSTM_incremental,tue,962,0.0,1.0000000000000002,,0.0,2
D,GAT+LSTM_incremental,tue,963,0.0,1.0000000000000002,,0.0,2
D,GAT+LSTM_incremental,tue,964,0.0,1.0000000000000002,,0.0,2
D,GAT+LSTM_incremental,tue,965,0.0,1.0000000000000002,,0.0,2
D,GAT+LSTM_incremental,tue,966,0.0,1.0000000000000002,,0.0,2
D,GAT+LSTM_incremental,tue,967,0.0,1.0000000000000002,,0.0,2
D,GAT+LSTM_incremental,tue,968,0.0,1.0000000000000002,,0.0,2
D,GAT+LSTM_incremental,tue,969,0.0,1.0000000000000002,,0.0,2
D,GAT+LSTM_incremental,tue,970,0.0,1.0000000000000002,,0.0,2
D,GAT+LSTM_incremental,tue,971,0.0,1.0000000000000002,,0.0,2
D,GAT+LSTM_incremental,tue,972,0.0,1.0000000000000002,,0.0,2
D,GAT+LSTM_incremental,tue,973,0.0,1.0000000000000002,,0.0,2
D,GAT+LSTM_incremental,tue,974,0.0,1.0000000000000002,,0.0,2
D,GAT+LSTM_incremental,tue,975,0.0,1.0000000000000002,,0.0,2
D,GAT+LSTM_incremental,tue,976,0.0,1.0000000000000002,,0.0,2
D,GAT+LSTM_incremental,tue,977,0.0,1.0000000000000002,,0.0,2
D,GAT+LSTM_incremental,tue,978,0.0,1.0000000000000002,,0.0,2
D,GAT+LSTM_incremental,tue,979,0.0,1.0000000000000002,,0.0,2
D,GAT+LSTM_incremental,tue,980,0.0,1.0000000000000002,,0.0,2
D,GAT+LSTM_incremental,tue,981,0.0,1.0000000000000002,,0.0,2
D,GAT+LSTM_incremental,tue,982,0.0,1.0000000000000002,,0.0,2
D,GAT+LSTM_incremental,tue,983,0.0,1.0000000000000002,,0.0,2
D,GAT+LSTM_incremental,tue,984,0.0,1.0000000000000002,,0.0,2
D,GAT+LSTM_incremental,tue,985,0.0,1.0000000000000002,,0.0,2
D,GAT+LSTM_incremental,tue,986,0.0,1.0000000000000002,,0.0,2
D,GAT+LSTM_incremental,tue,987,0.0,1.0000000000000002,,0.0,2
D,GAT+LSTM_incremental,tue,988,0.0,1.0000000000000002,,0.0,2
D,GAT+LSTM_incremental,tue,989,0.0,1.0000000000000002,,0.0,2
D,GAT+LSTM_incremental,tue,990,0.0,1.0000000000000002,,0.0,2
D,GAT+LSTM_incremental,tue,991,0.0,1.0000000000000002,,0.0,2
D,GAT+LSTM_incremental,tue,992,0.0,1.0000000000000002,,0.0,2
D,GAT+LSTM_incremental,tue,993,0.0,1.0000000000000002,,0.0,2
D,GAT+LSTM_incremental,tue,994,0.0,1.0000000000000002,,0.0,2
D,GAT+LSTM_incremental,tue,995,0.0,1.0000000000000002,,0.0,2
D,GAT+LSTM_incremental,tue,996,0.0,1.0000000000000002,,0.0,2
D,GAT+LSTM_incremental,tue,997,0.0,1.0000000000000002,,0.0,2
D,GAT+LSTM_incremental,tue,998,0.0,1.0000000000000002,,0.0,2
D,GAT+LSTM_incremental,tue,999,0.0,1.0000000000000002,,0.0,2
D,GAT+LSTM_incremental,tue,1000,0.0,1.0000000000000002,,0.0,2
D,GAT+LSTM_incremental,tue,1001,0.0,1.0000000000000002,,0.0,2
D,GAT+LSTM_incremental,tue,1002,0.0,1.0000000000000002,,0.0,2
D,GAT+LSTM_incremental,tue,1003,0.0,1.0000000000000002,,0.0,2
D,GAT+LSTM_incremental,tue,1004,0.0,1.0000000000000002,,0.0,2
D,GAT+LSTM_incremental,tue,1005,0.0,1.0000000000000002,,0.0,2
D,GAT+LSTM_incremental,tue,1006,0.0,1.0000000000000002,,0.0,2
D,GAT+LSTM_incremental,tue,1007,0.0,1.0000000000000002,,0.0,2
D,GAT+LSTM_incremental,tue,1008,0.0,1.0000000000000002,,0.0,2
D,GAT+LSTM_incremental,tue,1009,0.0,1.0000000000000002,,0.0,2
D,GAT+LSTM_incremental,tue,1010,0.0,1.0000000000000002,,0.0,2
D,GAT+LSTM_incremental,tue,1011,0.0,1.0000000000000002,,0.0,2
D,GAT+LSTM_incremental,tue,1012,0.0,1.0000000000000002,,0.0,2
D,GAT+LSTM_incremental,tue,1013,0.0,1.0000000000000002,,0.0,2
D,GAT+LSTM_incremental,tue,1014,0.0,1.0000000000000002,,0.0,2
D,GAT+LSTM_incremental,tue,1015,0.0,1.0000000000000002,,0.0,2
D,GAT+LSTM_incremental,tue,1016,0.0,1.0000000000000002,,0.0,2
D,GAT+LSTM_incremental,tue,1017,0.0,1.0000000000000002,,0.0,2
D,GAT+LSTM_incremental,tue,1018,0.0,1.0000000000000002,,0.0,2
D,GAT+LSTM_incremental,tue,1019,0.0,1.0000000000000002,,0.0,2
D,GAT+LSTM_incremental,tue,1020,0.0,1.0000000000000002,,0.0,2
D,GAT+LSTM_incremental,tue,1021,0.0,1.0000000000000002,,0.0,2
D,GAT+LSTM_incremental,tue,1022,0.0,1.0000000000000002,,0.0,2
D,GAT+LSTM_incremental,tue,1023,0.0,1.0000000000000002,,0.0,2
D,GAT+LSTM_incremental,tue,1024,0.0,1.0000000000000002,,0.0,2
D,GAT+LSTM_incremental,tue,1025,0.0,1.0000000000000002,,0.0,2
D,GAT+LSTM_incremental,tue,1026,0.0,1.0000000000000002,,0.0,2
D,GAT+LSTM_incremental,tue,1027,0.0,1.0000000000000002,,0.0,2
D,GAT+LSTM_incremental,tue,1028,0.0,1.0000000000000002,,0.0,2
D,GAT+LSTM_incremental,tue,1029,0.0,1.0000000000000002,,0.0,2
D,GAT+LSTM_incremental,tue,1030,0.0,1.0000000000000002,,0.0,2
D,GAT+LSTM_incremental,tue,1031,0.0,1.0000000000000002,,0.0,2
D,GAT+LSTM_incremental,tue,1032,0.0,1.0000000000000002,,0.0,2
D,GAT+LSTM_incremental,wed,1222,0.0,0.8382768601503324,0.0,0.0,3
D,GAT+LSTM_incremental,wed,1223,0.0,0.7419178158729243,0.0,0.0,3
D,GAT+LSTM_incremental,wed,1224,0.0,0.6636341781511149,0.0,0.0,3
D,GAT+LSTM_incremental,wed,1225,0.0,0.5963984190474129,0.0,0.0,3
D,GAT+LSTM_incremental,wed,1226,0.0,0.5368645587298837,0.0,0.0,3
D,GAT+LSTM_incremental,wed,1227,0.0,0.4831115755098506,0.0,0.0,3
D,GAT+LSTM_incremental,wed,1228,0.0,0.5494381061220955,0.07142857142857142,0.0,3
D,GAT+LSTM_incremental,wed,1229,0.0,0.4483324923072482,0.06593406593406594,0.0,3
D,GAT+LSTM_incremental,wed,1230,0.0,0.39767091640156654,0.0625,0.0,3
D,GAT+LSTM_incremental,wed,1231,0.0,0.3528233974019226,0.060606060606060615,0.0,3
D,GAT+LSTM_incremental,wed,1232,0.0,0.31418314227911753,0.06999999999999999,0.0,3
D,GAT+LSTM_incremental,wed,1233,0.0,0.27798309982262515,0.0808080808080808,0.0,3
D,GAT+LSTM_incremental,wed,1234,0.0,0.24402383929280214,0.09375,0.0,3
D,GAT+LSTM_incremental,wed,1235,0.0,0.2122012840223809,0.10989010989010987,0.0,3
D,GAT+LSTM_incremental,wed,1236,0.0,0.189551595491998,0.17857142857142855,0.0,3
D,GAT+LSTM_incremental,wed,1237,0.0,0.17114612511671334,0.26666666666666666,0.0,3
D,GAT+LSTM_incremental,wed,1238,0.0,0.1497986694677871,0.34375,0.0,3
D,GAT+LSTM_incremental,wed,1239,0.0,0.129265873015873,0.43137254901960786,0.0,3
D,GAT+LSTM_incremental,wed,1240,0.0,0.11369047619047619,0.5555555555555556,0.0,3
D,GAT+LSTM_incremental,wed,1241,0.0,0.125,0.8421052631578947,0.0,3
D,GAT+LSTM_incremental,wed,1242,0.0,0.125,0.8421052631578947,0.0,3
D,GAT+LSTM_incremental,wed,1243,0.0,0.1,0.7894736842105263,0.0,3
D,GAT+LSTM_incremental,wed,1244,0.0,0.1,0.7894736842105263,0.0,3
D,GAT+LSTM_incremental,wed,1245,0.0,0.1,0.7894736842105263,0.0,3
D,GAT+LSTM_incremental,wed,1246,0.0,0.1,0.7894736842105263,0.0,3
D,GAT+LSTM_incremental,wed,1247,0.0,0.1,0.7894736842105263,0.0,3
D,GAT+LSTM_incremental,wed,1248,0.0,0.045454545454545456,0.4736842105263158,0.0,3
D,GAT+LSTM_incremental,wed,1249,0.0,0.0842948717948718,0.4444444444444444,0.0,3
D,GAT+LSTM_incremental,wed,1250,0.0,0.1228031228031228,0.43137254901960786,0.0,3
D,GAT+LSTM_incremental,wed,1251,0.0,0.16509219946719944,0.4375,0.0,3
D,GAT+LSTM_incremental,wed,1252,0.0,0.21083139083139085,0.45333333333333337,0.0,3
D,GAT+LSTM_incremental,wed,1253,0.0,0.2583335645835646,0.4642857142857143,0.0,3
D,GAT+LSTM_incremental,wed,1254,0.0,0.3029564681350395,0.4725274725274725,0.0,3
D,GAT+LSTM_incremental,wed,1255,0.0,0.34303798223834986,0.45833333333333337,0.0,3
D,GAT+LSTM_incremental,wed,1256,0.0,0.3657819304878128,0.4040404040404041,0.0,3
D,GAT+LSTM_incremental,wed,1257,0.0,0.3863932799226917,0.34,0.0,3
D,GAT+LSTM_incremental,wed,1258,0.0,0.4148212824014963,0.29292929292929293,0.0,3
D,GAT+LSTM_incremental,wed,1259,0.0,0.43203159463801877,0.19791666666666666,0.0,3
D,GAT+LSTM_incremental,wed,1260,0.0,0.4480898930261874,0.07692307692307696,0.0,3
D,GAT+LSTM_incremental,wed,1261,0.0,0.4983841997110462,0.07142857142857141,0.0,3
D,GAT+LSTM_incremental,wed,1262,0.0,0.5368645587298837,0.0,0.0,3
D,GAT+LSTM_incremental,wed,1263,0.0,0.5963984190474129,0.0,0.0,3
D,GAT+LSTM_incremental,wed,1264,0.0,0.6636341781511149,0.0,0.0,3
D,GAT+LSTM_incremental,wed,1265,0.0,0.7327736626270591,0.33333333333333337,0.0,3
D,GAT+LSTM_incremental,wed,1266,0.0,0.8321431184627779,0.5,0.0,3
D,GAT+LSTM_incremental,wed,1267,0.0,0.9999999999999998,1.0,0.0,3
D,GAT+LSTM_incremental,wed,1268,0.0,0.9999999999999998,1.0,0.0,3
D,GAT+LSTM_incremental,wed,1269,0.0,0.9999999999999998,1.0,0.0,3
D,GAT+LSTM_incremental,wed,1270,0.0,0.9999999999999998,1.0,0.0,3
D,GAT+LSTM_incremental,wed,1271,0.0,0.9999999999999998,1.0,0.0,3
D,GAT+LSTM_incremental,wed,1272,0.0,0.9999999999999998,1.0,0.0,3
D,GAT+LSTM_incremental,wed,1273,0.0,0.9999999999999998,1.0,0.0,3
D,GAT+LSTM_incremental,wed,1274,0.0,0.9999999999999998,1.0,0.0,3
D,GAT+LSTM_incremental,wed,1275,0.0,0.9999999999999998,1.0,0.0,3
D,GAT+LSTM_incremental,wed,1276,0.0,0.9999999999999998,1.0,0.0,3
D,GAT+LSTM_incremental,wed,1277,0.0,0.9999999999999998,1.0,0.0,3
D,GAT+LSTM_incremental,wed,1278,0.0,0.9999999999999998,1.0,0.0,3
D,GAT+LSTM_incremental,wed,1279,0.0,0.8321431184627779,0.5,0.0,3
D,GAT+LSTM_incremental,wed,1280,0.0,0.8321431184627779,0.5,0.0,3
D,GAT+LSTM_incremental,wed,1281,0.0,0.8321431184627779,0.5,0.0,3
D,GAT+LSTM_incremental,wed,1282,0.0,0.8321431184627779,0.5,0.0,3
D,GAT+LSTM_incremental,wed,1283,0.0,0.785212971684015,0.47058823529411764,0.0,3
D,GAT+LSTM_incremental,wed,1284,0.0,0.7906868278931654,0.4901960784313726,0.0,3
D,GAT+LSTM_incremental,wed,1285,0.0,0.7027713481706378,0.15686274509803924,0.0,3
D,GAT+LSTM_incremental,wed,1286,0.0,0.6415801470416407,0.171875,0.0,3
D,GAT+LSTM_incremental,wed,1287,0.0,0.5722800691453942,0.14666666666666667,0.0,3
D,GAT+LSTM_incremental,wed,1288,0.0,0.5831775050428301,0.18666666666666665,0.0,3
D,GAT+LSTM_incremental,wed,1289,0.0,0.5911089254742505,0.21333333333333332,0.0,3
D,GAT+LSTM_incremental,wed,1290,0.0,0.604872152987478,0.2533333333333333,0.0,3
D,GAT+LSTM_incremental,wed,1291,0.0,0.6188806200106509,0.29333333333333333,0.0,3
D,GAT+LSTM_incremental,wed,1292,0.0,0.6379722364552086,0.3466666666666667,0.0,3
D,GAT+LSTM_incremental,wed,1293,0.0,0.7052341412171133,0.38666666666666666,0.0,3
D,GAT+LSTM_incremental,wed,1294,0.0,0.7560453661692051,0.45333333333333337,0.0,3
D,GAT+LSTM_incremental,wed,1295,0.125,0.7967395160738813,0.52,0.0,3
D,GAT+LSTM_incremental,wed,1296,0.23529411764705882,0.8287465830809483,0.5733333333333333,0.0,3
D,GAT+LSTM_incremental,wed,1297,0.3333333333333333,0.8566181559525212,0.6266666666666667,0.0,3
D,GAT+LSTM_incremental,wed,1298,0.42105263157894735,0.8781572649916303,0.6666666666666666,0.0,3
D,GAT+LSTM_incremental,wed,1299,0.47619047619047616,0.924470726346452,0.734375,0.0,3
D,GAT+LSTM_incremental,wed,1300,0.5454545454545454,0.9394143279858256,0.78125,0.0,3
D,GAT+LSTM_incremental,wed,1301,0.6086956521739131,0.9531468322054623,0.828125,0.0,3
D,GAT+LSTM_incremental,wed,1302,0.6666666666666666,0.9658640328217534,0.875,0.0,3
D,GAT+LSTM_incremental,wed,1303,0.6923076923076923,0.9699705175791045,0.8431372549019608,0.0,3
D,GAT+LSTM_incremental,wed,1304,0.7407407407407407,0.9778437837784952,0.8823529411764707,0.0,3
D,GAT+LSTM_incremental,wed,1305,0.7586206896551724,0.9830235651765581,0.8611111111111112,0.0,3
D,GAT+LSTM_incremental,wed,1306,0.7741935483870968,0.9848503159343145,0.7368421052631579,0.0,3
D,GAT+LSTM_incremental,wed,1307,0.7878787878787878,1.0000000000000002,,0.0,3
D,GAT+LSTM_incremental,wed,1308,0.8235294117647058,1.0000000000000002,,0.0,3
D,GAT+LSTM_incremental,wed,1309,0.8571428571428571,1.0000000000000002,,0.0,3
D,GAT+LSTM_incremental,wed,1310,0.8888888888888888,1.0000000000000002,,0.0,3
D,GAT+LSTM_incremental,wed,1311,0.918918918918919,1.0000000000000002,,0.0,3
D,GAT+LSTM_incremental,wed,1312,0.9473684210526315,1.0000000000000002,,0.0,3
D,GAT+LSTM_incremental,wed,1313,0.9743589743589743,1.0000000000000002,,0.0,3
D,GAT+LSTM_incremental,wed,1314,1.0,1.0000000000000002,,0.0,3
D,GAT+LSTM_incremental,wed,1315,1.0,1.0000000000000002,,0.0,3
D,GAT+LSTM_incremental,wed,1316,1.0,1.0000000000000002,,0.0,3
D,GAT+LSTM_incremental,wed,1317,1.0,1.0000000000000002,,0.0,3
D,GAT+LSTM_incremental,wed,1318,1.0,1.0000000000000002,,0.0,3
D,GAT+LSTM_incremental,wed,1319,1.0,1.0000000000000002,,0.0,3
D,GAT+LSTM_incremental,wed,1320,1.0,1.0000000000000002,,0.0,3
D,GAT+LSTM_incremental,wed,1321,1.0,1.0000000000000002,,0.0,3
D,GAT+LSTM_incremental,wed,1322,1.0,1.0000000000000002,,0.0,3
D,GAT+LSTM_incremental,wed,1323,1.0,1.0000000000000002,,0.0,3
D,GAT+LSTM_incremental,wed,1324,0.9743589743589743,1.0000000000000002,,0.0,3
D,GAT+LSTM_incremental,wed,1325,0.9473684210526315,1.0000000000000002,,0.0,3
D,GAT+LSTM_incremental,wed,1326,0.918918918918919,1.0000000000000002,,0.0,3
D,GAT+LSTM_incremental,wed,1327,0.8888888888888888,1.0000000000000002,,0.0,3
D,GAT+LSTM_incremental,wed,1328,0.8571428571428571,1.0000000000000002,,0.0,3
D,GAT+LSTM_incremental,wed,1329,0.8235294117647058,1.0000000000000002,,0.0,3
D,GAT+LSTM_incremental,wed,1330,0.7878787878787878,1.0000000000000002,,0.0,3
D,GAT+LSTM_incremental,wed,1331,0.75,1.0000000000000002,,0.0,3
D,GAT+LSTM_incremental,wed,1332,0.7096774193548387,1.0000000000000002,,0.0,3
D,GAT+LSTM_incremental,wed,1333,0.6666666666666666,1.0000000000000002,,0.0,3
D,GAT+LSTM_incremental,wed,1334,0.6206896551724138,1.0000000000000002,,0.0,3
D,GAT+LSTM_incremental,wed,1335,0.5714285714285714,1.0000000000000002,,0.0,3
D,GAT+LSTM_incremental,wed,1336,0.5185185185185185,1.0000000000000002,,0.0,3
D,GAT+LSTM_incremental,wed,1337,0.46153846153846156,1.0000000000000002,,0.0,3
D,GAT+LSTM_incremental,wed,1338,0.4,1.0000000000000002,,0.0,3
D,GAT+LSTM_incremental,wed,1339,0.3333333333333333,1.0000000000000002,,0.0,3
D,GAT+LSTM_incremental,wed,1340,0.2608695652173913,1.0000000000000002,,0.0,3
D,GAT+LSTM_incremental,wed,1341,0.18181818181818182,1.0000000000000002,,0.0,3
D,GAT+LSTM_incremental,wed,1342,0.09523809523809523,1.0000000000000002,,0.0,3
D,GAT+LSTM_incremental,wed,1343,0.0,1.0000000000000002,,0.0,3
D,GAT+LSTM_incremental,wed,1344,0.0,1.0000000000000002,,0.0,3
D,GAT+LSTM_incremental,wed,1345,0.0,1.0000000000000002,,0.0,3
D,GAT+LSTM_incremental,wed,1346,0.0,1.0000000000000002,,0.0,3
D,GAT+LSTM_incremental,wed,1347,0.0,1.0000000000000002,,0.0,3
D,GAT+LSTM_incremental,wed,1348,0.0,1.0000000000000002,,0.0,3
D,GAT+LSTM_incremental,wed,1349,0.0,1.0000000000000002,,0.0,3
D,GAT+LSTM_incremental,wed,1350,0.0,1.0000000000000002,,0.0,3
D,GAT+LSTM_incremental,wed,1351,0.0,1.0000000000000002,,0.0,3
D,GAT+LSTM_incremental,wed,1352,0.0,1.0000000000000002,,0.0,3
D,GAT+LSTM_incremental,wed,1353,0.0,1.0000000000000002,,0.0,3
D,GAT+LSTM_incremental,wed,1354,0.0,1.0000000000000002,,0.0,3
D,GAT+LSTM_incremental,wed,1355,0.0,1.0000000000000002,,0.0,3
D,GAT+LSTM_incremental,wed,1356,0.0,1.0000000000000002,,0.0,3
D,GAT+LSTM_incremental,wed,1357,0.0,1.0000000000000002,,0.0,3
D,GAT+LSTM_incremental,wed,1358,0.0,1.0000000000000002,,0.0,3
D,GAT+LSTM_incremental,wed,1359,0.0,1.0000000000000002,,0.0,3
D,GAT+LSTM_incremental,wed,1360,0.0,1.0000000000000002,,0.0,3
D,GAT+LSTM_incremental,wed,1361,0.0,1.0000000000000002,,0.0,3
D,GAT+LSTM_incremental,wed,1362,0.0,1.0000000000000002,,0.0,3
D,GAT+LSTM_incremental,wed,1363,0.0,1.0000000000000002,,0.0,3
D,GAT+LSTM_incremental,wed,1364,0.0,1.0000000000000002,,0.0,3
D,GAT+LSTM_incremental,wed,1365,0.0,1.0000000000000002,,0.0,3
D,GAT+LSTM_incremental,wed,1366,0.0,1.0000000000000002,,0.0,3
D,GAT+LSTM_incremental,wed,1367,0.0,1.0000000000000002,,0.0,3
D,GAT+LSTM_incremental,wed,1368,0.0,1.0000000000000002,,0.0,3
D,GAT+LSTM_incremental,wed,1369,0.0,1.0000000000000002,,0.0,3
D,GAT+LSTM_incremental,wed,1370,0.0,1.0000000000000002,,0.0,3
D,GAT+LSTM_incremental,wed,1371,0.0,1.0000000000000002,,0.0,3
D,GAT+LSTM_incremental,wed,1372,0.0,1.0000000000000002,,0.0,3
D,GAT+LSTM_incremental,wed,1373,0.0,1.0000000000000002,,0.0,3
D,GAT+LSTM_incremental,wed,1374,0.0,1.0000000000000002,,0.0,3
D,GAT+LSTM_incremental,wed,1375,0.0,1.0000000000000002,,0.0,3
D,GAT+LSTM_incremental,wed,1376,0.0,1.0000000000000002,,0.0,3
D,GAT+LSTM_incremental,wed,1377,0.0,1.0000000000000002,,0.0,3
D,GAT+LSTM_incremental,wed,1378,0.0,1.0000000000000002,,0.0,3
D,GAT+LSTM_incremental,wed,1379,0.0,1.0000000000000002,,0.0,3
D,GAT+LSTM_incremental,wed,1380,0.0,1.0000000000000002,,0.0,3
D,GAT+LSTM_incremental,wed,1381,0.0,1.0000000000000002,,0.0,3
D,GAT+LSTM_incremental,wed,1382,0.0,1.0000000000000002,,0.0,3
D,GAT+LSTM_incremental,wed,1383,0.0,1.0000000000000002,,0.0,3
D,GAT+LSTM_incremental,wed,1384,0.0,1.0000000000000002,,0.0,3
D,GAT+LSTM_incremental,wed,1385,0.0,1.0000000000000002,,0.0,3
D,GAT+LSTM_incremental,wed,1386,0.0,1.0000000000000002,,0.0,3
D,GAT+LSTM_incremental,wed,1387,0.0,1.0000000000000002,,0.0,3
D,GAT+LSTM_incremental,wed,1388,0.0,1.0000000000000002,,0.0,3
D,GAT+LSTM_incremental,wed,1389,0.0,1.0000000000000002,,0.0,3
D,GAT+LSTM_incremental,wed,1390,0.0,1.0000000000000002,,0.0,3
D,GAT+LSTM_incremental,wed,1391,0.0,1.0000000000000002,,0.0,3
D,GAT+LSTM_incremental,wed,1392,0.0,1.0000000000000002,,0.0,3
D,GAT+LSTM_incremental,wed,1393,0.0,1.0000000000000002,,0.0,3
D,GAT+LSTM_incremental,wed,1394,0.0,1.0000000000000002,,0.0,3
D,GAT+LSTM_incremental,wed,1395,0.0,1.0000000000000002,,0.0,3
D,GAT+LSTM_incremental,wed,1396,0.0,1.0000000000000002,,0.0,3
D,GAT+LSTM_incremental,wed,1397,0.0,1.0000000000000002,,0.0,3
D,GAT+LSTM_incremental,wed,1398,0.0,1.0000000000000002,,0.0,3
D,GAT+LSTM_incremental,wed,1399,0.0,1.0000000000000002,,0.0,3
D,GAT+LSTM_incremental,wed,1400,0.0,1.0000000000000002,,0.0,3
D,GAT+LSTM_incremental,wed,1401,0.0,1.0000000000000002,,0.0,3
D,GAT+LSTM_incremental,wed,1402,0.0,1.0000000000000002,,0.0,3
D,GAT+LSTM_incremental,wed,1403,0.0,1.0000000000000002,,0.0,3
D,GAT+LSTM_incremental,wed,1404,0.0,1.0000000000000002,,0.0,3
D,GAT+LSTM_incremental,wed,1405,0.0,1.0000000000000002,,0.0,3
D,GAT+LSTM_incremental,wed,1406,0.0,1.0000000000000002,,0.0,3
D,GAT+LSTM_incremental,wed,1407,0.0,1.0000000000000002,,0.0,3
D,GAT+LSTM_incremental,wed,1408,0.0,1.0000000000000002,,0.0,3
D,GAT+LSTM_incremental,wed,1409,0.0,1.0000000000000002,,0.0,3
D,GAT+LSTM_incremental,wed,1410,0.0,1.0000000000000002,,0.0,3
D,GAT+LSTM_incremental,wed,1411,0.0,1.0000000000000002,,0.0,3
D,GAT+LSTM_incremental,wed,1412,0.0,1.0000000000000002,,0.0,3
D,GAT+LSTM_incremental,wed,1413,0.0,1.0000000000000002,,0.0,3
D,GAT+LSTM_incremental,wed,1414,0.0,1.0000000000000002,,0.0,3
D,GAT+LSTM_incremental,wed,1415,0.0,1.0000000000000002,,0.0,3
D,GAT+LSTM_incremental,wed,1416,0.0,1.0000000000000002,,0.0,3
D,GAT+LSTM_incremental,wed,1417,0.0,1.0000000000000002,,0.0,3
D,GAT+LSTM_incremental,wed,1418,0.0,1.0000000000000002,,0.0,3
D,GAT+LSTM_incremental,wed,1419,0.0,1.0000000000000002,,0.0,3
D,GAT+LSTM_incremental,wed,1420,0.0,1.0000000000000002,,0.0,3
D,GAT+LSTM_incremental,wed,1421,0.0,1.0000000000000002,,0.0,3
D,GAT+LSTM_incremental,wed,1422,0.0,1.0000000000000002,,0.0,3
D,GAT+LSTM_incremental,wed,1423,0.0,1.0000000000000002,,0.0,3
D,GAT+LSTM_incremental,wed,1424,0.0,1.0000000000000002,,0.0,3
D,GAT+LSTM_incremental,wed,1425,0.0,1.0000000000000002,,0.0,3
D,GAT+LSTM_incremental,wed,1426,0.0,1.0000000000000002,,0.0,3
D,GAT+LSTM_incremental,wed,1427,0.0,1.0000000000000002,,0.0,3
D,GAT+LSTM_incremental,wed,1428,0.0,1.0000000000000002,,0.0,3
D,GAT+LSTM_incremental,wed,1429,0.0,1.0000000000000002,,0.0,3
D,GAT+LSTM_incremental,wed,1430,0.0,1.0000000000000002,,0.0,3
D,GAT+LSTM_incremental,wed,1431,0.0,1.0000000000000002,,0.0,3
D,GAT+LSTM_incremental,wed,1432,0.0,1.0000000000000002,,0.0,3
D,GAT+LSTM_incremental,wed,1433,0.0,1.0000000000000002,,0.0,3
D,GAT+LSTM_incremental,wed,1434,0.0,1.0000000000000002,,0.0,3
D,GAT+LSTM_incremental,wed,1435,0.0,1.0000000000000002,,0.0,3
D,GAT+LSTM_incremental,wed,1436,0.0,1.0000000000000002,,0.0,3
D,GAT+LSTM_incremental,wed,1437,0.0,1.0000000000000002,,0.0,3
D,GAT+LSTM_incremental,wed,1438,0.0,1.0000000000000002,,0.0,3
D,GAT+LSTM_incremental,wed,1439,0.0,1.0000000000000002,,0.0,3
D,GAT+LSTM_incremental,wed,1440,0.0,1.0000000000000002,,0.0,3
D,GAT+LSTM_incremental,wed,1441,0.0,1.0000000000000002,,0.0,3
D,GAT+LSTM_incremental,wed,1442,0.0,1.0000000000000002,,0.0,3
D,GAT+LSTM_incremental,wed,1443,0.0,1.0000000000000002,,0.0,3
D,GAT+LSTM_incremental,wed,1444,0.0,1.0000000000000002,,0.0,3
D,GAT+LSTM_incremental,wed,1445,0.0,1.0000000000000002,,0.0,3
D,GAT+LSTM_incremental,wed,1446,0.0,1.0000000000000002,,0.0,3
D,GAT+LSTM_incremental,wed,1447,0.0,1.0000000000000002,,0.0,3
D,GAT+LSTM_incremental,wed,1448,0.0,1.0000000000000002,,0.0,3
D,GAT+LSTM_incremental,wed,1449,0.0,1.0000000000000002,,0.0,3
D,GAT+LSTM_incremental,wed,1450,0.0,1.0000000000000002,,0.0,3
D,GAT+LSTM_incremental,wed,1451,0.0,1.0000000000000002,,0.0,3
D,GAT+LSTM_incremental,wed,1452,0.0,1.0000000000000002,,0.0,3
D,GAT+LSTM_incremental,wed,1453,0.0,1.0000000000000002,,0.0,3
D,GAT+LSTM_incremental,wed,1454,0.0,1.0000000000000002,,0.0,3
D,GAT+LSTM_incremental,wed,1455,0.0,1.0000000000000002,,0.0,3
D,GAT+LSTM_incremental,wed,1456,0.0,1.0000000000000002,,0.0,3
D,GAT+LSTM_incremental,wed,1457,0.0,1.0000000000000002,,0.0,3
D,GAT+LSTM_incremental,wed,1458,0.0,1.0000000000000002,,0.0,3
D,GAT+LSTM_incremental,wed,1459,0.0,1.0000000000000002,,0.0,3
D,GAT+LSTM_incremental,wed,1460,0.0,1.0000000000000002,,0.0,3
D,GAT+LSTM_incremental,wed,1461,0.0,1.0000000000000002,,0.0,3
D,GAT+LSTM_incremental,wed,1462,0.0,1.0000000000000002,,0.0,3
D,GAT+LSTM_incremental,wed,1463,0.0,1.0000000000000002,,0.0,3
D,GAT+LSTM_incremental,wed,1464,0.0,1.0000000000000002,,0.0,3
D,GAT+LSTM_incremental,wed,1465,0.0,1.0000000000000002,,0.0,3
D,GAT+LSTM_incremental,wed,1466,0.0,1.0000000000000002,,0.0,3
D,GAT+LSTM_incremental,wed,1467,0.0,1.0000000000000002,,0.0,3
D,GAT+LSTM_incremental,wed,1468,0.0,1.0000000000000002,,0.0,3
D,GAT+LSTM_incremental,wed,1469,0.0,1.0000000000000002,,0.0,3
D,GAT+LSTM_incremental,wed,1470,0.0,1.0000000000000002,,0.0,3
D,GAT+LSTM_incremental,wed,1471,0.0,1.0000000000000002,,0.0,3
D,GAT+LSTM_incremental,wed,1472,0.0,1.0000000000000002,,0.0,3
D,GAT+LSTM_incremental,wed,1473,0.0,1.0000000000000002,,0.0,3
D,GAT+LSTM_incremental,wed,1474,0.0,0.9999999999999998,1.0,0.0,3
D,GAT+LSTM_incremental,wed,1475,0.0,0.997299168975069,0.9473684210526315,0.0,3
D,GAT+LSTM_incremental,wed,1476,0.0,0.9969948018193633,0.9722222222222222,0.0,3
D,GAT+LSTM_incremental,wed,1477,0.0,0.9966359092656671,0.9803921568627452,0.0,3
D,GAT+LSTM_incremental,wed,1478,0.0,0.9900677118112468,0.9411764705882353,0.0,3
D,GAT+LSTM_incremental,wed,1479,0.0,0.9831088498350837,0.9019607843137255,0.0,3
D,GAT+LSTM_incremental,wed,1480,0.0,0.975709566592375,0.8627450980392156,0.0,3
D,GAT+LSTM_incremental,wed,1481,0.0,0.9678098682515001,0.8235294117647058,0.0,3
D,GAT+LSTM_incremental,wed,1482,0.0,0.9566447004299855,0.7647058823529412,0.0,3
D,GAT+LSTM_incremental,wed,1483,0.0,0.9475067795273587,0.7254901960784315,0.0,3
D,GAT+LSTM_incremental,wed,1484,0.0,0.9375897357867855,0.6862745098039216,0.0,3
D,GAT+LSTM_incremental,wed,1485,0.0,0.9313805854599881,0.6666666666666667,0.0,3
D,GAT+LSTM_incremental,wed,1486,0.0,0.9198015599103744,0.6274509803921569,0.0,3
D,GAT+LSTM_incremental,wed,1487,0.0,0.9198015599103744,0.6274509803921569,0.0,3
D,GAT+LSTM_incremental,wed,1488,0.0,0.9198015599103744,0.6274509803921569,0.0,3
D,GAT+LSTM_incremental,wed,1489,0.1111111111111111,0.9198015599103744,0.6274509803921569,0.0,3
D,GAT+LSTM_incremental,wed,1490,0.21052631578947367,0.9198015599103744,0.6274509803921569,0.0,3
D,GAT+LSTM_incremental,wed,1491,0.3,0.9198015599103744,0.6274509803921569,0.0,3
D,GAT+LSTM_incremental,wed,1492,0.38095238095238093,0.9198015599103744,0.6274509803921569,0.0,3
D,GAT+LSTM_incremental,wed,1493,0.45454545454545453,0.9198015599103744,0.6274509803921569,0.0,3
D,GAT+LSTM_incremental,wed,1494,0.43478260869565216,0.8920354534677973,0.5686274509803921,0.3333333333333333,3
D,GAT+LSTM_incremental,wed,1495,0.43478260869565216,0.8386001025440848,0.5,0.5,3
D,GAT+LSTM_incremental,wed,1496,0.4166666666666667,0.8234677522554845,0.453125,0.75,3
D,GAT+LSTM_incremental,wed,1497,0.4,0.7887099269839208,0.296875,1.0,3
D,GAT+LSTM_incremental,wed,1498,0.4,0.7565206433859684,0.32,1.0,3
D,GAT+LSTM_incremental,wed,1499,0.4166666666666667,0.736955945425649,0.36904761904761907,0.8333333333333334,3
D,GAT+LSTM_incremental,wed,1500,0.43478260869565216,0.7165329883923597,0.3956043956043956,0.7142857142857143,3
D,GAT+LSTM_incremental,wed,1501,0.45454545454545453,0.7092015154321657,0.4479166666666667,0.625,3
D,GAT+LSTM_incremental,wed,1502,0.47619047619047616,0.709438562539815,0.5050505050505051,0.5555555555555556,3
D,GAT+LSTM_incremental,wed,1503,0.5,0.7110549469450398,0.55,0.5,3
D,GAT+LSTM_incremental,wed,1504,0.5263157894736842,0.7234862441002792,0.6060606060606061,0.45454545454545453,3
D,GAT+LSTM_incremental,wed,1505,0.5555555555555556,0.7497748276942355,0.6770833333333333,0.4166666666666667,3
D,GAT+LSTM_incremental,wed,1506,0.5882352941176471,0.8019982993197279,0.7912087912087913,0.38461538461538464,3
D,GAT+LSTM_incremental,wed,1507,0.625,0.8658730158730159,0.880952380952381,0.35714285714285715,3
D,GAT+LSTM_incremental,wed,1508,0.6666666666666666,0.9633333333333334,0.9866666666666667,0.3333333333333333,3
D,GAT+LSTM_incremental,wed,1509,0.6153846153846154,1.0,1.0,0.3125,3
D,GAT+LSTM_incremental,wed,1510,0.5454545454545454,1.0,1.0,0.29411764705882354,3
D,GAT+LSTM_incremental,wed,1511,0.4444444444444444,1.0,1.0,0.2777777777777778,3
D,GAT+LSTM_incremental,wed,1512,0.2857142857142857,1.0,1.0,0.2631578947368421,3
D,GAT+LSTM_incremental,wed,1513,0.0,0.5,,0.25,3
D,GAT+LSTM_incremental,wed,1514,0.0,0.5,,0.2,3
D,GAT+LSTM_incremental,wed,1515,0.0,0.5,,0.15,3
D,GAT+LSTM_incremental,wed,1516,0.0,0.5,,0.1,3
D,GAT+LSTM_incremental,wed,1517,0.0,0.5,,0.05,3
D,GAT+LSTM_incremental,wed,1518,0.0,0.5,,0.0,3
D,GAT+LSTM_incremental,wed,1519,0.0,0.5,,0.0,3
D,GAT+LSTM_incremental,wed,1520,0.0,0.5,,0.0,3
D,GAT+LSTM_incremental,wed,1521,0.0,0.5,,0.0,3
D,GAT+LSTM_incremental,wed,1522,0.0,0.5,,0.0,3
D,GAT+LSTM_incremental,wed,1523,0.0,0.5,,0.0,3
D,GAT+LSTM_incremental,wed,1524,0.0,0.5,,0.0,3
D,GAT+LSTM_incremental,wed,1525,0.0,0.5,,0.0,3
D,GAT+LSTM_incremental,wed,1526,0.0,0.5,,0.0,3
D,GAT+LSTM_incremental,wed,1527,0.0,0.5,,0.0,3
D,GAT+LSTM_incremental,wed,1528,0.0,0.5,,0.0,3
D,GAT+LSTM_incremental,wed,1529,0.0,0.5,,0.0,3
D,GAT+LSTM_incremental,wed,1530,0.0,0.5,,0.0,3
D,GAT+LSTM_incremental,wed,1531,0.0,0.5,,0.0,3
D,GAT+LSTM_incremental,wed,1532,0.0,0.5,,0.0,3
D,GAT+LSTM_incremental,wed,1533,0.0,0.5,,0.0,3
D,GAT+LSTM_incremental,wed,1534,0.0,0.5,,0.0,3
D,GAT+LSTM_incremental,wed,1535,0.0,0.5,,0.0,3
D,GAT+LSTM_incremental,wed,1536,0.0,0.5,,0.0,3
D,GAT+LSTM_incremental,wed,1537,0.0,0.5,,0.0,3
D,GAT+LSTM_incremental,wed,1538,0.0,0.5,,0.0,3
D,GAT+LSTM_incremental,wed,1539,0.0,0.5,,0.0,3
D,GAT+LSTM_incremental,wed,1540,0.0,0.5,,0.0,3
D,GAT+LSTM_incremental,wed,1541,0.0,0.5,,0.0,3
D,GAT+LSTM_incremental,wed,1542,0.0,0.5,,0.0,3
D,GAT+LSTM_incremental,wed,1543,0.0,0.5,,0.0,3
D,GAT+LSTM_incremental,wed,1544,0.0,0.5,,0.0,3
D,GAT+LSTM_incremental,wed,1545,0.0,0.5,,0.0,3
D,GAT+LSTM_incremental,wed,1546,0.0,0.5,,0.0,3
D,GAT+LSTM_incremental,wed,1547,0.0,0.5,,0.0,3
D,GAT+LSTM_incremental,wed,1548,0.0,0.5,,0.0,3
D,GAT+LSTM_incremental,wed,1549,0.0,0.5,,0.0,3
D,GAT+LSTM_incremental,wed,1550,0.0,0.5,,0.0,3
D,GAT+LSTM_incremental,wed,1551,0.0,0.5,,0.0,3
D,GAT+LSTM_incremental,wed,1552,0.0,0.5,,0.0,3
D,GAT+LSTM_incremental,wed,1553,0.0,0.5,,0.0,3
D,GAT+LSTM_incremental,wed,1554,0.0,0.5,,0.0,3
D,GAT+LSTM_incremental,wed,1555,0.0,0.5,,0.0,3
D,GAT+LSTM_incremental,wed,1556,0.0,0.5,,0.0,3
D,GAT+LSTM_incremental,wed,1557,0.0,0.5,,0.0,3
D,GAT+LSTM_incremental,wed,1558,0.0,0.5,,0.0,3
D,GAT+LSTM_incremental,wed,1559,0.0,0.5,,0.0,3
D,GAT+LSTM_incremental,wed,1560,0.0,0.5,,0.0,3
D,GAT+LSTM_incremental,wed,1561,0.0,0.5,,0.0,3
D,GAT+LSTM_incremental,wed,1562,0.0,0.5,,0.0,3
D,GAT+LSTM_incremental,wed,1563,0.0,0.5,,0.0,3
D,GAT+LSTM_incremental,wed,1564,0.0,0.5,,0.0,3
D,GAT+LSTM_incremental,wed,1565,0.0,0.5,,0.0,3
D,GAT+LSTM_incremental,wed,1566,0.0,0.5,,0.0,3
D,GAT+LSTM_incremental,wed,1567,0.0,0.5,,0.0,3
D,GAT+LSTM_incremental,wed,1568,0.0,0.5,,0.0,3
D,GAT+LSTM_incremental,wed,1569,0.0,0.5,,0.0,3
D,GAT+LSTM_incremental,wed,1570,0.0,0.03125,0.21052631578947367,0.0,3
D,GAT+LSTM_incremental,wed,1571,0.0,0.03333333333333333,0.26315789473684215,0.0,3
D,GAT+LSTM_incremental,wed,1572,0.0,0.03571428571428571,0.3157894736842105,0.0,3
D,GAT+LSTM_incremental,wed,1573,0.0,0.03571428571428571,0.3157894736842105,0.05263157894736842,3
D,GAT+LSTM_incremental,wed,1574,0.0,0.03571428571428571,0.3157894736842105,0.05263157894736842,3
D,GAT+LSTM_incremental,wed,1575,0.0,0.03571428571428571,0.3157894736842105,0.05263157894736842,3
D,GAT+LSTM_incremental,wed,1576,0.0,0.03571428571428571,0.3157894736842105,0.05263157894736842,3
D,GAT+LSTM_incremental,wed,1577,0.0,0.03571428571428571,0.3157894736842105,0.05263157894736842,3
D,GAT+LSTM_incremental,wed,1578,0.0,0.03571428571428571,0.3157894736842105,0.05263157894736842,3
D,GAT+LSTM_incremental,wed,1579,0.0,0.03571428571428571,0.3157894736842105,0.05263157894736842,3
D,GAT+LSTM_incremental,wed,1580,0.0,0.03571428571428571,0.3157894736842105,0.05263157894736842,3
D,GAT+LSTM_incremental,wed,1581,0.0,0.03571428571428571,0.3157894736842105,0.05263157894736842,3
D,GAT+LSTM_incremental,wed,1582,0.0,0.03571428571428571,0.3157894736842105,0.05263157894736842,3
D,GAT+LSTM_incremental,wed,1583,0.0,0.03571428571428571,0.3157894736842105,0.05263157894736842,3
D,GAT+LSTM_incremental,wed,1584,0.0,0.03571428571428571,0.3157894736842105,0.05263157894736842,3
D,GAT+LSTM_incremental,wed,1585,0.0,0.03571428571428571,0.3157894736842105,0.05263157894736842,3
D,GAT+LSTM_incremental,wed,1586,0.0,0.03333333333333333,0.26315789473684215,0.05263157894736842,3
D,GAT+LSTM_incremental,wed,1587,0.0,0.03125,0.21052631578947367,0.05263157894736842,3
D,GAT+LSTM_incremental,wed,1588,0.0,0.029411764705882353,0.1578947368421053,0.05263157894736842,3
D,GAT+LSTM_incremental,wed,1589,0.0,0.027777777777777776,0.10526315789473684,0.05263157894736842,3
D,GAT+LSTM_incremental,wed,1590,0.0,0.5,,0.05,3
D,GAT+LSTM_incremental,wed,1591,0.0,0.5,,0.05,3
D,GAT+LSTM_incremental,wed,1592,0.0,0.5,,0.05,3
D,GAT+LSTM_incremental,wed,1593,0.0,0.5,,0.0,3
D,GAT+LSTM_incremental,wed,1594,0.0,0.5,,0.0,3
D,GAT+LSTM_incremental,wed,1595,0.0,0.5,,0.0,3
D,GAT+LSTM_incremental,wed,1596,0.0,0.5,,0.0,3
D,GAT+LSTM_incremental,wed,1597,0.0,0.5,,0.0,3
D,GAT+LSTM_incremental,wed,1598,0.0,0.5,,0.0,3
D,GAT+LSTM_incremental,wed,1599,0.0,0.5,,0.0,3
D,GAT+LSTM_incremental,wed,1600,0.0,0.5,,0.0,3
D,GAT+LSTM_incremental,wed,1601,0.0,0.5,,0.0,3
D,GAT+LSTM_incremental,wed,1602,0.0,0.5,,0.0,3
D,GAT+LSTM_incremental,wed,1603,0.0,0.5,,0.0,3
D,GAT+LSTM_incremental,wed,1604,0.0,0.5,,0.0,3
D,GAT+LSTM_incremental,wed,1605,0.0,0.5,,0.0,3
D,GAT+LSTM_incremental,wed,1606,0.0,0.5,,0.0,3
D,GAT+LSTM_incremental,wed,1607,0.0,0.5,,0.0,3
D,GAT+LSTM_incremental,wed,1608,0.0,0.5,,0.0,3
D,GAT+LSTM_incremental,wed,1609,0.0,0.5,,0.0,3
D,GAT+LSTM_incremental,wed,1610,0.0,0.5,,0.0,3
D,GAT+LSTM_incremental,wed,1611,0.0,0.5,,0.0,3
D,GAT+LSTM_incremental,wed,1612,0.0,0.5,,0.0,3
D,GAT+LSTM_incremental,wed,1613,0.0,0.5,,0.0,3
D,GAT+LSTM_incremental,wed,1614,0.0,0.5,,0.0,3
D,GAT+LSTM_incremental,wed,1615,0.0,0.5,,0.0,3
D,GAT+LSTM_incremental,wed,1616,0.0,0.5,,0.0,3
D,GAT+LSTM_incremental,wed,1617,0.0,0.5,,0.0,3
D,GAT+LSTM_incremental,wed,1618,0.0,0.5,,0.0,3
D,GAT+LSTM_incremental,wed,1619,0.0,0.5,,0.0,3
D,GAT+LSTM_incremental,wed,1620,0.0,0.5,,0.0,3
D,GAT+LSTM_incremental,wed,1621,0.0,0.5,,0.0,3
D,GAT+LSTM_incremental,wed,1622,0.0,0.5,,0.0,3
D,GAT+LSTM_incremental,wed,1623,0.0,0.5,,0.0,3
D,GAT+LSTM_incremental,wed,1624,0.0,0.5,,0.0,3
D,GAT+LSTM_incremental,wed,1625,0.0,0.5,,0.0,3
D,GAT+LSTM_incremental,wed,1626,0.0,0.5,,0.0,3
D,GAT+LSTM_incremental,wed,1627,0.0,0.5,,0.0,3
D,GAT+LSTM_incremental,wed,1628,0.0,0.5,,0.0,3
D,GAT+LSTM_incremental,wed,1629,0.0,0.5,,0.0,3
D,GAT+LSTM_incremental,wed,1630,0.0,0.5,,0.0,3
D,GAT+LSTM_incremental,wed,1631,0.0,0.5,,0.0,3
D,GAT+LSTM_incremental,wed,1632,0.0,0.5,,0.0,3
D,GAT+LSTM_incremental,wed,1633,0.0,0.5,,0.0,3
D,GAT+LSTM_incremental,wed,1634,0.0,0.5,,0.0,3
D,GAT+LSTM_incremental,wed,1635,0.0,0.5,,0.0,3
D,GAT+LSTM_incremental,wed,1636,0.0,0.5,,0.0,3
D,GAT+LSTM_incremental,wed,1637,0.0,0.5,,0.0,3
D,GAT+LSTM_incremental,wed,1638,0.0,0.5,,0.0,3
D,GAT+LSTM_incremental,wed,1639,0.0,0.5,,0.0,3
D,GAT+LSTM_incremental,wed,1640,0.0,0.5,,0.0,3
D,GAT+LSTM_incremental,wed,1641,0.0,0.5,,0.0,3
D,GAT+LSTM_incremental,wed,1642,0.0,0.5,,0.0,3
D,GAT+LSTM_incremental,wed,1643,0.0,0.5,,0.0,3
D,GAT+LSTM_incremental,wed,1644,0.0,0.5,,0.0,3
D,GAT+LSTM_incremental,wed,1645,0.0,0.5,,0.0,3
D,GAT+LSTM_incremental,wed,1646,0.0,0.5,,0.0,3
D,GAT+LSTM_incremental,wed,1647,0.0,0.5,,0.0,3
D,GAT+LSTM_incremental,wed,1648,0.0,0.5,,0.0,3
D,GAT+LSTM_incremental,wed,1649,0.0,0.5,,0.0,3
D,GAT+LSTM_incremental,wed,1650,0.0,0.5,,0.0,3
D,GAT+LSTM_incremental,wed,1651,0.0,0.5,,0.0,3
D,GAT+LSTM_incremental,wed,1652,0.0,0.5,,0.0,3
D,GAT+LSTM_incremental,wed,1653,0.0,0.5,,0.0,3
D,GAT+LSTM_incremental,wed,1654,0.0,0.5,,0.0,3
D,GAT+LSTM_incremental,wed,1655,0.0,0.5,,0.0,3
D,GAT+LSTM_incremental,wed,1656,0.0,0.5,,0.0,3
D,GAT+LSTM_incremental,wed,1657,0.0,0.5,,0.0,3
D,GAT+LSTM_incremental,wed,1658,0.0,0.5,,0.0,3
D,GAT+LSTM_incremental,wed,1659,0.0,0.5,,0.0,3
D,GAT+LSTM_incremental,wed,1660,0.0,0.5,,0.0,3
D,GAT+LSTM_incremental,wed,1661,0.0,0.5,,0.0,3
D,GAT+LSTM_incremental,wed,1662,0.0,0.5,,0.0,3
D,GAT+LSTM_incremental,wed,1663,0.0,0.5,,0.0,3
D,GAT+LSTM_incremental,wed,1664,0.0,0.5,,0.0,3
D,GAT+LSTM_incremental,wed,1665,0.0,0.5,,0.0,3
D,GAT+LSTM_incremental,wed,1666,0.0,0.5,,0.0,3
D,GAT+LSTM_incremental,wed,1667,0.0,0.5,,0.0,3
D,GAT+LSTM_incremental,wed,1668,0.0,0.038461538461538464,0.368421052631579,0.0,3
D,GAT+LSTM_incremental,wed,1669,0.0,0.07577838827838827,0.3611111111111111,0.0,3
D,GAT+LSTM_incremental,wed,1670,0.0,0.10076402355814121,0.2745098039215686,0.0,3
D,GAT+LSTM_incremental,wed,1671,0.0,0.12030985977386906,0.171875,0.0,3
D,GAT+LSTM_incremental,wed,1672,0.0,0.14423034395944612,0.10666666666666666,0.0,3
D,GAT+LSTM_incremental,wed,1673,0.0,0.1725981423833591,0.07142857142857144,0.0,3
D,GAT+LSTM_incremental,wed,1674,0.0,0.20488566546726655,0.05494505494505492,0.0,3
D,GAT+LSTM_incremental,wed,1675,0.0,0.23573629350525632,0.04166666666666667,0.0,3
D,GAT+LSTM_incremental,wed,1676,0.0,0.2850926569321822,0.1111111111111111,0.0,3
D,GAT+LSTM_incremental,wed,1677,0.0,0.3759022564982318,0.2,0.0,3
D,GAT+LSTM_incremental,wed,1678,0.0,0.516775859081657,0.2121212121212121,0.0,3
D,GAT+LSTM_incremental,wed,1679,0.0,0.544493306973957,0.19791666666666666,0.0,3
D,GAT+LSTM_incremental,wed,1680,0.0,0.5896592211339771,0.21978021978021978,0.0,3
D,GAT+LSTM_incremental,wed,1681,0.0,0.6829363539060574,0.2857142857142857,0.0,3
D,GAT+LSTM_incremental,wed,1682,0.0,0.7637765356418607,0.3466666666666667,0.0,3
D,GAT+LSTM_incremental,wed,1683,0.0,0.8248390756130695,0.390625,0.0,3
D,GAT+LSTM_incremental,wed,1684,0.0,0.8696916011203026,0.3921568627450981,0.0,3
D,GAT+LSTM_incremental,wed,1685,0.0,0.9229142885360637,0.4444444444444444,0.0,3
D,GAT+LSTM_incremental,wed,1686,0.0,0.9634857156223458,0.47368421052631576,0.0,3
D,GAT+LSTM_incremental,wed,1687,0.0,1.0000000000000002,,0.0,3
D,GAT+LSTM_incremental,wed,1688,0.0,1.0000000000000002,,0.0,3
D,GAT+LSTM_incremental,wed,1689,0.0,1.0000000000000002,,0.0,3
D,GAT+LSTM_incremental,wed,1690,0.0,1.0000000000000002,,0.0,3
D,GAT+LSTM_incremental,wed,1691,0.0,1.0000000000000002,,0.0,3
D,GAT+LSTM_incremental,wed,1692,0.0,1.0000000000000002,,0.0,3
D,GAT+LSTM_incremental,wed,1693,0.0,1.0000000000000002,,0.0,3
D,GAT+LSTM_incremental,wed,1694,0.0,1.0000000000000002,,0.0,3
D,GAT+LSTM_incremental,wed,1695,0.0,1.0000000000000002,,0.0,3
D,GAT+LSTM_incremental,wed,1696,0.0,1.0000000000000002,,0.0,3
D,GAT+LSTM_incremental,wed,1697,0.0,1.0000000000000002,,0.0,3
D,GAT+LSTM_incremental,wed,1698,0.0,1.0000000000000002,,0.0,3
D,GAT+LSTM_incremental,wed,1699,0.0,1.0000000000000002,,0.0,3
D,GAT+LSTM_incremental,wed,1700,0.0,1.0000000000000002,,0.0,3
D,GAT+LSTM_incremental,wed,1701,0.0,1.0000000000000002,,0.0,3
D,GAT+LSTM_incremental,wed,1702,0.0,1.0000000000000002,,0.0,3
D,GAT+LSTM_incremental,wed,1703,0.0,1.0000000000000002,,0.0,3
D,GAT+LSTM_incremental,wed,1704,0.0,1.0000000000000002,,0.0,3
D,GAT+LSTM_incremental,wed,1705,0.0,1.0000000000000002,,0.0,3
D,GAT+LSTM_incremental,wed,1706,0.0,1.0000000000000002,,0.0,3
D,GAT+LSTM_incremental,wed,1707,0.0,1.0000000000000002,,0.0,3
D,GAT+LSTM_incremental,wed,1708,0.0,1.0000000000000002,,0.0,3
D,GAT+LSTM_incremental,wed,1709,0.0,1.0000000000000002,,0.0,3
D,GAT+LSTM_incremental,wed,1710,0.0,1.0000000000000002,,0.0,3
D,GAT+LSTM_incremental,wed,1711,0.0,1.0000000000000002,,0.0,3
D,GAT+LSTM_incremental,wed,1712,0.0,1.0000000000000002,,0.0,3
D,GAT+LSTM_incremental,wed,1713,0.0,1.0000000000000002,,0.0,3
D,GAT+LSTM_incremental,wed,1714,0.0,1.0000000000000002,,0.0,3
D,GAT+LSTM_incremental,wed,1715,0.0,1.0000000000000002,,0.0,3
D,GAT+LSTM_incremental,wed,1716,0.0,1.0000000000000002,,0.0,3
D,GAT+LSTM_incremental,wed,1717,0.0,1.0000000000000002,,0.0,3
D,GAT+LSTM_incremental,wed,1718,0.0,1.0000000000000002,,0.0,3
D,GAT+LSTM_incremental,wed,1719,0.0,1.0000000000000002,,0.0,3
D,GAT+LSTM_incremental,wed,1720,0.0,1.0000000000000002,,0.0,3
D,GAT+LSTM_incremental,wed,1721,0.0,1.0000000000000002,,0.0,3
D,GAT+LSTM_incremental,wed,1722,0.0,1.0000000000000002,,0.0,3
D,GAT+LSTM_incremental,wed,1723,0.0,1.0000000000000002,,0.0,3
D,GAT+LSTM_incremental,wed,1724,0.0,1.0000000000000002,,0.0,3
D,GAT+LSTM_incremental,wed,1725,0.0,1.0000000000000002,,0.0,3
D,GAT+LSTM_incremental,wed,1726,0.0,1.0000000000000002,,0.0,3
D,GAT+LSTM_incremental,wed,1727,0.0,1.0000000000000002,,0.0,3
D,GAT+LSTM_incremental,wed,1728,0.0,1.0000000000000002,,0.0,3
D,GAT+LSTM_incremental,wed,1729,0.0,1.0000000000000002,,0.0,3
D,GAT+LSTM_incremental,wed,1730,0.0,1.0000000000000002,,0.0,3
D,GAT+LSTM_incremental,wed,1731,0.0,1.0000000000000002,,0.0,3
D,GAT+LSTM_incremental,wed,1732,0.0,1.0000000000000002,,0.0,3
D,GAT+LSTM_incremental,wed,1733,0.0,1.0000000000000002,,0.0,3
D,GAT+LSTM_incremental,wed,1734,0.0,1.0000000000000002,,0.0,3
D,GAT+LSTM_incremental,wed,1735,0.0,1.0000000000000002,,0.0,3
D,GAT+LSTM_incremental,wed,1736,0.0,1.0000000000000002,,0.0,3
D,GAT+LSTM_incremental,wed,1737,0.0,1.0000000000000002,,0.0,3
D,GAT+LSTM_incremental,wed,1738,0.0,1.0000000000000002,,0.0,3
D,GAT+LSTM_incremental,wed,1739,0.0,1.0000000000000002,,0.0,3
D,GAT+LSTM_incremental,wed,1740,0.0,1.0000000000000002,,0.0,3
D,GAT+LSTM_incremental,wed,1741,0.0,1.0000000000000002,,0.0,3
D,GAT+LSTM_incremental,wed,1742,0.0,1.0000000000000002,,0.0,3
D,GAT+LSTM_incremental,wed,1743,0.0,1.0000000000000002,,0.0,3
D,GAT+LSTM_incremental,wed,1744,0.0,1.0000000000000002,,0.0,3
D,GAT+LSTM_incremental,wed,1745,0.0,1.0000000000000002,,0.0,3
D,GAT+LSTM_incremental,wed,1746,0.0,1.0000000000000002,,0.0,3
D,GAT+LSTM_incremental,wed,1747,0.0,1.0000000000000002,,0.0,3
D,GAT+LSTM_incremental,wed,1748,0.0,1.0000000000000002,,0.0,3
D,GAT+LSTM_incremental,wed,1749,0.0,1.0000000000000002,,0.0,3
D,GAT+LSTM_incremental,wed,1750,0.0,1.0000000000000002,,0.0,3
D,GAT+LSTM_incremental,wed,1751,0.0,1.0000000000000002,,0.0,3
D,GAT+LSTM_incremental,wed,1752,0.0,1.0000000000000002,,0.0,3
D,GAT+LSTM_incremental,wed,1753,0.0,1.0000000000000002,,0.0,3
D,GAT+LSTM_incremental,wed,1754,0.0,1.0000000000000002,,0.0,3
D,GAT+LSTM_incremental,wed,1755,0.0,1.0000000000000002,,0.0,3
D,GAT+LSTM_incremental,wed,1756,0.0,1.0000000000000002,,0.0,3
D,GAT+LSTM_incremental,wed,1757,0.0,1.0000000000000002,,0.0,3
D,GAT+LSTM_incremental,wed,1758,0.0,1.0000000000000002,,0.0,3
D,GAT+LSTM_incremental,wed,1759,0.0,1.0000000000000002,,0.0,3
D,GAT+LSTM_incremental,wed,1760,0.0,1.0000000000000002,,0.0,3
D,GAT+LSTM_incremental,wed,1761,0.0,1.0000000000000002,,0.0,3
D,GAT+LSTM_incremental,wed,1762,0.0,1.0000000000000002,,0.0,3
D,GAT+LSTM_incremental,wed,1763,0.0,1.0000000000000002,,0.0,3
D,GAT+LSTM_incremental,wed,1764,0.0,1.0000000000000002,,0.0,3
D,GAT+LSTM_incremental,wed,1765,0.0,1.0000000000000002,,0.0,3
D,GAT+LSTM_incremental,wed,1766,0.0,1.0000000000000002,,0.0,3
D,GAT+LSTM_incremental,wed,1767,0.0,1.0000000000000002,,0.0,3
D,GAT+LSTM_incremental,wed,1768,0.0,1.0000000000000002,,0.0,3
D,GAT+LSTM_incremental,wed,1769,0.0,1.0000000000000002,,0.0,3
D,GAT+LSTM_incremental,wed,1770,0.0,1.0000000000000002,,0.0,3
D,GAT+LSTM_incremental,wed,1771,0.0,1.0000000000000002,,0.0,3
D,GAT+LSTM_incremental,wed,1772,0.0,1.0000000000000002,,0.0,3
D,GAT+LSTM_incremental,wed,1773,0.0,1.0000000000000002,,0.0,3
D,GAT+LSTM_incremental,wed,1774,0.0,1.0000000000000002,,0.0,3
D,GAT+LSTM_incremental,wed,1775,0.0,1.0000000000000002,,0.0,3
D,GAT+LSTM_incremental,wed,1776,0.0,1.0000000000000002,,0.0,3
D,GAT+LSTM_incremental,wed,1777,0.0,1.0000000000000002,,0.0,3
D,GAT+LSTM_incremental,wed,1778,0.0,1.0000000000000002,,0.0,3
D,GAT+LSTM_incremental,wed,1779,0.0,1.0000000000000002,,0.0,3
D,GAT+LSTM_incremental,wed,1780,0.0,1.0000000000000002,,0.0,3
D,GAT+LSTM_incremental,wed,1781,0.0,1.0000000000000002,,0.0,3
D,GAT+LSTM_incremental,wed,1782,0.0,1.0000000000000002,,0.0,3
D,GAT+LSTM_incremental,wed,1783,0.0,1.0000000000000002,,0.0,3
D,GAT+LSTM_incremental,wed,1784,0.0,1.0000000000000002,,0.0,3
D,GAT+LSTM_incremental,wed,1785,0.0,1.0000000000000002,,0.0,3
D,GAT+LSTM_incremental,wed,1786,0.0,1.0000000000000002,,0.0,3
D,GAT+LSTM_incremental,wed,1787,0.0,1.0000000000000002,,0.0,3
D,GAT+LSTM_incremental,wed,1788,0.0,1.0000000000000002,,0.0,3
D,GAT+LSTM_incremental,wed,1789,0.0,1.0000000000000002,,0.0,3
D,GAT+LSTM_incremental,wed,1790,0.0,1.0000000000000002,,0.0,3
D,GAT+LSTM_incremental,wed,1791,0.0,1.0000000000000002,,0.0,3
D,GAT+LSTM_incremental,wed,1792,0.0,1.0000000000000002,,0.0,3
D,GAT+LSTM_incremental,wed,1793,0.0,1.0000000000000002,,0.0,3
D,GAT+LSTM_incremental,wed,1794,0.0,1.0000000000000002,,0.0,3
D,GAT+LSTM_incremental,wed,1795,0.0,1.0000000000000002,,0.0,3
D,GAT+LSTM_incremental,wed,1796,0.0,1.0000000000000002,,0.0,3
D,GAT+LSTM_incremental,wed,1797,0.0,1.0000000000000002,,0.0,3
D,GAT+LSTM_incremental,wed,1798,0.0,1.0000000000000002,,0.0,3
D,GAT+LSTM_incremental,wed,1799,0.0,1.0000000000000002,,0.0,3
D,GAT+LSTM_incremental,wed,1800,0.0,1.0000000000000002,,0.0,3
D,GAT+LSTM_incremental,wed,1801,0.0,1.0000000000000002,,0.0,3
D,GAT+LSTM_incremental,wed,1802,0.0,1.0000000000000002,,0.0,3
D,GAT+LSTM_incremental,wed,1803,0.0,1.0000000000000002,,0.0,3
D,GAT+LSTM_incremental,wed,1804,0.0,1.0000000000000002,,0.0,3
D,GAT+LSTM_incremental,wed,1805,0.0,1.0000000000000002,,0.0,3
D,GAT+LSTM_incremental,wed,1806,0.0,1.0000000000000002,,0.0,3
D,GAT+LSTM_incremental,wed,1807,0.0,1.0000000000000002,,0.0,3
D,GAT+LSTM_incremental,wed,1808,0.0,1.0000000000000002,,0.0,3
D,GAT+LSTM_incremental,wed,1809,0.0,1.0000000000000002,,0.0,3
D,GAT+LSTM_incremental,wed,1810,0.0,1.0000000000000002,,0.0,3
D,GAT+LSTM_incremental,wed,1811,0.0,1.0000000000000002,,0.0,3
D,GAT+LSTM_incremental,wed,1812,0.0,1.0000000000000002,,0.0,3
D,GAT+LSTM_incremental,wed,1813,0.0,1.0000000000000002,,0.0,3
D,GAT+LSTM_incremental,wed,1814,0.0,1.0000000000000002,,0.0,3
D,GAT+LSTM_incremental,wed,1815,0.0,1.0000000000000002,,0.0,3
D,GAT+LSTM_incremental,wed,1816,0.0,1.0000000000000002,,0.0,3
D,GAT+LSTM_incremental,wed,1817,0.0,1.0000000000000002,,0.0,3
D,GAT+LSTM_incremental,wed,1818,0.0,1.0000000000000002,,0.0,3
D,GAT+LSTM_incremental,wed,1819,0.0,1.0000000000000002,,0.0,3
D,GAT+LSTM_incremental,wed,1820,0.0,1.0000000000000002,,0.0,3
D,GAT+LSTM_incremental,wed,1821,0.0,1.0000000000000002,,0.0,3
D,GAT+LSTM_incremental,wed,1822,0.0,1.0000000000000002,,0.0,3
D,GAT+LSTM_incremental,wed,1823,0.0,1.0000000000000002,,0.0,3
D,GAT+LSTM_incremental,wed,1824,0.0,1.0000000000000002,,0.0,3
D,GAT+LSTM_incremental,wed,1825,0.0,1.0000000000000002,,0.0,3
D,GAT+LSTM_incremental,wed,1826,0.0,1.0000000000000002,,0.0,3
D,GAT+LSTM_incremental,wed,1827,0.0,1.0000000000000002,,0.0,3
D,GAT+LSTM_incremental,wed,1828,0.0,1.0000000000000002,,0.0,3
D,GAT+LSTM_incremental,wed,1829,0.0,1.0000000000000002,,0.0,3
D,GAT+LSTM_incremental,wed,1830,0.0,1.0000000000000002,,0.0,3
D,GAT+LSTM_incremental,wed,1831,0.0,1.0000000000000002,,0.0,3
D,GAT+LSTM_incremental,wed,1832,0.0,1.0000000000000002,,0.0,3
D,GAT+LSTM_incremental,thu_am,1833,0.0,0.994452139119729,0.8947368421052632,0.0,4
D,GAT+LSTM_incremental,thu_am,1834,0.0,0.9774938094146042,0.8055555555555556,0.0,4
D,GAT+LSTM_incremental,thu_am,1835,0.0,0.9524621466071111,0.7450980392156863,0.0,4
D,GAT+LSTM_incremental,thu_am,1836,0.0,0.8265781989284796,0.59375,0.0,4
D,GAT+LSTM_incremental,thu_am,1837,0.0,0.6840587425417147,0.48,0.0,4
D,GAT+LSTM_incremental,thu_am,1838,0.0,0.5963125639471836,0.3928571428571429,0.0,4
D,GAT+LSTM_incremental,thu_am,1839,0.0,0.5226310758252887,0.3296703296703297,0.0,4
D,GAT+LSTM_incremental,thu_am,1840,0.0,0.46499264015711383,0.30208333333333337,0.0,4
D,GAT+LSTM_incremental,thu_am,1841,0.0,0.4105499066324425,0.27272727272727276,0.0,4
D,GAT+LSTM_incremental,thu_am,1842,0.0,0.3577232051574156,0.24000000000000005,0.0,4
D,GAT+LSTM_incremental,thu_am,1843,0.0,0.3091404818378502,0.2121212121212121,0.0,4
D,GAT+LSTM_incremental,thu_am,1844,0.0,0.26411148245029825,0.1875,0.0,4
D,GAT+LSTM_incremental,thu_am,1845,0.0,0.2798311794199952,0.26041666666666663,0.0,4
D,GAT+LSTM_incremental,thu_am,1846,0.0,0.2328584688077169,0.23076923076923075,0.0,4
D,GAT+LSTM_incremental,thu_am,1847,0.0,0.38588877183801995,0.34065934065934067,0.0,4
D,GAT+LSTM_incremental,thu_am,1848,0.0,0.38834464929389745,0.3516483516483516,0.0,4
D,GAT+LSTM_incremental,thu_am,1849,0.0,0.37883115909431697,0.36904761904761907,0.0,4
D,GAT+LSTM_incremental,thu_am,1850,0.0,0.3855851166377482,0.41333333333333333,0.0,4
D,GAT+LSTM_incremental,thu_am,1851,0.0,0.3901452301568401,0.44,0.0,4
D,GAT+LSTM_incremental,thu_am,1852,0.0,0.39263061027379914,0.4533333333333333,0.0,4
D,GAT+LSTM_incremental,thu_am,1853,0.0,0.37412199978956945,0.34523809523809523,0.0,4
D,GAT+LSTM_incremental,thu_am,1854,0.0,0.3723824718821402,0.27472527472527475,0.0,4
D,GAT+LSTM_incremental,thu_am,1855,0.0,0.38186724588620874,0.22916666666666669,0.0,4
D,GAT+LSTM_incremental,thu_am,1856,0.0,0.3981397949793203,0.1919191919191919,0.0,4
D,GAT+LSTM_incremental,thu_am,1857,0.0,0.42130435440032965,0.16999999999999998,0.0,4
D,GAT+LSTM_incremental,thu_am,1858,0.0,0.4574377224707932,0.1616161616161616,0.0,4
D,GAT+LSTM_incremental,thu_am,1859,0.0,0.4888746201052702,0.14583333333333334,0.0,4
D,GAT+LSTM_incremental,thu_am,1860,0.0,0.5300479990227549,0.15384615384615385,0.0,4
D,GAT+LSTM_incremental,thu_am,1861,0.0,0.5715469496595105,0.14285714285714285,0.0,4
D,GAT+LSTM_incremental,thu_am,1862,0.0,0.6297613841267091,0.14666666666666667,0.0,4
D,GAT+LSTM_incremental,thu_am,1863,0.0,0.6830055619045557,0.140625,0.0,4
D,GAT+LSTM_incremental,thu_am,1864,0.0,0.7454969232491542,0.13725490196078433,0.0,4
D,GAT+LSTM_incremental,thu_am,1865,0.0,0.7303008448177816,0.09803921568627452,0.0,4
D,GAT+LSTM_incremental,thu_am,1866,0.0,0.820621519576628,0.1111111111111111,0.0,4
D,GAT+LSTM_incremental,thu_am,1867,0.0,0.7882141121692205,0.05555555555555555,0.0,4
D,GAT+LSTM_incremental,thu_am,1868,0.0,0.7882141121692205,0.05555555555555555,0.0,4
D,GAT+LSTM_incremental,thu_am,1869,0.0,0.8777505443608586,0.05263157894736842,0.0,4
D,GAT+LSTM_incremental,thu_am,1870,0.0,1.0000000000000002,,0.0,4
D,GAT+LSTM_incremental,thu_am,1871,0.0,1.0000000000000002,,0.0,4
D,GAT+LSTM_incremental,thu_am,1872,0.0,1.0000000000000002,,0.0,4
D,GAT+LSTM_incremental,thu_am,1873,0.0,1.0000000000000002,,0.0,4
D,GAT+LSTM_incremental,thu_am,1874,0.0,1.0000000000000002,,0.0,4
D,GAT+LSTM_incremental,thu_am,1875,0.0,1.0000000000000002,,0.0,4
D,GAT+LSTM_incremental,thu_am,1876,0.0,1.0000000000000002,,0.0,4
D,GAT+LSTM_incremental,thu_am,1877,0.0,1.0000000000000002,,0.0,4
D,GAT+LSTM_incremental,thu_am,1878,0.0,1.0000000000000002,,0.0,4
D,GAT+LSTM_incremental,thu_am,1879,0.0,1.0000000000000002,,0.0,4
D,GAT+LSTM_incremental,thu_am,1880,0.0,1.0000000000000002,,0.0,4
D,GAT+LSTM_incremental,thu_am,1881,0.0,1.0000000000000002,,0.0,4
D,GAT+LSTM_incremental,thu_am,1882,0.0,1.0000000000000002,,0.0,4
D,GAT+LSTM_incremental,thu_am,1883,0.0,1.0000000000000002,,0.0,4
D,GAT+LSTM_incremental,thu_am,1884,0.0,1.0000000000000002,,0.0,4
D,GAT+LSTM_incremental,thu_am,1885,0.0,1.0000000000000002,,0.0,4
D,GAT+LSTM_incremental,thu_am,1886,0.0,1.0000000000000002,,0.0,4
D,GAT+LSTM_incremental,thu_am,1887,0.0,1.0000000000000002,,0.0,4
D,GAT+LSTM_incremental,thu_am,1888,0.0,1.0000000000000002,,0.0,4
D,GAT+LSTM_incremental,thu_am,1889,0.0,1.0000000000000002,,0.0,4
D,GAT+LSTM_incremental,thu_am,1890,0.0,1.0000000000000002,,0.0,4
D,GAT+LSTM_incremental,thu_am,1891,0.0,1.0000000000000002,,0.0,4
D,GAT+LSTM_incremental,thu_am,1892,0.0,1.0000000000000002,,0.0,4
D,GAT+LSTM_incremental,thu_am,1893,0.0,1.0000000000000002,,0.0,4
D,GAT+LSTM_incremental,thu_am,1894,0.0,1.0000000000000002,,0.0,4
D,GAT+LSTM_incremental,thu_am,1895,0.0,0.9685096390673218,0.5263157894736842,0.0,4
D,GAT+LSTM_incremental,thu_am,1896,0.0,0.9378974535192287,0.5277777777777778,0.0,4
D,GAT+LSTM_incremental,thu_am,1897,0.0,0.8506132121889725,0.3921568627450981,0.0,4
D,GAT+LSTM_incremental,thu_am,1898,0.0,0.7852467235207172,0.34375,0.0,4
D,GAT+LSTM_incremental,thu_am,1899,0.0,0.6375374044027295,0.29333333333333333,0.0,4
D,GAT+LSTM_incremental,thu_am,1900,0.0,0.5593944196498376,0.2619047619047619,0.0,4
D,GAT+LSTM_incremental,thu_am,1901,0.0,0.4808601142579471,0.1978021978021978,0.0,4
D,GAT+LSTM_incremental,thu_am,1902,0.0,0.42883535381600396,0.1875,0.0,4
D,GAT+LSTM_incremental,thu_am,1903,0.0,0.4422434734741236,0.22916666666666666,0.0,4
D,GAT+LSTM_incremental,thu_am,1904,0.0,0.4481608404209023,0.25,0.0,4
D,GAT+LSTM_incremental,thu_am,1905,0.0,0.4676860116004853,0.3125,0.0,4
D,GAT+LSTM_incremental,thu_am,1906,0.0,0.5012373727350508,0.38541666666666663,0.0,4
D,GAT+LSTM_incremental,thu_am,1907,0.0,0.5292135632112412,0.4166666666666667,0.0,4
D,GAT+LSTM_incremental,thu_am,1908,0.0,0.6273707301184083,0.47916666666666663,0.0,4
D,GAT+LSTM_incremental,thu_am,1909,0.0,0.666596162552045,0.5520833333333333,0.0,4
D,GAT+LSTM_incremental,thu_am,1910,0.0,0.674643670599553,0.5729166666666666,0.0,4
D,GAT+LSTM_incremental,thu_am,1911,0.0,0.6824580784139608,0.59375,0.0,4
D,GAT+LSTM_incremental,thu_am,1912,0.0,0.6900244703553527,0.6145833333333333,0.0,4
D,GAT+LSTM_incremental,thu_am,1913,0.0,0.6973394796924209,0.6354166666666666,0.0,4
D,GAT+LSTM_incremental,thu_am,1914,0.0,0.7207191093220505,0.6666666666666666,0.0,4
D,GAT+LSTM_incremental,thu_am,1915,0.0,0.7237593715326509,0.6043956043956045,0.0,4
D,GAT+LSTM_incremental,thu_am,1916,0.0,0.7273493884119714,0.5238095238095238,0.0,4
D,GAT+LSTM_incremental,thu_am,1917,0.0,0.7030745677611003,0.44047619047619047,0.0,4
D,GAT+LSTM_incremental,thu_am,1918,0.0,0.688419957603947,0.38095238095238093,0.0,4
D,GAT+LSTM_incremental,thu_am,1919,0.0,0.6922619489459383,0.3928571428571429,0.0,4
D,GAT+LSTM_incremental,thu_am,1920,0.0,0.7196658315311566,0.36,0.0,4
D,GAT+LSTM_incremental,thu_am,1921,0.0,0.760082131168625,0.34375,0.0,4
D,GAT+LSTM_incremental,thu_am,1922,0.0,0.8782626052795421,0.43137254901960786,0.0,4
D,GAT+LSTM_incremental,thu_am,1923,0.0,0.8782626052795421,0.43137254901960786,0.0,4
D,GAT+LSTM_incremental,thu_am,1924,0.0,0.8688096016148454,0.53125,0.0,4
D,GAT+LSTM_incremental,thu_am,1925,0.0,0.8335849217002468,0.5333333333333332,0.0,4
D,GAT+LSTM_incremental,thu_am,1926,0.0,0.806116200314011,0.5833333333333333,0.0,4
D,GAT+LSTM_incremental,thu_am,1927,0.0,0.7705126635556498,0.6153846153846154,0.0,4
D,GAT+LSTM_incremental,thu_am,1928,0.0,0.7225401640842818,0.6354166666666667,0.0,4
D,GAT+LSTM_incremental,thu_am,1929,0.0,0.6535655632246541,0.6464646464646464,0.0,4
D,GAT+LSTM_incremental,thu_am,1930,0.0,0.6126008713508713,0.66,0.0,4
D,GAT+LSTM_incremental,thu_am,1931,0.0,0.4477359060692394,0.5858585858585859,0.0,4
D,GAT+LSTM_incremental,thu_am,1932,0.0,0.4304886086136086,0.6354166666666666,0.0,4
D,GAT+LSTM_incremental,thu_am,1933,0.0,0.41270911628054485,0.6813186813186813,0.0,4
D,GAT+LSTM_incremental,thu_am,1934,0.0,0.3196574259074259,0.6190476190476191,0.0,4
D,GAT+LSTM_incremental,thu_am,1935,0.0,0.2667299367299367,0.6133333333333333,0.0,4
D,GAT+LSTM_incremental,thu_am,1936,0.0,0.20345522533022534,0.578125,0.0,4
D,GAT+LSTM_incremental,thu_am,1937,0.0,0.22576312576312574,0.625,0.0,4
D,GAT+LSTM_incremental,thu_am,1938,0.0,0.23320360195360193,0.640625,0.0,4
D,GAT+LSTM_incremental,thu_am,1939,0.0,0.2778409090909091,0.703125,0.0,4
D,GAT+LSTM_incremental,thu_am,1940,0.0,0.22759740259740258,0.7058823529411764,0.0,4
D,GAT+LSTM_incremental,thu_am,1941,0.0,0.19545454545454546,0.7222222222222222,0.0,4
D,GAT+LSTM_incremental,thu_am,1942,0.0,0.05,0.5263157894736843,0.0,4
D,GAT+LSTM_incremental,thu_am,1943,0.0,0.5,,0.0,4
D,GAT+LSTM_incremental,thu_am,1944,0.0,0.5,,0.0,4
D,GAT+LSTM_incremental,thu_am,1945,0.0,0.5,,0.0,4
D,GAT+LSTM_incremental,thu_am,1946,0.0,0.5,,0.0,4
D,GAT+LSTM_incremental,thu_am,1947,0.0,0.5,,0.0,4
D,GAT+LSTM_incremental,thu_am,1948,0.0,0.5,,0.0,4
D,GAT+LSTM_incremental,thu_am,1949,0.0,0.5,,0.0,4
D,GAT+LSTM_incremental,thu_am,1950,0.0,0.5,,0.0,4
D,GAT+LSTM_incremental,thu_am,1951,0.0,0.5,,0.0,4
D,GAT+LSTM_incremental,thu_am,1952,0.0,0.5,,0.0,4
D,GAT+LSTM_incremental,thu_am,1953,0.0,0.5,,0.0,4
D,GAT+LSTM_incremental,thu_am,1954,0.0,0.5,,0.0,4
D,GAT+LSTM_incremental,thu_am,1955,0.0,0.5,,0.0,4
D,GAT+LSTM_incremental,thu_am,1956,0.0,0.5,,0.0,4
D,GAT+LSTM_incremental,thu_am,1957,0.0,0.5,,0.0,4
D,GAT+LSTM_incremental,thu_am,1958,0.0,0.5,,0.0,4
D,GAT+LSTM_incremental,thu_am,1959,0.0,0.5,,0.0,4
D,GAT+LSTM_incremental,thu_am,1960,0.0,0.5,,0.0,4
D,GAT+LSTM_incremental,thu_am,1961,0.0,0.5,,0.0,4
D,GAT+LSTM_incremental,thu_am,1962,0.0,0.5,,0.0,4
D,GAT+LSTM_incremental,thu_am,1963,0.0,0.5,,0.0,4
D,GAT+LSTM_incremental,thu_am,1964,0.0,0.5,,0.0,4
D,GAT+LSTM_incremental,thu_am,1965,0.0,0.5,,0.0,4
D,GAT+LSTM_incremental,thu_am,1966,0.0,0.5,,0.0,4
D,GAT+LSTM_incremental,thu_am,1967,0.0,0.5,,0.0,4
D,GAT+LSTM_incremental,thu_am,1968,0.0,0.5,,0.0,4
D,GAT+LSTM_incremental,thu_am,1969,0.0,0.5,,0.0,4
D,GAT+LSTM_incremental,thu_am,1970,0.0,0.5,,0.0,4
D,GAT+LSTM_incremental,thu_am,1971,0.0,0.5,,0.0,4
D,GAT+LSTM_incremental,thu_am,1972,0.0,0.5,,0.0,4
D,GAT+LSTM_incremental,thu_am,1973,0.0,0.5,,0.0,4
D,GAT+LSTM_incremental,thu_am,1974,0.0,0.5,,0.0,4
D,GAT+LSTM_incremental,thu_am,1975,0.0,0.5,,0.0,4
D,GAT+LSTM_incremental,thu_am,1976,0.0,0.5,,0.0,4
D,GAT+LSTM_incremental,thu_am,1977,0.0,0.5,,0.0,4
D,GAT+LSTM_incremental,thu_am,1978,0.0,0.5,,0.0,4
D,GAT+LSTM_incremental,thu_am,1979,0.0,0.5,,0.0,4
D,GAT+LSTM_incremental,thu_am,1980,0.0,0.5,,0.0,4
D,GAT+LSTM_incremental,thu_am,1981,0.0,0.5,,0.0,4
D,GAT+LSTM_incremental,thu_am,1982,0.0,0.5,,0.0,4
D,GAT+LSTM_incremental,thu_am,1983,0.0,0.5,,0.0,4
D,GAT+LSTM_incremental,thu_am,1984,0.0,0.5,,0.0,4
D,GAT+LSTM_incremental,thu_am,1985,0.0,0.5,,0.0,4
D,GAT+LSTM_incremental,thu_am,1986,0.0,0.5,,0.0,4
D,GAT+LSTM_incremental,thu_am,1987,0.0,0.5,,0.0,4
D,GAT+LSTM_incremental,thu_am,1988,0.0,0.5,,0.0,4
D,GAT+LSTM_incremental,thu_am,1989,0.0,0.5,,0.0,4
D,GAT+LSTM_incremental,thu_am,1990,0.0,0.5,,0.0,4
D,GAT+LSTM_incremental,thu_am,1991,0.0,0.5,,0.0,4
D,GAT+LSTM_incremental,thu_am,1992,0.0,0.5,,0.0,4
D,GAT+LSTM_incremental,thu_am,1993,0.0,0.5,,0.0,4
D,GAT+LSTM_incremental,thu_am,1994,0.0,0.5,,0.0,4
D,GAT+LSTM_incremental,thu_am,1995,0.0,0.5,,0.0,4
D,GAT+LSTM_incremental,thu_am,1996,0.0,0.5,,0.0,4
D,GAT+LSTM_incremental,thu_am,1997,0.0,0.5,,0.0,4
D,GAT+LSTM_incremental,thu_pm,2444,0.0,0.5,,0.0,4
D,GAT+LSTM_incremental,thu_pm,2445,0.0,0.5,,0.0,4
D,GAT+LSTM_incremental,thu_pm,2446,0.0,0.5,,0.0,4
D,GAT+LSTM_incremental,thu_pm,2447,0.0,0.5,,0.0,4
D,GAT+LSTM_incremental,thu_pm,2448,0.0,0.5,,0.0,4
D,GAT+LSTM_incremental,thu_pm,2449,0.0,0.5,,0.0,4
D,GAT+LSTM_incremental,thu_pm,2450,0.0,0.5,,0.0,4
D,GAT+LSTM_incremental,thu_pm,2451,0.0,0.5,,0.0,4
D,GAT+LSTM_incremental,thu_pm,2452,0.0,0.5,,0.0,4
D,GAT+LSTM_incremental,thu_pm,2453,0.0,0.5,,0.0,4
D,GAT+LSTM_incremental,thu_pm,2454,0.0,0.5,,0.0,4
D,GAT+LSTM_incremental,thu_pm,2455,0.0,0.5,,0.0,4
D,GAT+LSTM_incremental,thu_pm,2456,0.0,0.5,,0.0,4
D,GAT+LSTM_incremental,thu_pm,2457,0.0,0.5,,0.0,4
D,GAT+LSTM_incremental,thu_pm,2458,0.0,0.5,,0.0,4
D,GAT+LSTM_incremental,thu_pm,2459,0.0,0.5,,0.0,4
D,GAT+LSTM_incremental,thu_pm,2460,0.0,0.5,,0.0,4
D,GAT+LSTM_incremental,thu_pm,2461,0.0,0.5,,0.0,4
D,GAT+LSTM_incremental,thu_pm,2462,0.0,0.5,,0.0,4
D,GAT+LSTM_incremental,thu_pm,2463,0.0,0.5,,0.0,4
D,GAT+LSTM_incremental,thu_pm,2464,0.0,0.5,,0.0,4
D,GAT+LSTM_incremental,thu_pm,2465,0.0,0.5,,0.0,4
D,GAT+LSTM_incremental,thu_pm,2466,0.0,0.5,,0.0,4
D,GAT+LSTM_incremental,thu_pm,2467,0.0,0.5,,0.0,4
D,GAT+LSTM_incremental,thu_pm,2468,0.0,0.5,,0.0,4
D,GAT+LSTM_incremental,thu_pm,2469,0.0,0.5,,0.0,4
D,GAT+LSTM_incremental,thu_pm,2470,0.0,0.5,,0.0,4
D,GAT+LSTM_incremental,thu_pm,2471,0.0,0.5,,0.0,4
D,GAT+LSTM_incremental,thu_pm,2472,0.0,0.5,,0.0,4
D,GAT+LSTM_incremental,thu_pm,2473,0.0,0.5,,0.0,4
D,GAT+LSTM_incremental,thu_pm,2474,0.0,0.5,,0.0,4
D,GAT+LSTM_incremental,thu_pm,2475,0.0,0.5,,0.0,4
D,GAT+LSTM_incremental,thu_pm,2476,0.0,0.5,,0.0,4
D,GAT+LSTM_incremental,thu_pm,2477,0.0,0.5,,0.0,4
D,GAT+LSTM_incremental,thu_pm,2478,0.0,0.5,,0.0,4
D,GAT+LSTM_incremental,thu_pm,2479,0.0,0.5,,0.0,4
D,GAT+LSTM_incremental,thu_pm,2480,0.0,0.5,,0.0,4
D,GAT+LSTM_incremental,thu_pm,2481,0.0,0.5,,0.0,4
D,GAT+LSTM_incremental,thu_pm,2482,0.0,0.5,,0.0,4
D,GAT+LSTM_incremental,thu_pm,2483,0.0,0.5,,0.0,4
D,GAT+LSTM_incremental,thu_pm,2484,0.0,0.5,,0.0,4
D,GAT+LSTM_incremental,thu_pm,2485,0.0,0.5,,0.0,4
D,GAT+LSTM_incremental,thu_pm,2486,0.0,0.5,,0.0,4
D,GAT+LSTM_incremental,thu_pm,2487,0.0,0.5,,0.0,4
D,GAT+LSTM_incremental,thu_pm,2488,0.0,0.5,,0.0,4
D,GAT+LSTM_incremental,thu_pm,2489,0.0,0.5,,0.0,4
D,GAT+LSTM_incremental,thu_pm,2490,0.0,0.5,,0.0,4
D,GAT+LSTM_incremental,thu_pm,2491,0.0,0.5,,0.0,4
D,GAT+LSTM_incremental,thu_pm,2492,0.0,0.5,,0.0,4
D,GAT+LSTM_incremental,thu_pm,2493,0.0,0.5,,0.05,4
D,GAT+LSTM_incremental,thu_pm,2494,0.0,0.5,,0.1,4
D,GAT+LSTM_incremental,thu_pm,2495,0.0,0.5,,0.15,4
D,GAT+LSTM_incremental,thu_pm,2496,0.0,0.5,,0.2,4
D,GAT+LSTM_incremental,thu_pm,2497,0.0,0.5,,0.25,4
D,GAT+LSTM_incremental,thu_pm,2498,0.0,0.5,,0.3,4
D,GAT+LSTM_incremental,thu_pm,2499,0.0,0.5,,0.35,4
D,GAT+LSTM_incremental,thu_pm,2500,0.0,0.5,,0.35,4
D,GAT+LSTM_incremental,thu_pm,2501,0.0,0.5,,0.35,4
D,GAT+LSTM_incremental,thu_pm,2502,0.0,0.5,,0.35,4
D,GAT+LSTM_incremental,thu_pm,2503,0.0,0.5,,0.35,4
D,GAT+LSTM_incremental,thu_pm,2504,0.0,0.5,,0.35,4
D,GAT+LSTM_incremental,thu_pm,2505,0.0,0.5,,0.35,4
D,GAT+LSTM_incremental,thu_pm,2506,0.0,0.5,,0.35,4
D,GAT+LSTM_incremental,thu_pm,2507,0.0,0.5,,0.35,4
D,GAT+LSTM_incremental,thu_pm,2508,0.0,0.02631578947368421,0.052631578947368474,0.3684210526315789,4
D,GAT+LSTM_incremental,thu_pm,2509,0.0,0.02631578947368421,0.052631578947368474,0.3684210526315789,4
D,GAT+LSTM_incremental,thu_pm,2510,0.0,0.06293195108984583,0.25,0.3888888888888889,4
D,GAT+LSTM_incremental,thu_pm,2511,0.0,0.0652046783625731,0.2777777777777778,0.3888888888888889,4
D,GAT+LSTM_incremental,thu_pm,2512,0.0,0.0652046783625731,0.2777777777777778,0.3888888888888889,4
D,GAT+LSTM_incremental,thu_pm,2513,0.0,0.06798245614035087,0.3055555555555556,0.3333333333333333,4
D,GAT+LSTM_incremental,thu_pm,2514,0.0,0.1265142021720969,0.4313725490196078,0.29411764705882354,4
D,GAT+LSTM_incremental,thu_pm,2515,0.0,0.19744674185463656,0.515625,0.25,4
D,GAT+LSTM_incremental,thu_pm,2516,0.0,0.2800062656641604,0.5866666666666668,0.2,4
D,GAT+LSTM_incremental,thu_pm,2517,0.0,0.2800062656641604,0.5866666666666668,0.13333333333333333,4
D,GAT+LSTM_incremental,thu_pm,2518,0.0,0.2800062656641604,0.5866666666666668,0.06666666666666667,4
D,GAT+LSTM_incremental,thu_pm,2519,0.0,0.397545948203843,0.6785714285714287,0.0,4
D,GAT+LSTM_incremental,thu_pm,2520,0.0,0.397545948203843,0.6785714285714287,0.0,4
D,GAT+LSTM_incremental,thu_pm,2521,0.0,0.3412628794207742,0.6190476190476191,0.0,4
D,GAT+LSTM_incremental,thu_pm,2522,0.0,0.30696469709627605,0.5595238095238094,0.0,4
D,GAT+LSTM_incremental,thu_pm,2523,0.0,0.3841622454404409,0.5934065934065934,0.0,4
D,GAT+LSTM_incremental,thu_pm,2524,0.0,0.4614307932564511,0.6145833333333334,0.0,4
D,GAT+LSTM_incremental,thu_pm,2525,0.0,0.5249794227864403,0.6262626262626262,0.0,4
D,GAT+LSTM_incremental,thu_pm,2526,0.0,0.5766179434600487,0.6300000000000001,0.0,4
D,GAT+LSTM_incremental,thu_pm,2527,0.0,0.5593350180521233,0.5900000000000001,0.0,4
D,GAT+LSTM_incremental,thu_pm,2528,0.0,0.5765127886819063,0.64,0.0,4
D,GAT+LSTM_incremental,thu_pm,2529,0.0,0.5819939493067835,0.5757575757575757,0.0,4
D,GAT+LSTM_incremental,thu_pm,2530,0.0,0.5765127886819063,0.64,0.0,4
D,GAT+LSTM_incremental,thu_pm,2531,0.0,0.5765127886819063,0.64,0.0,4
D,GAT+LSTM_incremental,thu_pm,2532,0.0,0.5765127886819063,0.64,0.0,4
D,GAT+LSTM_incremental,thu_pm,2533,0.0,0.5765127886819063,0.64,0.0,4
D,GAT+LSTM_incremental,thu_pm,2534,0.0,0.5766400266400267,0.7070707070707071,0.0,4
D,GAT+LSTM_incremental,thu_pm,2535,0.0,0.5755057442557442,0.7604166666666667,0.0,4
D,GAT+LSTM_incremental,thu_pm,2536,0.0,0.5784429855858427,0.8131868131868132,0.0,4
D,GAT+LSTM_incremental,thu_pm,2537,0.0,0.5848948670377242,0.8241758241758242,0.0,4
D,GAT+LSTM_incremental,thu_pm,2538,0.0,0.6004432075860647,0.8461538461538461,0.0,4
D,GAT+LSTM_incremental,thu_pm,2539,0.0,0.5703703703703703,0.8571428571428572,0.0,4
D,GAT+LSTM_incremental,thu_pm,2540,0.0,0.8740079365079365,0.9285714285714286,0.0,4
D,GAT+LSTM_incremental,thu_pm,2541,0.0,0.8893849206349205,0.9404761904761905,0.0,4
D,GAT+LSTM_incremental,thu_pm,2542,0.0,0.9104166666666667,0.9523809523809523,0.0,4
D,GAT+LSTM_incremental,thu_pm,2543,0.0,0.8322222222222222,0.92,0.0,4
D,GAT+LSTM_incremental,thu_pm,2544,0.0,0.7149305555555556,0.875,0.0,4
D,GAT+LSTM_incremental,thu_pm,2545,0.0,0.5194444444444444,0.8039215686274509,0.0,4
D,GAT+LSTM_incremental,thu_pm,2546,0.0,0.1284722222222222,0.6666666666666667,0.0,4
D,GAT+LSTM_incremental,thu_pm,2547,0.0,0.13680555555555557,0.6944444444444445,0.0,4
D,GAT+LSTM_incremental,thu_pm,2548,0.0,0.05555555555555555,0.5789473684210527,0.0,4
D,GAT+LSTM_incremental,thu_pm,2549,0.0,0.5,,0.0,4
D,GAT+LSTM_incremental,thu_pm,2550,0.0,0.5,,0.0,4
D,GAT+LSTM_incremental,thu_pm,2551,0.0,0.5,,0.0,4
D,GAT+LSTM_incremental,thu_pm,2552,0.0,0.5,,0.0,4
D,GAT+LSTM_incremental,thu_pm,2553,0.0,0.5,,0.0,4
D,GAT+LSTM_incremental,thu_pm,2554,0.0,0.03125,0.21052631578947367,0.0,4
D,GAT+LSTM_incremental,thu_pm,2555,0.0,0.029411764705882353,0.1578947368421053,0.0,4
D,GAT+LSTM_incremental,thu_pm,2556,0.0,0.027777777777777776,0.10526315789473684,0.0,4
D,GAT+LSTM_incremental,thu_pm,2557,0.0,0.02631578947368421,0.052631578947368474,0.0,4
D,GAT+LSTM_incremental,thu_pm,2558,0.0,0.025,0.0,0.0,4
D,GAT+LSTM_incremental,thu_pm,2559,0.0,0.06315789473684211,0.25,0.0,4
D,GAT+LSTM_incremental,thu_pm,2560,0.0,0.060885167464114834,0.2222222222222222,0.0,4
D,GAT+LSTM_incremental,thu_pm,2561,0.0,0.05899122807017544,0.19444444444444442,0.0,4
D,GAT+LSTM_incremental,thu_pm,2562,0.0,0.05899122807017544,0.19444444444444442,0.05555555555555555,4
D,GAT+LSTM_incremental,thu_pm,2563,0.4,0.41880648591174907,0.47058823529411764,0.058823529411764705,4
D,GAT+LSTM_incremental,thu_pm,2564,0.3333333333333333,0.41880648591174907,0.47058823529411764,0.11764705882352941,4
D,GAT+LSTM_incremental,thu_pm,2565,0.2857142857142857,0.41880648591174907,0.47058823529411764,0.17647058823529413,4
D,GAT+LSTM_incremental,thu_pm,2566,0.25,0.16880648591174907,0.4509803921568627,0.23529411764705882,4
D,GAT+LSTM_incremental,thu_pm,2567,0.2222222222222222,0.16880648591174907,0.4509803921568627,0.29411764705882354,4
D,GAT+LSTM_incremental,thu_pm,2568,0.2,0.16880648591174907,0.4509803921568627,0.35294117647058826,4
D,GAT+LSTM_incremental,thu_pm,2569,0.3333333333333333,0.3070474481658692,0.578125,0.375,4
D,GAT+LSTM_incremental,thu_pm,2570,0.3076923076923077,0.2445474481658692,0.546875,0.4375,4
D,GAT+LSTM_incremental,thu_pm,2571,0.2857142857142857,0.20691632928475034,0.5,0.5,4
D,GAT+LSTM_incremental,thu_pm,2572,0.26666666666666666,0.18866999228841336,0.46875,0.5625,4
D,GAT+LSTM_incremental,thu_pm,2573,0.35294117647058826,0.43533834586466164,0.56,0.6,4
D,GAT+LSTM_incremental,thu_pm,2574,0.35294117647058826,0.2680059523809524,0.65625,0.625,4
D,GAT+LSTM_incremental,thu_pm,2575,0.3333333333333333,0.2646052170868347,0.640625,0.6875,4
D,GAT+LSTM_incremental,thu_pm,2576,0.3157894736842105,0.26159255368814194,0.625,0.75,4
D,GAT+LSTM_incremental,thu_pm,2577,0.38095238095238093,0.27854883420672893,0.5733333333333334,0.8,4
D,GAT+LSTM_incremental,thu_pm,2578,0.36363636363636365,0.27122662425294003,0.5466666666666667,0.8666666666666667,4
D,GAT+LSTM_incremental,thu_pm,2579,0.36363636363636365,0.28146749084249084,0.703125,0.875,4
D,GAT+LSTM_incremental,thu_pm,2580,0.34782608695652173,0.28146749084249084,0.703125,0.9375,4
D,GAT+LSTM_incremental,thu_pm,2581,0.3333333333333333,0.28146749084249084,0.703125,1.0,4
D,GAT+LSTM_incremental,thu_pm,2582,0.4,0.31783272283272285,0.68,1.0,4
D,GAT+LSTM_incremental,thu_pm,2583,0.3333333333333333,0.28146749084249084,0.703125,1.0,4
D,GAT+LSTM_incremental,thu_pm,2584,0.3333333333333333,0.28751352813852815,0.71875,1.0,4
D,GAT+LSTM_incremental,thu_pm,2585,0.3333333333333333,0.28146749084249084,0.703125,1.0,4
D,GAT+LSTM_incremental,thu_pm,2586,0.3333333333333333,0.31474567099567097,0.75,1.0,4
D,GAT+LSTM_incremental,thu_pm,2587,0.3333333333333333,0.32194264069264067,0.765625,1.0,4
D,GAT+LSTM_incremental,thu_pm,2588,0.4,0.40164502164502164,0.7866666666666666,1.0,4
D,GAT+LSTM_incremental,thu_pm,2589,0.3333333333333333,0.33221049783549783,0.765625,1.0,4
D,GAT+LSTM_incremental,thu_pm,2590,0.3333333333333333,0.386525974025974,0.796875,1.0,4
D,GAT+LSTM_incremental,thu_pm,2591,0.3333333333333333,0.40378787878787875,0.8125,1.0,4
D,GAT+LSTM_incremental,thu_pm,2592,0.3333333333333333,0.40378787878787875,0.8125,1.0,4
D,GAT+LSTM_incremental,thu_pm,2593,0.2608695652173913,0.22323232323232323,0.7254901960784313,1.0,4
D,GAT+LSTM_incremental,thu_pm,2594,0.3333333333333333,0.5912878787878788,0.828125,1.0,4
D,GAT+LSTM_incremental,thu_pm,2595,0.3333333333333333,0.33766233766233766,0.765625,1.0,4
D,GAT+LSTM_incremental,thu_pm,2596,0.3333333333333333,0.33766233766233766,0.765625,1.0,4
D,GAT+LSTM_incremental,thu_pm,2597,0.2608695652173913,0.3492063492063492,0.8627450980392156,1.0,4
D,GAT+LSTM_incremental,thu_pm,2598,0.3333333333333333,0.33766233766233766,0.765625,1.0,4
D,GAT+LSTM_incremental,thu_pm,2599,0.3333333333333333,0.3189674908424909,0.734375,1.0,4
D,GAT+LSTM_incremental,thu_pm,2600,0.3333333333333333,0.2812271062271062,0.6875,1.0,4
D,GAT+LSTM_incremental,thu_pm,2601,0.4,0.3964835164835165,0.7333333333333334,1.0,4
D,GAT+LSTM_incremental,thu_pm,2602,0.3333333333333333,0.3264652014652014,0.734375,1.0,4
D,GAT+LSTM_incremental,thu_pm,2603,0.3333333333333333,0.30937499999999996,0.703125,1.0,4
D,GAT+LSTM_incremental,thu_pm,2604,0.3333333333333333,0.2958333333333333,0.671875,1.0,4
D,GAT+LSTM_incremental,thu_pm,2605,0.3333333333333333,0.2881944444444444,0.65625,1.0,4
D,GAT+LSTM_incremental,thu_pm,2606,0.4,0.29161567190978954,0.5733333333333333,1.0,4
D,GAT+LSTM_incremental,thu_pm,2607,0.4,0.28495798319327725,0.5466666666666666,1.0,4
D,GAT+LSTM_incremental,thu_pm,2608,0.3333333333333333,0.26251975149033974,0.5625,1.0,4
D,GAT+LSTM_incremental,thu_pm,2609,0.3333333333333333,0.2661827551533434,0.578125,1.0,4
D,GAT+LSTM_incremental,thu_pm,2610,0.3333333333333333,0.26251975149033974,0.5625,1.0,4
D,GAT+LSTM_incremental,thu_pm,2611,0.4,0.2800084882437823,0.5333333333333334,1.0,4
D,GAT+LSTM_incremental,thu_pm,2612,0.4,0.2800084882437823,0.5333333333333334,1.0,4
D,GAT+LSTM_incremental,thu_pm,2613,0.4,0.29161567190978954,0.5733333333333333,1.0,4
D,GAT+LSTM_incremental,thu_pm,2614,0.3333333333333333,0.18759819632981398,0.5,1.0,4
D,GAT+LSTM_incremental,thu_pm,2615,0.3333333333333333,0.20843152966314732,0.515625,1.0,4
D,GAT+LSTM_incremental,thu_pm,2616,0.4,0.23989998563527976,0.49333333333333335,1.0,4
D,GAT+LSTM_incremental,thu_pm,2617,0.4,0.233577694235589,0.4666666666666667,1.0,4
D,GAT+LSTM_incremental,thu_pm,2618,0.3333333333333333,0.23129960317460316,0.59375,1.0,4
D,GAT+LSTM_incremental,thu_pm,2619,0.3333333333333333,0.24908424908424906,0.640625,1.0,4
D,GAT+LSTM_incremental,thu_pm,2620,0.3333333333333333,0.2713484432234432,0.6875,1.0,4
D,GAT+LSTM_incremental,thu_pm,2621,0.2608695652173913,0.17514430014430013,0.6274509803921569,1.0,4
D,GAT+LSTM_incremental,thu_pm,2622,0.3333333333333333,0.2265151515151515,0.625,1.0,4
D,GAT+LSTM_incremental,thu_pm,2623,0.3333333333333333,0.24734848484848482,0.65625,1.0,4
D,GAT+LSTM_incremental,thu_pm,2624,0.3333333333333333,0.24734848484848482,0.65625,1.0,4
D,GAT+LSTM_incremental,thu_pm,2625,0.3333333333333333,0.24734848484848482,0.65625,1.0,4
D,GAT+LSTM_incremental,thu_pm,2626,0.2608695652173913,0.1941919191919192,0.6666666666666666,1.0,4
D,GAT+LSTM_incremental,thu_pm,2627,0.3333333333333333,0.24034090909090908,0.65625,1.0,4
D,GAT+LSTM_incremental,thu_pm,2628,0.3333333333333333,0.21653693528693527,0.609375,1.0,4
D,GAT+LSTM_incremental,thu_pm,2629,0.3333333333333333,0.19359182484182483,0.546875,1.0,4
D,GAT+LSTM_incremental,thu_pm,2630,0.3333333333333333,0.1797976329226329,0.5,1.0,4
D,GAT+LSTM_incremental,thu_pm,2631,0.2608695652173913,0.13701853701853703,0.5098039215686274,1.0,4
D,GAT+LSTM_incremental,thu_pm,2632,0.3333333333333333,0.157872427280322,0.40625,1.0,4
D,GAT+LSTM_incremental,thu_pm,2633,0.3333333333333333,0.157872427280322,0.40625,1.0,4
D,GAT+LSTM_incremental,thu_pm,2634,0.3333333333333333,0.14768088271377744,0.359375,1.0,4
D,GAT+LSTM_incremental,thu_pm,2635,0.3333333333333333,0.1535746417325365,0.390625,1.0,4
D,GAT+LSTM_incremental,thu_pm,2636,0.3333333333333333,0.13091880492228788,0.265625,1.0,4
D,GAT+LSTM_incremental,thu_pm,2637,0.3333333333333333,0.14079304070112894,0.328125,1.0,4
D,GAT+LSTM_incremental,thu_pm,2638,0.3333333333333333,0.14655868029029795,0.359375,1.0,4
D,GAT+LSTM_incremental,thu_pm,2639,0.3333333333333333,0.14995941558441558,0.375,1.0,4
D,GAT+LSTM_incremental,thu_pm,2640,0.34782608695652173,0.14995941558441558,0.375,0.9375,4
D,GAT+LSTM_incremental,thu_pm,2641,0.36363636363636365,0.15698780386280387,0.40625,0.875,4
D,GAT+LSTM_incremental,thu_pm,2642,0.3,0.12171855921855922,0.4313725490196078,0.8235294117647058,4
D,GAT+LSTM_incremental,thu_pm,2643,0.3157894736842105,0.13000194250194252,0.47058823529411764,0.7647058823529411,4
D,GAT+LSTM_incremental,thu_pm,2644,0.3333333333333333,0.14274891774891776,0.5294117647058824,0.7058823529411765,4
D,GAT+LSTM_incremental,thu_pm,2645,0.35294117647058826,0.1584175084175084,0.5882352941176471,0.6470588235294118,4
D,GAT+LSTM_incremental,thu_pm,2646,0.375,0.17824074074074073,0.6470588235294118,0.5882352941176471,4
D,GAT+LSTM_incremental,thu_pm,2647,0.2857142857142857,0.11805555555555555,0.6111111111111112,0.5555555555555556,4
D,GAT+LSTM_incremental,thu_pm,2648,0.3076923076923077,0.13392857142857142,0.6666666666666667,0.5,4
D,GAT+LSTM_incremental,thu_pm,2649,0.3333333333333333,0.15476190476190474,0.7222222222222222,0.4444444444444444,4
D,GAT+LSTM_incremental,thu_pm,2650,0.36363636363636365,0.18333333333333335,0.7777777777777778,0.3888888888888889,4
D,GAT+LSTM_incremental,thu_pm,2651,0.4,0.225,0.8333333333333334,0.3333333333333333,4
D,GAT+LSTM_incremental,thu_pm,2652,0.25,0.125,0.8421052631578947,0.3157894736842105,4
D,GAT+LSTM_incremental,thu_pm,2653,0.2857142857142857,0.16666666666666666,0.8947368421052632,0.2631578947368421,4
D,GAT+LSTM_incremental,thu_pm,2654,0.3333333333333333,0.25,0.9473684210526316,0.21052631578947367,4
D,GAT+LSTM_incremental,thu_pm,2655,0.4,1.0,1.0,0.15789473684210525,4
D,GAT+LSTM_incremental,thu_pm,2656,0.0,0.5,,0.15,4
D,GAT+LSTM_incremental,thu_pm,2657,0.0,0.5,,0.1,4
D,GAT+LSTM_incremental,thu_pm,2658,0.0,0.5,,0.05,4
D,GAT+LSTM_incremental,thu_pm,2659,0.0,0.5,,0.0,4
D,GAT+LSTM_incremental,thu_pm,2660,0.0,0.5,,0.0,4
D,GAT+LSTM_incremental,thu_pm,2661,0.0,0.5,,0.0,4
D,GAT+LSTM_incremental,thu_pm,2662,0.0,0.5,,0.0,4
D,GAT+LSTM_incremental,thu_pm,2663,0.0,0.5,,0.05,4
D,GAT+LSTM_incremental,thu_pm,2664,0.0,0.5,,0.05,4
D,GAT+LSTM_incremental,thu_pm,2665,0.0,0.5,,0.05,4
D,GAT+LSTM_incremental,thu_pm,2666,0.0,0.5,,0.1,4
D,GAT+LSTM_incremental,thu_pm,2667,0.0,0.5,,0.15,4
D,GAT+LSTM_incremental,thu_pm,2668,0.0,0.5,,0.2,4
D,GAT+LSTM_incremental,thu_pm,2669,0.0,0.5,,0.25,4
D,GAT+LSTM_incremental,thu_pm,2670,0.0,0.5,,0.3,4
D,GAT+LSTM_incremental,thu_pm,2671,0.0,0.5,,0.35,4
D,GAT+LSTM_incremental,thu_pm,2672,0.0,0.5,,0.4,4
D,GAT+LSTM_incremental,thu_pm,2673,0.0,0.5,,0.45,4
D,GAT+LSTM_incremental,thu_pm,2674,0.0,0.5,,0.45,4
D,GAT+LSTM_incremental,thu_pm,2675,0.0,0.5,,0.45,4
D,GAT+LSTM_incremental,thu_pm,2676,0.0,0.5,,0.45,4
D,GAT+LSTM_incremental,thu_pm,2677,0.0,0.5,,0.45,4
D,GAT+LSTM_incremental,thu_pm,2678,0.0,0.5,,0.45,4
D,GAT+LSTM_incremental,thu_pm,2679,0.0,0.5,,0.45,4
D,GAT+LSTM_incremental,thu_pm,2680,0.0,0.5,,0.45,4
D,GAT+LSTM_incremental,thu_pm,2681,0.0,0.5,,0.45,4
D,GAT+LSTM_incremental,thu_pm,2682,0.0,0.5,,0.45,4
D,GAT+LSTM_incremental,thu_pm,2683,0.0,0.5,,0.4,4
D,GAT+LSTM_incremental,thu_pm,2684,0.0,0.5,,0.4,4
D,GAT+LSTM_incremental,thu_pm,2685,0.0,0.5,,0.4,4
D,GAT+LSTM_incremental,thu_pm,2686,0.0,0.5,,0.35,4
D,GAT+LSTM_incremental,thu_pm,2687,0.0,0.5,,0.3,4
D,GAT+LSTM_incremental,thu_pm,2688,0.0,0.5,,0.25,4
D,GAT+LSTM_incremental,thu_pm,2689,0.0,0.5,,0.2,4
D,GAT+LSTM_incremental,thu_pm,2690,0.0,0.5,,0.15,4
D,GAT+LSTM_incremental,thu_pm,2691,0.0,0.5,,0.1,4
D,GAT+LSTM_incremental,thu_pm,2692,0.0,0.5,,0.05,4
D,GAT+LSTM_incremental,thu_pm,2693,0.0,0.5,,0.0,4
D,GAT+LSTM_incremental,thu_pm,2694,0.0,0.5,,0.0,4
D,GAT+LSTM_incremental,thu_pm,2695,0.0,0.5,,0.0,4
D,GAT+LSTM_incremental,thu_pm,2696,0.0,0.5,,0.0,4
D,GAT+LSTM_incremental,fri_am,3055,0.0,0.5,,0.0,5
D,GAT+LSTM_incremental,fri_am,3056,0.0,0.5,,0.0,5
D,GAT+LSTM_incremental,fri_am,3057,0.0,0.5,,0.0,5
D,GAT+LSTM_incremental,fri_am,3058,0.0,0.5,,0.0,5
D,GAT+LSTM_incremental,fri_am,3059,0.0,0.5,,0.0,5
D,GAT+LSTM_incremental,fri_am,3060,0.0,0.5,,0.0,5
D,GAT+LSTM_incremental,fri_am,3061,0.0,0.5,,0.0,5
D,GAT+LSTM_incremental,fri_am,3062,0.0,0.5,,0.0,5
D,GAT+LSTM_incremental,fri_am,3063,0.0,0.5,,0.0,5
D,GAT+LSTM_incremental,fri_am,3064,0.0,0.5,,0.0,5
D,GAT+LSTM_incremental,fri_am,3065,0.0,0.5,,0.0,5
D,GAT+LSTM_incremental,fri_am,3066,0.0,0.5,,0.0,5
D,GAT+LSTM_incremental,fri_am,3067,0.0,0.5,,0.0,5
D,GAT+LSTM_incremental,fri_am,3068,0.0,0.5,,0.0,5
D,GAT+LSTM_incremental,fri_am,3069,0.0,0.5,,0.0,5
D,GAT+LSTM_incremental,fri_am,3070,0.0,0.5,,0.0,5
D,GAT+LSTM_incremental,fri_am,3071,0.0,0.5,,0.0,5
D,GAT+LSTM_incremental,fri_am,3072,0.0,0.5,,0.0,5
D,GAT+LSTM_incremental,fri_am,3073,0.0,0.5,,0.0,5
D,GAT+LSTM_incremental,fri_am,3074,0.0,0.5,,0.0,5
D,GAT+LSTM_incremental,fri_am,3075,0.0,0.5,,0.0,5
D,GAT+LSTM_incremental,fri_am,3076,0.0,0.5,,0.0,5
D,GAT+LSTM_incremental,fri_am,3077,0.0,0.5,,0.0,5
D,GAT+LSTM_incremental,fri_am,3078,0.0,0.03125,0.21052631578947367,0.0,5
D,GAT+LSTM_incremental,fri_am,3079,0.0,0.06170343137254902,0.19444444444444442,0.0,5
D,GAT+LSTM_incremental,fri_am,3080,0.0,0.06170343137254902,0.19444444444444442,0.0,5
D,GAT+LSTM_incremental,fri_am,3081,0.0,0.06289390756302521,0.2222222222222222,0.0,5
D,GAT+LSTM_incremental,fri_am,3082,0.0,0.0671474358974359,0.2777777777777778,0.0,5
D,GAT+LSTM_incremental,fri_am,3083,0.0,0.07202380952380952,0.3333333333333333,0.0,5
D,GAT+LSTM_incremental,fri_am,3084,0.0,0.07767232767232768,0.3888888888888889,0.0,5
D,GAT+LSTM_incremental,fri_am,3085,0.0,0.0842948717948718,0.4444444444444444,0.0,5
D,GAT+LSTM_incremental,fri_am,3086,0.0,0.09217171717171717,0.5,0.0,5
D,GAT+LSTM_incremental,fri_am,3087,0.0,0.10170454545454546,0.5555555555555556,0.0,5
D,GAT+LSTM_incremental,fri_am,3088,0.0,0.11349206349206349,0.6111111111111112,0.0,5
D,GAT+LSTM_incremental,fri_am,3089,0.0,0.1284722222222222,0.6666666666666667,0.0,5
D,GAT+LSTM_incremental,fri_am,3090,0.0,0.14821428571428572,0.7222222222222223,0.0,5
D,GAT+LSTM_incremental,fri_am,3091,0.0,0.17559523809523808,0.7777777777777778,0.0,5
D,GAT+LSTM_incremental,fri_am,3092,0.0,0.21666666666666667,0.8333333333333334,0.0,5
D,GAT+LSTM_incremental,fri_am,3093,0.0,0.21666666666666667,0.8333333333333334,0.0,5
D,GAT+LSTM_incremental,fri_am,3094,0.0,0.19583333333333333,0.8055555555555556,0.0,5
D,GAT+LSTM_incremental,fri_am,3095,0.0,0.17559523809523808,0.7777777777777778,0.0,5
D,GAT+LSTM_incremental,fri_am,3096,0.0,0.14821428571428572,0.7222222222222223,0.0,5
D,GAT+LSTM_incremental,fri_am,3097,0.0,0.1284722222222222,0.6666666666666667,0.0,5
D,GAT+LSTM_incremental,fri_am,3098,0.0,0.05555555555555555,0.5789473684210527,0.0,5
D,GAT+LSTM_incremental,fri_am,3099,0.0,0.5,,0.0,5
D,GAT+LSTM_incremental,fri_am,3100,0.0,0.5,,0.0,5
D,GAT+LSTM_incremental,fri_am,3101,0.0,0.5,,0.0,5
D,GAT+LSTM_incremental,fri_am,3102,0.0,0.5,,0.0,5
D,GAT+LSTM_incremental,fri_am,3103,0.0,0.5,,0.0,5
D,GAT+LSTM_incremental,fri_am,3104,0.0,0.5,,0.0,5
D,GAT+LSTM_incremental,fri_am,3105,0.0,0.5,,0.0,5
D,GAT+LSTM_incremental,fri_am,3106,0.0,0.5,,0.0,5
D,GAT+LSTM_incremental,fri_am,3107,0.0,0.5,,0.0,5
D,GAT+LSTM_incremental,fri_am,3108,0.0,0.5,,0.0,5
D,GAT+LSTM_incremental,fri_am,3109,0.0,0.5,,0.0,5
D,GAT+LSTM_incremental,fri_am,3110,0.0,0.05,0.5263157894736843,0.0,5
D,GAT+LSTM_incremental,fri_am,3111,0.0,0.11212121212121212,0.6111111111111112,0.0,5
D,GAT+LSTM_incremental,fri_am,3112,0.0,0.1806998556998557,0.6470588235294118,0.0,5
D,GAT+LSTM_incremental,fri_am,3113,0.0,0.25626352813852815,0.6875,0.0,5
D,GAT+LSTM_incremental,fri_am,3114,0.0,0.3261652236652237,0.7066666666666667,0.0,5
D,GAT+LSTM_incremental,fri_am,3115,0.0,0.37926841676841677,0.7023809523809523,0.0,5
D,GAT+LSTM_incremental,fri_am,3116,0.0,0.4472767312053026,0.7252747252747253,0.0,5
D,GAT+LSTM_incremental,fri_am,3117,0.0,0.5589972527472529,0.7916666666666666,0.0,5
D,GAT+LSTM_incremental,fri_am,3118,0.0,0.7014465472798807,0.8686868686868687,0.0,5
D,GAT+LSTM_incremental,fri_am,3119,0.0,0.9654059829059828,0.96,0.0,5
D,GAT+LSTM_incremental,fri_am,3120,0.0,0.9767535494808224,0.9696969696969697,0.0,5
D,GAT+LSTM_incremental,fri_am,3121,0.0,0.9933226495726496,0.9895833333333334,0.0,5
D,GAT+LSTM_incremental,fri_am,3122,0.0,0.9999999999999998,1.0,0.0,5
D,GAT+LSTM_incremental,fri_am,3123,0.0,0.9999999999999999,1.0,0.0,5
D,GAT+LSTM_incremental,fri_am,3124,0.0,1.0,1.0,0.0,5
D,GAT+LSTM_incremental,fri_am,3125,0.0,1.0,1.0,0.0,5
D,GAT+LSTM_incremental,fri_am,3126,0.0,1.0,1.0,0.0,5
D,GAT+LSTM_incremental,fri_am,3127,0.0,1.0,1.0,0.0,5
D,GAT+LSTM_incremental,fri_am,3128,0.0,0.9999999999999998,1.0,0.0,5
D,GAT+LSTM_incremental,fri_am,3129,0.0,1.0000000000000002,,0.0,5
D,GAT+LSTM_incremental,fri_am,3130,0.0,0.9812162307212817,0.6842105263157895,0.0,5
D,GAT+LSTM_incremental,fri_am,3131,0.0,0.9773122399751859,0.631578947368421,0.0,5
D,GAT+LSTM_incremental,fri_am,3132,0.0,0.9744511191041121,0.8055555555555556,0.0,5
D,GAT+LSTM_incremental,fri_am,3133,0.0,0.9710054411178979,0.8627450980392157,0.0,5
D,GAT+LSTM_incremental,fri_am,3134,0.0,0.9710054411178979,0.8627450980392157,0.0,5
D,GAT+LSTM_incremental,fri_am,3135,0.0,0.9596988310360193,0.803921568627451,0.0,5
D,GAT+LSTM_incremental,fri_am,3136,0.0,0.9475120961769569,0.7450980392156863,0.0,5
D,GAT+LSTM_incremental,fri_am,3137,0.0,0.9372299931396635,0.7058823529411764,0.0,5
D,GAT+LSTM_incremental,fri_am,3138,0.0,0.925815427313333,0.6666666666666667,0.0,5
D,GAT+LSTM_incremental,fri_am,3139,0.0,0.9167117858567504,0.6470588235294118,0.0,5
D,GAT+LSTM_incremental,fri_am,3140,0.0,0.9167117858567504,0.6470588235294118,0.0,5
D,GAT+LSTM_incremental,fri_am,3141,0.0,0.9167117858567504,0.6470588235294118,0.0,5
D,GAT+LSTM_incremental,fri_am,3142,0.0,0.9167117858567504,0.6470588235294118,0.0,5
D,GAT+LSTM_incremental,fri_am,3143,0.0,0.9167117858567504,0.6470588235294118,0.0,5
D,GAT+LSTM_incremental,fri_am,3144,0.0,0.925815427313333,0.6666666666666667,0.0,5
D,GAT+LSTM_incremental,fri_am,3145,0.0,0.9336935785738372,0.6862745098039216,0.0,5
D,GAT+LSTM_incremental,fri_am,3146,0.0,0.9406380230182816,0.7058823529411765,0.0,5
D,GAT+LSTM_incremental,fri_am,3147,0.0,0.9406380230182816,0.7058823529411765,0.0,5
D,GAT+LSTM_incremental,fri_am,3148,0.0,0.9339224634913035,0.6666666666666666,0.0,5
D,GAT+LSTM_incremental,fri_am,3149,0.0,0.9198578972424811,0.607843137254902,0.0,5
D,GAT+LSTM_incremental,fri_am,3150,0.0,0.9594448875666627,0.6666666666666667,0.0,5
D,GAT+LSTM_incremental,fri_am,3151,0.0,0.9510537416755167,0.6111111111111112,0.0,5
D,GAT+LSTM_incremental,fri_am,3152,0.0,0.9773122399751859,0.631578947368421,0.0,5
D,GAT+LSTM_incremental,fri_am,3153,0.0,1.0000000000000002,,0.0,5
D,GAT+LSTM_incremental,fri_am,3154,0.0,1.0000000000000002,,0.0,5
D,GAT+LSTM_incremental,fri_am,3155,0.0,1.0000000000000002,,0.0,5
D,GAT+LSTM_incremental,fri_am,3156,0.0,1.0000000000000002,,0.0,5
D,GAT+LSTM_incremental,fri_am,3157,0.0,1.0000000000000002,,0.0,5
D,GAT+LSTM_incremental,fri_am,3158,0.0,1.0000000000000002,,0.0,5
D,GAT+LSTM_incremental,fri_am,3159,0.0,1.0000000000000002,,0.0,5
D,GAT+LSTM_incremental,fri_am,3160,0.0,1.0000000000000002,,0.0,5
D,GAT+LSTM_incremental,fri_am,3161,0.0,1.0000000000000002,,0.0,5
D,GAT+LSTM_incremental,fri_am,3162,0.0,1.0000000000000002,,0.0,5
D,GAT+LSTM_incremental,fri_am,3163,0.0,1.0000000000000002,,0.0,5
D,GAT+LSTM_incremental,fri_am,3164,0.0,1.0000000000000002,,0.0,5
D,GAT+LSTM_incremental,fri_am,3165,0.0,1.0000000000000002,,0.0,5
D,GAT+LSTM_incremental,fri_am,3166,0.0,1.0000000000000002,,0.0,5
D,GAT+LSTM_incremental,fri_am,3167,0.0,1.0000000000000002,,0.0,5
D,GAT+LSTM_incremental,fri_am,3168,0.0,1.0000000000000002,,0.0,5
D,GAT+LSTM_incremental,fri_am,3169,0.0,1.0000000000000002,,0.0,5
D,GAT+LSTM_incremental,fri_am,3170,0.0,1.0000000000000002,,0.0,5
D,GAT+LSTM_incremental,fri_am,3171,0.0,1.0000000000000002,,0.0,5
D,GAT+LSTM_incremental,fri_am,3172,0.0,1.0000000000000002,,0.0,5
D,GAT+LSTM_incremental,fri_am,3173,0.0,1.0000000000000002,,0.0,5
D,GAT+LSTM_incremental,fri_am,3174,0.0,1.0000000000000002,,0.0,5
D,GAT+LSTM_incremental,fri_am,3175,0.0,0.9999999999999998,1.0,0.0,5
D,GAT+LSTM_incremental,fri_am,3176,0.0,0.997299168975069,0.9473684210526315,0.0,5
D,GAT+LSTM_incremental,fri_am,3177,0.0,0.994452139119729,0.8947368421052632,0.0,5
D,GAT+LSTM_incremental,fri_am,3178,0.0,0.9914421631995363,0.8421052631578947,0.0,5
D,GAT+LSTM_incremental,fri_am,3179,0.0,0.9914421631995363,0.8421052631578947,0.0,5
D,GAT+LSTM_incremental,fri_am,3180,0.0,0.9914421631995363,0.8421052631578947,0.0,5
D,GAT+LSTM_incremental,fri_am,3181,0.0,0.9914421631995363,0.8421052631578947,0.0,5
D,GAT+LSTM_incremental,fri_am,3182,0.0,0.9914421631995363,0.8421052631578947,0.0,5
D,GAT+LSTM_incremental,fri_am,3183,0.0,0.9914421631995363,0.8421052631578947,0.0,5
D,GAT+LSTM_incremental,fri_am,3184,0.0,0.9914421631995363,0.8421052631578947,0.0,5
D,GAT+LSTM_incremental,fri_am,3185,0.0,0.9914421631995363,0.8421052631578947,0.0,5
D,GAT+LSTM_incremental,fri_am,3186,0.0,0.9914421631995363,0.8421052631578947,0.0,5
D,GAT+LSTM_incremental,fri_am,3187,0.0,0.9557939701289806,0.6666666666666667,0.0,5
D,GAT+LSTM_incremental,fri_am,3188,0.0,0.946777539482648,0.6111111111111112,0.0,5
D,GAT+LSTM_incremental,fri_am,3189,0.0,0.9402188975073393,0.5833333333333334,0.0,5
D,GAT+LSTM_incremental,fri_am,3190,0.0,0.9327784213168631,0.5555555555555556,0.0,5
D,GAT+LSTM_incremental,fri_am,3191,0.0,0.9327784213168631,0.5555555555555556,0.0,5
D,GAT+LSTM_incremental,fri_am,3192,0.0,0.9327784213168631,0.5555555555555556,0.0,5
D,GAT+LSTM_incremental,fri_am,3193,0.0,0.929438474226916,0.5277777777777778,0.0,5
D,GAT+LSTM_incremental,fri_am,3194,0.0,0.9258873956758376,0.5,0.0,5
D,GAT+LSTM_incremental,fri_am,3195,0.0,0.903745417283859,0.3611111111111111,0.0,5
D,GAT+LSTM_incremental,fri_am,3196,0.0,0.8696916011203026,0.3921568627450981,0.0,5
D,GAT+LSTM_incremental,fri_am,3197,0.0,0.8420502498554937,0.421875,0.0,5
D,GAT+LSTM_incremental,fri_am,3198,0.0,0.8564520806635745,0.46875,0.0,5
D,GAT+LSTM_incremental,fri_am,3199,0.0,0.8395119113772364,0.5066666666666667,0.0,5
D,GAT+LSTM_incremental,fri_am,3200,0.0,0.8515099133752384,0.5466666666666666,0.0,5
D,GAT+LSTM_incremental,fri_am,3201,0.0,0.8113463367803261,0.5238095238095238,0.0,5
D,GAT+LSTM_incremental,fri_am,3202,0.0,0.7742420719974898,0.4523809523809524,0.0,5
D,GAT+LSTM_incremental,fri_am,3203,0.0,0.7217751820960918,0.43956043956043955,0.0,5
D,GAT+LSTM_incremental,fri_am,3204,0.0,0.6670824389418102,0.3626373626373626,0.0,5
D,GAT+LSTM_incremental,fri_am,3205,0.0,0.6009287208650151,0.28571428571428575,0.0,5
D,GAT+LSTM_incremental,fri_am,3206,0.0,0.507607939082695,0.20879120879120883,0.0,5
D,GAT+LSTM_incremental,fri_am,3207,0.0,0.6461307983505019,0.2380952380952381,0.0,5
D,GAT+LSTM_incremental,fri_am,3208,0.0,0.6227333051695996,0.2857142857142857,0.0,5
D,GAT+LSTM_incremental,fri_am,3209,0.0,0.6333631667609996,0.31868131868131866,0.0,5
D,GAT+LSTM_incremental,fri_am,3210,0.0,0.5654988729351673,0.2417582417582418,0.0,5
D,GAT+LSTM_incremental,fri_am,3211,0.0,0.559066203040959,0.2197802197802198,0.0,5
D,GAT+LSTM_incremental,fri_am,3212,0.0,0.5654988729351673,0.2417582417582418,0.0,5
D,GAT+LSTM_incremental,fri_am,3213,0.0,0.5654988729351673,0.2417582417582418,0.0,5
D,GAT+LSTM_incremental,fri_am,3214,0.0,0.6333631667609996,0.31868131868131866,0.0,5
D,GAT+LSTM_incremental,fri_am,3215,0.0,0.6418713252691581,0.34065934065934067,0.0,5
D,GAT+LSTM_incremental,fri_am,3216,0.0,0.7455390290087326,0.4166666666666667,0.0,5
D,GAT+LSTM_incremental,fri_am,3217,0.0,0.8159399278052528,0.48,0.0,5
D,GAT+LSTM_incremental,fri_am,3218,0.0,0.7953050071703323,0.4533333333333333,0.0,5
D,GAT+LSTM_incremental,fri_am,3219,0.0,0.867868095204589,0.53125,0.0,5
D,GAT+LSTM_incremental,fri_am,3220,0.0,0.867868095204589,0.53125,0.0,5
D,GAT+LSTM_incremental,fri_am,3221,0.0,0.9318943493524627,0.627450980392157,0.0,5
D,GAT+LSTM_incremental,fri_am,3222,0.0,0.9318943493524627,0.627450980392157,0.0,5
D,GAT+LSTM_incremental,fri_am,3223,0.0,0.950198557993131,0.7450980392156863,0.0,5
D,GAT+LSTM_incremental,fri_am,3224,0.0,0.7780370818659326,0.578125,0.0,5
D,GAT+LSTM_incremental,fri_am,3225,0.0,0.786282482298833,0.609375,0.0,5
D,GAT+LSTM_incremental,fri_am,3226,0.0,0.7940248701193457,0.640625,0.0,5
D,GAT+LSTM_incremental,fri_am,3227,0.0,0.7940248701193457,0.640625,0.0,5
D,GAT+LSTM_incremental,fri_am,3228,0.0,0.8565350319766636,0.607843137254902,0.0,5
D,GAT+LSTM_incremental,fri_am,3229,0.0,0.8810448358982322,0.6274509803921569,0.0,5
D,GAT+LSTM_incremental,fri_am,3230,0.0,0.9017381132091566,0.6666666666666667,0.0,5
D,GAT+LSTM_incremental,fri_am,3231,0.0,0.9050757718020057,0.6862745098039216,0.0,5
D,GAT+LSTM_incremental,fri_am,3232,0.0,0.9082356141703256,0.7058823529411765,0.0,5
D,GAT+LSTM_incremental,fri_am,3233,0.0,0.924470766642047,0.7450980392156863,0.0,5
D,GAT+LSTM_incremental,fri_am,3234,0.0,0.924470766642047,0.7450980392156863,0.0,5
D,GAT+LSTM_incremental,fri_am,3235,0.0,0.9256616369812966,0.6111111111111112,0.0,5
D,GAT+LSTM_incremental,fri_am,3236,0.0,0.9256616369812966,0.6111111111111112,0.0,5
D,GAT+LSTM_incremental,fri_am,3237,0.0,0.9358468221664817,0.6388888888888888,0.0,5
D,GAT+LSTM_incremental,fri_am,3238,0.0,0.9358468221664817,0.6388888888888888,0.0,5
D,GAT+LSTM_incremental,fri_am,3239,0.10526315789473684,0.9444447057643653,0.6666666666666666,0.0,5
D,GAT+LSTM_incremental,fri_pm_scan,3666,0.10526315789473684,0.823319881114454,0.4705882352941177,0.3333333333333333,5
D,GAT+LSTM_incremental,fri_pm_scan,3667,0.10526315789473684,0.8293306187428386,0.4901960784313726,0.3333333333333333,5
D,GAT+LSTM_incremental,fri_pm_scan,3668,0.1111111111111111,0.7516129851293357,0.40625,0.25,5
D,GAT+LSTM_incremental,fri_pm_scan,3669,0.1111111111111111,0.700197571284065,0.203125,0.25,5
D,GAT+LSTM_incremental,fri_pm_scan,3670,0.1111111111111111,0.6830055619045557,0.140625,0.25,5
D,GAT+LSTM_incremental,fri_pm_scan,3671,0.11764705882352941,0.6437693206346456,0.18666666666666668,0.2,5
D,GAT+LSTM_incremental,fri_pm_scan,3672,0.125,0.6366513397777219,0.3333333333333333,0.16666666666666666,5
D,GAT+LSTM_incremental,fri_pm_scan,3673,0.13333333333333333,0.6265363770811496,0.4285714285714286,0.14285714285714285,5
D,GAT+LSTM_incremental,fri_pm_scan,3674,0.14285714285714285,0.5974654153108101,0.46875,0.125,5
D,GAT+LSTM_incremental,fri_pm_scan,3675,0.15384615384615385,0.5803495082801303,0.5151515151515151,0.1111111111111111,5
D,GAT+LSTM_incremental,fri_pm_scan,3676,0.16666666666666666,0.5624393880972829,0.55,0.1,5
D,GAT+LSTM_incremental,fri_pm_scan,3677,0.18181818181818182,0.5519343583069072,0.5959595959595959,0.09090909090909091,5
D,GAT+LSTM_incremental,fri_pm_scan,3678,0.2,0.5388575884899415,0.625,0.08333333333333333,5
D,GAT+LSTM_incremental,fri_pm_scan,3679,0.2222222222222222,0.5302492209004814,0.6593406593406593,0.07692307692307693,5
D,GAT+LSTM_incremental,fri_pm_scan,3680,0.25,0.5213925848117025,0.6785714285714285,0.07142857142857142,5
D,GAT+LSTM_incremental,fri_pm_scan,3681,0.2857142857142857,0.5591269841269841,0.7866666666666667,0.06666666666666667,5
D,GAT+LSTM_incremental,fri_pm_scan,3682,0.3333333333333333,0.5808531746031746,0.828125,0.0625,5
D,GAT+LSTM_incremental,fri_pm_scan,3683,0.4,0.625,0.8627450980392156,0.058823529411764705,5
D,GAT+LSTM_incremental,fri_pm_scan,3684,0.5,0.7916666666666666,0.9722222222222222,0.05555555555555555,5
D,GAT+LSTM_incremental,fri_pm_scan,3685,0.0,0.25,0.9473684210526316,0.05263157894736842,5
D,GAT+LSTM_incremental,fri_pm_scan,3686,0.0,1.0,1.0,0.0,5
D,GAT+LSTM_incremental,fri_pm_scan,3687,0.0,0.5,,0.0,5
D,GAT+LSTM_incremental,fri_pm_scan,3688,0.0,0.5,,0.0,5
D,GAT+LSTM_incremental,fri_pm_scan,3689,0.0,0.5,,0.0,5
D,GAT+LSTM_incremental,fri_pm_scan,3690,0.0,0.5,,0.05,5
D,GAT+LSTM_incremental,fri_pm_scan,3691,0.0,0.5,,0.1,5
D,GAT+LSTM_incremental,fri_pm_scan,3692,0.0,0.5,,0.1,5
D,GAT+LSTM_incremental,fri_pm_scan,3693,0.0,0.5,,0.1,5
D,GAT+LSTM_incremental,fri_pm_scan,3694,0.0,0.5,,0.1,5
D,GAT+LSTM_incremental,fri_pm_scan,3695,0.0,0.5,,0.1,5
D,GAT+LSTM_incremental,fri_pm_scan,3696,0.0,0.5,,0.1,5
D,GAT+LSTM_incremental,fri_pm_scan,3697,0.0,0.5,,0.1,5
D,GAT+LSTM_incremental,fri_pm_scan,3698,0.0,0.5,,0.1,5
D,GAT+LSTM_incremental,fri_pm_scan,3699,0.0,0.5,,0.1,5
D,GAT+LSTM_incremental,fri_pm_scan,3700,0.0,0.5,,0.1,5
D,GAT+LSTM_incremental,fri_pm_scan,3701,0.0,0.025,0.0,0.10526315789473684,5
D,GAT+LSTM_incremental,fri_pm_scan,3702,0.0,0.02631578947368421,0.052631578947368474,0.10526315789473684,5
D,GAT+LSTM_incremental,fri_pm_scan,3703,0.0,0.05687134502923977,0.1388888888888889,0.1111111111111111,5
D,GAT+LSTM_incremental,fri_pm_scan,3704,0.0,0.09178180493969967,0.19607843137254902,0.11764705882352941,5
D,GAT+LSTM_incremental,fri_pm_scan,3705,0.0,0.13007036822826296,0.234375,0.125,5
D,GAT+LSTM_incremental,fri_pm_scan,3706,0.0,0.17122532438321914,0.2666666666666667,0.13333333333333333,5
D,GAT+LSTM_incremental,fri_pm_scan,3707,0.0,0.21532862848652323,0.2976190476190476,0.14285714285714285,5
D,GAT+LSTM_incremental,fri_pm_scan,3708,0.0,0.25542378465310794,0.30769230769230765,0.15384615384615385,5
D,GAT+LSTM_incremental,fri_pm_scan,3709,0.0,0.27392334065266394,0.3736263736263736,0.15384615384615385,5
D,GAT+LSTM_incremental,fri_pm_scan,3710,0.0,0.29912149008787664,0.4505494505494505,0.07692307692307693,5
D,GAT+LSTM_incremental,fri_pm_scan,3711,0.0,0.32990868841709176,0.5274725274725274,0.0,5
D,GAT+LSTM_incremental,fri_pm_scan,3712,0.0,0.3685928159142445,0.6043956043956045,0.0,5
D,GAT+LSTM_incremental,fri_pm_scan,3713,0.0,0.4191197691197691,0.6813186813186813,0.0,5
D,GAT+LSTM_incremental,fri_pm_scan,3714,0.0,0.489061137275423,0.7582417582417582,0.0,5
D,GAT+LSTM_incremental,fri_pm_scan,3715,0.0,0.5960295656724227,0.8351648351648351,0.0,5
D,GAT+LSTM_incremental,fri_pm_scan,3716,0.0,0.8733147804576376,0.9120879120879122,0.0,5
D,GAT+LSTM_incremental,fri_pm_scan,3717,0.0,0.7096243042671613,0.8571428571428572,0.0,5
D,GAT+LSTM_incremental,fri_pm_scan,3718,0.0,0.747665429808287,0.8901098901098901,0.0,5
D,GAT+LSTM_incremental,fri_pm_scan,3719,0.0,0.7129725355054302,0.7916666666666666,0.0,5
D,GAT+LSTM_incremental,fri_pm_scan,3720,0.0,0.7062323564903543,0.7171717171717171,0.0,5
D,GAT+LSTM_incremental,fri_pm_scan,3721,0.0,0.6624945397262219,0.6262626262626262,0.0,5
D,GAT+LSTM_incremental,fri_pm_scan,3722,0.0,0.670498925691134,0.6565656565656566,0.0,5
D,GAT+LSTM_incremental,fri_pm_scan,3723,0.0,0.6297238193523023,0.6354166666666666,0.0,5
D,GAT+LSTM_incremental,fri_pm_scan,3724,0.0,0.586102838571326,0.6263736263736264,0.0,5
D,GAT+LSTM_incremental,fri_pm_scan,3725,0.0,0.5321361236802413,0.6071428571428572,0.0,5
D,GAT+LSTM_incremental,fri_pm_scan,3726,0.0,0.3158603896103896,0.56,0.0,5
D,GAT+LSTM_incremental,fri_pm_scan,3727,0.0,0.19999375624375626,0.484375,0.0,5
D,GAT+LSTM_incremental,fri_pm_scan,3728,0.0,0.105253774003774,0.3137254901960784,0.0,5
D,GAT+LSTM_incremental,fri_pm_scan,3729,0.0,0.105253774003774,0.3137254901960784,0.0,5
D,GAT+LSTM_incremental,fri_pm_scan,3730,0.0,0.105253774003774,0.3137254901960784,0.0,5
D,GAT+LSTM_incremental,fri_pm_scan,3731,0.0,0.105253774003774,0.3137254901960784,0.0,5
D,GAT+LSTM_incremental,fri_pm_scan,3732,0.0,0.105253774003774,0.3137254901960784,0.0,5
D,GAT+LSTM_incremental,fri_pm_scan,3733,0.0,0.105253774003774,0.3137254901960784,0.0,5
D,GAT+LSTM_incremental,fri_pm_scan,3734,0.0,0.10399114774114773,0.2941176470588235,0.0,5
D,GAT+LSTM_incremental,fri_pm_scan,3735,0.0,0.11182428682428683,0.3529411764705882,0.0,5
D,GAT+LSTM_incremental,fri_pm_scan,3736,0.0,0.12095127095127095,0.4117647058823529,0.0,5
D,GAT+LSTM_incremental,fri_pm_scan,3737,0.0,0.1228031228031228,0.43137254901960786,0.0,5
D,GAT+LSTM_incremental,fri_pm_scan,3738,0.0,0.1228031228031228,0.43137254901960786,0.0,5
D,GAT+LSTM_incremental,fri_pm_scan,3739,0.0,0.07577838827838827,0.3611111111111111,0.0,5
D,GAT+LSTM_incremental,fri_pm_scan,3740,0.0,0.038461538461538464,0.368421052631579,0.0,5
D,GAT+LSTM_incremental,fri_pm_scan,3741,0.0,0.5,,0.0,5
D,GAT+LSTM_incremental,fri_pm_scan,3742,0.0,0.5,,0.0,5
D,GAT+LSTM_incremental,fri_pm_scan,3743,0.0,0.5,,0.0,5
D,GAT+LSTM_incremental,fri_pm_scan,3744,0.0,0.5,,0.0,5
D,GAT+LSTM_incremental,fri_pm_scan,3745,0.0,0.5,,0.0,5
D,GAT+LSTM_incremental,fri_pm_scan,3746,0.0,0.5,,0.0,5
D,GAT+LSTM_incremental,fri_pm_scan,3747,0.0,0.5,,0.0,5
D,GAT+LSTM_incremental,fri_pm_scan,3748,0.0,0.5,,0.0,5
D,GAT+LSTM_incremental,fri_pm_scan,3749,0.0,0.5,,0.0,5
D,GAT+LSTM_incremental,fri_pm_scan,3750,0.0,0.5,,0.0,5
D,GAT+LSTM_incremental,fri_pm_scan,3751,1.0,1.0,1.0,0.0,5
D,GAT+LSTM_incremental,fri_pm_scan,3752,1.0,1.0,1.0,0.0,5
D,GAT+LSTM_incremental,fri_pm_scan,3753,1.0,1.0,1.0,0.0,5
D,GAT+LSTM_incremental,fri_pm_scan,3754,1.0,1.0,1.0,0.0,5
D,GAT+LSTM_incremental,fri_pm_scan,3755,1.0,1.0,1.0,0.0,5
D,GAT+LSTM_incremental,fri_pm_scan,3756,1.0,1.0,1.0,0.0,5
D,GAT+LSTM_incremental,fri_pm_scan,3757,1.0,0.9999999999999998,1.0,0.0,5
D,GAT+LSTM_incremental,fri_pm_scan,3758,1.0,1.0,1.0,0.0,5
D,GAT+LSTM_incremental,fri_pm_scan,3759,1.0,1.0000000000000002,1.0,0.0,5
D,GAT+LSTM_incremental,fri_pm_scan,3760,1.0,0.9999999999999999,1.0,0.0,5
D,GAT+LSTM_incremental,fri_pm_scan,3761,1.0,1.0,1.0,0.0,5
D,GAT+LSTM_incremental,fri_pm_scan,3762,1.0,1.0,1.0,0.0,5
D,GAT+LSTM_incremental,fri_pm_scan,3763,1.0,0.9999999999999998,1.0,0.0,5
D,GAT+LSTM_incremental,fri_pm_scan,3764,1.0,0.9999999999999999,1.0,0.0,5
D,GAT+LSTM_incremental,fri_pm_scan,3765,1.0,1.0,1.0,0.0,5
D,GAT+LSTM_incremental,fri_pm_scan,3766,1.0,1.0,1.0,0.0,5
D,GAT+LSTM_incremental,fri_pm_scan,3767,1.0,1.0,1.0,0.0,5
D,GAT+LSTM_incremental,fri_pm_scan,3768,1.0,1.0,1.0,0.0,5
D,GAT+LSTM_incremental,fri_pm_scan,3769,1.0,0.9999999999999998,1.0,0.0,5
D,GAT+LSTM_incremental,fri_pm_scan,3770,1.0,1.0000000000000002,,0.0,5
D,GAT+LSTM_incremental,fri_pm_scan,3771,1.0,1.0000000000000002,,0.0,5
D,GAT+LSTM_incremental,fri_pm_scan,3772,1.0,1.0000000000000002,,0.0,5
D,GAT+LSTM_incremental,fri_pm_scan,3773,1.0,1.0000000000000002,,0.0,5
D,GAT+LSTM_incremental,fri_pm_scan,3774,1.0,1.0000000000000002,,0.0,5
D,GAT+LSTM_incremental,fri_pm_scan,3775,1.0,1.0000000000000002,,0.0,5
D,GAT+LSTM_incremental,fri_pm_scan,3776,1.0,1.0000000000000002,,0.0,5
D,GAT+LSTM_incremental,fri_pm_scan,3777,1.0,1.0000000000000002,,0.0,5
D,GAT+LSTM_incremental,fri_pm_scan,3778,1.0,1.0000000000000002,,0.0,5
D,GAT+LSTM_incremental,fri_pm_scan,3779,1.0,1.0000000000000002,,0.0,5
D,GAT+LSTM_incremental,fri_pm_scan,3780,1.0,1.0000000000000002,,0.0,5
D,GAT+LSTM_incremental,fri_pm_scan,3781,1.0,1.0000000000000002,,0.0,5
D,GAT+LSTM_incremental,fri_pm_scan,3782,1.0,1.0000000000000002,,0.0,5
D,GAT+LSTM_incremental,fri_pm_scan,3783,1.0,1.0000000000000002,,0.0,5
D,GAT+LSTM_incremental,fri_pm_scan,3784,1.0,1.0000000000000002,,0.0,5
D,GAT+LSTM_incremental,fri_pm_scan,3785,1.0,1.0000000000000002,,0.0,5
D,GAT+LSTM_incremental,fri_pm_scan,3786,1.0,1.0000000000000002,,0.0,5
D,GAT+LSTM_incremental,fri_pm_scan,3787,1.0,1.0000000000000002,,0.0,5
D,GAT+LSTM_incremental,fri_pm_scan,3788,1.0,1.0000000000000002,,0.0,5
D,GAT+LSTM_incremental,fri_pm_scan,3789,1.0,1.0000000000000002,,0.0,5
D,GAT+LSTM_incremental,fri_pm_scan,3790,1.0,1.0000000000000002,,0.0,5
D,GAT+LSTM_incremental,fri_pm_scan,3791,1.0,1.0000000000000002,,0.0,5
D,GAT+LSTM_incremental,fri_pm_scan,3792,1.0,1.0000000000000002,,0.0,5
D,GAT+LSTM_incremental,fri_pm_scan,3793,1.0,1.0000000000000002,,0.0,5
D,GAT+LSTM_incremental,fri_pm_scan,3794,1.0,1.0000000000000002,,0.0,5
D,GAT+LSTM_incremental,fri_pm_scan,3795,1.0,1.0000000000000002,,0.0,5
D,GAT+LSTM_incremental,fri_pm_scan,3796,1.0,1.0000000000000002,,0.0,5
D,GAT+LSTM_incremental,fri_pm_scan,3797,1.0,1.0000000000000002,,0.0,5
D,GAT+LSTM_incremental,fri_pm_scan,3798,1.0,1.0000000000000002,,0.0,5
D,GAT+LSTM_incremental,fri_pm_scan,3799,1.0,1.0000000000000002,,0.0,5
D,GAT+LSTM_incremental,fri_pm_scan,3800,1.0,1.0000000000000002,,0.0,5
D,GAT+LSTM_incremental,fri_pm_scan,3801,1.0,1.0000000000000002,,0.0,5
D,GAT+LSTM_incremental,fri_pm_scan,3802,1.0,1.0000000000000002,,0.0,5
D,GAT+LSTM_incremental,fri_pm_scan,3803,1.0,1.0000000000000002,,0.0,5
D,GAT+LSTM_incremental,fri_pm_scan,3804,1.0,1.0000000000000002,,0.0,5
D,GAT+LSTM_incremental,fri_pm_scan,3805,1.0,1.0000000000000002,,0.0,5
D,GAT+LSTM_incremental,fri_pm_scan,3806,1.0,1.0000000000000002,,0.0,5
D,GAT+LSTM_incremental,fri_pm_scan,3807,1.0,1.0000000000000002,,0.0,5
D,GAT+LSTM_incremental,fri_pm_scan,3808,1.0,1.0000000000000002,,0.0,5
D,GAT+LSTM_incremental,fri_pm_scan,3809,1.0,1.0000000000000002,,0.0,5
D,GAT+LSTM_incremental,fri_pm_scan,3810,1.0,1.0000000000000002,,0.0,5
D,GAT+LSTM_incremental,fri_pm_scan,3811,1.0,1.0000000000000002,,0.0,5
D,GAT+LSTM_incremental,fri_pm_scan,3812,1.0,1.0000000000000002,,0.0,5
D,GAT+LSTM_incremental,fri_pm_scan,3813,1.0,1.0000000000000002,,0.0,5
D,GAT+LSTM_incremental,fri_pm_scan,3814,1.0,1.0000000000000002,,0.0,5
D,GAT+LSTM_incremental,fri_pm_scan,3815,1.0,1.0000000000000002,,0.0,5
D,GAT+LSTM_incremental,fri_pm_scan,3816,1.0,1.0000000000000002,,0.0,5
D,GAT+LSTM_incremental,fri_pm_scan,3817,1.0,1.0000000000000002,,0.0,5
D,GAT+LSTM_incremental,fri_pm_scan,3818,1.0,1.0000000000000002,,0.0,5
D,GAT+LSTM_incremental,fri_pm_scan,3819,1.0,1.0000000000000002,,0.0,5
D,GAT+LSTM_incremental,fri_pm_scan,3820,1.0,1.0000000000000002,,0.0,5
D,GAT+LSTM_incremental,fri_pm_scan,3821,1.0,1.0000000000000002,,0.0,5
D,GAT+LSTM_incremental,fri_pm_scan,3822,1.0,1.0000000000000002,,0.0,5
D,GAT+LSTM_incremental,fri_pm_scan,3823,1.0,1.0000000000000002,,0.0,5
D,GAT+LSTM_incremental,fri_pm_scan,3824,1.0,1.0000000000000002,,0.0,5
D,GAT+LSTM_incremental,fri_pm_scan,3825,1.0,1.0000000000000002,,0.0,5
D,GAT+LSTM_incremental,fri_pm_scan,3826,1.0,1.0000000000000002,,0.0,5
D,GAT+LSTM_incremental,fri_pm_scan,3827,1.0,1.0,,0.0,5
D,GAT+LSTM_incremental,fri_pm_scan,3828,1.0,1.0,,0.0,5
D,GAT+LSTM_incremental,fri_pm_scan,3829,1.0,1.0,,0.0,5
D,GAT+LSTM_incremental,fri_pm_scan,3830,1.0,1.0000000000000002,,0.0,5
D,GAT+LSTM_incremental,fri_pm_scan,3831,1.0,1.0000000000000002,,0.0,5
D,GAT+LSTM_incremental,fri_pm_scan,3832,1.0,1.0000000000000002,,0.0,5
D,GAT+LSTM_incremental,fri_pm_scan,3833,1.0,1.0000000000000002,,0.0,5
D,GAT+LSTM_incremental,fri_pm_scan,3834,1.0,1.0000000000000002,,0.0,5
D,GAT+LSTM_incremental,fri_pm_scan,3835,1.0,1.0000000000000002,,0.0,5
D,GAT+LSTM_incremental,fri_pm_scan,3836,1.0,1.0000000000000002,,0.0,5
D,GAT+LSTM_incremental,fri_pm_scan,3837,1.0,1.0000000000000002,,0.0,5
D,GAT+LSTM_incremental,fri_pm_scan,3838,0.9743589743589743,0.9999999999999998,1.0,1.0,5
D,GAT+LSTM_incremental,fri_pm_scan,3839,0.9473684210526315,1.0,1.0,1.0,5
D,GAT+LSTM_incremental,fri_pm_scan,3840,0.918918918918919,1.0,1.0,1.0,5
D,GAT+LSTM_incremental,fri_pm_scan,3841,0.8888888888888888,1.0,1.0,1.0,5
D,GAT+LSTM_incremental,fri_pm_scan,3842,0.8571428571428571,1.0,1.0,1.0,5
D,GAT+LSTM_incremental,fri_pm_scan,3843,0.8235294117647058,0.9828947368421053,0.9333333333333333,1.0,5
D,GAT+LSTM_incremental,fri_pm_scan,3844,0.8125,0.9806808688387635,0.9404761904761905,0.8333333333333334,5
D,GAT+LSTM_incremental,fri_pm_scan,3845,0.8,0.978004022121669,0.9450549450549451,0.7142857142857143,5
D,GAT+LSTM_incremental,fri_pm_scan,3846,0.7857142857142857,0.9747242647058824,0.9479166666666666,0.625,5
D,GAT+LSTM_incremental,fri_pm_scan,3847,0.7857142857142857,0.9517083916900094,0.90625,0.625,5
D,GAT+LSTM_incremental,fri_pm_scan,3848,0.7857142857142857,0.9437538462354641,0.8958333333333333,0.625,5
D,GAT+LSTM_incremental,fri_pm_scan,3849,0.7857142857142857,0.9437538462354641,0.8958333333333333,0.625,5
D,GAT+LSTM_incremental,fri_pm_scan,3850,0.7857142857142857,0.9437538462354641,0.8958333333333333,0.625,5
D,GAT+LSTM_incremental,fri_pm_scan,3851,0.7857142857142857,0.9437538462354641,0.8958333333333333,0.625,5
D,GAT+LSTM_incremental,fri_pm_scan,3852,0.7857142857142857,0.9437538462354641,0.8958333333333333,0.625,5
D,GAT+LSTM_incremental,fri_pm_scan,3853,0.7857142857142857,0.9437538462354641,0.8958333333333333,0.625,5
D,GAT+LSTM_incremental,fri_pm_scan,3854,0.7857142857142857,0.9437538462354641,0.8958333333333333,0.625,5
D,GAT+LSTM_incremental,fri_pm_scan,3855,0.7407407407407407,0.9259305237246414,0.8787878787878788,0.6666666666666666,5
D,GAT+LSTM_incremental,fri_pm_scan,3856,0.6923076923076923,0.9043026377217552,0.86,0.7,5
D,GAT+LSTM_incremental,fri_pm_scan,3857,0.6923076923076923,0.8626512335703512,0.81,0.7,5
D,GAT+LSTM_incremental,fri_pm_scan,3858,0.6923076923076923,0.881259708428826,0.83,0.7,5
D,GAT+LSTM_incremental,fri_pm_scan,3859,0.6923076923076923,0.8719351504110864,0.797979797979798,0.6666666666666666,5
D,GAT+LSTM_incremental,fri_pm_scan,3860,0.72,0.8840880710198893,0.8282828282828283,0.5555555555555556,5
D,GAT+LSTM_incremental,fri_pm_scan,3861,0.75,0.9049664981483163,0.8686868686868687,0.4444444444444444,5
D,GAT+LSTM_incremental,fri_pm_scan,3862,0.782608695652174,0.9149648331466513,0.888888888888889,0.3333333333333333,5
D,GAT+LSTM_incremental,fri_pm_scan,3863,0.8181818181818182,0.9287140637140637,0.9199999999999999,0.3,5
D,GAT+LSTM_incremental,fri_pm_scan,3864,0.8181818181818182,0.9287140637140637,0.9199999999999999,0.3,5
D,GAT+LSTM_incremental,fri_pm_scan,3865,0.782608695652174,0.902106368082304,0.8585858585858586,0.3333333333333333,5
D,GAT+LSTM_incremental,fri_pm_scan,3866,0.75,0.8967753617569795,0.8333333333333334,0.375,5
D,GAT+LSTM_incremental,fri_pm_scan,3867,0.75,0.9104012035078212,0.8541666666666666,0.375,5
D,GAT+LSTM_incremental,fri_pm_scan,3868,0.75,0.9104012035078212,0.8541666666666666,0.375,5
D,GAT+LSTM_incremental,fri_pm_scan,3869,0.75,0.9104012035078212,0.8541666666666666,0.375,5
D,GAT+LSTM_incremental,fri_pm_scan,3870,0.75,0.9104012035078212,0.8541666666666666,0.375,5
D,GAT+LSTM_incremental,fri_pm_scan,3871,0.75,0.9104012035078212,0.8541666666666666,0.375,5
D,GAT+LSTM_incremental,fri_pm_scan,3872,0.75,0.9104012035078212,0.8541666666666666,0.375,5
D,GAT+LSTM_incremental,fri_pm_scan,3873,0.6956521739130435,0.8633035042794401,0.8080808080808081,0.4444444444444444,5
D,GAT+LSTM_incremental,fri_pm_scan,3874,0.6363636363636364,0.8067862652053829,0.76,0.5,5
D,GAT+LSTM_incremental,fri_pm_scan,3875,0.6363636363636364,0.8154172175863352,0.77,0.5,5
D,GAT+LSTM_incremental,fri_pm_scan,3876,0.6363636363636364,0.8219323691014867,0.7799999999999999,0.5,5
D,GAT+LSTM_incremental,fri_pm_scan,3877,0.5714285714285714,0.8134471737412914,0.7777777777777778,0.5454545454545454,5
D,GAT+LSTM_incremental,fri_pm_scan,3878,0.6,0.8184653037594214,0.7878787878787878,0.45454545454545453,5
D,GAT+LSTM_incremental,fri_pm_scan,3879,0.631578947368421,0.8381772180025857,0.8229166666666666,0.4166666666666667,5
D,GAT+LSTM_incremental,fri_pm_ddos,4277,0.631578947368421,0.8349347751921281,0.8125,0.4166666666666667,5
D,GAT+LSTM_incremental,fri_pm_ddos,4278,0.631578947368421,0.8320430483259431,0.8020833333333333,0.4166666666666667,5
D,GAT+LSTM_incremental,fri_pm_ddos,4279,0.631578947368421,0.829448019086177,0.7916666666666666,0.4166666666666667,5
D,GAT+LSTM_incremental,fri_pm_ddos,4280,0.631578947368421,0.8320430483259431,0.8020833333333333,0.4166666666666667,5
D,GAT+LSTM_incremental,fri_pm_ddos,4281,0.631578947368421,0.8349347751921281,0.8125,0.4166666666666667,5
D,GAT+LSTM_incremental,fri_pm_ddos,4282,0.6666666666666666,0.8930533751962322,0.9120879120879121,0.38461538461538464,5
D,GAT+LSTM_incremental,fri_pm_ddos,4283,0.7058823529411765,0.9553571428571428,0.9761904761904763,0.35714285714285715,5
D,GAT+LSTM_incremental,fri_pm_ddos,4284,0.6666666666666666,1.0,1.0,0.3333333333333333,5
D,GAT+LSTM_incremental,fri_pm_ddos,4285,0.6153846153846154,1.0,1.0,0.3125,5
D,GAT+LSTM_incremental,fri_pm_ddos,4286,0.5454545454545454,1.0,1.0,0.29411764705882354,5
D,GAT+LSTM_incremental,fri_pm_ddos,4287,0.4444444444444444,1.0,1.0,0.2777777777777778,5
D,GAT+LSTM_incremental,fri_pm_ddos,4288,0.2857142857142857,1.0,1.0,0.2631578947368421,5
D,GAT+LSTM_incremental,fri_pm_ddos,4289,0.0,0.5,,0.25,5
D,GAT+LSTM_incremental,fri_pm_ddos,4290,0.0,0.5,,0.2,5
D,GAT+LSTM_incremental,fri_pm_ddos,4291,0.0,0.5,,0.15,5
D,GAT+LSTM_incremental,fri_pm_ddos,4292,0.0,0.5,,0.1,5
D,GAT+LSTM_incremental,fri_pm_ddos,4293,0.0,0.5,,0.05,5
D,GAT+LSTM_incremental,fri_pm_ddos,4294,0.0,0.5,,0.0,5
D,GAT+LSTM_incremental,fri_pm_ddos,4295,0.0,1.0,1.0,0.0,5
D,GAT+LSTM_incremental,fri_pm_ddos,4296,0.6666666666666666,1.0,1.0,0.0,5
D,GAT+LSTM_incremental,fri_pm_ddos,4297,0.8,1.0,1.0,0.0,5
D,GAT+LSTM_incremental,fri_pm_ddos,4298,0.8571428571428571,1.0,1.0,0.0,5
D,GAT+LSTM_incremental,fri_pm_ddos,4299,0.8888888888888888,1.0,1.0,0.0,5
D,GAT+LSTM_incremental,fri_pm_ddos,4300,0.9090909090909091,1.0,1.0,0.0,5
D,GAT+LSTM_incremental,fri_pm_ddos,4301,0.9230769230769231,0.9999999999999998,1.0,0.0,5
D,GAT+LSTM_incremental,fri_pm_ddos,4302,0.9333333333333333,1.0,1.0,0.0,5
D,GAT+LSTM_incremental,fri_pm_ddos,4303,0.9411764705882353,1.0000000000000002,1.0,0.0,5
D,GAT+LSTM_incremental,fri_pm_ddos,4304,0.9473684210526315,0.9999999999999999,1.0,0.0,5
D,GAT+LSTM_incremental,fri_pm_ddos,4305,0.9523809523809523,1.0,1.0,0.0,5
D,GAT+LSTM_incremental,fri_pm_ddos,4306,0.9565217391304348,1.0,1.0,0.0,5
D,GAT+LSTM_incremental,fri_pm_ddos,4307,0.96,0.9999999999999998,1.0,0.0,5
D,GAT+LSTM_incremental,fri_pm_ddos,4308,0.9230769230769231,0.7910886122424584,0.8571428571428572,0.14285714285714285,5
D,GAT+LSTM_incremental,fri_pm_ddos,4309,0.9285714285714286,0.8010788814360243,0.8333333333333334,0.16666666666666666,5
D,GAT+LSTM_incremental,fri_pm_ddos,4310,0.9333333333333333,0.8100347337847338,0.8,0.2,5
D,GAT+LSTM_incremental,fri_pm_ddos,4311,0.9375,0.8181162026290703,0.75,0.25,5
D,GAT+LSTM_incremental,fri_pm_ddos,4312,0.9411764705882353,0.8254511587989095,0.6666666666666667,0.3333333333333333,5
D,GAT+LSTM_incremental,fri_pm_ddos,4313,0.9444444444444444,0.8321431184627779,0.5,0.5,5
D,GAT+LSTM_incremental,fri_pm_ddos,4314,0.9473684210526315,0.8382768601503324,0.0,1.0,5
D,GAT+LSTM_incremental,fri_pm_ddos,4315,0.9743589743589743,0.8382768601503324,0.0,1.0,5
D,GAT+LSTM_incremental,fri_pm_ddos,4316,0.9743589743589743,0.8382768601503324,0.0,1.0,5
D,GAT+LSTM_incremental,fri_pm_ddos,4317,0.9473684210526315,0.8294465622574497,0.4722222222222222,1.0,5
D,GAT+LSTM_incremental,fri_pm_ddos,4318,0.918918918918919,0.8224513004448353,0.6470588235294118,1.0,5
D,GAT+LSTM_incremental,fri_pm_ddos,4319,0.918918918918919,0.8254511587989095,0.6666666666666667,1.0,5
D,GAT+LSTM_incremental,fri_pm_ddos,4320,0.918918918918919,0.8254511587989095,0.6666666666666667,1.0,5
D,GAT+LSTM_incremental,fri_pm_ddos,4321,0.918918918918919,0.8254511587989095,0.6666666666666667,1.0,5
D,GAT+LSTM_incremental,fri_pm_ddos,4322,0.918918918918919,0.8254511587989095,0.6666666666666667,1.0,5
D,GAT+LSTM_incremental,fri_pm_ddos,4323,0.918918918918919,0.8254511587989095,0.6666666666666667,1.0,5
D,GAT+LSTM_incremental,fri_pm_ddos,4324,0.918918918918919,0.8254511587989095,0.6666666666666667,1.0,5
D,GAT+LSTM_incremental,fri_pm_ddos,4325,0.918918918918919,0.8254511587989095,0.6666666666666667,1.0,5
D,GAT+LSTM_incremental,fri_pm_ddos,4326,0.918918918918919,0.8695688058577331,0.6862745098039217,1.0,5
D,GAT+LSTM_incremental,fri_pm_ddos,4327,0.8888888888888888,0.8040837124476832,0.578125,1.0,5
D,GAT+LSTM_incremental,fri_pm_ddos,4328,0.8888888888888888,0.8483545457810164,0.609375,1.0,5
D,GAT+LSTM_incremental,fri_pm_ddos,4329,0.8888888888888888,0.8395003791143497,0.59375,1.0,5
D,GAT+LSTM_incremental,fri_pm_ddos,4330,0.8888888888888888,0.8395003791143497,0.59375,1.0,5
D,GAT+LSTM_incremental,fri_pm_ddos,4331,0.8888888888888888,0.8395003791143497,0.59375,1.0,5
D,GAT+LSTM_incremental,fri_pm_ddos,4332,0.8888888888888888,0.8624170457810163,0.625,1.0,5
D,GAT+LSTM_incremental,fri_pm_ddos,4333,0.8888888888888888,0.8395003791143497,0.59375,1.0,5
D,GAT+LSTM_incremental,fri_pm_ddos,4334,0.8888888888888888,0.8395003791143497,0.59375,1.0,5
D,GAT+LSTM_incremental,fri_pm_ddos,4335,0.8888888888888888,0.8395003791143497,0.59375,1.0,5
D,GAT+LSTM_incremental,fri_pm_ddos,4336,0.8571428571428571,0.732645051027404,0.49333333333333335,1.0,5
D,GAT+LSTM_incremental,fri_pm_ddos,4337,0.8571428571428571,0.6644456987800641,0.30666666666666664,1.0,5
D,GAT+LSTM_incremental,fri_pm_ddos,4338,0.8888888888888888,0.672588895237889,0.125,1.0,5
D,GAT+LSTM_incremental,fri_pm_ddos,4339,0.8888888888888888,0.672588895237889,0.125,1.0,5
D,GAT+LSTM_incremental,fri_pm_ddos,4340,0.8888888888888888,0.672588895237889,0.125,1.0,5
D,GAT+LSTM_incremental,fri_pm_ddos,4341,0.8888888888888888,0.7196127047616986,0.1875,1.0,5
D,GAT+LSTM_incremental,fri_pm_ddos,4342,0.8888888888888888,0.7090472285712224,0.15625,1.0,5
D,GAT+LSTM_incremental,fri_pm_ddos,4343,0.8888888888888888,0.7090472285712224,0.15625,1.0,5
D,GAT+LSTM_incremental,fri_pm_ddos,4344,0.8888888888888888,0.7090472285712224,0.15625,1.0,5
D,GAT+LSTM_incremental,fri_pm_ddos,4345,0.8888888888888888,0.7090472285712224,0.15625,1.0,5
D,GAT+LSTM_incremental,fri_pm_ddos,4346,0.8571428571428571,0.6531758575102228,0.27999999999999997,1.0,5
D,GAT+LSTM_incremental,fri_pm_ddos,4347,0.8888888888888888,0.7126496914785421,0.3125,1.0,5
D,GAT+LSTM_incremental,fri_pm_ddos,4348,0.918918918918919,0.7817932704701964,0.37254901960784315,1.0,5
D,GAT+LSTM_incremental,fri_pm_ddos,4349,0.918918918918919,0.7817932704701964,0.37254901960784315,1.0,5
D,GAT+LSTM_incremental,fri_pm_ddos,4350,0.918918918918919,0.7915971920388238,0.3921568627450981,1.0,5
D,GAT+LSTM_incremental,fri_pm_ddos,4351,0.918918918918919,0.7915971920388238,0.3921568627450981,1.0,5
D,GAT+LSTM_incremental,fri_pm_ddos,4352,0.918918918918919,0.7915971920388238,0.3921568627450981,1.0,5
D,GAT+LSTM_incremental,fri_pm_ddos,4353,0.918918918918919,0.7915971920388238,0.3921568627450981,1.0,5
D,GAT+LSTM_incremental,fri_pm_ddos,4354,0.918918918918919,0.8009109175290199,0.411764705882353,1.0,5
D,GAT+LSTM_incremental,fri_pm_ddos,4355,0.918918918918919,0.8009109175290199,0.411764705882353,1.0,5
D,GAT+LSTM_incremental,fri_pm_ddos,4356,0.9473684210526315,0.9131616369812965,0.5833333333333334,1.0,5
D,GAT+LSTM_incremental,fri_pm_ddos,4357,0.9743589743589743,0.9999999999999998,1.0,1.0,5
D,GAT+LSTM_incremental,fri_pm_ddos,4358,0.9743589743589743,0.9999999999999998,1.0,1.0,5
D,GAT+LSTM_incremental,fri_pm_ddos,4359,0.9743589743589743,0.9999999999999998,1.0,1.0,5
D,GAT+LSTM_incremental,fri_pm_ddos,4360,0.9743589743589743,0.9999999999999998,1.0,1.0,5
D,GAT+LSTM_incremental,fri_pm_ddos,4361,0.9743589743589743,0.9999999999999998,1.0,1.0,5
D,GAT+LSTM_incremental,fri_pm_ddos,4362,0.9743589743589743,0.9999999999999998,1.0,1.0,5
D,GAT+LSTM_incremental,fri_pm_ddos,4363,0.9473684210526315,0.8969579332775928,0.5555555555555556,1.0,5
D,GAT+LSTM_incremental,fri_pm_ddos,4364,0.9473684210526315,0.8969579332775928,0.5555555555555556,1.0,5
D,GAT+LSTM_incremental,fri_pm_ddos,4365,0.9473684210526315,0.8969579332775928,0.5555555555555556,1.0,5
D,GAT+LSTM_incremental,fri_pm_ddos,4366,0.9743589743589743,0.8996803689222621,0.10526315789473684,1.0,5
D,GAT+LSTM_incremental,fri_pm_ddos,4367,0.9743589743589743,0.8996803689222621,0.10526315789473684,1.0,5
D,GAT+LSTM_incremental,fri_pm_ddos,4368,0.9743589743589743,0.8996803689222621,0.10526315789473684,1.0,5
D,GAT+LSTM_incremental,fri_pm_ddos,4369,0.9743589743589743,0.8996803689222621,0.10526315789473684,1.0,5
D,GAT+LSTM_incremental,fri_pm_ddos,4370,0.9743589743589743,0.8777505443608586,0.05263157894736842,1.0,5
D,GAT+LSTM_incremental,fri_pm_ddos,4371,0.9473684210526315,0.8211506201057286,0.16666666666666669,1.0,5
D,GAT+LSTM_incremental,fri_pm_ddos,4372,0.9473684210526315,0.8211506201057286,0.16666666666666669,1.0,5
D,GAT+LSTM_incremental,fri_pm_ddos,4373,0.9473684210526315,0.8211506201057286,0.16666666666666669,1.0,5
D,GAT+LSTM_incremental,fri_pm_ddos,4374,0.9473684210526315,0.7724733714284797,0.1111111111111111,1.0,5
D,GAT+LSTM_incremental,fri_pm_ddos,4375,0.9473684210526315,0.7724733714284797,0.1111111111111111,1.0,5
D,GAT+LSTM_incremental,fri_pm_ddos,4376,0.9473684210526315,0.7724733714284797,0.1111111111111111,1.0,5
D,GAT+LSTM_incremental,fri_pm_ddos,4377,0.9473684210526315,0.7724733714284797,0.1111111111111111,1.0,5
D,GAT+LSTM_incremental,fri_pm_ddos,4378,0.9473684210526315,0.7646030010581094,0.08333333333333333,1.0,5
D,GAT+LSTM_incremental,fri_pm_ddos,4379,0.918918918918919,0.7176257747897703,0.17647058823529416,1.0,5
D,GAT+LSTM_incremental,fri_pm_ddos,4380,0.918918918918919,0.7176257747897703,0.17647058823529416,1.0,5
D,GAT+LSTM_incremental,fri_pm_ddos,4381,0.918918918918919,0.7176257747897703,0.17647058823529416,1.0,5
D,GAT+LSTM_incremental,fri_pm_ddos,4382,0.918918918918919,0.7032350184872493,0.13725490196078433,1.0,5
D,GAT+LSTM_incremental,fri_pm_ddos,4383,0.9473684210526315,0.8442987682538767,0.19444444444444445,1.0,5
D,GAT+LSTM_incremental,fri_pm_ddos,4384,0.9473684210526315,0.8372881862432946,0.16666666666666666,1.0,5
D,GAT+LSTM_incremental,fri_pm_ddos,4385,0.9473684210526315,0.8372881862432946,0.16666666666666666,1.0,5
D,GAT+LSTM_incremental,fri_pm_ddos,4386,0.9473684210526315,0.8372881862432946,0.16666666666666666,1.0,5
D,GAT+LSTM_incremental,fri_pm_ddos,4387,0.9473684210526315,0.8062696677247762,0.1111111111111111,1.0,5
D,GAT+LSTM_incremental,fri_pm_ddos,4388,0.918918918918919,0.7982191390632476,0.3921568627450981,1.0,5
D,GAT+LSTM_incremental,fri_pm_ddos,4389,0.918918918918919,0.7982191390632476,0.3921568627450981,1.0,5
D,GAT+LSTM_incremental,fri_pm_ddos,4390,0.918918918918919,0.7889054135730516,0.3725490196078432,1.0,5
D,GAT+LSTM_incremental,fri_pm_ddos,4391,0.9473684210526315,0.8942613770722646,0.5277777777777778,1.0,5
D,GAT+LSTM_incremental,fri_pm_ddos,4392,0.9473684210526315,0.8942613770722646,0.5277777777777778,1.0,5
D,GAT+LSTM_incremental,fri_pm_ddos,4393,0.9473684210526315,0.8942613770722646,0.5277777777777778,1.0,5
D,GAT+LSTM_incremental,fri_pm_ddos,4394,0.9473684210526315,0.8711132289241165,0.5,1.0,5
D,GAT+LSTM_incremental,fri_pm_ddos,4395,0.9473684210526315,0.8294465622574497,0.4722222222222222,1.0,5
D,GAT+LSTM_incremental,fri_pm_ddos,4396,0.918918918918919,0.7300818841612868,0.3137254901960785,1.0,5
D,GAT+LSTM_incremental,fri_pm_ddos,4397,0.918918918918919,0.7300818841612868,0.3137254901960785,1.0,5
D,GAT+LSTM_incremental,fri_pm_ddos,4398,0.918918918918919,0.7300818841612868,0.3137254901960785,1.0,5
D,GAT+LSTM_incremental,fri_pm_ddos,4399,0.9473684210526315,0.8711132289241165,0.5,1.0,5
D,GAT+LSTM_incremental,fri_pm_ddos,4400,0.9473684210526315,0.8738097851294446,0.5277777777777778,1.0,5
D,GAT+LSTM_incremental,fri_pm_ddos,4401,0.9473684210526315,0.8738097851294446,0.5277777777777778,1.0,5
D,GAT+LSTM_incremental,fri_pm_ddos,4402,0.9473684210526315,0.8738097851294446,0.5277777777777778,1.0,5
D,GAT+LSTM_incremental,fri_pm_ddos,4403,0.9473684210526315,0.8738097851294446,0.5277777777777778,1.0,5
D,GAT+LSTM_incremental,fri_pm_ddos,4404,0.9473684210526315,0.8738097851294446,0.5277777777777778,1.0,5
D,GAT+LSTM_incremental,fri_pm_ddos,4405,0.918918918918919,0.8565350319766636,0.607843137254902,1.0,5
D,GAT+LSTM_incremental,fri_pm_ddos,4406,0.918918918918919,0.8527750664519922,0.5882352941176471,1.0,5
D,GAT+LSTM_incremental,fri_pm_ddos,4407,0.918918918918919,0.8527750664519922,0.5882352941176471,1.0,5
D,GAT+LSTM_incremental,fri_pm_ddos,4408,0.9473684210526315,0.8588035535919953,0.3888888888888889,1.0,5
D,GAT+LSTM_incremental,fri_pm_ddos,4409,0.9473684210526315,0.8621435006819425,0.4166666666666667,1.0,5
D,GAT+LSTM_incremental,fri_pm_ddos,4410,0.9473684210526315,0.8621435006819425,0.4166666666666667,1.0,5
D,GAT+LSTM_incremental,fri_pm_ddos,4411,0.9473684210526315,0.8621435006819425,0.4166666666666667,1.0,5
D,GAT+LSTM_incremental,fri_pm_ddos,4412,0.9473684210526315,0.8621435006819425,0.4166666666666667,1.0,5
D,GAT+LSTM_incremental,fri_pm_ddos,4413,0.9473684210526315,0.8588035535919953,0.3888888888888889,1.0,5
D,GAT+LSTM_incremental,fri_pm_ddos,4414,0.918918918918919,0.8412029737346164,0.5098039215686274,1.0,5
D,GAT+LSTM_incremental,fri_pm_ddos,4415,0.918918918918919,0.8339160204917807,0.4705882352941177,1.0,5
D,GAT+LSTM_incremental,fri_pm_ddos,4416,0.9473684210526315,0.9638964545182296,0.6944444444444444,1.0,5
D,GAT+LSTM_incremental,fri_pm_ddos,4417,0.9473684210526315,0.9680173336391087,0.7222222222222222,1.0,5
D,GAT+LSTM_incremental,fri_pm_ddos,4418,0.9473684210526315,0.9680173336391087,0.7222222222222222,1.0,5
D,GAT+LSTM_incremental,fri_pm_ddos,4419,0.9473684210526315,0.9680173336391087,0.7222222222222222,1.0,5
D,GAT+LSTM_incremental,fri_pm_ddos,4420,0.9473684210526315,0.9680173336391087,0.7222222222222222,1.0,5
D,GAT+LSTM_incremental,fri_pm_ddos,4421,0.9473684210526315,0.9680173336391087,0.7222222222222222,1.0,5
D,GAT+LSTM_incremental,fri_pm_ddos,4422,0.918918918918919,0.7938115171519833,0.47058823529411775,1.0,5
D,GAT+LSTM_incremental,fri_pm_ddos,4423,0.8888888888888888,0.7711419047283986,0.53125,1.0,5
D,GAT+LSTM_incremental,fri_pm_ddos,4424,0.8888888888888888,0.7821363866557849,0.578125,1.0,5
D,GAT+LSTM_incremental,fri_pm_ddos,4425,0.918918918918919,0.803952270285816,0.5294117647058824,1.0,5
D,GAT+LSTM_incremental,fri_pm_ddos,4426,0.918918918918919,0.8545619259127726,0.588235294117647,1.0,5
D,GAT+LSTM_incremental,fri_pm_ddos,4427,0.918918918918919,0.8607173266695667,0.6274509803921569,1.0,5
D,GAT+LSTM_incremental,fri_pm_ddos,4428,0.918918918918919,0.8607173266695667,0.6274509803921569,1.0,5
D,GAT+LSTM_incremental,fri_pm_ddos,4429,0.918918918918919,0.8607173266695667,0.6274509803921569,1.0,5
D,GAT+LSTM_incremental,fri_pm_ddos,4430,0.918918918918919,0.8852271305911353,0.6470588235294118,1.0,5
D,GAT+LSTM_incremental,fri_pm_ddos,4431,0.8888888888888888,0.8715512608628901,0.6875,1.0,5
D,GAT+LSTM_incremental,fri_pm_ddos,4432,0.8571428571428571,0.8659026432517145,0.7466666666666667,1.0,5
D,GAT+LSTM_incremental,fri_pm_ddos,4433,0.8571428571428571,0.8632223313608762,0.7333333333333334,1.0,5
D,GAT+LSTM_incremental,fri_pm_ddos,4434,0.8888888888888888,0.8675562974929267,0.671875,1.0,5
D,GAT+LSTM_incremental,fri_pm_ddos,4435,0.8888888888888888,0.8675562974929267,0.671875,1.0,5
D,GAT+LSTM_incremental,fri_pm_ddos,4436,0.8888888888888888,0.8675562974929267,0.671875,1.0,5
D,GAT+LSTM_incremental,fri_pm_ddos,4437,0.8888888888888888,0.8675562974929267,0.671875,1.0,5
D,GAT+LSTM_incremental,fri_pm_ddos,4438,0.8888888888888888,0.8675562974929267,0.671875,1.0,5
D,GAT+LSTM_incremental,fri_pm_ddos,4439,0.8888888888888888,0.8675562974929267,0.671875,1.0,5
D,GAT+LSTM_incremental,fri_pm_ddos,4440,0.8888888888888888,0.8571908154785961,0.625,1.0,5
D,GAT+LSTM_incremental,fri_pm_ddos,4441,0.8571428571428571,0.8496502246463546,0.6933333333333334,1.0,5
D,GAT+LSTM_incremental,fri_pm_ddos,4442,0.8888888888888888,0.9459898915744988,0.78125,1.0,5
D,GAT+LSTM_incremental,fri_pm_ddos,4443,0.918918918918919,0.9524621466071111,0.7450980392156863,1.0,5
D,GAT+LSTM_incremental,fri_pm_ddos,4444,0.918918918918919,0.9524621466071111,0.7450980392156863,1.0,5
D,GAT+LSTM_incremental,fri_pm_ddos,4445,0.918918918918919,0.9524621466071111,0.7450980392156863,1.0,5
D,GAT+LSTM_incremental,fri_pm_ddos,4446,0.918918918918919,0.9524621466071111,0.7450980392156863,1.0,5
D,GAT+LSTM_incremental,fri_pm_ddos,4447,0.918918918918919,0.9524621466071111,0.7450980392156863,1.0,5
D,GAT+LSTM_incremental,fri_pm_ddos,4448,0.918918918918919,0.9524621466071111,0.7450980392156863,1.0,5
D,GAT+LSTM_incremental,fri_pm_ddos,4449,0.8888888888888888,0.9249102921824478,0.703125,1.0,5
D,GAT+LSTM_incremental,fri_pm_ddos,4450,0.8571428571428571,0.9021278956108677,0.6933333333333334,1.0,5
D,GAT+LSTM_incremental,fri_pm_ddos,4451,0.8571428571428571,0.9259656401103769,0.7599999999999999,1.0,5
D,GAT+LSTM_incremental,fri_pm_ddos,4452,0.8571428571428571,0.9335953714901082,0.7866666666666667,1.0,5
D,GAT+LSTM_incremental,fri_pm_ddos,4453,0.8571428571428571,0.9381436010383377,0.8,1.0,5
D,GAT+LSTM_incremental,fri_pm_ddos,4454,0.8571428571428571,0.9381436010383377,0.8,1.0,5
D,GAT+LSTM_incremental,fri_pm_ddos,4455,0.8571428571428571,0.9381436010383377,0.8,1.0,5
D,GAT+LSTM_incremental,fri_pm_ddos,4456,0.8571428571428571,0.9381436010383377,0.8,1.0,5
D,GAT+LSTM_incremental,fri_pm_ddos,4457,0.8571428571428571,0.9381436010383377,0.8,1.0,5
D,GAT+LSTM_incremental,fri_pm_ddos,4458,0.8571428571428571,0.9381436010383377,0.8,1.0,5
D,GAT+LSTM_incremental,fri_pm_ddos,4459,0.8571428571428571,0.9381436010383377,0.8,1.0,5
D,GAT+LSTM_incremental,fri_pm_ddos,4460,0.8235294117647058,0.9311868895515512,0.8095238095238095,1.0,5
D,GAT+LSTM_incremental,fri_pm_ddos,4461,0.8235294117647058,0.9311868895515512,0.8095238095238095,1.0,5
D,GAT+LSTM_incremental,fri_pm_ddos,4462,0.8235294117647058,0.9493790044541923,0.8690476190476193,1.0,5
D,GAT+LSTM_incremental,fri_pm_ddos,4463,0.8235294117647058,0.9735291494220064,0.9404761904761906,1.0,5
D,GAT+LSTM_incremental,fri_pm_ddos,4464,0.8235294117647058,0.9797520931449502,0.9523809523809524,1.0,5
D,GAT+LSTM_incremental,fri_pm_ddos,4465,0.8235294117647058,0.9797520931449502,0.9523809523809524,1.0,5
D,GAT+LSTM_incremental,fri_pm_ddos,4466,0.8235294117647058,0.9797520931449502,0.9523809523809524,1.0,5
D,GAT+LSTM_incremental,fri_pm_ddos,4467,0.8235294117647058,0.9797520931449502,0.9523809523809524,1.0,5
D,GAT+LSTM_incremental,fri_pm_ddos,4468,0.8235294117647058,0.9797520931449502,0.9523809523809524,1.0,5
D,GAT+LSTM_incremental,fri_pm_ddos,4469,0.8235294117647058,0.7967846637489495,0.8214285714285715,1.0,5
D,GAT+LSTM_incremental,fri_pm_ddos,4470,0.8235294117647058,0.6963016704350737,0.6547619047619048,1.0,5
D,GAT+LSTM_incremental,fri_pm_ddos,4471,0.8571428571428571,0.7086315590727356,0.5866666666666667,1.0,5
D,GAT+LSTM_incremental,fri_pm_ddos,4472,0.8888888888888888,0.7198398613984913,0.484375,1.0,5
D,GAT+LSTM_incremental,fri_pm_ddos,4473,0.8571428571428571,0.6398672732496262,0.4,1.0,5
D,GAT+LSTM_incremental,fri_pm_ddos,4474,0.8235294117647058,0.5688580094042279,0.33333333333333337,1.0,5
D,GAT+LSTM_incremental,fri_pm_ddos,4475,0.7878787878787878,0.5532900231995255,0.4285714285714286,1.0,5
D,GAT+LSTM_incremental,fri_pm_ddos,4476,0.75,0.5362847800347801,0.5,1.0,5
D,GAT+LSTM_incremental,fri_pm_ddos,4477,0.7096774193548387,0.5176136994318812,0.5555555555555556,1.0,5
D,GAT+LSTM_incremental,fri_pm_ddos,4478,0.6666666666666666,0.49699411699411694,0.6,1.0,5
D,GAT+LSTM_incremental,fri_pm_ddos,4479,0.6428571428571429,0.4740716074049408,0.6363636363636364,0.9090909090909091,5
D,GAT+LSTM_incremental,fri_pm_ddos,4480,0.6666666666666666,0.4740716074049408,0.6363636363636364,0.8181818181818182,5
D,GAT+LSTM_incremental,fri_pm_ddos,4481,0.6923076923076923,0.4740716074049408,0.6363636363636364,0.7272727272727273,5
D,GAT+LSTM_incremental,fri_pm_ddos,4482,0.6666666666666666,0.4483946608946609,0.6666666666666667,0.6666666666666666,5
D,GAT+LSTM_incremental,fri_pm_ddos,4483,0.6363636363636364,0.41937744794887655,0.6923076923076923,0.6153846153846154,5
D,GAT+LSTM_incremental,fri_pm_ddos,4484,0.6,0.3862433862433863,0.7142857142857143,0.5714285714285714,5
D,GAT+LSTM_incremental,fri_pm_ddos,4485,0.5555555555555556,0.34793650793650793,0.7333333333333334,0.5333333333333333,5
D,GAT+LSTM_incremental,fri_pm_ddos,4486,0.5,0.3029761904761905,0.75,0.5,5
D,GAT+LSTM_incremental,fri_pm_ddos,4487,0.42857142857142855,0.2492063492063492,0.7647058823529411,0.47058823529411764,5
D,GAT+LSTM_incremental,fri_pm_ddos,4488,0.3333333333333333,0.18333333333333335,0.7777777777777778,0.4444444444444444,5
D,GAT+LSTM_incremental,fri_pm_ddos,4489,0.36363636363636365,0.225,0.8333333333333334,0.3888888888888889,5
D,GAT+LSTM_incremental,fri_pm_ddos,4490,0.4,0.29166666666666663,0.8888888888888888,0.3333333333333333,5
D,GAT+LSTM_incremental,fri_pm_ddos,4491,0.25,0.16666666666666666,0.8947368421052632,0.3157894736842105,5
D,GAT+LSTM_incremental,fri_pm_ddos,4492,0.0,0.5,,0.3,5
D,GAT+LSTM_incremental,fri_pm_ddos,4493,0.0,0.5,,0.25,5
D,GAT+LSTM_incremental,fri_pm_ddos,4494,0.0,0.5,,0.2,5
D,GAT+LSTM_incremental,fri_pm_ddos,4495,0.0,0.5,,0.15,5
D,GAT+LSTM_incremental,fri_pm_ddos,4496,0.0,0.5,,0.1,5
D,GAT+LSTM_incremental,fri_pm_ddos,4497,0.0,0.5,,0.05,5
D,GAT+LSTM_incremental,fri_pm_ddos,4498,0.0,0.5,,0.0,5
D,GAT+LSTM_incremental,fri_pm_ddos,4499,0.0,0.5,,0.0,5
D,GAT+LSTM_incremental,fri_pm_ddos,4500,0.0,0.5,,0.0,5
