experiment,model,phase,window_id,day,y_true,y_score,f1,pr_auc,roc_auc,fpr,n
B,RandomForest,1,0,mon,0.0,0.09635250800197817,0.0,0.5,,0.0,1
B,RandomForest,1,1,mon,0.0,0.034731155663365085,0.0,0.5,,0.0,2
B,RandomForest,1,2,mon,0.0,0.08042692333142919,0.0,0.5,,0.0,3
B,RandomForest,1,3,mon,0.0,0.0810744134405198,0.0,0.5,,0.0,4
B,RandomForest,1,4,mon,0.0,0.034955837773684315,0.0,0.5,,0.0,5
B,RandomForest,1,5,mon,0.0,0.25266461492679265,0.0,0.5,,0.0,6
B,RandomForest,1,6,mon,0.0,0.09098185228067628,0.0,0.5,,0.0,7
B,RandomForest,1,7,mon,0.0,0.034731155663365085,0.0,0.5,,0.0,8
B,RandomForest,1,8,mon,0.0,0.1760277251861129,0.0,0.5,,0.0,9
B,RandomForest,1,9,mon,0.0,0.029916130282098528,0.0,0.5,,0.0,10
B,RandomForest,1,10,mon,0.0,0.09060516330569182,0.0,0.5,,0.0,11
B,RandomForest,1,11,mon,0.0,0.16977092915950887,0.0,0.5,,0.0,12
B,RandomForest,1,12,mon,0.0,0.0810744134405198,0.0,0.5,,0.0,13
B,RandomForest,1,13,mon,0.0,0.1149208495769063,0.0,0.5,,0.0,14
B,RandomForest,1,14,mon,0.0,0.029916130282098528,0.0,0.5,,0.0,15
B,RandomForest,1,15,mon,0.0,0.16115726689842344,0.0,0.5,,0.0,16
B,RandomForest,1,16,mon,0.0,0.2510292157750102,0.0,0.5,,0.0,17
B,RandomForest,1,17,mon,0.0,0.24476189808068824,0.0,0.5,,0.0,18
B,RandomForest,1,18,mon,0.0,0.058407202121936806,0.0,0.5,,0.0,19
B,RandomForest,1,19,mon,0.0,0.24627652657024643,0.0,0.5,,0.0,20
B,RandomForest,1,20,mon,0.0,0.25206042177642574,0.0,0.5,,0.0,20
B,RandomForest,1,21,mon,0.0,0.02769911262846181,0.0,0.5,,0.0,20
B,RandomForest,1,22,mon,0.0,0.01,0.0,0.5,,0.0,20
B,RandomForest,1,23,mon,0.0,0.013088156142984773,0.0,0.5,,0.0,20
B,RandomForest,1,24,mon,0.0,0.08137623750857,0.0,0.5,,0.0,20
B,RandomForest,1,25,mon,0.0,0.08675964404091786,0.0,0.5,,0.0,20
B,RandomForest,1,26,mon,0.0,0.03340720212193679,0.0,0.5,,0.0,20
B,RandomForest,1,27,mon,0.0,0.12551929640685336,0.0,0.5,,0.0,20
B,RandomForest,1,28,mon,0.0,0.005,0.0,0.5,,0.0,20
B,RandomForest,1,29,mon,0.0,0.12551929640685336,0.0,0.5,,0.0,20
B,RandomForest,1,30,mon,0.0,0.03491613028209853,0.0,0.5,,0.0,20
B,RandomForest,1,31,mon,0.0,0.02493915341045913,0.0,0.5,,0.0,20
B,RandomForest,1,32,mon,0.0,0.03914595641568446,0.0,0.5,,0.0,20
B,RandomForest,1,33,mon,0.0,0.034731155663365085,0.0,0.5,,0.0,20
B,RandomForest,1,34,mon,0.0,0.13303859989976788,0.0,0.5,,0.0,20
B,RandomForest,1,35,mon,0.0,0.03288275250265534,0.0,0.5,,0.0,20
B,RandomForest,1,36,mon,0.0,0.00979642522542379,0.0,0.5,,0.0,20
B,RandomForest,1,37,mon,0.0,0.0015804294214945155,0.0,0.5,,0.0,20
B,RandomForest,1,38,mon,0.0,0.1583997330986182,0.0,0.5,,0.0,20
B,RandomForest,1,39,mon,0.0,0.03288275250265534,0.0,0.5,,0.0,20
B,RandomForest,1,40,mon,0.0,0.06464739200804799,0.0,0.5,,0.0,20
B,RandomForest,1,41,mon,0.0,0.014766300241828807,0.0,0.5,,0.0,20
B,RandomForest,1,42,mon,0.0,0.03497254775534102,0.0,0.5,,0.0,20
B,RandomForest,1,43,mon,0.0,0.035157868250810013,0.0,0.5,,0.0,20
B,RandomForest,1,44,mon,0.0,0.03841874759358581,0.0,0.5,,0.0,20
B,RandomForest,1,45,mon,0.0,0.10313311597660771,0.0,0.5,,0.0,20
B,RandomForest,1,46,mon,0.0,0.12551929640685336,0.0,0.5,,0.0,20
B,RandomForest,1,47,mon,0.0,0.01,0.0,0.5,,0.0,20
B,RandomForest,1,48,mon,0.0,0.018072263767907028,0.0,0.5,,0.0,20
B,RandomForest,1,49,mon,0.0,0.14047801135965615,0.0,0.5,,0.0,20
B,RandomForest,1,50,mon,0.0,0.01824680126826325,0.0,0.5,,0.0,20
B,RandomForest,1,51,mon,0.0,0.019944419315364805,0.0,0.5,,0.0,20
B,RandomForest,1,52,mon,0.0,0.09832343846661969,0.0,0.5,,0.0,20
B,RandomForest,1,53,mon,0.0,0.12551929640685336,0.0,0.5,,0.0,20
B,RandomForest,1,54,mon,0.0,0.02,0.0,0.5,,0.0,20
B,RandomForest,1,55,mon,0.0,0.027938586537501395,0.0,0.5,,0.0,20
B,RandomForest,1,56,mon,0.0,0.014936572634234592,0.0,0.5,,0.0,20
B,RandomForest,1,57,mon,0.0,0.03288275250265534,0.0,0.5,,0.0,20
B,RandomForest,1,58,mon,0.0,0.017903198945900835,0.0,0.5,,0.0,20
B,RandomForest,1,59,mon,0.0,0.034731155663365085,0.0,0.5,,0.0,20
B,RandomForest,1,60,mon,0.0,0.014969854372508211,0.0,0.5,,0.0,20
B,RandomForest,1,61,mon,0.0,0.022330145235556095,0.0,0.5,,0.0,20
B,RandomForest,1,62,mon,0.0,0.019255681887984197,0.0,0.5,,0.0,20
B,RandomForest,1,63,mon,0.0,0.03288275250265534,0.0,0.5,,0.0,20
B,RandomForest,1,64,mon,0.0,0.12551929640685336,0.0,0.5,,0.0,20
B,RandomForest,1,65,mon,0.0,0.09097159991263445,0.0,0.5,,0.0,20
B,RandomForest,1,66,mon,0.0,0.03973115566336508,0.0,0.5,,0.0,20
B,RandomForest,1,67,mon,0.0,0.02,0.0,0.5,,0.0,20
B,RandomForest,1,68,mon,0.0,0.12551929640685336,0.0,0.5,,0.0,20
B,RandomForest,1,69,mon,0.0,0.1299208495769063,0.0,0.5,,0.0,20
B,RandomForest,1,70,mon,0.0,0.023730714689963173,0.0,0.5,,0.0,20
B,RandomForest,1,71,mon,0.0,0.17585000832408546,0.0,0.5,,0.0,20
B,RandomForest,1,72,mon,0.0,0.024918823664931335,0.0,0.5,,0.0,20
B,RandomForest,1,73,mon,0.0,0.03267878288293401,0.0,0.5,,0.0,20
B,RandomForest,1,74,mon,0.0,0.0547311556633651,0.0,0.5,,0.0,20
B,RandomForest,1,75,mon,0.0,0.0633234384666197,0.0,0.5,,0.0,20
B,RandomForest,1,76,mon,0.0,0.09581029798931824,0.0,0.5,,0.0,20
B,RandomForest,1,77,mon,0.0,0.034731155663365085,0.0,0.5,,0.0,20
B,RandomForest,1,78,mon,0.0,0.024742701135014106,0.0,0.5,,0.0,20
B,RandomForest,1,79,mon,0.0,0.024742701135014106,0.0,0.5,,0.0,20
B,RandomForest,1,80,mon,0.0,0.06973115566336509,0.0,0.5,,0.0,20
B,RandomForest,1,81,mon,0.0,0.01992068025915685,0.0,0.5,,0.0,20
B,RandomForest,1,82,mon,0.0,0.08259290268619329,0.0,0.5,,0.0,20
B,RandomForest,1,83,mon,0.0,0.019442715423452182,0.0,0.5,,0.0,20
B,RandomForest,1,84,mon,0.0,0.023549495008862817,0.0,0.5,,0.0,20
B,RandomForest,1,85,mon,0.0,0.03973115566336508,0.0,0.5,,0.0,20
B,RandomForest,1,86,mon,0.0,0.08675964404091786,0.0,0.5,,0.0,20
B,RandomForest,1,87,mon,0.0,0.16115726689842344,0.0,0.5,,0.0,20
B,RandomForest,1,88,mon,0.0,0.03462791300192993,0.0,0.5,,0.0,20
B,RandomForest,1,89,mon,0.0,0.024941725932531997,0.0,0.5,,0.0,20
B,RandomForest,1,90,mon,0.0,0.03340720212193679,0.0,0.5,,0.0,20
B,RandomForest,1,91,mon,0.0,0.08825979363159622,0.0,0.5,,0.0,20
B,RandomForest,1,92,mon,0.0,0.14047801135965615,0.0,0.5,,0.0,20
B,RandomForest,1,93,mon,0.0,0.08825979363159622,0.0,0.5,,0.0,20
B,RandomForest,1,94,mon,0.0,0.015839707361202854,0.0,0.5,,0.0,20
B,RandomForest,1,95,mon,0.0,0.04473115566336508,0.0,0.5,,0.0,20
B,RandomForest,1,96,mon,0.0,0.02769911262846181,0.0,0.5,,0.0,20
B,RandomForest,1,97,mon,0.0,0.024742701135014106,0.0,0.5,,0.0,20
B,RandomForest,1,98,mon,0.0,0.0810744134405198,0.0,0.5,,0.0,20
B,RandomForest,1,99,mon,0.0,0.08148735290946303,0.0,0.5,,0.0,20
B,RandomForest,1,100,mon,0.0,0.0956230519152974,0.0,0.5,,0.0,20
B,RandomForest,1,101,mon,0.0,0.0633234384666197,0.0,0.5,,0.0,20
B,RandomForest,1,102,mon,0.0,0.044682794410546484,0.0,0.5,,0.0,20
B,RandomForest,1,103,mon,0.0,0.01600029342310829,0.0,0.5,,0.0,20
B,RandomForest,1,104,mon,0.0,0.03462791300192993,0.0,0.5,,0.0,20
B,RandomForest,1,105,mon,0.0,0.06708876749744808,0.0,0.5,,0.0,20
B,RandomForest,1,106,mon,0.0,0.03365604940742383,0.0,0.5,,0.0,20
B,RandomForest,1,107,mon,0.0,0.03340720212193679,0.0,0.5,,0.0,20
B,RandomForest,1,108,mon,0.0,0.09063304189319042,0.0,0.5,,0.0,20
B,RandomForest,1,109,mon,0.0,0.13303859989976788,0.0,0.5,,0.0,20
B,RandomForest,1,110,mon,0.0,0.024402489765976546,0.0,0.5,,0.0,20
B,RandomForest,1,111,mon,0.0,0.08148735290946303,0.0,0.5,,0.0,20
B,RandomForest,1,112,mon,0.0,0.0956230519152974,0.0,0.5,,0.0,20
B,RandomForest,1,113,mon,0.0,0.03288275250265534,0.0,0.5,,0.0,20
B,RandomForest,1,114,mon,0.0,0.034731155663365085,0.0,0.5,,0.0,20
B,RandomForest,1,115,mon,0.0,0.03340720212193679,0.0,0.5,,0.0,20
B,RandomForest,1,116,mon,0.0,0.024952910135709744,0.0,0.5,,0.0,20
B,RandomForest,1,117,mon,0.0,0.17081774909846112,0.0,0.5,,0.0,20
B,RandomForest,1,118,mon,0.0,0.21065671932547414,0.0,0.5,,0.0,20
B,RandomForest,1,119,mon,0.0,0.0684072021219368,0.0,0.5,,0.0,20
B,RandomForest,1,120,mon,0.0,0.0810744134405198,0.0,0.5,,0.0,20
B,RandomForest,1,121,mon,0.0,0.049662464665018696,0.0,0.5,,0.0,20
B,RandomForest,1,122,mon,0.0,0.019984107624922257,0.0,0.5,,0.0,20
B,RandomForest,1,123,mon,0.0,0.023549495008862817,0.0,0.5,,0.0,20
B,RandomForest,1,124,mon,0.0,0.09554399057942016,0.0,0.5,,0.0,20
B,RandomForest,1,125,mon,0.0,0.16977092915950887,0.0,0.5,,0.0,20
B,RandomForest,1,126,mon,0.0,0.06464739200804799,0.0,0.5,,0.0,20
B,RandomForest,1,127,mon,0.0,0.03840720212193679,0.0,0.5,,0.0,20
B,RandomForest,1,128,mon,0.0,0.12551929640685336,0.0,0.5,,0.0,20
B,RandomForest,1,129,mon,0.0,0.08825979363159622,0.0,0.5,,0.0,20
B,RandomForest,1,130,mon,0.0,0.0633234384666197,0.0,0.5,,0.0,20
B,RandomForest,1,131,mon,0.0,0.17081774909846112,0.0,0.5,,0.0,20
B,RandomForest,1,132,mon,0.0,0.044682794410546484,0.0,0.5,,0.0,20
B,RandomForest,1,133,mon,0.0,0.08675964404091786,0.0,0.5,,0.0,20
B,RandomForest,1,134,mon,0.0,0.10475542309848622,0.0,0.5,,0.0,20
B,RandomForest,1,135,mon,0.0,0.07749852391156231,0.0,0.5,,0.0,20
B,RandomForest,1,136,mon,0.0,0.03999545002294168,0.0,0.5,,0.0,20
B,RandomForest,1,137,mon,0.0,0.19893468878484144,0.0,0.5,,0.0,20
B,RandomForest,1,138,mon,0.0,0.08966831249627283,0.0,0.5,,0.0,20
B,RandomForest,1,139,mon,0.0,0.09813583088453676,0.0,0.5,,0.0,20
B,RandomForest,1,140,mon,0.0,0.08560314081975562,0.0,0.5,,0.0,20
B,RandomForest,1,141,mon,0.0,0.08259290268619329,0.0,0.5,,0.0,20
B,RandomForest,1,142,mon,0.0,0.034731155663365085,0.0,0.5,,0.0,20
B,RandomForest,1,143,mon,0.0,0.034731155663365085,0.0,0.5,,0.0,20
B,RandomForest,1,144,mon,0.0,0.06464739200804799,0.0,0.5,,0.0,20
B,RandomForest,1,145,mon,0.0,0.09635250800197817,0.0,0.5,,0.0,20
B,RandomForest,1,146,mon,0.0,0.12551929640685336,0.0,0.5,,0.0,20
B,RandomForest,1,147,mon,0.0,0.2156424398036755,0.0,0.5,,0.0,20
B,RandomForest,1,148,mon,0.0,0.03340720212193679,0.0,0.5,,0.0,20
B,RandomForest,1,149,mon,0.0,0.017903198945900835,0.0,0.5,,0.0,20
B,RandomForest,1,150,mon,0.0,0.08148735290946303,0.0,0.5,,0.0,20
B,RandomForest,1,151,mon,0.0,0.2500956909433098,0.0,0.5,,0.0,20
B,RandomForest,1,152,mon,0.0,0.1966404716985577,0.0,0.5,,0.0,20
B,RandomForest,1,153,mon,0.0,0.3109002114787946,0.0,0.5,,0.0,20
B,RandomForest,1,154,mon,0.0,0.03340720212193679,0.0,0.5,,0.0,20
B,RandomForest,1,155,mon,0.0,0.024952910135709744,0.0,0.5,,0.0,20
B,RandomForest,1,156,mon,0.0,0.1349208495769063,0.0,0.5,,0.0,20
B,RandomForest,1,157,mon,0.0,0.2549612752838559,0.0,0.5,,0.0,20
B,RandomForest,1,158,mon,0.0,0.12551929640685336,0.0,0.5,,0.0,20
B,RandomForest,1,159,mon,0.0,0.05558920703501226,0.0,0.5,,0.0,20
B,RandomForest,1,160,mon,0.0,0.12551929640685336,0.0,0.5,,0.0,20
B,RandomForest,1,161,mon,0.0,0.09948186144826268,0.0,0.5,,0.0,20
B,RandomForest,1,162,mon,0.0,0.0916429156140283,0.0,0.5,,0.0,20
B,RandomForest,1,163,mon,0.0,0.08675964404091786,0.0,0.5,,0.0,20
B,RandomForest,1,164,mon,0.0,0.01824680126826325,0.0,0.5,,0.0,20
B,RandomForest,1,165,mon,0.0,0.024984107624922255,0.0,0.5,,0.0,20
B,RandomForest,1,166,mon,0.0,0.027938586537501395,0.0,0.5,,0.0,20
B,RandomForest,1,167,mon,0.0,0.25155128052940146,0.0,0.5,,0.0,20
B,RandomForest,1,168,mon,0.0,0.2513460832755787,0.0,0.5,,0.0,20
B,RandomForest,1,169,mon,0.0,0.024742701135014106,0.0,0.5,,0.0,20
B,RandomForest,1,170,mon,0.0,0.14551929640685338,0.0,0.5,,0.0,20
B,RandomForest,1,171,mon,0.0,0.07749852391156231,0.0,0.5,,0.0,20
B,RandomForest,1,172,mon,0.0,0.044682794410546484,0.0,0.5,,0.0,20
B,RandomForest,1,173,mon,0.0,0.034731155663365085,0.0,0.5,,0.0,20
B,RandomForest,1,174,mon,0.0,0.02477925557927412,0.0,0.5,,0.0,20
B,RandomForest,1,175,mon,0.0,0.045,0.0,0.5,,0.0,20
B,RandomForest,1,176,mon,0.0,0.023549495008862817,0.0,0.5,,0.0,20
B,RandomForest,1,177,mon,0.0,0.043124710587244784,0.0,0.5,,0.0,20
B,RandomForest,1,178,mon,0.0,0.16115726689842344,0.0,0.5,,0.0,20
B,RandomForest,1,179,mon,0.0,0.16051929640685336,0.0,0.5,,0.0,20
B,RandomForest,1,180,mon,0.0,0.024402489765976546,0.0,0.5,,0.0,20
B,RandomForest,1,181,mon,0.0,0.023549495008862817,0.0,0.5,,0.0,20
B,RandomForest,1,182,mon,0.0,0.03497254775534102,0.0,0.5,,0.0,20
B,RandomForest,1,183,mon,0.0,0.12551929640685336,0.0,0.5,,0.0,20
B,RandomForest,1,184,mon,0.0,0.07749852391156231,0.0,0.5,,0.0,20
B,RandomForest,1,185,mon,0.0,0.023549495008862817,0.0,0.5,,0.0,20
B,RandomForest,1,186,mon,0.0,0.019763030880541908,0.0,0.5,,0.0,20
B,RandomForest,1,187,mon,0.0,0.272475750043183,0.0,0.5,,0.0,20
B,RandomForest,1,188,mon,0.0,0.04999730661716719,0.0,0.5,,0.0,20
B,RandomForest,1,189,mon,0.0,0.08259290268619329,0.0,0.5,,0.0,20
B,RandomForest,1,190,mon,0.0,0.022105610801228515,0.0,0.5,,0.0,20
B,RandomForest,1,191,mon,0.0,0.18648909015828732,0.0,0.5,,0.0,20
B,RandomForest,1,192,mon,0.0,0.13051929640685336,0.0,0.5,,0.0,20
B,RandomForest,1,193,mon,0.0,0.023730714689963173,0.0,0.5,,0.0,20
B,RandomForest,1,194,mon,0.0,0.0810744134405198,0.0,0.5,,0.0,20
B,RandomForest,1,195,mon,0.0,0.13303859989976788,0.0,0.5,,0.0,20
B,RandomForest,1,196,mon,0.0,0.034731155663365085,0.0,0.5,,0.0,20
B,RandomForest,1,197,mon,0.0,0.03340720212193679,0.0,0.5,,0.0,20
B,RandomForest,1,198,mon,0.0,0.09625620407022505,0.0,0.5,,0.0,20
B,RandomForest,1,199,mon,0.0,0.08578340883021422,0.0,0.5,,0.0,20
B,RandomForest,1,200,mon,0.0,0.10060879143898983,0.0,0.5,,0.0,20
B,RandomForest,1,201,mon,0.0,0.08966831249627283,0.0,0.5,,0.0,20
B,RandomForest,1,202,mon,0.0,0.09029112084646662,0.0,0.5,,0.0,20
B,RandomForest,1,203,mon,0.0,0.0798422314875987,0.0,0.5,,0.0,20
B,RandomForest,1,204,mon,0.0,0.13303859989976788,0.0,0.5,,0.0,20
B,RandomForest,1,205,mon,0.0,0.034731155663365085,0.0,0.5,,0.0,20
B,RandomForest,1,206,mon,0.0,0.08560314081975562,0.0,0.5,,0.0,20
B,RandomForest,1,207,mon,0.0,0.01992068025915685,0.0,0.5,,0.0,20
B,RandomForest,1,208,mon,0.0,0.2300349651178221,0.0,0.5,,0.0,20
B,RandomForest,1,209,mon,0.0,0.034731155663365085,0.0,0.5,,0.0,20
B,RandomForest,1,210,mon,0.0,0.034731155663365085,0.0,0.5,,0.0,20
B,RandomForest,1,211,mon,0.0,0.08148735290946303,0.0,0.5,,0.0,20
B,RandomForest,1,212,mon,0.0,0.07749852391156231,0.0,0.5,,0.0,20
B,RandomForest,1,213,mon,0.0,0.03784046914673628,0.0,0.5,,0.0,20
B,RandomForest,1,214,mon,0.0,0.034731155663365085,0.0,0.5,,0.0,20
B,RandomForest,1,215,mon,0.0,0.03340720212193679,0.0,0.5,,0.0,20
B,RandomForest,1,216,mon,0.0,0.03340720212193679,0.0,0.5,,0.0,20
B,RandomForest,1,217,mon,0.0,0.03,0.0,0.5,,0.0,20
B,RandomForest,1,218,mon,0.0,0.0633234384666197,0.0,0.5,,0.0,20
B,RandomForest,1,219,mon,0.0,0.08560314081975562,0.0,0.5,,0.0,20
B,RandomForest,1,220,mon,0.0,0.034731155663365085,0.0,0.5,,0.0,20
B,RandomForest,1,221,mon,0.0,0.07,0.0,0.5,,0.0,20
B,RandomForest,1,222,mon,0.0,0.03340720212193679,0.0,0.5,,0.0,20
B,RandomForest,1,223,mon,0.0,0.0956230519152974,0.0,0.5,,0.0,20
B,RandomForest,1,224,mon,0.0,0.005585069528482577,0.0,0.5,,0.0,20
B,RandomForest,1,225,mon,0.0,0.0633234384666197,0.0,0.5,,0.0,20
B,RandomForest,1,226,mon,0.0,0.0633234384666197,0.0,0.5,,0.0,20
B,RandomForest,1,227,mon,0.0,0.25655128052940146,0.0,0.5,,0.0,20
B,RandomForest,1,228,mon,0.0,0.005,0.0,0.5,,0.0,20
B,RandomForest,1,229,mon,0.0,0.03840720212193679,0.0,0.5,,0.0,20
B,RandomForest,1,230,mon,0.0,0.08148735290946303,0.0,0.5,,0.0,20
B,RandomForest,1,231,mon,0.0,0.08259290268619329,0.0,0.5,,0.0,20
B,RandomForest,1,232,mon,0.0,0.08259290268619329,0.0,0.5,,0.0,20
B,RandomForest,1,233,mon,0.0,0.07974270113501411,0.0,0.5,,0.0,20
B,RandomForest,1,234,mon,0.0,0.0633234384666197,0.0,0.5,,0.0,20
B,RandomForest,1,235,mon,0.0,0.08148735290946303,0.0,0.5,,0.0,20
B,RandomForest,1,236,mon,0.0,0.14799731485257067,0.0,0.5,,0.0,20
B,RandomForest,1,237,mon,0.0,0.009962168284668062,0.0,0.5,,0.0,20
B,RandomForest,1,238,mon,0.0,0.0633234384666197,0.0,0.5,,0.0,20
B,RandomForest,1,239,mon,0.0,0.15299731485257065,0.0,0.5,,0.0,20
B,RandomForest,1,240,mon,0.0,0.17109193484623808,0.0,0.5,,0.0,20
B,RandomForest,1,241,mon,0.0,0.07886374930227434,0.0,0.5,,0.0,20
B,RandomForest,1,242,mon,0.0,0.08148735290946303,0.0,0.5,,0.0,20
B,RandomForest,1,243,mon,0.0,0.0633234384666197,0.0,0.5,,0.0,20
B,RandomForest,1,244,mon,0.0,0.005,0.0,0.5,,0.0,20
B,RandomForest,1,245,mon,0.0,0.08560314081975562,0.0,0.5,,0.0,20
B,RandomForest,1,246,mon,0.0,0.034731155663365085,0.0,0.5,,0.0,20
B,RandomForest,1,247,mon,0.0,0.07749852391156231,0.0,0.5,,0.0,20
B,RandomForest,1,248,mon,0.0,0.06464739200804799,0.0,0.5,,0.0,20
B,RandomForest,1,249,mon,0.0,0.07749852391156231,0.0,0.5,,0.0,20
B,RandomForest,1,250,mon,0.0,0.06464739200804799,0.0,0.5,,0.0,20
B,RandomForest,1,251,mon,0.0,0.08560314081975562,0.0,0.5,,0.0,20
B,RandomForest,1,252,mon,0.0,0.08893862531014879,0.0,0.5,,0.0,20
B,RandomForest,1,253,mon,0.0,0.06708876749744808,0.0,0.5,,0.0,20
B,RandomForest,1,254,mon,0.0,0.06464739200804799,0.0,0.5,,0.0,20
B,RandomForest,1,255,mon,0.0,0.06708876749744808,0.0,0.5,,0.0,20
B,RandomForest,1,256,mon,0.0,0.191435274444735,0.0,0.5,,0.0,20
B,RandomForest,1,257,mon,0.0,0.0633234384666197,0.0,0.5,,0.0,20
B,RandomForest,1,258,mon,0.0,0.08675964404091786,0.0,0.5,,0.0,20
B,RandomForest,1,259,mon,0.0,0.08675964404091786,0.0,0.5,,0.0,20
B,RandomForest,1,260,mon,0.0,0.0810744134405198,0.0,0.5,,0.0,20
B,RandomForest,1,261,mon,0.0,0.06708876749744808,0.0,0.5,,0.0,20
B,RandomForest,1,262,mon,0.0,0.08148735290946303,0.0,0.5,,0.0,20
B,RandomForest,1,263,mon,0.0,0.06464739200804799,0.0,0.5,,0.0,20
B,RandomForest,1,264,mon,0.0,0.08560314081975562,0.0,0.5,,0.0,20
B,RandomForest,1,265,mon,0.0,0.06464739200804799,0.0,0.5,,0.0,20
B,RandomForest,1,266,mon,0.0,0.07886374930227434,0.0,0.5,,0.0,20
B,RandomForest,1,267,mon,0.0,0.0633234384666197,0.0,0.5,,0.0,20
B,RandomForest,1,268,mon,0.0,0.08560314081975562,0.0,0.5,,0.0,20
B,RandomForest,1,269,mon,0.0,0.0810744134405198,0.0,0.5,,0.0,20
B,RandomForest,1,270,mon,0.0,0.09060516330569182,0.0,0.5,,0.0,20
B,RandomForest,1,271,mon,0.0,0.01992068025915685,0.0,0.5,,0.0,20
B,RandomForest,1,272,mon,0.0,0.0956230519152974,0.0,0.5,,0.0,20
B,RandomForest,1,273,mon,0.0,0.10822719509681544,0.0,0.5,,0.0,20
B,RandomForest,1,274,mon,0.0,0.06464739200804799,0.0,0.5,,0.0,20
B,RandomForest,1,275,mon,0.0,0.196435274444735,0.0,0.5,,0.0,20
B,RandomForest,1,276,mon,0.0,0.16977092915950887,0.0,0.5,,0.0,20
B,RandomForest,1,277,mon,0.0,0.06464739200804799,0.0,0.5,,0.0,20
B,RandomForest,1,278,mon,0.0,0.0810744134405198,0.0,0.5,,0.0,20
B,RandomForest,1,279,mon,0.0,0.044682794410546484,0.0,0.5,,0.0,20
B,RandomForest,1,280,mon,0.0,0.08118908870382398,0.0,0.5,,0.0,20
B,RandomForest,1,281,mon,0.0,0.09554399057942016,0.0,0.5,,0.0,20
B,RandomForest,1,282,mon,0.0,0.03840720212193679,0.0,0.5,,0.0,20
B,RandomForest,1,283,mon,0.0,0.00810881821216704,0.0,0.5,,0.0,20
B,RandomForest,1,284,mon,0.0,0.0810744134405198,0.0,0.5,,0.0,20
B,RandomForest,1,285,mon,0.0,0.03340720212193679,0.0,0.5,,0.0,20
B,RandomForest,1,286,mon,0.0,0.09813583088453676,0.0,0.5,,0.0,20
B,RandomForest,1,287,mon,0.0,0.08259290268619329,0.0,0.5,,0.0,20
B,RandomForest,1,288,mon,0.0,0.06708876749744808,0.0,0.5,,0.0,20
B,RandomForest,1,289,mon,0.0,0.08148735290946303,0.0,0.5,,0.0,20
B,RandomForest,1,290,mon,0.0,0.09581029798931824,0.0,0.5,,0.0,20
B,RandomForest,1,291,mon,0.0,0.01477925557927412,0.0,0.5,,0.0,20
B,RandomForest,1,292,mon,0.0,0.06708876749744808,0.0,0.5,,0.0,20
B,RandomForest,1,293,mon,0.0,0.08560314081975562,0.0,0.5,,0.0,20
B,RandomForest,1,294,mon,0.0,0.06708876749744808,0.0,0.5,,0.0,20
B,RandomForest,1,295,mon,0.0,0.09060516330569182,0.0,0.5,,0.0,20
B,RandomForest,1,296,mon,0.0,0.06708876749744808,0.0,0.5,,0.0,20
B,RandomForest,1,297,mon,0.0,0.09029112084646662,0.0,0.5,,0.0,20
B,RandomForest,1,298,mon,0.0,0.07886374930227434,0.0,0.5,,0.0,20
B,RandomForest,1,299,mon,0.0,0.08118908870382398,0.0,0.5,,0.0,20
B,RandomForest,1,300,mon,0.0,0.04467701174246845,0.0,0.5,,0.0,20
B,RandomForest,1,301,mon,0.0,0.07017629761249884,0.0,0.5,,0.0,20
B,RandomForest,1,302,mon,0.0,0.10456165278188027,0.0,0.5,,0.0,20
B,RandomForest,1,303,mon,0.0,0.09554399057942016,0.0,0.5,,0.0,20
B,RandomForest,1,304,mon,0.0,0.03340720212193679,0.0,0.5,,0.0,20
B,RandomForest,1,305,mon,0.0,0.03340720212193679,0.0,0.5,,0.0,20
B,RandomForest,1,306,mon,0.0,0.07749852391156231,0.0,0.5,,0.0,20
B,RandomForest,1,307,mon,0.0,0.01824680126826325,0.0,0.5,,0.0,20
B,RandomForest,1,308,mon,0.0,0.0956230519152974,0.0,0.5,,0.0,20
B,RandomForest,1,309,mon,0.0,0.029916130282098528,0.0,0.5,,0.0,20
B,RandomForest,1,310,mon,0.0,0.08825979363159622,0.0,0.5,,0.0,20
B,RandomForest,1,311,mon,0.0,0.06464739200804799,0.0,0.5,,0.0,20
B,RandomForest,1,312,mon,0.0,0.014766300241828807,0.0,0.5,,0.0,20
B,RandomForest,1,313,mon,0.0,0.01992068025915685,0.0,0.5,,0.0,20
B,RandomForest,1,314,mon,0.0,0.028182716886007417,0.0,0.5,,0.0,20
B,RandomForest,1,315,mon,0.0,0.01992068025915685,0.0,0.5,,0.0,20
B,RandomForest,1,316,mon,0.0,0.034731155663365085,0.0,0.5,,0.0,20
B,RandomForest,1,317,mon,0.0,0.06708876749744808,0.0,0.5,,0.0,20
B,RandomForest,1,318,mon,0.0,0.005,0.0,0.5,,0.0,20
B,RandomForest,1,319,mon,0.0,0.06708876749744808,0.0,0.5,,0.0,20
B,RandomForest,1,320,mon,0.0,0.07749852391156231,0.0,0.5,,0.0,20
B,RandomForest,1,321,mon,0.0,0.009962168284668062,0.0,0.5,,0.0,20
B,RandomForest,1,322,mon,0.0,0.017903198945900835,0.0,0.5,,0.0,20
B,RandomForest,1,323,mon,0.0,0.017903198945900835,0.0,0.5,,0.0,20
B,RandomForest,1,324,mon,0.0,0.01992068025915685,0.0,0.5,,0.0,20
B,RandomForest,1,325,mon,0.0,0.08825979363159622,0.0,0.5,,0.0,20
B,RandomForest,1,326,mon,0.0,0.10060879143898983,0.0,0.5,,0.0,20
B,RandomForest,1,327,mon,0.0,0.09375286931872909,0.0,0.5,,0.0,20
B,RandomForest,1,328,mon,0.0,0.12834468225866574,0.0,0.5,,0.0,20
B,RandomForest,1,329,mon,0.0,0.092028161136252,0.0,0.5,,0.0,20
B,RandomForest,1,330,mon,0.0,0.1259720650098981,0.0,0.5,,0.0,20
B,RandomForest,1,331,mon,0.0,0.09524289454810658,0.0,0.5,,0.0,20
B,RandomForest,1,332,mon,0.0,0.10129372510649062,0.0,0.5,,0.0,20
B,RandomForest,1,333,mon,0.0,0.10243791755036623,0.0,0.5,,0.0,20
B,RandomForest,1,334,mon,0.0,0.0914525993389721,0.0,0.5,,0.0,20
B,RandomForest,1,335,mon,0.0,0.13130021215793883,0.0,0.5,,0.0,20
B,RandomForest,1,336,mon,0.0,0.10243791755036623,0.0,0.5,,0.0,20
B,RandomForest,1,337,mon,0.0,0.0956230519152974,0.0,0.5,,0.0,20
B,RandomForest,1,338,mon,0.0,0.10243791755036623,0.0,0.5,,0.0,20
B,RandomForest,1,339,mon,0.0,0.0835694037871912,0.0,0.5,,0.0,20
B,RandomForest,1,340,mon,0.0,0.09074241901227807,0.0,0.5,,0.0,20
B,RandomForest,1,341,mon,0.0,0.12031132801445038,0.0,0.5,,0.0,20
B,RandomForest,1,342,mon,0.0,0.10243791755036623,0.0,0.5,,0.0,20
B,RandomForest,1,343,mon,0.0,0.12443086506428648,0.0,0.5,,0.0,20
B,RandomForest,1,344,mon,0.0,0.10742309420719864,0.0,0.5,,0.0,20
B,RandomForest,1,345,mon,0.0,0.13108420417876282,0.0,0.5,,0.0,20
B,RandomForest,1,346,mon,0.0,0.08966522865886879,0.0,0.5,,0.0,20
B,RandomForest,1,347,mon,0.0,0.13073158354959044,0.0,0.5,,0.0,20
B,RandomForest,1,348,mon,0.0,0.12834468225866574,0.0,0.5,,0.0,20
B,RandomForest,1,349,mon,0.0,0.09763044142668757,0.0,0.5,,0.0,20
B,RandomForest,1,350,mon,0.0,0.10627890176332304,0.0,0.5,,0.0,20
B,RandomForest,1,351,mon,0.0,0.10749749867091554,0.0,0.5,,0.0,20
B,RandomForest,1,352,mon,0.0,0.10394834352090579,0.0,0.5,,0.0,20
B,RandomForest,1,353,mon,0.0,0.12834468225866574,0.0,0.5,,0.0,20
B,RandomForest,1,354,mon,0.0,0.09252574189483666,0.0,0.5,,0.0,20
B,RandomForest,1,355,mon,0.0,0.1338001168546001,0.0,0.5,,0.0,20
B,RandomForest,1,356,mon,0.0,0.10137754558127994,0.0,0.5,,0.0,20
B,RandomForest,1,357,mon,0.0,0.092028161136252,0.0,0.5,,0.0,20
B,RandomForest,1,358,mon,0.0,0.11751740976645729,0.0,0.5,,0.0,20
B,RandomForest,1,359,mon,0.0,0.092028161136252,0.0,0.5,,0.0,20
B,RandomForest,1,360,mon,0.0,0.14313267237036478,0.0,0.5,,0.0,20
B,RandomForest,1,361,mon,0.0,0.13316544206889888,0.0,0.5,,0.0,20
B,RandomForest,1,362,mon,0.0,0.10243791755036623,0.0,0.5,,0.0,20
B,RandomForest,1,363,mon,0.0,0.12443086506428648,0.0,0.5,,0.0,20
B,RandomForest,1,364,mon,0.0,0.12467817585952275,0.0,0.5,,0.0,20
B,RandomForest,1,365,mon,0.0,0.09939288176272221,0.0,0.5,,0.0,20
B,RandomForest,1,366,mon,0.0,0.10394834352090579,0.0,0.5,,0.0,20
B,RandomForest,1,367,mon,0.0,0.10782334567105528,0.0,0.5,,0.0,20
B,RandomForest,1,368,mon,0.0,0.10069767426619634,0.0,0.5,,0.0,20
B,RandomForest,1,369,mon,0.0,0.1344495953906058,0.0,0.5,,0.0,20
B,RandomForest,1,370,mon,0.0,0.13073158354959044,0.0,0.5,,0.0,20
B,RandomForest,1,371,mon,0.0,0.09074241901227807,0.0,0.5,,0.0,20
B,RandomForest,1,372,mon,0.0,0.09859682293141471,0.0,0.5,,0.0,20
B,RandomForest,1,373,mon,0.0,0.1524050824616561,0.0,0.5,,0.0,20
B,RandomForest,1,374,mon,0.0,0.11751740976645729,0.0,0.5,,0.0,20
B,RandomForest,1,375,mon,0.0,0.13589205555971479,0.0,0.5,,0.0,20
B,RandomForest,1,376,mon,0.0,0.13898917957667567,0.0,0.5,,0.0,20
B,RandomForest,1,377,mon,0.0,0.0914525993389721,0.0,0.5,,0.0,20
B,RandomForest,1,378,mon,0.0,0.10448726053735319,0.0,0.5,,0.0,20
B,RandomForest,1,379,mon,0.0,0.09443090658863788,0.0,0.5,,0.0,20
B,RandomForest,1,380,mon,0.0,0.13130021215793883,0.0,0.5,,0.0,20
B,RandomForest,1,381,mon,0.0,0.09499870244928971,0.0,0.5,,0.0,20
B,RandomForest,1,382,mon,0.0,0.09443090658863788,0.0,0.5,,0.0,20
B,RandomForest,1,383,mon,0.0,0.09761851048825312,0.0,0.5,,0.0,20
B,RandomForest,1,384,mon,0.0,0.12391405095280868,0.0,0.5,,0.0,20
B,RandomForest,1,385,mon,0.0,0.13316544206889888,0.0,0.5,,0.0,20
B,RandomForest,1,386,mon,0.0,0.0956230519152974,0.0,0.5,,0.0,20
B,RandomForest,1,387,mon,0.0,0.15297287832230796,0.0,0.5,,0.0,20
B,RandomForest,1,388,mon,0.0,0.10122337491409258,0.0,0.5,,0.0,20
B,RandomForest,1,389,mon,0.0,0.10129372510649062,0.0,0.5,,0.0,20
B,RandomForest,1,390,mon,0.0,0.09907875695694698,0.0,0.5,,0.0,20
B,RandomForest,1,391,mon,0.0,0.10179117077474441,0.0,0.5,,0.0,20
B,RandomForest,1,392,mon,0.0,0.11874244452724653,0.0,0.5,,0.0,20
B,RandomForest,1,393,mon,0.0,0.0907109944216685,0.0,0.5,,0.0,20
B,RandomForest,1,394,mon,0.0,0.0914525993389721,0.0,0.5,,0.0,20
B,RandomForest,1,395,mon,0.0,0.09761851048825312,0.0,0.5,,0.0,20
B,RandomForest,1,396,mon,0.0,0.0956230519152974,0.0,0.5,,0.0,20
B,RandomForest,1,397,mon,0.0,0.10782334567105528,0.0,0.5,,0.0,20
B,RandomForest,1,398,mon,0.0,0.10394834352090579,0.0,0.5,,0.0,20
B,RandomForest,1,399,mon,0.0,0.09761851048825312,0.0,0.5,,0.0,20
B,RandomForest,1,400,mon,0.0,0.09363926549437693,0.0,0.5,,0.0,20
B,RandomForest,1,401,mon,0.0,0.09443090658863788,0.0,0.5,,0.0,20
B,RandomForest,1,402,mon,0.0,0.095,0.0,0.5,,0.0,20
B,RandomForest,1,403,mon,0.0,0.10060879143898983,0.0,0.5,,0.0,20
B,RandomForest,1,404,mon,0.0,0.13130021215793883,0.0,0.5,,0.0,20
B,RandomForest,1,405,mon,0.0,0.0914525993389721,0.0,0.5,,0.0,20
B,RandomForest,1,406,mon,0.0,0.12250314929014974,0.0,0.5,,0.0,20
B,RandomForest,1,407,mon,0.0,0.08167881490952059,0.0,0.5,,0.0,20
B,RandomForest,1,408,mon,0.0,0.10338171076062293,0.0,0.5,,0.0,20
B,RandomForest,1,409,mon,0.0,0.09363926549437693,0.0,0.5,,0.0,20
B,RandomForest,1,410,mon,0.0,0.1351897448036843,0.0,0.5,,0.0,20
B,RandomForest,1,411,mon,0.0,0.10129372510649062,0.0,0.5,,0.0,20
B,RandomForest,1,412,mon,0.0,0.09074241901227807,0.0,0.5,,0.0,20
B,RandomForest,1,413,mon,0.0,0.09813583088453676,0.0,0.5,,0.0,20
B,RandomForest,1,414,mon,0.0,0.10179117077474441,0.0,0.5,,0.0,20
B,RandomForest,1,415,mon,0.0,0.09252574189483666,0.0,0.5,,0.0,20
B,RandomForest,1,416,mon,0.0,0.12391405095280868,0.0,0.5,,0.0,20
B,RandomForest,1,417,mon,0.0,0.13130021215793883,0.0,0.5,,0.0,20
B,RandomForest,1,418,mon,0.0,0.12853698539248803,0.0,0.5,,0.0,20
B,RandomForest,1,419,mon,0.0,0.10749749867091554,0.0,0.5,,0.0,20
B,RandomForest,1,420,mon,0.0,0.10004099557833797,0.0,0.5,,0.0,20
B,RandomForest,1,421,mon,0.0,0.0938717724585626,0.0,0.5,,0.0,20
B,RandomForest,1,422,mon,0.0,0.13108420417876282,0.0,0.5,,0.0,20
B,RandomForest,1,423,mon,0.0,0.10693394014643191,0.0,0.5,,0.0,20
B,RandomForest,1,424,mon,0.0,0.08802917650467683,0.0,0.5,,0.0,20
B,RandomForest,1,425,mon,0.0,0.0914525993389721,0.0,0.5,,0.0,20
B,RandomForest,1,426,mon,0.0,0.1471639620167517,0.0,0.5,,0.0,20
B,RandomForest,1,427,mon,0.0,0.09363926549437693,0.0,0.5,,0.0,20
B,RandomForest,1,428,mon,0.0,0.140539191735458,0.0,0.5,,0.0,20
B,RandomForest,1,429,mon,0.0,0.12784561024640573,0.0,0.5,,0.0,20
B,RandomForest,1,430,mon,0.0,0.09064611508052493,0.0,0.5,,0.0,20
B,RandomForest,1,431,mon,0.0,0.11769438943860226,0.0,0.5,,0.0,20
B,RandomForest,1,432,mon,0.0,0.13814749571353235,0.0,0.5,,0.0,20
B,RandomForest,1,433,mon,0.0,0.09443090658863788,0.0,0.5,,0.0,20
B,RandomForest,1,434,mon,0.0,0.15297287832230796,0.0,0.5,,0.0,20
B,RandomForest,1,435,mon,0.0,0.09001296292559731,0.0,0.5,,0.0,20
B,RandomForest,1,436,mon,0.0,0.09581029798931824,0.0,0.5,,0.0,20
B,RandomForest,1,437,mon,0.0,0.13073158354959044,0.0,0.5,,0.0,20
B,RandomForest,1,438,mon,0.0,0.12467817585952275,0.0,0.5,,0.0,20
B,RandomForest,1,439,mon,0.0,0.09443090658863788,0.0,0.5,,0.0,20
B,RandomForest,1,440,mon,0.0,0.10552742194149412,0.0,0.5,,0.0,20
B,RandomForest,1,441,mon,0.0,0.11553362334553682,0.0,0.5,,0.0,20
B,RandomForest,1,442,mon,0.0,0.09020020899961816,0.0,0.5,,0.0,20
B,RandomForest,1,443,mon,0.0,0.12686713331858254,0.0,0.5,,0.0,20
B,RandomForest,1,444,mon,0.0,0.09939288176272221,0.0,0.5,,0.0,20
B,RandomForest,1,445,mon,0.0,0.10763676891448241,0.0,0.5,,0.0,20
B,RandomForest,1,446,mon,0.0,0.10141163403120153,0.0,0.5,,0.0,20
B,RandomForest,1,447,mon,0.0,0.11564722716988898,0.0,0.5,,0.0,20
B,RandomForest,1,448,mon,0.0,0.11320971996848021,0.0,0.5,,0.0,20
B,RandomForest,1,449,mon,0.0,0.08802917650467683,0.0,0.5,,0.0,20
B,RandomForest,1,450,mon,0.0,0.10236994791966644,0.0,0.5,,0.0,20
B,RandomForest,1,451,mon,0.0,0.12784561024640573,0.0,0.5,,0.0,20
B,RandomForest,1,452,mon,0.0,0.12834468225866574,0.0,0.5,,0.0,20
B,RandomForest,1,453,mon,0.0,0.11161133708451004,0.0,0.5,,0.0,20
B,RandomForest,1,454,mon,0.0,0.09252574189483666,0.0,0.5,,0.0,20
B,RandomForest,1,455,mon,0.0,0.10763676891448241,0.0,0.5,,0.0,20
B,RandomForest,1,456,mon,0.0,0.1351897448036843,0.0,0.5,,0.0,20
B,RandomForest,1,457,mon,0.0,0.12834468225866574,0.0,0.5,,0.0,20
B,RandomForest,1,458,mon,0.0,0.10141163403120153,0.0,0.5,,0.0,20
B,RandomForest,1,459,mon,0.0,0.10141163403120153,0.0,0.5,,0.0,20
B,RandomForest,1,460,mon,0.0,0.11769438943860226,0.0,0.5,,0.0,20
B,RandomForest,1,461,mon,0.0,0.1338001168546001,0.0,0.5,,0.0,20
B,RandomForest,1,462,mon,0.0,0.4630621142075406,0.0,0.5,,0.0,20
B,RandomForest,1,463,mon,0.0,0.10243791755036623,0.0,0.5,,0.0,20
B,RandomForest,1,464,mon,0.0,0.1521889131463861,0.0,0.5,,0.0,20
B,RandomForest,1,465,mon,0.0,0.07557899971412388,0.0,0.5,,0.0,20
B,RandomForest,1,466,mon,0.0,0.13130021215793883,0.0,0.5,,0.0,20
B,RandomForest,1,467,mon,0.0,0.10080677389051154,0.0,0.5,,0.0,20
B,RandomForest,1,468,mon,0.0,0.12784561024640573,0.0,0.5,,0.0,20
B,RandomForest,1,469,mon,0.0,0.12834468225866574,0.0,0.5,,0.0,20
B,RandomForest,1,470,mon,0.0,0.11320971996848021,0.0,0.5,,0.0,20
B,RandomForest,1,471,mon,0.0,0.1029687712916797,0.0,0.5,,0.0,20
B,RandomForest,1,472,mon,0.0,0.13130021215793883,0.0,0.5,,0.0,20
B,RandomForest,1,473,mon,0.0,0.13073158354959044,0.0,0.5,,0.0,20
B,RandomForest,1,474,mon,0.0,0.09907875695694698,0.0,0.5,,0.0,20
B,RandomForest,1,475,mon,0.0,0.10179117077474441,0.0,0.5,,0.0,20
B,RandomForest,1,476,mon,0.0,0.09443090658863788,0.0,0.5,,0.0,20
B,RandomForest,1,477,mon,0.0,0.1417294582605225,0.0,0.5,,0.0,20
B,RandomForest,1,478,mon,0.0,0.10069767426619634,0.0,0.5,,0.0,20
B,RandomForest,1,479,mon,0.0,0.10749749867091554,0.0,0.5,,0.0,20
B,RandomForest,1,480,mon,0.0,0.09625620407022505,0.0,0.5,,0.0,20
B,RandomForest,1,481,mon,0.0,0.09907875695694698,0.0,0.5,,0.0,20
B,RandomForest,1,482,mon,0.0,0.0956230519152974,0.0,0.5,,0.0,20
B,RandomForest,1,483,mon,0.0,0.11874244452724653,0.0,0.5,,0.0,20
B,RandomForest,1,484,mon,0.0,0.140539191735458,0.0,0.5,,0.0,20
B,RandomForest,1,485,mon,0.0,0.13888269318513988,0.0,0.5,,0.0,20
B,RandomForest,1,486,mon,0.0,0.10865400189207777,0.0,0.5,,0.0,20
B,RandomForest,1,487,mon,0.0,0.12031132801445038,0.0,0.5,,0.0,20
B,RandomForest,1,488,mon,0.0,0.09064611508052493,0.0,0.5,,0.0,20
B,RandomForest,1,489,mon,0.0,0.09247588021245547,0.0,0.5,,0.0,20
B,RandomForest,1,490,mon,0.0,0.11088164989838599,0.0,0.5,,0.0,20
B,RandomForest,1,491,mon,0.0,0.092028161136252,0.0,0.5,,0.0,20
B,RandomForest,1,492,mon,0.0,0.10394834352090579,0.0,0.5,,0.0,20
B,RandomForest,1,493,mon,0.0,0.09443090658863788,0.0,0.5,,0.0,20
B,RandomForest,1,494,mon,0.0,0.09252574189483666,0.0,0.5,,0.0,20
B,RandomForest,1,495,mon,0.0,0.0963210834113686,0.0,0.5,,0.0,20
B,RandomForest,1,496,mon,0.0,0.10069767426619634,0.0,0.5,,0.0,20
B,RandomForest,1,497,mon,0.0,0.09635250800197817,0.0,0.5,,0.0,20
B,RandomForest,1,498,mon,0.0,0.13073158354959044,0.0,0.5,,0.0,20
B,RandomForest,1,499,mon,0.0,0.10763676891448241,0.0,0.5,,0.0,20
B,RandomForest,1,500,mon,0.0,0.09907875695694698,0.0,0.5,,0.0,20
B,RandomForest,1,501,mon,0.0,0.09001296292559731,0.0,0.5,,0.0,20
B,RandomForest,1,502,mon,0.0,0.10129372510649062,0.0,0.5,,0.0,20
B,RandomForest,2,611,tue,0.0,0.13303859989976788,0.0,0.5,,0.0,20
B,RandomForest,2,612,tue,0.0,0.03340720212193679,0.0,0.5,,0.0,20
B,RandomForest,2,613,tue,0.0,0.13303859989976788,0.0,0.5,,0.0,20
B,RandomForest,2,614,tue,0.0,0.034731155663365085,0.0,0.5,,0.0,20
B,RandomForest,2,615,tue,0.0,0.014775418767193727,0.0,0.5,,0.0,20
B,RandomForest,2,616,tue,0.0,0.0633234384666197,0.0,0.5,,0.0,20
B,RandomForest,2,617,tue,0.0,0.07815202598744288,0.0,0.5,,0.0,20
B,RandomForest,2,618,tue,0.0,0.124698379835459,0.0,0.5,,0.0,20
B,RandomForest,2,619,tue,0.0,0.034731155663365085,0.0,0.5,,0.0,20
B,RandomForest,2,620,tue,0.0,0.08259290268619329,0.0,0.5,,0.0,20
B,RandomForest,2,621,tue,0.0,0.027701126471277898,0.0,0.5,,0.0,20
B,RandomForest,2,622,tue,1.0,0.9998446077007658,1.0,1.0,1.0,0.0,20
B,RandomForest,2,623,tue,1.0,0.9998446077007658,1.0,1.0,1.0,0.0,20
B,RandomForest,2,624,tue,1.0,0.9998446077007658,1.0,1.0,1.0,0.0,20
B,RandomForest,2,625,tue,1.0,0.9998446077007658,1.0,1.0,1.0,0.0,20
B,RandomForest,2,626,tue,1.0,0.9998446077007658,1.0,1.0,1.0,0.0,20
B,RandomForest,2,627,tue,1.0,0.9998446077007658,1.0,1.0,0.9999999999999999,0.0,20
B,RandomForest,2,628,tue,1.0,0.9998446077007658,1.0,1.0,1.0,0.0,20
B,RandomForest,2,629,tue,1.0,0.9998481367778089,1.0,1.0,1.0,0.0,20
B,RandomForest,2,630,tue,1.0,0.9998446077007658,1.0,1.0,1.0,0.0,20
B,RandomForest,2,631,tue,1.0,0.9998446077007658,1.0,1.0,1.0,0.0,20
B,RandomForest,2,632,tue,1.0,0.9998446077007658,1.0,1.0,1.0,0.0,20
B,RandomForest,2,633,tue,1.0,0.9998446077007658,1.0,1.0,1.0,0.0,20
B,RandomForest,2,634,tue,1.0,0.9998446077007658,1.0,1.0,1.0,0.0,20
B,RandomForest,2,635,tue,1.0,0.9998481367778089,1.0,1.0,1.0,0.0,20
B,RandomForest,2,636,tue,1.0,0.9998446077007658,1.0,1.0,1.0,0.0,20
B,RandomForest,2,637,tue,1.0,0.9998446077007658,1.0,1.0,1.0,0.0,20
B,RandomForest,2,638,tue,1.0,0.9998481367778089,1.0,1.0,1.0,0.0,20
B,RandomForest,2,639,tue,1.0,0.9998481367778089,1.0,1.0,1.0,0.0,20
B,RandomForest,2,640,tue,1.0,0.9998446077007658,1.0,1.0,1.0,0.0,20
B,RandomForest,2,641,tue,1.0,0.9998446077007658,1.0,1.0,,0.0,20
B,RandomForest,2,642,tue,1.0,0.9998446077007658,1.0,1.0,,0.0,20
B,RandomForest,2,643,tue,1.0,0.9998446077007658,1.0,1.0,,0.0,20
B,RandomForest,2,644,tue,1.0,0.9998446077007658,1.0,1.0,,0.0,20
B,RandomForest,2,645,tue,1.0,0.9998446077007658,1.0,1.0,,0.0,20
B,RandomForest,2,646,tue,1.0,0.9998446077007658,1.0,1.0,,0.0,20
B,RandomForest,2,647,tue,1.0,0.9998446077007658,1.0,1.0,,0.0,20
B,RandomForest,2,648,tue,1.0,0.9998446077007658,1.0,1.0,,0.0,20
B,RandomForest,2,649,tue,1.0,0.9998446077007658,1.0,1.0,,0.0,20
B,RandomForest,2,650,tue,1.0,0.9998446077007658,1.0,1.0,,0.0,20
B,RandomForest,2,651,tue,1.0,0.9998446077007658,1.0,1.0,,0.0,20
B,RandomForest,2,652,tue,1.0,0.9998446077007658,1.0,1.0,,0.0,20
B,RandomForest,2,653,tue,1.0,0.9998446077007658,1.0,1.0,,0.0,20
B,RandomForest,2,654,tue,1.0,0.9998481367778089,1.0,1.0,,0.0,20
B,RandomForest,2,655,tue,1.0,0.9998481367778089,1.0,1.0,,0.0,20
B,RandomForest,2,656,tue,1.0,0.9998446077007658,1.0,1.0,,0.0,20
B,RandomForest,2,657,tue,1.0,0.9998446077007658,1.0,1.0,,0.0,20
B,RandomForest,2,658,tue,1.0,0.9998446077007658,1.0,1.0,,0.0,20
B,RandomForest,2,659,tue,1.0,0.9998446077007658,1.0,1.0,,0.0,20
B,RandomForest,2,660,tue,1.0,0.9998446077007658,1.0,1.0,,0.0,20
B,RandomForest,2,661,tue,1.0,0.9998446077007658,1.0,1.0,,0.0,20
B,RandomForest,2,662,tue,1.0,0.9998446077007658,1.0,1.0,,0.0,20
B,RandomForest,2,663,tue,1.0,0.9998446077007658,1.0,1.0,,0.0,20
B,RandomForest,2,664,tue,1.0,0.9998446077007658,1.0,1.0,,0.0,20
B,RandomForest,2,665,tue,1.0,0.9998446077007658,1.0,1.0,,0.0,20
B,RandomForest,2,666,tue,1.0,0.9998603562519257,1.0,1.0,,0.0,20
B,RandomForest,2,667,tue,1.0,0.9998446077007658,1.0,1.0,,0.0,20
B,RandomForest,2,668,tue,1.0,0.9998446077007658,1.0,1.0,,0.0,20
B,RandomForest,2,669,tue,1.0,0.9998446077007658,1.0,1.0,,0.0,20
B,RandomForest,2,670,tue,1.0,0.9998446077007658,1.0,1.0,,0.0,20
B,RandomForest,2,671,tue,1.0,0.9998446077007658,1.0,1.0,,0.0,20
B,RandomForest,2,672,tue,1.0,0.9998446077007658,1.0,1.0,,0.0,20
B,RandomForest,2,673,tue,1.0,0.9998446077007658,1.0,1.0,,0.0,20
B,RandomForest,2,674,tue,0.0,0.12551929640685336,1.0,1.0,1.0,0.0,20
B,RandomForest,2,675,tue,0.0,0.04842214610569509,1.0,1.0,1.0,0.0,20
B,RandomForest,2,676,tue,0.0,0.04264624152275813,1.0,1.0,1.0,0.0,20
B,RandomForest,2,677,tue,0.0,0.13303859989976788,1.0,1.0,1.0,0.0,20
B,RandomForest,2,678,tue,1.0,0.9998443323933303,1.0,1.0,1.0,0.0,20
B,RandomForest,2,679,tue,0.0,0.034731155663365085,1.0,1.0,1.0,0.0,20
B,RandomForest,2,680,tue,0.0,0.12551929640685336,1.0,1.0,1.0,0.0,20
B,RandomForest,2,681,tue,0.0,0.04762591177723034,1.0,1.0,1.0,0.0,20
B,RandomForest,2,682,tue,0.0,0.08825979363159622,1.0,1.0,1.0,0.0,20
B,RandomForest,2,683,tue,0.0,0.08675964404091786,1.0,1.0,1.0,0.0,20
B,RandomForest,2,684,tue,0.0,0.13303859989976788,1.0,1.0,1.0,0.0,20
B,RandomForest,2,685,tue,0.0,0.04264624152275813,1.0,1.0,1.0,0.0,20
B,RandomForest,2,686,tue,0.0,0.12551929640685336,1.0,1.0,1.0,0.0,20
B,RandomForest,2,687,tue,0.0,0.09098185228067628,1.0,1.0,1.0,0.0,20
B,RandomForest,2,688,tue,0.0,0.08578340883021422,1.0,1.0,1.0,0.0,20
B,RandomForest,2,689,tue,0.0,0.04467701174246845,1.0,1.0,1.0,0.0,20
B,RandomForest,2,690,tue,0.0,0.13303859989976788,1.0,1.0,1.0,0.0,20
B,RandomForest,2,691,tue,0.0,0.06708876749744808,1.0,1.0,1.0,0.0,20
B,RandomForest,2,692,tue,0.0,0.16115726689842344,1.0,1.0,1.0,0.0,20
B,RandomForest,2,693,tue,0.0,0.03969734148799625,1.0,1.0,1.0,0.0,20
B,RandomForest,2,694,tue,0.0,0.04762591177723034,1.0,1.0,1.0,0.0,20
B,RandomForest,2,695,tue,0.0,0.06464739200804799,1.0,1.0,1.0,0.0,20
B,RandomForest,2,696,tue,0.0,0.055,1.0,1.0,1.0,0.0,20
B,RandomForest,2,697,tue,0.0,0.06464739200804799,1.0,1.0,1.0,0.0,20
B,RandomForest,2,698,tue,0.0,0.028182716886007417,0.0,0.5,,0.0,20
B,RandomForest,2,699,tue,0.0,0.06464739200804799,0.0,0.5,,0.0,20
B,RandomForest,2,700,tue,0.0,0.04762591177723034,0.0,0.5,,0.0,20
B,RandomForest,2,701,tue,0.0,0.04762591177723034,0.0,0.5,,0.0,20
B,RandomForest,2,702,tue,0.0,0.08148735290946303,0.0,0.5,,0.0,20
B,RandomForest,2,703,tue,0.0,0.09554399057942016,0.0,0.5,,0.0,20
B,RandomForest,2,704,tue,0.0,0.06708876749744808,0.0,0.5,,0.0,20
B,RandomForest,2,705,tue,0.0,0.09635250800197817,0.0,0.5,,0.0,20
B,RandomForest,2,706,tue,0.0,0.0706571675958762,0.0,0.5,,0.0,20
B,RandomForest,2,707,tue,0.0,0.12551929640685336,0.0,0.5,,0.0,20
B,RandomForest,2,708,tue,0.0,0.08148735290946303,0.0,0.5,,0.0,20
B,RandomForest,2,709,tue,0.0,0.08675964404091786,0.0,0.5,,0.0,20
B,RandomForest,2,710,tue,0.0,0.04762591177723034,0.0,0.5,,0.0,20
B,RandomForest,2,711,tue,0.0,0.17081774909846112,0.0,0.5,,0.0,20
B,RandomForest,2,712,tue,0.0,0.04762591177723034,0.0,0.5,,0.0,20
B,RandomForest,2,713,tue,0.0,0.09086382670966574,0.0,0.5,,0.0,20
B,RandomForest,2,714,tue,0.0,0.06464739200804799,0.0,0.5,,0.0,20
B,RandomForest,2,715,tue,0.0,0.09635250800197817,0.0,0.5,,0.0,20
B,RandomForest,2,716,tue,0.0,0.08118908870382398,0.0,0.5,,0.0,20
B,RandomForest,2,717,tue,0.0,0.0810744134405198,0.0,0.5,,0.0,20
B,RandomForest,2,718,tue,0.0,0.07749852391156231,0.0,0.5,,0.0,20
B,RandomForest,2,719,tue,0.0,0.08958312244719263,0.0,0.5,,0.0,20
B,RandomForest,2,720,tue,0.0,0.12551929640685336,0.0,0.5,,0.0,20
B,RandomForest,2,721,tue,0.0,0.034731155663365085,0.0,0.5,,0.0,20
B,RandomForest,2,722,tue,0.0,0.06708876749744808,0.0,0.5,,0.0,20
B,RandomForest,2,723,tue,0.0,0.08825979363159622,0.0,0.5,,0.0,20
B,RandomForest,2,724,tue,0.0,0.09813583088453676,0.0,0.5,,0.0,20
B,RandomForest,2,725,tue,0.0,0.07276907160311313,0.0,0.5,,0.0,20
B,RandomForest,2,726,tue,0.0,0.16115726689842344,0.0,0.5,,0.0,20
B,RandomForest,2,727,tue,0.0,0.14313311597660772,0.0,0.5,,0.0,20
B,RandomForest,2,728,tue,0.0,0.19893468878484144,0.0,0.5,,0.0,20
B,RandomForest,2,729,tue,0.0,0.2125430822748568,0.0,0.5,,0.0,20
B,RandomForest,2,730,tue,0.0,0.08560314081975562,0.0,0.5,,0.0,20
B,RandomForest,2,731,tue,0.0,0.135,0.0,0.5,,0.0,20
B,RandomForest,2,732,tue,0.0,0.09097159991263445,0.0,0.5,,0.0,20
B,RandomForest,2,733,tue,0.0,0.07749852391156231,0.0,0.5,,0.0,20
B,RandomForest,2,734,tue,0.0,0.07749852391156231,0.0,0.5,,0.0,20
B,RandomForest,2,735,tue,0.0,0.1446900069827458,0.0,0.5,,0.0,20
B,RandomForest,2,736,tue,0.0,0.08148735290946303,0.0,0.5,,0.0,20
B,RandomForest,2,737,tue,0.0,0.08825979363159622,0.0,0.5,,0.0,20
B,RandomForest,2,738,tue,0.0,0.08560314081975562,0.0,0.5,,0.0,20
B,RandomForest,2,739,tue,0.0,0.06464739200804799,0.0,0.5,,0.0,20
B,RandomForest,2,740,tue,0.0,0.0810744134405198,0.0,0.5,,0.0,20
B,RandomForest,2,741,tue,0.0,0.034731155663365085,0.0,0.5,,0.0,20
B,RandomForest,2,742,tue,0.0,0.049662464665018696,0.0,0.5,,0.0,20
B,RandomForest,2,743,tue,0.0,0.09060516330569182,0.0,0.5,,0.0,20
B,RandomForest,2,744,tue,0.0,0.08592898781989539,0.0,0.5,,0.0,20
B,RandomForest,2,745,tue,0.0,0.06708876749744808,0.0,0.5,,0.0,20
B,RandomForest,2,746,tue,0.0,0.12551929640685336,0.0,0.5,,0.0,20
B,RandomForest,2,747,tue,0.0,0.0835694037871912,0.0,0.5,,0.0,20
B,RandomForest,2,748,tue,0.0,0.08578340883021422,0.0,0.5,,0.0,20
B,RandomForest,2,749,tue,0.0,0.034731155663365085,0.0,0.5,,0.0,20
B,RandomForest,2,750,tue,0.0,0.06464739200804799,0.0,0.5,,0.0,20
B,RandomForest,2,751,tue,0.0,0.08825979363159622,0.0,0.5,,0.0,20
B,RandomForest,2,752,tue,0.0,0.06464739200804799,0.0,0.5,,0.0,20
B,RandomForest,2,753,tue,0.0,0.09060516330569182,0.0,0.5,,0.0,20
B,RandomForest,2,754,tue,0.0,0.17109193484623808,0.0,0.5,,0.0,20
B,RandomForest,2,755,tue,0.0,0.09060516330569182,0.0,0.5,,0.0,20
B,RandomForest,2,756,tue,0.0,0.024952910135709744,0.0,0.5,,0.0,20
B,RandomForest,2,757,tue,0.0,0.03969734148799625,0.0,0.5,,0.0,20
B,RandomForest,2,758,tue,0.0,0.09635250800197817,0.0,0.5,,0.0,20
B,RandomForest,2,759,tue,0.0,0.12551929640685336,0.0,0.5,,0.0,20
B,RandomForest,2,760,tue,0.0,0.09060516330569182,0.0,0.5,,0.0,20
B,RandomForest,2,761,tue,0.0,0.049662464665018696,0.0,0.5,,0.0,20
B,RandomForest,2,762,tue,0.0,0.08148735290946303,0.0,0.5,,0.0,20
B,RandomForest,2,763,tue,0.0,0.09625620407022505,0.0,0.5,,0.0,20
B,RandomForest,2,764,tue,0.0,0.09672842579053686,0.0,0.5,,0.0,20
B,RandomForest,2,765,tue,0.0,0.04762591177723034,0.0,0.5,,0.0,20
B,RandomForest,2,766,tue,1.0,0.9998446077007658,1.0,1.0,1.0,0.0,20
B,RandomForest,2,767,tue,1.0,0.9996472532493111,1.0,1.0,1.0,0.0,20
B,RandomForest,2,768,tue,1.0,0.9996533646246263,1.0,1.0,1.0,0.0,20
B,RandomForest,2,769,tue,1.0,0.9996533646246263,1.0,1.0,1.0,0.0,20
B,RandomForest,2,770,tue,1.0,0.9996533646246263,1.0,1.0,1.0,0.0,20
B,RandomForest,2,771,tue,1.0,0.9996472532493111,1.0,1.0,1.0,0.0,20
B,RandomForest,2,772,tue,1.0,0.9996533646246263,1.0,1.0,1.0,0.0,20
B,RandomForest,2,773,tue,1.0,0.9996472532493111,1.0,1.0,1.0,0.0,20
B,RandomForest,2,774,tue,1.0,0.9996533646246263,1.0,1.0,1.0,0.0,20
B,RandomForest,2,775,tue,1.0,0.9996533646246263,1.0,1.0,1.0,0.0,20
B,RandomForest,2,776,tue,1.0,0.9996533646246263,1.0,1.0,1.0,0.0,20
B,RandomForest,2,777,tue,1.0,0.9996472532493111,1.0,1.0,1.0,0.0,20
B,RandomForest,2,778,tue,1.0,0.9996472532493111,1.0,1.0,1.0,0.0,20
B,RandomForest,2,779,tue,1.0,0.9996472532493111,1.0,1.0,1.0,0.0,20
B,RandomForest,2,780,tue,1.0,0.9996533646246263,1.0,1.0,1.0,0.0,20
B,RandomForest,2,781,tue,1.0,0.9996533646246263,1.0,1.0,1.0,0.0,20
B,RandomForest,2,782,tue,1.0,0.9996472532493111,1.0,1.0,1.0,0.0,20
B,RandomForest,2,783,tue,1.0,0.9996533646246263,1.0,1.0,1.0,0.0,20
B,RandomForest,2,784,tue,1.0,0.9996533646246263,1.0,1.0,1.0,0.0,20
B,RandomForest,2,785,tue,1.0,0.9996533646246263,1.0,1.0,,0.0,20
B,RandomForest,2,786,tue,1.0,0.9996533646246263,1.0,1.0,,0.0,20
B,RandomForest,2,787,tue,1.0,0.9996472532493111,1.0,1.0,,0.0,20
B,RandomForest,2,788,tue,1.0,0.9996472532493111,1.0,1.0,,0.0,20
B,RandomForest,2,789,tue,1.0,0.9996472532493111,1.0,1.0,,0.0,20
B,RandomForest,2,790,tue,1.0,0.9996533646246263,1.0,1.0,,0.0,20
B,RandomForest,2,791,tue,1.0,0.9996472532493111,1.0,1.0,,0.0,20
B,RandomForest,2,792,tue,1.0,0.9996472532493111,1.0,1.0,,0.0,20
B,RandomForest,2,793,tue,1.0,0.9996533646246263,1.0,1.0,,0.0,20
B,RandomForest,2,794,tue,1.0,0.9996533646246263,1.0,1.0,,0.0,20
B,RandomForest,2,795,tue,1.0,0.9996533646246263,1.0,1.0,,0.0,20
B,RandomForest,2,796,tue,1.0,0.9996533646246263,1.0,1.0,,0.0,20
B,RandomForest,2,797,tue,1.0,0.9996472532493111,1.0,1.0,,0.0,20
B,RandomForest,2,798,tue,1.0,0.9996533646246263,1.0,1.0,,0.0,20
B,RandomForest,2,799,tue,1.0,0.9996472532493111,1.0,1.0,,0.0,20
B,RandomForest,2,800,tue,1.0,0.9996533646246263,1.0,1.0,,0.0,20
B,RandomForest,2,801,tue,1.0,0.9996472532493111,1.0,1.0,,0.0,20
B,RandomForest,2,802,tue,1.0,0.9996533646246263,1.0,1.0,,0.0,20
B,RandomForest,2,803,tue,1.0,0.9996533646246263,1.0,1.0,,0.0,20
B,RandomForest,2,804,tue,1.0,0.9996533646246263,1.0,1.0,,0.0,20
B,RandomForest,2,805,tue,1.0,0.9996472532493111,1.0,1.0,,0.0,20
B,RandomForest,2,806,tue,1.0,0.9996533646246263,1.0,1.0,,0.0,20
B,RandomForest,2,807,tue,1.0,0.9996533646246263,1.0,1.0,,0.0,20
B,RandomForest,2,808,tue,1.0,0.9996533646246263,1.0,1.0,,0.0,20
B,RandomForest,2,809,tue,1.0,0.9996533646246263,1.0,1.0,,0.0,20
B,RandomForest,2,810,tue,1.0,0.9996533646246263,1.0,1.0,,0.0,20
B,RandomForest,2,811,tue,1.0,0.9996472532493111,1.0,1.0,,0.0,20
B,RandomForest,2,812,tue,0.0,0.05,1.0,1.0,1.0,0.0,20
B,RandomForest,2,813,tue,0.0,0.06464739200804799,1.0,1.0,1.0,0.0,20
B,RandomForest,2,814,tue,0.0,0.1966404716985577,1.0,1.0,1.0,0.0,20
B,RandomForest,2,815,tue,0.0,0.05472481388446503,1.0,1.0,1.0,0.0,20
B,RandomForest,2,816,tue,0.0,0.04762591177723034,1.0,1.0,1.0,0.0,20
B,RandomForest,2,817,tue,0.0,0.034731155663365085,1.0,1.0,1.0,0.0,20
B,RandomForest,2,818,tue,0.0,0.042636104842847765,1.0,1.0,1.0,0.0,20
B,RandomForest,2,819,tue,0.0,0.048356292376212376,1.0,1.0,1.0,0.0,20
B,RandomForest,2,820,tue,0.0,0.08825979363159622,1.0,1.0,1.0,0.0,20
B,RandomForest,2,821,tue,0.0,0.04762591177723034,1.0,1.0,1.0,0.0,20
B,RandomForest,2,822,tue,0.0,0.06708876749744808,1.0,1.0,1.0,0.0,20
B,RandomForest,2,823,tue,0.0,0.15307994938206715,1.0,1.0,1.0,0.0,20
B,RandomForest,2,824,tue,0.0,0.08825979363159622,1.0,1.0,1.0,0.0,20
B,RandomForest,2,825,tue,0.0,0.09635250800197817,1.0,1.0,1.0,0.0,20
B,RandomForest,2,826,tue,0.0,0.05280871187601602,1.0,1.0,1.0,0.0,20
B,RandomForest,2,827,tue,0.0,0.09363926549437693,1.0,1.0,1.0,0.0,20
B,RandomForest,2,828,tue,0.0,0.034731155663365085,1.0,1.0,1.0,0.0,20
B,RandomForest,2,829,tue,0.0,0.07749852391156231,1.0,1.0,1.0,0.0,20
B,RandomForest,2,830,tue,0.0,0.07749852391156231,1.0,1.0,1.0,0.0,20
B,RandomForest,2,831,tue,0.0,0.08893862531014879,0.0,0.5,,0.0,20
B,RandomForest,2,832,tue,0.0,0.2725618806526028,0.0,0.5,,0.0,20
B,RandomForest,2,833,tue,0.0,0.08912248326190766,0.0,0.5,,0.0,20
B,RandomForest,2,834,tue,0.0,0.06252677942809103,0.0,0.5,,0.0,20
B,RandomForest,2,835,tue,0.0,0.07749852391156231,0.0,0.5,,0.0,20
B,RandomForest,2,836,tue,0.0,0.09554399057942016,0.0,0.5,,0.0,20
B,RandomForest,2,837,tue,0.0,0.04467701174246845,0.0,0.5,,0.0,20
B,RandomForest,2,838,tue,0.0,0.04762591177723034,0.0,0.5,,0.0,20
B,RandomForest,2,839,tue,0.0,0.08825979363159622,0.0,0.5,,0.0,20
B,RandomForest,2,840,tue,0.0,0.07,0.0,0.5,,0.0,20
B,RandomForest,2,841,tue,0.0,0.08148735290946303,0.0,0.5,,0.0,20
B,RandomForest,2,842,tue,0.0,0.04762591177723034,0.0,0.5,,0.0,20
B,RandomForest,2,843,tue,0.0,0.04762591177723034,0.0,0.5,,0.0,20
B,RandomForest,2,844,tue,0.0,0.26386893227114716,0.0,0.5,,0.0,20
B,RandomForest,2,845,tue,0.0,0.0956230519152974,0.0,0.5,,0.0,20
B,RandomForest,2,846,tue,0.0,0.04264624152275813,0.0,0.5,,0.0,20
B,RandomForest,2,847,tue,0.0,0.069903478145478,0.0,0.5,,0.0,20
B,RandomForest,2,848,tue,0.0,0.05333851112359041,0.0,0.5,,0.0,20
B,RandomForest,2,849,tue,0.0,0.025,0.0,0.5,,0.0,20
B,RandomForest,2,850,tue,0.0,0.024742701135014106,0.0,0.5,,0.0,20
B,RandomForest,2,851,tue,0.0,0.23642790811051687,0.0,0.5,,0.0,20
B,RandomForest,2,852,tue,0.0,0.061037060336834766,0.0,0.5,,0.0,20
B,RandomForest,2,853,tue,0.0,0.03,0.0,0.5,,0.0,20
B,RandomForest,2,854,tue,0.0,0.049662464665018696,0.0,0.5,,0.0,20
B,RandomForest,2,855,tue,0.0,0.027701126471277898,0.0,0.5,,0.0,20
B,RandomForest,2,856,tue,0.0,0.049662464665018696,0.0,0.5,,0.0,20
B,RandomForest,2,857,tue,0.0,0.09363926549437693,0.0,0.5,,0.0,20
B,RandomForest,2,858,tue,0.0,0.08560314081975562,0.0,0.5,,0.0,20
B,RandomForest,2,859,tue,0.0,0.04762591177723034,0.0,0.5,,0.0,20
B,RandomForest,2,860,tue,0.0,0.09,0.0,0.5,,0.0,20
B,RandomForest,2,861,tue,0.0,0.04762591177723034,0.0,0.5,,0.0,20
B,RandomForest,2,862,tue,0.0,0.09813311597660772,0.0,0.5,,0.0,20
B,RandomForest,2,863,tue,0.0,0.07749852391156231,0.0,0.5,,0.0,20
B,RandomForest,2,864,tue,0.0,0.06028777065550505,0.0,0.5,,0.0,20
B,RandomForest,2,865,tue,0.0,0.04762591177723034,0.0,0.5,,0.0,20
B,RandomForest,2,866,tue,0.0,0.04762591177723034,0.0,0.5,,0.0,20
B,RandomForest,2,867,tue,0.0,0.06464739200804799,0.0,0.5,,0.0,20
B,RandomForest,2,868,tue,0.0,0.04762591177723034,0.0,0.5,,0.0,20
B,RandomForest,2,869,tue,0.0,0.08148735290946303,0.0,0.5,,0.0,20
B,RandomForest,2,870,tue,0.0,0.14047801135965615,0.0,0.5,,0.0,20
B,RandomForest,2,871,tue,0.0,0.04762591177723034,0.0,0.5,,0.0,20
B,RandomForest,2,872,tue,0.0,0.04264624152275813,0.0,0.5,,0.0,20
B,RandomForest,2,873,tue,0.0,0.02185342602120431,0.0,0.5,,0.0,20
B,RandomForest,2,874,tue,0.0,0.04762591177723034,0.0,0.5,,0.0,20
B,RandomForest,2,875,tue,0.0,0.08893862531014879,0.0,0.5,,0.0,20
B,RandomForest,2,876,tue,0.0,0.1760277251861129,0.0,0.5,,0.0,20
B,RandomForest,2,877,tue,1.0,0.9996472532493111,1.0,1.0,1.0,0.0,20
B,RandomForest,2,878,tue,1.0,0.9996472532493111,1.0,1.0,1.0,0.0,20
B,RandomForest,2,879,tue,1.0,0.9996472532493111,1.0,1.0,1.0,0.0,20
B,RandomForest,2,880,tue,1.0,0.9996533646246263,1.0,1.0,1.0,0.0,20
B,RandomForest,2,881,tue,1.0,0.9996472532493111,1.0,1.0,1.0,0.0,20
B,RandomForest,2,882,tue,1.0,0.9996472532493111,1.0,1.0,1.0,0.0,20
B,RandomForest,2,883,tue,1.0,0.9996472532493111,1.0,1.0,1.0,0.0,20
B,RandomForest,2,884,tue,1.0,0.9996472532493111,1.0,1.0,1.0,0.0,20
B,RandomForest,2,885,tue,1.0,0.9996472532493111,1.0,1.0,1.0,0.0,20
B,RandomForest,2,886,tue,1.0,0.9996533646246263,1.0,1.0,1.0,0.0,20
B,RandomForest,2,887,tue,1.0,0.9996472532493111,1.0,1.0,1.0,0.0,20
B,RandomForest,2,888,tue,1.0,0.9996533646246263,1.0,1.0,1.0,0.0,20
B,RandomForest,2,889,tue,1.0,0.9996533646246263,1.0,1.0,1.0,0.0,20
B,RandomForest,2,890,tue,1.0,0.9996533646246263,1.0,1.0,1.0,0.0,20
B,RandomForest,2,891,tue,1.0,0.9996472532493111,1.0,1.0,1.0,0.0,20
B,RandomForest,2,892,tue,1.0,0.9996472532493111,1.0,1.0,1.0,0.0,20
B,RandomForest,2,893,tue,1.0,0.9996472532493111,1.0,1.0,1.0,0.0,20
B,RandomForest,2,894,tue,1.0,0.9996533646246263,1.0,1.0,1.0,0.0,20
B,RandomForest,2,895,tue,1.0,0.9996472532493111,1.0,1.0,1.0,0.0,20
B,RandomForest,2,896,tue,1.0,0.9996533646246263,1.0,1.0,,0.0,20
B,RandomForest,2,897,tue,1.0,0.9996472532493111,1.0,1.0,,0.0,20
B,RandomForest,2,898,tue,1.0,0.9996472532493111,1.0,1.0,,0.0,20
B,RandomForest,2,899,tue,1.0,0.9996472532493111,1.0,1.0,,0.0,20
B,RandomForest,2,900,tue,1.0,0.9996533646246263,1.0,1.0,,0.0,20
B,RandomForest,2,901,tue,1.0,0.9996472532493111,1.0,1.0,,0.0,20
B,RandomForest,2,902,tue,1.0,0.9996472532493111,1.0,1.0,,0.0,20
B,RandomForest,2,903,tue,1.0,0.9996472532493111,1.0,1.0,,0.0,20
B,RandomForest,2,904,tue,1.0,0.9996472532493111,1.0,1.0,,0.0,20
B,RandomForest,2,905,tue,1.0,0.9996533646246263,1.0,1.0,,0.0,20
B,RandomForest,2,906,tue,1.0,0.9996472532493111,1.0,1.0,,0.0,20
B,RandomForest,2,907,tue,1.0,0.9996533646246263,1.0,1.0,,0.0,20
B,RandomForest,2,908,tue,1.0,0.9996472532493111,1.0,1.0,,0.0,20
B,RandomForest,2,909,tue,1.0,0.9996533646246263,1.0,1.0,,0.0,20
B,RandomForest,2,910,tue,1.0,0.9996533646246263,1.0,1.0,,0.0,20
B,RandomForest,2,911,tue,1.0,0.9996533646246263,1.0,1.0,,0.0,20
B,RandomForest,2,912,tue,1.0,0.9996472532493111,1.0,1.0,,0.0,20
B,RandomForest,2,913,tue,1.0,0.9996472532493111,1.0,1.0,,0.0,20
B,RandomForest,2,914,tue,1.0,0.9996472532493111,1.0,1.0,,0.0,20
B,RandomForest,2,915,tue,1.0,0.9996472532493111,1.0,1.0,,0.0,20
B,RandomForest,2,916,tue,1.0,0.9996472532493111,1.0,1.0,,0.0,20
B,RandomForest,2,917,tue,1.0,0.9996472532493111,1.0,1.0,,0.0,20
B,RandomForest,2,918,tue,1.0,0.9996472532493111,1.0,1.0,,0.0,20
B,RandomForest,2,919,tue,1.0,0.9996472532493111,1.0,1.0,,0.0,20
B,RandomForest,2,920,tue,1.0,0.9996472532493111,1.0,1.0,,0.0,20
B,RandomForest,2,921,tue,1.0,0.9996472532493111,1.0,1.0,,0.0,20
B,RandomForest,2,922,tue,1.0,0.9996533646246263,1.0,1.0,,0.0,20
B,RandomForest,2,923,tue,1.0,0.9996533646246263,1.0,1.0,,0.0,20
B,RandomForest,2,924,tue,1.0,0.9996472532493111,1.0,1.0,,0.0,20
B,RandomForest,2,925,tue,1.0,0.9996533646246263,1.0,1.0,,0.0,20
B,RandomForest,2,926,tue,1.0,0.9996472532493111,1.0,1.0,,0.0,20
B,RandomForest,2,927,tue,1.0,0.9996472532493111,1.0,1.0,,0.0,20
B,RandomForest,2,928,tue,1.0,0.9996533646246263,1.0,1.0,,0.0,20
B,RandomForest,2,929,tue,1.0,0.9996472532493111,1.0,1.0,,0.0,20
B,RandomForest,2,930,tue,1.0,0.9996472532493111,1.0,1.0,,0.0,20
B,RandomForest,2,931,tue,1.0,0.9996472532493111,1.0,1.0,,0.0,20
B,RandomForest,2,932,tue,1.0,0.9996472532493111,1.0,1.0,,0.0,20
B,RandomForest,2,933,tue,1.0,0.9996533646246263,1.0,1.0,,0.0,20
B,RandomForest,2,934,tue,1.0,0.9996472532493111,1.0,1.0,,0.0,20
B,RandomForest,2,935,tue,1.0,0.9996533646246263,1.0,1.0,,0.0,20
B,RandomForest,2,936,tue,1.0,0.9996472532493111,1.0,1.0,,0.0,20
B,RandomForest,2,937,tue,1.0,0.9996533646246263,1.0,1.0,,0.0,20
B,RandomForest,2,938,tue,1.0,0.9996533646246263,1.0,1.0,,0.0,20
B,RandomForest,2,939,tue,1.0,0.9996472532493111,1.0,1.0,,0.0,20
B,RandomForest,2,940,tue,1.0,0.9996472532493111,1.0,1.0,,0.0,20
B,RandomForest,2,941,tue,1.0,0.9996472532493111,1.0,1.0,,0.0,20
B,RandomForest,2,942,tue,1.0,0.9996472532493111,1.0,1.0,,0.0,20
B,RandomForest,2,943,tue,1.0,0.9996472532493111,1.0,1.0,,0.0,20
B,RandomForest,2,944,tue,1.0,0.9996472532493111,1.0,1.0,,0.0,20
B,RandomForest,2,945,tue,1.0,0.9996472532493111,1.0,1.0,,0.0,20
B,RandomForest,2,946,tue,1.0,0.9996472532493111,1.0,1.0,,0.0,20
B,RandomForest,2,947,tue,1.0,0.9996472532493111,1.0,1.0,,0.0,20
B,RandomForest,2,948,tue,1.0,0.9996472532493111,1.0,1.0,,0.0,20
B,RandomForest,2,949,tue,1.0,0.9996472532493111,1.0,1.0,,0.0,20
B,RandomForest,2,950,tue,1.0,0.9996472532493111,1.0,1.0,,0.0,20
B,RandomForest,2,951,tue,1.0,0.9996472532493111,1.0,1.0,,0.0,20
B,RandomForest,2,952,tue,1.0,0.9996472532493111,1.0,1.0,,0.0,20
B,RandomForest,2,953,tue,1.0,0.9996472532493111,1.0,1.0,,0.0,20
B,RandomForest,2,954,tue,1.0,0.9996472532493111,1.0,1.0,,0.0,20
B,RandomForest,2,955,tue,1.0,0.9996472532493111,1.0,1.0,,0.0,20
B,RandomForest,2,956,tue,1.0,0.9996472532493111,1.0,1.0,,0.0,20
B,RandomForest,2,957,tue,1.0,0.9996533646246263,1.0,1.0,,0.0,20
B,RandomForest,2,958,tue,1.0,0.9996533646246263,1.0,1.0,,0.0,20
B,RandomForest,2,959,tue,1.0,0.9996472532493111,1.0,1.0,,0.0,20
B,RandomForest,2,960,tue,1.0,0.9996533646246263,1.0,1.0,,0.0,20
B,RandomForest,2,961,tue,1.0,0.9996533646246263,1.0,1.0,,0.0,20
B,RandomForest,2,962,tue,1.0,0.9996472532493111,1.0,1.0,,0.0,20
B,RandomForest,2,963,tue,1.0,0.9996472532493111,1.0,1.0,,0.0,20
B,RandomForest,2,964,tue,1.0,0.9996472532493111,1.0,1.0,,0.0,20
B,RandomForest,2,965,tue,1.0,0.9996533646246263,1.0,1.0,,0.0,20
B,RandomForest,2,966,tue,1.0,0.9996472532493111,1.0,1.0,,0.0,20
B,RandomForest,2,967,tue,1.0,0.9996472532493111,1.0,1.0,,0.0,20
B,RandomForest,2,968,tue,1.0,0.9996472532493111,1.0,1.0,,0.0,20
B,RandomForest,2,969,tue,1.0,0.9996472532493111,1.0,1.0,,0.0,20
B,RandomForest,2,970,tue,1.0,0.9996472532493111,1.0,1.0,,0.0,20
B,RandomForest,2,971,tue,1.0,0.9996472532493111,1.0,1.0,,0.0,20
B,RandomForest,2,972,tue,1.0,0.9996533646246263,1.0,1.0,,0.0,20
B,RandomForest,2,973,tue,1.0,0.9996533646246263,1.0,1.0,,0.0,20
B,RandomForest,2,974,tue,1.0,0.9996472532493111,1.0,1.0,,0.0,20
B,RandomForest,2,975,tue,1.0,0.9996472532493111,1.0,1.0,,0.0,20
B,RandomForest,2,976,tue,1.0,0.9996533646246263,1.0,1.0,,0.0,20
B,RandomForest,2,977,tue,1.0,0.9996472532493111,1.0,1.0,,0.0,20
B,RandomForest,2,978,tue,1.0,0.9996533646246263,1.0,1.0,,0.0,20
B,RandomForest,2,979,tue,1.0,0.9996472532493111,1.0,1.0,,0.0,20
B,RandomForest,2,980,tue,1.0,0.9996472532493111,1.0,1.0,,0.0,20
B,RandomForest,2,981,tue,1.0,0.9996533646246263,1.0,1.0,,0.0,20
B,RandomForest,2,982,tue,1.0,0.9996472532493111,1.0,1.0,,0.0,20
B,RandomForest,2,983,tue,1.0,0.9996533646246263,1.0,1.0,,0.0,20
B,RandomForest,2,984,tue,1.0,0.9996472532493111,1.0,1.0,,0.0,20
B,RandomForest,2,985,tue,1.0,0.9996533646246263,1.0,1.0,,0.0,20
B,RandomForest,2,986,tue,1.0,0.9996533646246263,1.0,1.0,,0.0,20
B,RandomForest,2,987,tue,1.0,0.9996472532493111,1.0,1.0,,0.0,20
B,RandomForest,2,988,tue,1.0,0.9996533646246263,1.0,1.0,,0.0,20
B,RandomForest,2,989,tue,1.0,0.9996533646246263,1.0,1.0,,0.0,20
B,RandomForest,2,990,tue,1.0,0.9996533646246263,1.0,1.0,,0.0,20
B,RandomForest,2,991,tue,1.0,0.9996533646246263,1.0,1.0,,0.0,20
B,RandomForest,2,992,tue,1.0,0.9996472532493111,1.0,1.0,,0.0,20
B,RandomForest,2,993,tue,1.0,0.9996472532493111,1.0,1.0,,0.0,20
B,RandomForest,2,994,tue,1.0,0.9996472532493111,1.0,1.0,,0.0,20
B,RandomForest,2,995,tue,1.0,0.9996472532493111,1.0,1.0,,0.0,20
B,RandomForest,2,996,tue,1.0,0.9996472532493111,1.0,1.0,,0.0,20
B,RandomForest,2,997,tue,1.0,0.9996472532493111,1.0,1.0,,0.0,20
B,RandomForest,2,998,tue,1.0,0.9996472532493111,1.0,1.0,,0.0,20
B,RandomForest,2,999,tue,1.0,0.9996472532493111,1.0,1.0,,0.0,20
B,RandomForest,2,1000,tue,1.0,0.9996472532493111,1.0,1.0,,0.0,20
B,RandomForest,2,1001,tue,1.0,0.9996472532493111,1.0,1.0,,0.0,20
B,RandomForest,2,1002,tue,1.0,0.9996472532493111,1.0,1.0,,0.0,20
B,RandomForest,2,1003,tue,1.0,0.9996472532493111,1.0,1.0,,0.0,20
B,RandomForest,2,1004,tue,1.0,0.9996472532493111,1.0,1.0,,0.0,20
B,RandomForest,2,1005,tue,1.0,0.9996472532493111,1.0,1.0,,0.0,20
B,RandomForest,2,1006,tue,1.0,0.6159507807760323,1.0,1.0,,0.0,20
B,RandomForest,2,1007,tue,1.0,0.9996472532493111,1.0,1.0,,0.0,20
B,RandomForest,2,1008,tue,1.0,0.9996472532493111,1.0,1.0,,0.0,20
B,RandomForest,2,1009,tue,1.0,0.9996533646246263,1.0,1.0,,0.0,20
B,RandomForest,2,1010,tue,1.0,0.9996472532493111,1.0,1.0,,0.0,20
B,RandomForest,2,1011,tue,1.0,0.9996533646246263,1.0,1.0,,0.0,20
B,RandomForest,2,1012,tue,1.0,0.9996472532493111,1.0,1.0,,0.0,20
B,RandomForest,2,1013,tue,1.0,0.9996472532493111,1.0,1.0,,0.0,20
B,RandomForest,2,1014,tue,1.0,0.9996472532493111,1.0,1.0,,0.0,20
B,RandomForest,2,1015,tue,1.0,0.9996472532493111,1.0,1.0,,0.0,20
B,RandomForest,2,1016,tue,1.0,0.9996533646246263,1.0,1.0,,0.0,20
B,RandomForest,2,1017,tue,1.0,0.9996472532493111,1.0,1.0,,0.0,20
B,RandomForest,2,1018,tue,1.0,0.9996472532493111,1.0,1.0,,0.0,20
B,RandomForest,2,1019,tue,1.0,0.9996472532493111,1.0,1.0,,0.0,20
B,RandomForest,2,1020,tue,1.0,0.9996472532493111,1.0,1.0,,0.0,20
B,RandomForest,2,1021,tue,1.0,0.9996472532493111,1.0,1.0,,0.0,20
B,RandomForest,2,1022,tue,1.0,0.9996472532493111,1.0,1.0,,0.0,20
B,RandomForest,2,1023,tue,1.0,0.9996472532493111,1.0,1.0,,0.0,20
B,RandomForest,2,1024,tue,1.0,0.9996472532493111,1.0,1.0,,0.0,20
B,RandomForest,2,1025,tue,1.0,0.9996472532493111,1.0,1.0,,0.0,20
B,RandomForest,2,1026,tue,1.0,0.9996472532493111,1.0,1.0,,0.0,20
B,RandomForest,2,1027,tue,1.0,0.9996472532493111,1.0,1.0,,0.0,20
B,RandomForest,2,1028,tue,1.0,0.9996472532493111,1.0,1.0,,0.0,20
B,RandomForest,2,1029,tue,1.0,0.9996472532493111,1.0,1.0,,0.0,20
B,RandomForest,2,1030,tue,1.0,0.9996533646246263,1.0,1.0,,0.0,20
B,RandomForest,2,1031,tue,1.0,0.9996472532493111,1.0,1.0,,0.0,20
B,RandomForest,2,1032,tue,1.0,0.9996472532493111,1.0,1.0,,0.0,20
B,RandomForest,3,1222,wed,0.0,0.23022280019608676,1.0,1.0,1.0,0.0,20
B,RandomForest,3,1223,wed,0.0,0.034731155663365085,1.0,1.0,1.0,0.0,20
B,RandomForest,3,1224,wed,0.0,0.009962168284668062,1.0,1.0,1.0,0.0,20
B,RandomForest,3,1225,wed,0.0,0.04467701174246845,1.0,1.0,1.0,0.0,20
B,RandomForest,3,1226,wed,0.0,0.17477092915950887,1.0,1.0,1.0,0.0,20
B,RandomForest,3,1227,wed,0.0,0.059831672201452475,1.0,1.0,1.0,0.0,20
B,RandomForest,3,1228,wed,1.0,0.09097159991263445,0.9629629629629629,0.9907738095238096,0.9761904761904763,0.0,20
B,RandomForest,3,1229,wed,0.0,0.0547311556633651,0.96,0.9893772893772894,0.9780219780219781,0.0,20
B,RandomForest,3,1230,wed,0.0,0.0633234384666197,0.9565217391304348,0.9876373626373626,0.9791666666666666,0.0,20
B,RandomForest,3,1231,wed,0.0,0.0810744134405198,0.9523809523809523,0.9854312354312355,0.9797979797979798,0.0,20
B,RandomForest,3,1232,wed,0.0,0.0810744134405198,0.9473684210526315,0.9825757575757575,0.98,0.0,20
B,RandomForest,3,1233,wed,0.0,0.08578340883021422,0.9411764705882353,0.9787878787878788,0.9797979797979797,0.0,20
B,RandomForest,3,1234,wed,0.0,0.19893468878484144,0.9333333333333333,0.9642045454545455,0.96875,0.0,20
B,RandomForest,3,1235,wed,0.0,0.11220530226596721,0.9230769230769231,0.9454545454545453,0.956043956043956,0.0,20
B,RandomForest,3,1236,wed,0.0,0.08675964404091786,0.9090909090909091,0.9296296296296296,0.9523809523809523,0.0,20
B,RandomForest,3,1237,wed,0.0,0.12551929640685336,0.8888888888888888,0.8944444444444446,0.9333333333333333,0.0,20
B,RandomForest,3,1238,wed,0.0,0.13303859989976788,0.8571428571428571,0.8416666666666667,0.90625,0.0,20
B,RandomForest,3,1239,wed,0.0,0.13467896027505957,0.8,0.7537037037037037,0.8627450980392156,0.0,20
B,RandomForest,3,1240,wed,0.0,0.07886374930227434,0.6666666666666666,0.5868055555555556,0.8055555555555556,0.0,20
B,RandomForest,3,1241,wed,0.0,0.08560314081975562,0.0,0.0625,0.631578947368421,0.0,20
B,RandomForest,3,1242,wed,0.0,0.01992068025915685,0.0,0.07142857142857142,0.6842105263157895,0.0,20
B,RandomForest,3,1243,wed,0.0,0.18648909015828732,0.0,0.0625,0.631578947368421,0.0,20
B,RandomForest,3,1244,wed,0.0,0.035339087931910367,0.0,0.0625,0.631578947368421,0.0,20
B,RandomForest,3,1245,wed,0.0,0.08259290268619329,0.0,0.0625,0.631578947368421,0.0,20
B,RandomForest,3,1246,wed,0.0,0.0956230519152974,0.0,0.0625,0.631578947368421,0.0,20
B,RandomForest,3,1247,wed,0.0,0.03914595641568446,0.0,0.0625,0.631578947368421,0.0,20
B,RandomForest,3,1248,wed,1.0,0.16977092915950887,0.0,0.16666666666666666,0.8947368421052632,0.0,20
B,RandomForest,3,1249,wed,1.0,0.10813311597660771,0.0,0.18154761904761904,0.7777777777777779,0.0,20
B,RandomForest,3,1250,wed,1.0,0.13303859989976788,0.0,0.25,0.7745098039215685,0.0,20
B,RandomForest,3,1251,wed,1.0,0.12453214729699738,0.0,0.28883928571428574,0.7421875,0.0,20
B,RandomForest,3,1252,wed,1.0,0.18964739200804798,0.0,0.38358946608946604,0.7666666666666666,0.0,20
B,RandomForest,3,1253,wed,1.0,0.12551929640685336,0.0,0.41115921115921117,0.738095238095238,0.0,20
B,RandomForest,3,1254,wed,1.0,0.196435274444735,0.0,0.714244485673057,0.8241758241758242,0.0,20
B,RandomForest,3,1255,wed,1.0,0.08675964404091786,0.0,0.7038600288600289,0.7864583333333334,0.0,20
B,RandomForest,3,1256,wed,1.0,0.17081774909846112,0.0,0.7378316128316129,0.7878787878787878,0.0,20
B,RandomForest,3,1257,wed,1.0,0.1766873209939437,0.0,0.7829378954378954,0.815,0.0,20
B,RandomForest,3,1258,wed,1.0,0.18004260898898394,0.0,0.828212444121535,0.8484848484848485,0.0,20
B,RandomForest,3,1259,wed,1.0,0.13303859989976788,0.0,0.8712322399822401,0.8854166666666666,0.0,20
B,RandomForest,3,1260,wed,1.0,0.18648909015828732,0.0,0.8886289992059222,0.8736263736263736,0.0,20
B,RandomForest,3,1261,wed,1.0,0.24716237169229235,0.0,0.9098077517720374,0.8630952380952381,0.0,20
B,RandomForest,3,1262,wed,1.0,0.17605210597736545,0.0,0.9117571045512223,0.8333333333333333,0.0,20
B,RandomForest,3,1263,wed,1.0,0.1794205646275261,0.0,0.9962086397058824,0.984375,0.0,20
B,RandomForest,3,1264,wed,1.0,0.07886374930227434,0.0,0.9900677118112466,0.9411764705882353,0.0,20
B,RandomForest,3,1265,wed,0.0,0.049662464665018696,0.0,0.9930675701653211,0.9607843137254902,0.0,20
B,RandomForest,3,1266,wed,1.0,0.11473509335295842,0.0,1.0,1.0,0.0,20
B,RandomForest,3,1267,wed,1.0,0.019763030880541908,0.0,0.9972991689750692,0.9473684210526315,0.0,20
B,RandomForest,3,1268,wed,1.0,0.085,0.0,0.9972991689750692,0.9473684210526315,0.0,20
B,RandomForest,3,1269,wed,1.0,0.15094626330583502,0.0,0.9972991689750692,0.9473684210526315,0.0,20
B,RandomForest,3,1270,wed,1.0,0.27012611215931015,0.0,0.997299168975069,0.9473684210526315,0.0,20
B,RandomForest,3,1271,wed,1.0,0.1794205646275261,0.0,0.9972991689750692,0.9473684210526315,0.0,20
B,RandomForest,3,1272,wed,1.0,0.06708876749744808,0.0,0.9972991689750692,0.9473684210526315,0.0,20
B,RandomForest,3,1273,wed,1.0,0.005,0.0,0.994452139119729,0.8947368421052632,0.0,20
B,RandomForest,3,1274,wed,1.0,0.1794205646275261,0.0,0.994452139119729,0.8947368421052632,0.0,20
B,RandomForest,3,1275,wed,1.0,0.1794205646275261,0.0,0.9944521391197292,0.8947368421052632,0.0,20
B,RandomForest,3,1276,wed,1.0,0.17714993347603603,0.0,0.9944521391197292,0.8947368421052632,0.0,20
B,RandomForest,3,1277,wed,1.0,0.18082136869452717,0.0,0.9944521391197292,0.8947368421052632,0.0,20
B,RandomForest,3,1278,wed,1.0,0.1735032925369677,0.0,0.9944521391197292,0.8947368421052632,0.0,20
B,RandomForest,3,1279,wed,0.0,0.09581029798931824,0.0,0.9774938094146041,0.8055555555555556,0.0,20
B,RandomForest,3,1280,wed,1.0,0.23022280019608676,0.0,0.9774938094146041,0.8055555555555556,0.0,20
B,RandomForest,3,1281,wed,1.0,0.24706042177642576,0.0,0.9774938094146041,0.8055555555555556,0.0,20
B,RandomForest,3,1282,wed,1.0,0.17539613296491857,0.0,0.9774938094146041,0.8055555555555556,0.0,20
B,RandomForest,3,1283,wed,0.0,0.01992068025915685,0.0,0.969174420780458,0.8235294117647058,0.0,20
B,RandomForest,3,1284,wed,1.0,0.1760277251861129,0.0,0.9735377045555065,0.8431372549019608,0.0,20
B,RandomForest,3,1285,wed,0.0,0.11963850698274582,0.0,0.9623003476217827,0.7843137254901961,0.0,20
B,RandomForest,3,1286,wed,0.0,0.034731155663365085,0.0,0.9569437917710943,0.8125,0.0,20
B,RandomForest,3,1287,wed,0.0,0.034731155663365085,0.0,0.9650772765246449,0.88,0.0,20
B,RandomForest,3,1288,wed,1.0,0.17834676978455025,0.0,0.9742836257309941,0.9066666666666666,0.0,20
B,RandomForest,3,1289,wed,1.0,0.0586694904860998,0.0,0.9650772765246449,0.88,0.0,20
B,RandomForest,3,1290,wed,1.0,0.3699744043495665,0.0,0.9650772765246449,0.88,0.0,20
B,RandomForest,3,1291,wed,1.0,0.03966048220003767,0.0,0.955187166634535,0.8533333333333333,0.0,20
B,RandomForest,3,1292,wed,1.0,0.059956902379762395,0.0,0.955187166634535,0.8533333333333333,0.0,20
B,RandomForest,3,1293,wed,1.0,0.0649569023797624,0.0,0.9642041944983121,0.8933333333333333,0.0,20
B,RandomForest,3,1294,wed,1.0,0.05124115876598946,0.0,0.9535204338145514,0.8666666666666667,0.0,20
B,RandomForest,3,1295,wed,1.0,0.000978312443161597,0.0,0.9328872443346127,0.7999999999999999,0.0,20
B,RandomForest,3,1296,wed,1.0,0.059956902379762395,0.0,0.92008227152964,0.7733333333333333,0.0,20
B,RandomForest,3,1297,wed,1.0,0.12,0.0,0.92008227152964,0.7733333333333333,0.0,20
B,RandomForest,3,1298,wed,1.0,0.03838947135803129,0.0,0.9059848874322559,0.7466666666666666,0.0,20
B,RandomForest,3,1299,wed,1.0,0.01,0.0,0.9342383721906748,0.765625,0.0,20
B,RandomForest,3,1300,wed,1.0,0.000978312443161597,0.0,0.9158257030959237,0.703125,0.0,20
B,RandomForest,3,1301,wed,1.0,0.0649569023797624,0.0,0.9059670721435427,0.6875,0.0,20
B,RandomForest,3,1302,wed,1.0,0.175,0.0,0.9059670721435427,0.6875,0.0,20
B,RandomForest,3,1303,wed,1.0,0.03838947135803129,0.0,0.9169884901718813,0.6470588235294118,0.0,20
B,RandomForest,3,1304,wed,1.0,0.027347728377168642,0.0,0.8994153410027114,0.5882352941176472,0.0,20
B,RandomForest,3,1305,wed,1.0,0.20981943551685853,0.0,0.9751770152505448,0.7777777777777778,0.0,20
B,RandomForest,3,1306,wed,1.0,0.04335501974081216,0.0,0.9882417440660475,0.7894736842105263,0.0,20
B,RandomForest,3,1307,wed,1.0,0.03338947135803128,0.0,1.0,,0.0,20
B,RandomForest,3,1308,wed,1.0,0.0649569023797624,0.0,1.0000000000000002,,0.0,20
B,RandomForest,3,1309,wed,1.0,0.06997440434956653,0.0,1.0000000000000002,,0.0,20
B,RandomForest,3,1310,wed,1.0,0.059956902379762395,0.0,1.0000000000000002,,0.0,20
B,RandomForest,3,1311,wed,1.0,0.01871029901328617,0.0,1.0000000000000002,,0.0,20
B,RandomForest,3,1312,wed,1.0,0.04995690237976239,0.0,1.0000000000000002,,0.0,20
B,RandomForest,3,1313,wed,1.0,0.04995690237976239,0.0,1.0000000000000002,,0.0,20
B,RandomForest,3,1314,wed,1.0,0.01371029901328617,0.0,1.0,,0.0,20
B,RandomForest,3,1315,wed,1.0,0.005791380137533981,0.0,1.0,,0.0,20
B,RandomForest,3,1316,wed,1.0,0.0649569023797624,0.0,1.0,,0.0,20
B,RandomForest,3,1317,wed,1.0,0.005906181975626507,0.0,1.0,,0.0,20
B,RandomForest,3,1318,wed,1.0,0.027347728377168642,0.0,1.0,,0.0,20
B,RandomForest,3,1319,wed,1.0,0.06997440434956653,0.0,1.0,,0.0,20
B,RandomForest,3,1320,wed,1.0,0.0649569023797624,0.0,1.0,,0.0,20
B,RandomForest,3,1321,wed,1.0,0.05624115876598946,0.0,1.0,,0.0,20
B,RandomForest,3,1322,wed,1.0,0.06997440434956653,0.0,1.0,,0.0,20
B,RandomForest,3,1323,wed,1.0,0.010854681975626508,0.0,1.0,,0.0,20
B,RandomForest,3,1324,wed,1.0,0.026196389435901288,0.0,1.0,,0.0,20
B,RandomForest,3,1325,wed,1.0,0.07497440434956654,0.0,1.0,,0.0,20
B,RandomForest,3,1326,wed,1.0,0.0649569023797624,0.0,1.0,,0.0,20
B,RandomForest,3,1327,wed,1.0,0.005906181975626507,0.0,1.0,,0.0,20
B,RandomForest,3,1328,wed,1.0,0.0649569023797624,0.0,1.0,,0.0,20
B,RandomForest,3,1329,wed,1.0,0.02824144362632914,0.0,1.0,,0.0,20
B,RandomForest,3,1330,wed,1.0,0.005906181975626507,0.0,1.0,,0.0,20
B,RandomForest,3,1331,wed,1.0,0.0649569023797624,0.0,1.0,,0.0,20
B,RandomForest,3,1332,wed,1.0,0.028710299013286172,0.0,1.0,,0.0,20
B,RandomForest,3,1333,wed,1.0,0.02371029901328617,0.0,1.0,,0.0,20
B,RandomForest,3,1334,wed,1.0,0.0649569023797624,0.0,1.0,,0.0,20
B,RandomForest,3,1335,wed,1.0,0.039692904117546196,0.0,1.0,,0.0,20
B,RandomForest,3,1336,wed,1.0,0.0649569023797624,0.0,1.0,,0.0,20
B,RandomForest,3,1337,wed,1.0,0.16115726689842344,0.0,1.0,,0.0,20
B,RandomForest,3,1338,wed,1.0,0.03838947135803129,0.0,1.0,,0.0,20
B,RandomForest,3,1339,wed,1.0,0.0649569023797624,0.0,1.0,,0.0,20
B,RandomForest,3,1340,wed,1.0,0.005906181975626507,0.0,1.0000000000000002,,0.0,20
B,RandomForest,3,1341,wed,1.0,0.175,0.0,1.0000000000000002,,0.0,20
B,RandomForest,3,1342,wed,1.0,0.0649569023797624,0.0,1.0,,0.0,20
B,RandomForest,3,1343,wed,1.0,0.059956902379762395,0.0,1.0,,0.0,20
B,RandomForest,3,1344,wed,1.0,0.0649569023797624,0.0,1.0,,0.0,20
B,RandomForest,3,1345,wed,1.0,0.0649569023797624,0.0,1.0,,0.0,20
B,RandomForest,3,1346,wed,1.0,0.0649569023797624,0.0,1.0,,0.0,20
B,RandomForest,3,1347,wed,1.0,0.059956902379762395,0.0,1.0,,0.0,20
B,RandomForest,3,1348,wed,1.0,0.06997440434956653,0.0,1.0,,0.0,20
B,RandomForest,3,1349,wed,1.0,0.028389471358031285,0.0,1.0,,0.0,20
B,RandomForest,3,1350,wed,1.0,0.0649569023797624,0.0,1.0,,0.0,20
B,RandomForest,3,1351,wed,1.0,0.02371029901328617,0.0,1.0,,0.0,20
B,RandomForest,3,1352,wed,1.0,0.03338947135803128,0.0,1.0,,0.0,20
B,RandomForest,3,1353,wed,1.0,0.08118908870382398,0.0,1.0000000000000002,,0.0,20
B,RandomForest,3,1354,wed,1.0,0.02363742936388247,0.0,1.0000000000000002,,0.0,20
B,RandomForest,3,1355,wed,1.0,0.205,0.0,1.0000000000000002,,0.0,20
B,RandomForest,3,1356,wed,1.0,0.0649569023797624,0.0,1.0000000000000002,,0.0,20
B,RandomForest,3,1357,wed,1.0,0.01573367281103198,0.0,1.0000000000000002,,0.0,20
B,RandomForest,3,1358,wed,1.0,0.06997440434956653,0.0,1.0,,0.0,20
B,RandomForest,3,1359,wed,1.0,0.04995690237976239,0.0,1.0,,0.0,20
B,RandomForest,3,1360,wed,1.0,0.01871029901328617,0.0,1.0,,0.0,20
B,RandomForest,3,1361,wed,1.0,0.175,0.0,1.0,,0.0,20
B,RandomForest,3,1362,wed,1.0,0.03838947135803129,0.0,1.0,,0.0,20
B,RandomForest,3,1363,wed,1.0,0.005906181975626507,0.0,1.0,,0.0,20
B,RandomForest,3,1364,wed,1.0,0.0649569023797624,0.0,1.0,,0.0,20
B,RandomForest,3,1365,wed,1.0,0.04335501974081216,0.0,1.0,,0.0,20
B,RandomForest,3,1366,wed,1.0,0.01573367281103198,0.0,1.0,,0.0,20
B,RandomForest,3,1367,wed,1.0,0.0649569023797624,0.0,1.0,,0.0,20
B,RandomForest,3,1368,wed,1.0,0.03338947135803128,0.0,1.0000000000000002,,0.0,20
B,RandomForest,3,1369,wed,1.0,0.02838947135803128,0.0,1.0000000000000002,,0.0,20
B,RandomForest,3,1370,wed,1.0,0.0649569023797624,0.0,1.0000000000000002,,0.0,20
B,RandomForest,3,1371,wed,1.0,0.02371029901328617,0.0,1.0000000000000002,,0.0,20
B,RandomForest,3,1372,wed,1.0,0.05495690237976239,0.0,1.0,,0.0,20
B,RandomForest,3,1373,wed,1.0,0.03338947135803128,0.0,1.0000000000000002,,0.0,20
B,RandomForest,3,1374,wed,1.0,0.02371029901328617,0.0,1.0000000000000002,,0.0,20
B,RandomForest,3,1375,wed,1.0,0.0649569023797624,0.0,1.0000000000000002,,0.0,20
B,RandomForest,3,1376,wed,1.0,0.02338947135803128,0.0,1.0000000000000002,,0.0,20
B,RandomForest,3,1377,wed,1.0,0.02824144362632914,0.0,1.0000000000000002,,0.0,20
B,RandomForest,3,1378,wed,1.0,0.0649569023797624,0.0,1.0000000000000002,,0.0,20
B,RandomForest,3,1379,wed,1.0,0.010854681975626508,0.0,1.0000000000000002,,0.0,20
B,RandomForest,3,1380,wed,1.0,0.0649569023797624,0.0,1.0000000000000002,,0.0,20
B,RandomForest,3,1381,wed,1.0,0.05495690237976239,0.0,1.0000000000000002,,0.0,20
B,RandomForest,3,1382,wed,1.0,0.0649569023797624,0.0,1.0,,0.0,20
B,RandomForest,3,1383,wed,1.0,0.01,0.0,1.0,,0.0,20
B,RandomForest,3,1384,wed,1.0,0.02371029901328617,0.0,1.0000000000000002,,0.0,20
B,RandomForest,3,1385,wed,1.0,0.02338947135803128,0.0,1.0,,0.0,20
B,RandomForest,3,1386,wed,1.0,0.06995690237976239,0.0,1.0,,0.0,20
B,RandomForest,3,1387,wed,1.0,0.059956902379762395,0.0,1.0,,0.0,20
B,RandomForest,3,1388,wed,1.0,0.0649569023797624,0.0,1.0,,0.0,20
B,RandomForest,3,1389,wed,1.0,0.08966831249627283,0.0,1.0,,0.0,20
B,RandomForest,3,1390,wed,1.0,0.02824144362632914,0.0,1.0,,0.0,20
B,RandomForest,3,1391,wed,1.0,0.028710299013286172,0.0,1.0,,0.0,20
B,RandomForest,3,1392,wed,1.0,0.06997440434956653,0.0,1.0000000000000002,,0.0,20
B,RandomForest,3,1393,wed,1.0,0.0649569023797624,0.0,1.0000000000000002,,0.0,20
B,RandomForest,3,1394,wed,1.0,0.05495690237976239,0.0,1.0000000000000002,,0.0,20
B,RandomForest,3,1395,wed,1.0,0.01950167915082015,0.0,1.0000000000000002,,0.0,20
B,RandomForest,3,1396,wed,1.0,0.028710299013286172,0.0,1.0000000000000002,,0.0,20
B,RandomForest,3,1397,wed,1.0,0.18,0.0,1.0000000000000002,,0.0,20
B,RandomForest,3,1398,wed,1.0,0.195,0.0,1.0000000000000002,,0.0,20
B,RandomForest,3,1399,wed,1.0,0.2,0.0,1.0000000000000002,,0.0,20
B,RandomForest,3,1400,wed,1.0,0.185,0.0,1.0,,0.0,20
B,RandomForest,3,1401,wed,1.0,0.0649569023797624,0.0,1.0,,0.0,20
B,RandomForest,3,1402,wed,1.0,0.005906181975626507,0.0,1.0,,0.0,20
B,RandomForest,3,1403,wed,1.0,0.0649569023797624,0.0,1.0,,0.0,20
B,RandomForest,3,1404,wed,1.0,0.0649569023797624,0.0,1.0000000000000002,,0.0,20
B,RandomForest,3,1405,wed,1.0,0.03340720212193679,0.0,1.0000000000000002,,0.0,20
B,RandomForest,3,1406,wed,1.0,0.06997440434956653,0.0,1.0000000000000002,,0.0,20
B,RandomForest,3,1407,wed,1.0,0.01871029901328617,0.0,1.0000000000000002,,0.0,20
B,RandomForest,3,1408,wed,1.0,0.18,0.0,1.0,,0.0,20
B,RandomForest,3,1409,wed,1.0,0.18,0.0,1.0,,0.0,20
B,RandomForest,3,1410,wed,1.0,0.02824144362632914,0.0,1.0,,0.0,20
B,RandomForest,3,1411,wed,1.0,0.0649569023797624,0.0,1.0,,0.0,20
B,RandomForest,3,1412,wed,1.0,0.010854681975626508,0.0,1.0,,0.0,20
B,RandomForest,3,1413,wed,1.0,0.010854681975626508,0.0,1.0,,0.0,20
B,RandomForest,3,1414,wed,1.0,0.175,0.0,1.0,,0.0,20
B,RandomForest,3,1415,wed,1.0,0.18,0.0,1.0,,0.0,20
B,RandomForest,3,1416,wed,1.0,0.008710299013286169,0.0,1.0,,0.0,20
B,RandomForest,3,1417,wed,1.0,0.20981943551685853,0.0,1.0000000000000002,,0.0,20
B,RandomForest,3,1418,wed,1.0,0.03335501974081216,0.0,1.0,,0.0,20
B,RandomForest,3,1419,wed,1.0,0.18,0.0,1.0,,0.0,20
B,RandomForest,3,1420,wed,1.0,0.20990562553672343,0.0,1.0,,0.0,20
B,RandomForest,3,1421,wed,1.0,0.175,0.0,1.0000000000000002,,0.0,20
B,RandomForest,3,1422,wed,1.0,0.18,0.0,1.0000000000000002,,0.0,20
B,RandomForest,3,1423,wed,1.0,0.02338947135803128,0.0,1.0000000000000002,,0.0,20
B,RandomForest,3,1424,wed,1.0,0.05495690237976239,0.0,1.0000000000000002,,0.0,20
B,RandomForest,3,1425,wed,1.0,0.0749569023797624,0.0,1.0000000000000002,,0.0,20
B,RandomForest,3,1426,wed,1.0,0.02838947135803128,0.0,1.0000000000000002,,0.0,20
B,RandomForest,3,1427,wed,1.0,0.175,0.0,1.0,,0.0,20
B,RandomForest,3,1428,wed,1.0,0.01371029901328617,0.0,1.0,,0.0,20
B,RandomForest,3,1429,wed,1.0,0.005,0.0,1.0000000000000002,,0.0,20
B,RandomForest,3,1430,wed,1.0,0.225,0.0,1.0000000000000002,,0.0,20
B,RandomForest,3,1431,wed,1.0,0.0649569023797624,0.0,1.0000000000000002,,0.0,20
B,RandomForest,3,1432,wed,1.0,0.005906181975626507,0.0,1.0,,0.0,20
B,RandomForest,3,1433,wed,1.0,0.0649569023797624,0.0,1.0000000000000002,,0.0,20
B,RandomForest,3,1434,wed,1.0,0.175,0.0,1.0000000000000002,,0.0,20
B,RandomForest,3,1435,wed,1.0,0.005906181975626507,0.0,1.0000000000000002,,0.0,20
B,RandomForest,3,1436,wed,1.0,0.0649569023797624,0.0,1.0000000000000002,,0.0,20
B,RandomForest,3,1437,wed,1.0,0.0649569023797624,0.0,1.0,,0.0,20
B,RandomForest,3,1438,wed,1.0,0.08042305694819193,0.0,1.0,,0.0,20
B,RandomForest,3,1439,wed,1.0,0.005906181975626507,0.0,1.0,,0.0,20
B,RandomForest,3,1440,wed,1.0,0.175,0.0,1.0,,0.0,20
B,RandomForest,3,1441,wed,1.0,0.18,0.0,1.0,,0.0,20
B,RandomForest,3,1442,wed,1.0,0.08148735290946303,0.0,1.0,,0.0,20
B,RandomForest,3,1443,wed,1.0,0.059956902379762395,0.0,1.0,,0.0,20
B,RandomForest,3,1444,wed,1.0,0.02371029901328617,0.0,1.0,,0.0,20
B,RandomForest,3,1445,wed,1.0,0.06997440434956653,0.0,1.0,,0.0,20
B,RandomForest,3,1446,wed,1.0,0.18,0.0,1.0,,0.0,20
B,RandomForest,3,1447,wed,1.0,0.2,0.0,1.0,,0.0,20
B,RandomForest,3,1448,wed,1.0,0.02363742936388247,0.0,1.0,,0.0,20
B,RandomForest,3,1449,wed,1.0,0.20990562553672343,0.0,1.0,,0.0,20
B,RandomForest,3,1450,wed,1.0,0.18,0.0,1.0,,0.0,20
B,RandomForest,3,1451,wed,1.0,0.01,0.0,1.0,,0.0,20
B,RandomForest,3,1452,wed,1.0,0.13,0.0,1.0000000000000002,,0.0,20
B,RandomForest,3,1453,wed,1.0,0.18,0.0,1.0000000000000002,,0.0,20
B,RandomForest,3,1454,wed,1.0,0.185,0.0,1.0000000000000002,,0.0,20
B,RandomForest,3,1455,wed,1.0,0.185,0.0,1.0,,0.0,20
B,RandomForest,3,1456,wed,1.0,0.06997440434956653,0.0,1.0,,0.0,20
B,RandomForest,3,1457,wed,1.0,0.18,0.0,1.0,,0.0,20
B,RandomForest,3,1458,wed,1.0,0.195,0.0,1.0,,0.0,20
B,RandomForest,3,1459,wed,1.0,0.175,0.0,1.0,,0.0,20
B,RandomForest,3,1460,wed,1.0,0.005906181975626507,0.0,1.0,,0.0,20
B,RandomForest,3,1461,wed,1.0,0.185,0.0,1.0,,0.0,20
B,RandomForest,3,1462,wed,1.0,0.18,0.0,1.0,,0.0,20
B,RandomForest,3,1463,wed,1.0,0.18,0.0,1.0,,0.0,20
B,RandomForest,3,1464,wed,1.0,0.205,0.0,1.0000000000000002,,0.0,20
B,RandomForest,3,1465,wed,1.0,0.0649569023797624,0.0,1.0000000000000002,,0.0,20
B,RandomForest,3,1466,wed,1.0,0.225,0.0,1.0000000000000002,,0.0,20
B,RandomForest,3,1467,wed,1.0,0.175,0.0,1.0000000000000002,,0.0,20
B,RandomForest,3,1468,wed,1.0,0.18,0.0,1.0000000000000002,,0.0,20
B,RandomForest,3,1469,wed,1.0,0.027347728377168642,0.0,1.0,,0.0,20
B,RandomForest,3,1470,wed,1.0,0.18,0.0,1.0,,0.0,20
B,RandomForest,3,1471,wed,1.0,0.03835501974081216,0.0,1.0,,0.0,20
B,RandomForest,3,1472,wed,1.0,0.014498536396160893,0.0,1.0,,0.0,20
B,RandomForest,3,1473,wed,1.0,0.11,0.0,1.0,,0.0,20
B,RandomForest,3,1474,wed,0.0,0.0798422314875987,0.0,0.981216230721282,0.6842105263157895,0.0,20
B,RandomForest,3,1475,wed,1.0,0.0956230519152974,0.0,0.9812162307212817,0.6842105263157895,0.0,20
B,RandomForest,3,1476,wed,0.0,0.09948186144826268,0.0,0.9638964545182296,0.6944444444444444,0.0,20
B,RandomForest,3,1477,wed,0.0,0.06708876749744808,0.0,0.9444905766545723,0.6862745098039217,0.0,20
B,RandomForest,3,1478,wed,1.0,0.03846936677108956,0.0,0.9318943493524625,0.627450980392157,0.0,20
B,RandomForest,3,1479,wed,1.0,0.0633234384666197,0.0,0.9183143019488857,0.5686274509803921,0.0,20
B,RandomForest,3,1480,wed,1.0,0.12,0.0,0.9318943493524627,0.627450980392157,0.0,20
B,RandomForest,3,1481,wed,1.0,0.029501679150820154,0.0,0.9183143019488857,0.5686274509803921,0.0,20
B,RandomForest,3,1482,wed,1.0,0.01,0.0,0.9035798533909079,0.5098039215686274,0.0,20
B,RandomForest,3,1483,wed,1.0,0.12,0.0,0.9035798533909079,0.5098039215686274,0.0,20
B,RandomForest,3,1484,wed,1.0,0.034731155663365085,0.0,0.8874702277224586,0.4509803921568628,0.0,20
B,RandomForest,3,1485,wed,1.0,0.11,0.0,0.9035798533909079,0.5098039215686274,0.0,20
B,RandomForest,3,1486,wed,1.0,0.0633234384666197,0.0,0.8873673893843261,0.4509803921568628,0.0,20
B,RandomForest,3,1487,wed,1.0,0.115,0.0,0.8873673893843261,0.4509803921568628,0.0,20
B,RandomForest,3,1488,wed,1.0,0.125,0.0,0.8873673893843261,0.4509803921568628,0.0,20
B,RandomForest,3,1489,wed,1.0,0.09363926549437693,0.0,0.8965546073950736,0.4901960784313726,0.0,20
B,RandomForest,3,1490,wed,1.0,0.017903198945900835,0.0,0.879489238123822,0.43137254901960786,0.0,20
B,RandomForest,3,1491,wed,1.0,0.03624115876598946,0.0,0.879489238123822,0.43137254901960786,0.0,20
B,RandomForest,3,1492,wed,1.0,0.12,0.0,0.8965546073950736,0.4901960784313726,0.0,20
B,RandomForest,3,1493,wed,1.0,0.04492084957690629,0.0,0.879489238123822,0.43137254901960786,0.0,20
B,RandomForest,3,1494,wed,0.0,0.034731155663365085,0.0,0.8995263088961867,0.5392156862745099,0.0,20
B,RandomForest,3,1495,wed,0.0,0.06708876749744808,0.0,0.861123364241108,0.5078125,0.0,20
B,RandomForest,3,1496,wed,0.0,0.12551929640685336,0.0,0.7274924118601556,0.4140625,0.0,20
B,RandomForest,3,1497,wed,0.0,0.07749852391156231,0.0,0.7274924118601557,0.4140625,0.0,20
B,RandomForest,3,1498,wed,0.0,0.0835694037871912,0.0,0.6926911395564648,0.43333333333333335,0.0,20
B,RandomForest,3,1499,wed,0.0,0.0810744134405198,0.0,0.6637490927545107,0.45833333333333337,0.0,20
B,RandomForest,3,1500,wed,0.0,0.1760277251861129,0.0,0.5593667571876669,0.36813186813186816,0.0,20
B,RandomForest,3,1501,wed,0.0,0.1899550457855369,0.0,0.4929889494034231,0.34895833333333337,0.0,20
B,RandomForest,3,1502,wed,0.0,0.08560314081975562,0.0,0.46967653089944106,0.39898989898989906,0.0,20
B,RandomForest,3,1503,wed,0.0,0.08675964404091786,0.0,0.42442724458204334,0.385,0.0,20
B,RandomForest,3,1504,wed,0.0,0.08148735290946303,0.0,0.40501205355436526,0.43434343434343436,0.0,20
B,RandomForest,3,1505,wed,0.0,0.06708876749744808,0.0,0.3516429707848051,0.40625,0.0,20
B,RandomForest,3,1506,wed,0.0,0.08966831249627283,0.0,0.33634190518312584,0.4615384615384615,0.0,20
B,RandomForest,3,1507,wed,0.0,0.13303859989976788,0.0,0.24952183358723606,0.38095238095238093,0.0,20
B,RandomForest,3,1508,wed,0.0,0.03340720212193679,0.0,0.19374871001031993,0.3466666666666667,0.0,20
B,RandomForest,3,1509,wed,0.0,0.08560314081975562,0.0,0.13137899896800825,0.25,0.0,20
B,RandomForest,3,1510,wed,0.0,0.12551929640685336,0.0,0.10518790849673203,0.3137254901960784,0.0,20
B,RandomForest,3,1511,wed,0.0,0.2156424398036755,0.0,0.07819794584500467,0.38888888888888895,0.0,20
B,RandomForest,3,1512,wed,0.0,0.08675964404091786,0.0,0.027777777777777776,0.10526315789473684,0.0,20
B,RandomForest,3,1513,wed,0.0,0.09060516330569182,0.0,0.5,,0.0,20
B,RandomForest,3,1514,wed,0.0,0.0956230519152974,0.0,0.5,,0.0,20
B,RandomForest,3,1515,wed,0.0,0.08118908870382398,0.0,0.5,,0.0,20
B,RandomForest,3,1516,wed,0.0,0.2725618806526028,0.0,0.5,,0.0,20
B,RandomForest,3,1517,wed,0.0,0.034731155663365085,0.0,0.5,,0.0,20
B,RandomForest,3,1518,wed,0.0,0.13051929640685336,0.0,0.5,,0.0,20
B,RandomForest,3,1519,wed,0.0,0.24260024520256418,0.0,0.5,,0.0,20
B,RandomForest,3,1520,wed,0.0,0.23281383265259453,0.0,0.5,,0.0,20
B,RandomForest,3,1521,wed,0.0,0.12551929640685336,0.0,0.5,,0.0,20
B,RandomForest,3,1522,wed,0.0,0.14551929640685338,0.0,0.5,,0.0,20
B,RandomForest,3,1523,wed,0.0,0.17585000832408546,0.0,0.5,,0.0,20
B,RandomForest,3,1524,wed,0.0,0.12551929640685336,0.0,0.5,,0.0,20
B,RandomForest,3,1525,wed,0.0,0.25206042177642574,0.0,0.5,,0.0,20
B,RandomForest,3,1526,wed,0.0,0.034731155663365085,0.0,0.5,,0.0,20
B,RandomForest,3,1527,wed,0.0,0.034731155663365085,0.0,0.5,,0.0,20
B,RandomForest,3,1528,wed,0.0,0.14799731485257067,0.0,0.5,,0.0,20
B,RandomForest,3,1529,wed,0.0,0.03340720212193679,0.0,0.5,,0.0,20
B,RandomForest,3,1530,wed,0.0,0.08148735290946303,0.0,0.5,,0.0,20
B,RandomForest,3,1531,wed,0.0,0.03340720212193679,0.0,0.5,,0.0,20
B,RandomForest,3,1532,wed,0.0,0.08148735290946303,0.0,0.5,,0.0,20
B,RandomForest,3,1533,wed,0.0,0.015,0.0,0.5,,0.0,20
B,RandomForest,3,1534,wed,0.0,0.08560314081975562,0.0,0.5,,0.0,20
B,RandomForest,3,1535,wed,0.0,0.08675964404091786,0.0,0.5,,0.0,20
B,RandomForest,3,1536,wed,0.0,0.08148735290946303,0.0,0.5,,0.0,20
B,RandomForest,3,1537,wed,0.0,0.285,0.0,0.5,,0.0,20
B,RandomForest,3,1538,wed,0.0,0.09363926549437693,0.0,0.5,,0.0,20
B,RandomForest,3,1539,wed,0.0,0.034731155663365085,0.0,0.5,,0.0,20
B,RandomForest,3,1540,wed,0.0,0.17109193484623808,0.0,0.5,,0.0,20
B,RandomForest,3,1541,wed,0.0,0.08148735290946303,0.0,0.5,,0.0,20
B,RandomForest,3,1542,wed,0.0,0.09581029798931824,0.0,0.5,,0.0,20
B,RandomForest,3,1543,wed,0.0,0.03340720212193679,0.0,0.5,,0.0,20
B,RandomForest,3,1544,wed,0.0,0.08118908870382398,0.0,0.5,,0.0,20
B,RandomForest,3,1545,wed,0.0,0.06708876749744808,0.0,0.5,,0.0,20
B,RandomForest,3,1546,wed,0.0,0.08893862531014879,0.0,0.5,,0.0,20
B,RandomForest,3,1547,wed,0.0,0.034731155663365085,0.0,0.5,,0.0,20
B,RandomForest,3,1548,wed,0.0,0.01992068025915685,0.0,0.5,,0.0,20
B,RandomForest,3,1549,wed,0.0,0.06708876749744808,0.0,0.5,,0.0,20
B,RandomForest,3,1550,wed,0.0,0.06708876749744808,0.0,0.5,,0.0,20
B,RandomForest,3,1551,wed,0.0,0.08560314081975562,0.0,0.5,,0.0,20
B,RandomForest,3,1552,wed,0.0,0.21065671932547414,0.0,0.5,,0.0,20
B,RandomForest,3,1553,wed,0.0,0.034731155663365085,0.0,0.5,,0.0,20
B,RandomForest,3,1554,wed,0.0,0.08958312244719263,0.0,0.5,,0.0,20
B,RandomForest,3,1555,wed,0.0,0.06708876749744808,0.0,0.5,,0.0,20
B,RandomForest,3,1556,wed,0.0,0.03340720212193679,0.0,0.5,,0.0,20
B,RandomForest,3,1557,wed,0.0,0.06464739200804799,0.0,0.5,,0.0,20
B,RandomForest,3,1558,wed,0.0,0.09060516330569182,0.0,0.5,,0.0,20
B,RandomForest,3,1559,wed,0.0,0.07749852391156231,0.0,0.5,,0.0,20
B,RandomForest,3,1560,wed,0.0,0.08825979363159622,0.0,0.5,,0.0,20
B,RandomForest,3,1561,wed,0.0,0.034731155663365085,0.0,0.5,,0.0,20
B,RandomForest,3,1562,wed,0.0,0.0956230519152974,0.0,0.5,,0.0,20
B,RandomForest,3,1563,wed,0.0,0.03340720212193679,0.0,0.5,,0.0,20
B,RandomForest,3,1564,wed,0.0,0.09060516330569182,0.0,0.5,,0.0,20
B,RandomForest,3,1565,wed,0.0,0.034731155663365085,0.0,0.5,,0.0,20
B,RandomForest,3,1566,wed,0.0,0.09635250800197817,0.0,0.5,,0.0,20
B,RandomForest,3,1567,wed,0.0,0.03992084957690629,0.0,0.5,,0.0,20
B,RandomForest,3,1568,wed,0.0,0.08148735290946303,0.0,0.5,,0.0,20
B,RandomForest,3,1569,wed,0.0,0.04467701174246845,0.0,0.5,,0.0,20
B,RandomForest,3,1570,wed,1.0,0.09060516330569182,0.0,0.08333333333333333,0.7894736842105263,0.0,20
B,RandomForest,3,1571,wed,0.0,0.09813583088453676,0.0,0.07142857142857142,0.7368421052631579,0.0,20
B,RandomForest,3,1572,wed,0.0,0.09029112084646662,0.0,0.08333333333333333,0.7894736842105263,0.0,20
B,RandomForest,3,1573,wed,0.0,0.0633234384666197,0.0,0.08333333333333333,0.7894736842105263,0.0,20
B,RandomForest,3,1574,wed,0.0,0.01477925557927412,0.0,0.08333333333333333,0.7894736842105263,0.0,20
B,RandomForest,3,1575,wed,0.0,0.029742701135014107,0.0,0.08333333333333333,0.7894736842105263,0.0,20
B,RandomForest,3,1576,wed,0.0,0.02,0.0,0.08333333333333333,0.7894736842105263,0.0,20
B,RandomForest,3,1577,wed,0.0,0.034731155663365085,0.0,0.08333333333333333,0.7894736842105263,0.0,20
B,RandomForest,3,1578,wed,0.0,0.06464739200804799,0.0,0.1,0.8157894736842105,0.0,20
B,RandomForest,3,1579,wed,0.0,0.01477925557927412,0.0,0.1,0.8157894736842105,0.0,20
B,RandomForest,3,1580,wed,0.0,0.06464739200804799,0.0,0.1,0.8157894736842105,0.0,20
B,RandomForest,3,1581,wed,0.0,0.08118908870382398,0.0,0.1,0.8157894736842106,0.0,20
B,RandomForest,3,1582,wed,0.0,0.01371029901328617,0.0,0.125,0.868421052631579,0.0,20
B,RandomForest,3,1583,wed,0.0,0.0835694037871912,0.0,0.125,0.868421052631579,0.0,20
B,RandomForest,3,1584,wed,0.0,0.06464739200804799,0.0,0.16666666666666666,0.8947368421052632,0.0,20
B,RandomForest,3,1585,wed,0.0,0.08728890389922067,0.0,0.16666666666666666,0.894736842105263,0.0,20
B,RandomForest,3,1586,wed,0.0,0.049662464665018696,0.0,0.25,0.9473684210526316,0.0,20
B,RandomForest,3,1587,wed,0.0,0.06464739200804799,0.0,0.25,0.9473684210526316,0.0,20
B,RandomForest,3,1588,wed,0.0,0.09625620407022505,0.0,0.16666666666666666,0.8947368421052632,0.0,20
B,RandomForest,3,1589,wed,0.0,0.06464739200804799,0.0,0.16666666666666666,0.8947368421052632,0.0,20
B,RandomForest,3,1590,wed,0.0,0.08148735290946303,0.0,0.5,,0.0,20
B,RandomForest,3,1591,wed,0.0,0.03340720212193679,0.0,0.5,,0.0,20
B,RandomForest,3,1592,wed,0.0,0.08118908870382398,0.0,0.5,,0.0,20
B,RandomForest,3,1593,wed,0.0,0.0956230519152974,0.0,0.5,,0.0,20
B,RandomForest,3,1594,wed,0.0,0.005,0.0,0.5,,0.0,20
B,RandomForest,3,1595,wed,0.0,0.08560314081975562,0.0,0.5,,0.0,20
B,RandomForest,3,1596,wed,0.0,0.07749852391156231,0.0,0.5,,0.0,20
B,RandomForest,3,1597,wed,0.0,0.0835694037871912,0.0,0.5,,0.0,20
B,RandomForest,3,1598,wed,0.0,0.09625620407022505,0.0,0.5,,0.0,20
B,RandomForest,3,1599,wed,0.0,0.08148735290946303,0.0,0.5,,0.0,20
B,RandomForest,3,1600,wed,0.0,0.024984107624922255,0.0,0.5,,0.0,20
B,RandomForest,3,1601,wed,0.0,0.014983775301267788,0.0,0.5,,0.0,20
B,RandomForest,3,1602,wed,0.0,0.014788368706940596,0.0,0.5,,0.0,20
B,RandomForest,3,1603,wed,0.0,0.00996344555573999,0.0,0.5,,0.0,20
B,RandomForest,3,1604,wed,0.0,0.012923528691428637,0.0,0.5,,0.0,20
B,RandomForest,3,1605,wed,0.0,0.034731155663365085,0.0,0.5,,0.0,20
B,RandomForest,3,1606,wed,0.0,0.08560314081975562,0.0,0.5,,0.0,20
B,RandomForest,3,1607,wed,0.0,0.16614387422993424,0.0,0.5,,0.0,20
B,RandomForest,3,1608,wed,0.0,0.06464739200804799,0.0,0.5,,0.0,20
B,RandomForest,3,1609,wed,0.0,0.008472633776570048,0.0,0.5,,0.0,20
B,RandomForest,3,1610,wed,0.0,0.08560314081975562,0.0,0.5,,0.0,20
B,RandomForest,3,1611,wed,0.0,0.015,0.0,0.5,,0.0,20
B,RandomForest,3,1612,wed,0.0,0.06464739200804799,0.0,0.5,,0.0,20
B,RandomForest,3,1613,wed,0.0,0.01624813222443764,0.0,0.5,,0.0,20
B,RandomForest,3,1614,wed,0.0,0.08118908870382398,0.0,0.5,,0.0,20
B,RandomForest,3,1615,wed,0.0,0.09625620407022505,0.0,0.5,,0.0,20
B,RandomForest,3,1616,wed,0.0,0.015,0.0,0.5,,0.0,20
B,RandomForest,3,1617,wed,0.0,0.06983304460669172,0.0,0.5,,0.0,20
B,RandomForest,3,1618,wed,0.0,0.043407202121936786,0.0,0.5,,0.0,20
B,RandomForest,3,1619,wed,0.0,0.005,0.0,0.5,,0.0,20
B,RandomForest,3,1620,wed,0.0,0.08560314081975562,0.0,0.5,,0.0,20
B,RandomForest,3,1621,wed,0.0,0.034731155663365085,0.0,0.5,,0.0,20
B,RandomForest,3,1622,wed,0.0,0.08560314081975562,0.0,0.5,,0.0,20
B,RandomForest,3,1623,wed,0.0,0.034731155663365085,0.0,0.5,,0.0,20
B,RandomForest,3,1624,wed,0.0,0.034731155663365085,0.0,0.5,,0.0,20
B,RandomForest,3,1625,wed,0.0,0.0810744134405198,0.0,0.5,,0.0,20
B,RandomForest,3,1626,wed,0.0,0.10141163403120153,0.0,0.5,,0.0,20
B,RandomForest,3,1627,wed,0.0,0.09581029798931824,0.0,0.5,,0.0,20
B,RandomForest,3,1628,wed,0.0,0.034731155663365085,0.0,0.5,,0.0,20
B,RandomForest,3,1629,wed,0.0,0.06708876749744808,0.0,0.5,,0.0,20
B,RandomForest,3,1630,wed,0.0,0.10936390860323698,0.0,0.5,,0.0,20
B,RandomForest,3,1631,wed,0.0,0.09060516330569182,0.0,0.5,,0.0,20
B,RandomForest,3,1632,wed,0.0,0.09581029798931824,0.0,0.5,,0.0,20
B,RandomForest,3,1633,wed,0.0,0.06708876749744808,0.0,0.5,,0.0,20
B,RandomForest,3,1634,wed,0.0,0.0956230519152974,0.0,0.5,,0.0,20
B,RandomForest,3,1635,wed,0.0,0.08578340883021422,0.0,0.5,,0.0,20
B,RandomForest,3,1636,wed,0.0,0.07184376837489262,0.0,0.5,,0.0,20
B,RandomForest,3,1637,wed,0.0,0.0956230519152974,0.0,0.5,,0.0,20
B,RandomForest,3,1638,wed,0.0,0.03969734148799625,0.0,0.5,,0.0,20
B,RandomForest,3,1639,wed,0.0,0.09859682293141471,0.0,0.5,,0.0,20
B,RandomForest,3,1640,wed,0.0,0.0810744134405198,0.0,0.5,,0.0,20
B,RandomForest,3,1641,wed,0.0,0.03462791300192993,0.0,0.5,,0.0,20
B,RandomForest,3,1642,wed,0.0,0.034731155663365085,0.0,0.5,,0.0,20
B,RandomForest,3,1643,wed,0.0,0.2981925102628131,0.0,0.5,,0.0,20
B,RandomForest,3,1644,wed,0.0,0.09581029798931824,0.0,0.5,,0.0,20
B,RandomForest,3,1645,wed,0.0,0.039692904117546196,0.0,0.5,,0.0,20
B,RandomForest,3,1646,wed,0.0,0.03340720212193679,0.0,0.5,,0.0,20
B,RandomForest,3,1647,wed,0.0,0.04467701174246845,0.0,0.5,,0.0,20
B,RandomForest,3,1648,wed,0.0,0.09813583088453676,0.0,0.5,,0.0,20
B,RandomForest,3,1649,wed,0.0,0.03340720212193679,0.0,0.5,,0.0,20
B,RandomForest,3,1650,wed,0.0,0.08476630024182881,0.0,0.5,,0.0,20
B,RandomForest,3,1651,wed,0.0,0.14799731485257067,0.0,0.5,,0.0,20
B,RandomForest,3,1652,wed,0.0,0.06708876749744808,0.0,0.5,,0.0,20
B,RandomForest,3,1653,wed,0.0,0.0956230519152974,0.0,0.5,,0.0,20
B,RandomForest,3,1654,wed,0.0,0.03288275250265534,0.0,0.5,,0.0,20
B,RandomForest,3,1655,wed,0.0,0.06464739200804799,0.0,0.5,,0.0,20
B,RandomForest,3,1656,wed,0.0,0.05499545002294168,0.0,0.5,,0.0,20
B,RandomForest,3,1657,wed,0.0,0.06472481388446504,0.0,0.5,,0.0,20
B,RandomForest,3,1658,wed,0.0,0.034731155663365085,0.0,0.5,,0.0,20
B,RandomForest,3,1659,wed,0.0,0.06708876749744808,0.0,0.5,,0.0,20
B,RandomForest,3,1660,wed,0.0,0.0956230519152974,0.0,0.5,,0.0,20
B,RandomForest,3,1661,wed,0.0,0.11963850698274582,0.0,0.5,,0.0,20
B,RandomForest,3,1662,wed,0.0,0.01291942364463305,0.0,0.5,,0.0,20
B,RandomForest,3,1663,wed,0.0,0.01992068025915685,0.0,0.5,,0.0,20
B,RandomForest,3,1664,wed,0.0,0.07749852391156231,0.0,0.5,,0.0,20
B,RandomForest,3,1665,wed,0.0,0.0956230519152974,0.0,0.5,,0.0,20
B,RandomForest,3,1666,wed,0.0,0.034731155663365085,0.0,0.5,,0.0,20
B,RandomForest,3,1667,wed,0.0,0.015227353946034113,0.0,0.5,,0.0,20
B,RandomForest,3,1668,wed,1.0,0.08802917650467683,0.0,0.08333333333333333,0.736842105263158,0.0,20
B,RandomForest,3,1669,wed,1.0,0.171485982086663,0.0,0.6130952380952381,0.861111111111111,0.0,20
B,RandomForest,3,1670,wed,1.0,0.0938717724585626,0.0,0.5188492063492063,0.803921568627451,0.0,20
B,RandomForest,3,1671,wed,1.0,0.10763676891448241,0.0,0.6071428571428571,0.859375,0.0,20
B,RandomForest,3,1672,wed,1.0,0.08802917650467683,0.0,0.5896825396825397,0.8266666666666667,0.0,20
B,RandomForest,3,1673,wed,1.0,0.08332853632044866,0.0,0.6340277777777777,0.8452380952380952,0.0,20
B,RandomForest,3,1674,wed,1.0,0.11152614703542987,0.0,0.6784013605442176,0.8461538461538461,0.0,20
B,RandomForest,3,1675,wed,1.0,0.09363926549437693,0.0,0.6830289502164502,0.8229166666666667,0.0,20
B,RandomForest,3,1676,wed,1.0,0.11564722716988898,0.0,0.7159211159211158,0.8181818181818181,0.0,20
B,RandomForest,3,1677,wed,1.0,0.1338001168546001,0.0,0.783878205128205,0.8200000000000001,0.0,20
B,RandomForest,3,1678,wed,1.0,0.13130021215793883,0.0,0.8279864075318621,0.8181818181818182,0.0,20
B,RandomForest,3,1679,wed,1.0,0.13072202424857854,0.0,0.8590683621933624,0.8125,0.0,20
B,RandomForest,3,1680,wed,1.0,0.10129372510649062,0.0,0.892088467088467,0.8461538461538461,0.0,20
B,RandomForest,3,1681,wed,1.0,0.09074241901227807,0.0,0.9634327973613688,0.9285714285714286,0.0,20
B,RandomForest,3,1682,wed,1.0,0.11249952115685175,0.0,0.9686081973581973,0.92,0.0,20
B,RandomForest,3,1683,wed,1.0,0.09625620407022505,0.0,0.972749026402519,0.90625,0.0,20
B,RandomForest,3,1684,wed,1.0,0.08846761816903813,0.0,0.9709910235861794,0.8627450980392157,0.0,20
B,RandomForest,3,1685,wed,1.0,0.11751740976645729,0.0,1.0,1.0,0.0,20
B,RandomForest,3,1686,wed,1.0,0.13073158354959044,0.0,0.9999999999999998,1.0,0.0,20
B,RandomForest,3,1687,wed,1.0,0.10243791755036623,0.0,1.0,,0.0,20
B,RandomForest,3,1688,wed,1.0,0.125,0.0,1.0000000000000002,,0.0,20
B,RandomForest,3,1689,wed,1.0,0.13,0.0,1.0000000000000002,,0.0,20
B,RandomForest,3,1690,wed,1.0,0.09761851048825312,0.0,1.0000000000000002,,0.0,20
B,RandomForest,3,1691,wed,1.0,0.12151953897842332,0.0,1.0000000000000002,,0.0,20
B,RandomForest,3,1692,wed,1.0,0.09443090658863788,0.0,1.0000000000000002,,0.0,20
B,RandomForest,3,1693,wed,1.0,0.1189570461798321,0.0,1.0000000000000002,,0.0,20
B,RandomForest,3,1694,wed,1.0,0.10313211329206119,0.0,1.0000000000000002,,0.0,20
B,RandomForest,3,1695,wed,1.0,0.125,0.0,1.0,,0.0,20
B,RandomForest,3,1696,wed,1.0,0.08814278032902897,0.0,1.0,,0.0,20
B,RandomForest,3,1697,wed,1.0,0.09761851048825312,0.0,1.0,,0.0,20
B,RandomForest,3,1698,wed,1.0,0.13814749571353235,0.0,1.0,,0.0,20
B,RandomForest,3,1699,wed,1.0,0.08846761816903813,0.0,1.0,,0.0,20
B,RandomForest,3,1700,wed,1.0,0.092028161136252,0.0,1.0,,0.0,20
B,RandomForest,3,1701,wed,1.0,0.10243791755036623,0.0,1.0,,0.0,20
B,RandomForest,3,1702,wed,1.0,0.0914525993389721,0.0,1.0,,0.0,20
B,RandomForest,3,1703,wed,1.0,0.12151953897842332,0.0,1.0000000000000002,,0.0,20
B,RandomForest,3,1704,wed,1.0,0.10742309420719864,0.0,1.0,,0.0,20
B,RandomForest,3,1705,wed,1.0,0.09001296292559731,0.0,1.0,,0.0,20
B,RandomForest,3,1706,wed,1.0,0.13657925472062002,0.0,1.0,,0.0,20
B,RandomForest,3,1707,wed,1.0,0.13130021215793883,0.0,1.0,,0.0,20
B,RandomForest,3,1708,wed,1.0,0.0914525993389721,0.0,1.0,,0.0,20
B,RandomForest,3,1709,wed,1.0,0.115,0.0,1.0,,0.0,20
B,RandomForest,3,1710,wed,1.0,0.09443090658863788,0.0,1.0,,0.0,20
B,RandomForest,3,1711,wed,1.0,0.10394834352090579,0.0,1.0,,0.0,20
B,RandomForest,3,1712,wed,1.0,0.11287621013183619,0.0,1.0,,0.0,20
B,RandomForest,3,1713,wed,1.0,0.09407770715873826,0.0,1.0,,0.0,20
B,RandomForest,3,1714,wed,1.0,0.1338001168546001,0.0,1.0,,0.0,20
B,RandomForest,3,1715,wed,1.0,0.10141163403120153,0.0,1.0,,0.0,20
B,RandomForest,3,1716,wed,1.0,0.11320971996848021,0.0,1.0,,0.0,20
B,RandomForest,3,1717,wed,1.0,0.13130021215793883,0.0,1.0,,0.0,20
B,RandomForest,3,1718,wed,1.0,0.09074241901227807,0.0,1.0,,0.0,20
B,RandomForest,3,1719,wed,1.0,0.09443090658863788,0.0,1.0,,0.0,20
B,RandomForest,3,1720,wed,1.0,0.10394834352090579,0.0,1.0,,0.0,20
B,RandomForest,3,1721,wed,1.0,0.12834468225866574,0.0,1.0,,0.0,20
B,RandomForest,3,1722,wed,1.0,0.12151953897842332,0.0,1.0,,0.0,20
B,RandomForest,3,1723,wed,1.0,0.14078098599156388,0.0,1.0,,0.0,20
B,RandomForest,3,1724,wed,1.0,0.115,0.0,1.0,,0.0,20
B,RandomForest,3,1725,wed,1.0,0.16040274498975088,0.0,1.0,,0.0,20
B,RandomForest,3,1726,wed,1.0,0.09499870244928971,0.0,1.0,,0.0,20
B,RandomForest,3,1727,wed,1.0,0.11230268204806226,0.0,1.0,,0.0,20
B,RandomForest,3,1728,wed,1.0,0.1225428198519067,0.0,1.0,,0.0,20
B,RandomForest,3,1729,wed,1.0,0.1369435249955613,0.0,1.0,,0.0,20
B,RandomForest,3,1730,wed,1.0,0.13,0.0,1.0,,0.0,20
B,RandomForest,3,1731,wed,1.0,0.13297819599487803,0.0,1.0000000000000002,,0.0,20
B,RandomForest,3,1732,wed,1.0,0.1621258202012247,0.0,1.0000000000000002,,0.0,20
B,RandomForest,3,1733,wed,1.0,0.0914525993389721,0.0,1.0000000000000002,,0.0,20
B,RandomForest,3,1734,wed,1.0,0.09074241901227807,0.0,1.0,,0.0,20
B,RandomForest,3,1735,wed,1.0,0.0963210834113686,0.0,1.0,,0.0,20
B,RandomForest,3,1736,wed,1.0,0.11723414543470384,0.0,1.0,,0.0,20
B,RandomForest,3,1737,wed,1.0,0.09064611508052493,0.0,1.0,,0.0,20
B,RandomForest,3,1738,wed,1.0,0.11161133708451004,0.0,1.0000000000000002,,0.0,20
B,RandomForest,3,1739,wed,1.0,0.13814749571353235,0.0,1.0000000000000002,,0.0,20
B,RandomForest,3,1740,wed,1.0,0.12443086506428648,0.0,1.0000000000000002,,0.0,20
B,RandomForest,3,1741,wed,1.0,0.09069150248445373,0.0,1.0000000000000002,,0.0,20
B,RandomForest,3,1742,wed,1.0,0.10122337491409258,0.0,1.0000000000000002,,0.0,20
B,RandomForest,3,1743,wed,1.0,0.12151953897842332,0.0,1.0000000000000002,,0.0,20
B,RandomForest,3,1744,wed,1.0,0.14654560030876362,0.0,1.0000000000000002,,0.0,20
B,RandomForest,3,1745,wed,1.0,0.1259720650098981,0.0,1.0000000000000002,,0.0,20
B,RandomForest,3,1746,wed,1.0,0.09706268832867221,0.0,1.0000000000000002,,0.0,20
B,RandomForest,3,1747,wed,1.0,0.10141163403120153,0.0,1.0000000000000002,,0.0,20
B,RandomForest,3,1748,wed,1.0,0.09443090658863788,0.0,1.0000000000000002,,0.0,20
B,RandomForest,3,1749,wed,1.0,0.1338001168546001,0.0,1.0000000000000002,,0.0,20
B,RandomForest,3,1750,wed,1.0,0.09001296292559731,0.0,1.0000000000000002,,0.0,20
B,RandomForest,3,1751,wed,1.0,0.13130021215793883,0.0,1.0000000000000002,,0.0,20
B,RandomForest,3,1752,wed,1.0,0.12049153216092705,0.0,1.0000000000000002,,0.0,20
B,RandomForest,3,1753,wed,1.0,0.1670225127576882,0.0,1.0000000000000002,,0.0,20
B,RandomForest,3,1754,wed,1.0,0.13,0.0,1.0000000000000002,,0.0,20
B,RandomForest,3,1755,wed,1.0,0.09252574189483666,0.0,1.0000000000000002,,0.0,20
B,RandomForest,3,1756,wed,1.0,0.1524050824616561,0.0,1.0000000000000002,,0.0,20
B,RandomForest,3,1757,wed,1.0,0.115,0.0,1.0000000000000002,,0.0,20
B,RandomForest,3,1758,wed,1.0,0.11853935189554143,0.0,1.0000000000000002,,0.0,20
B,RandomForest,3,1759,wed,1.0,0.09706268832867221,0.0,1.0,,0.0,20
B,RandomForest,3,1760,wed,1.0,0.0938717724585626,0.0,1.0,,0.0,20
B,RandomForest,3,1761,wed,1.0,0.1225428198519067,0.0,1.0,,0.0,20
B,RandomForest,3,1762,wed,1.0,0.092028161136252,0.0,1.0,,0.0,20
B,RandomForest,3,1763,wed,1.0,0.09443090658863788,0.0,1.0,,0.0,20
B,RandomForest,3,1764,wed,1.0,0.10394834352090579,0.0,1.0,,0.0,20
B,RandomForest,3,1765,wed,1.0,0.13130021215793883,0.0,1.0,,0.0,20
B,RandomForest,3,1766,wed,1.0,0.125,0.0,1.0,,0.0,20
B,RandomForest,3,1767,wed,1.0,0.09252574189483666,0.0,1.0,,0.0,20
B,RandomForest,3,1768,wed,1.0,0.12834468225866574,0.0,1.0,,0.0,20
B,RandomForest,3,1769,wed,1.0,0.10243791755036623,0.0,1.0,,0.0,20
B,RandomForest,3,1770,wed,1.0,0.09001296292559731,0.0,1.0,,0.0,20
B,RandomForest,3,1771,wed,1.0,0.1055124283754284,0.0,1.0,,0.0,20
B,RandomForest,3,1772,wed,1.0,0.1189570461798321,0.0,1.0,,0.0,20
B,RandomForest,3,1773,wed,1.0,0.14227934064704897,0.0,1.0,,0.0,20
B,RandomForest,3,1774,wed,1.0,0.09706268832867221,0.0,1.0,,0.0,20
B,RandomForest,3,1775,wed,1.0,0.11249952115685175,0.0,1.0,,0.0,20
B,RandomForest,3,1776,wed,1.0,0.09074241901227807,0.0,1.0,,0.0,20
B,RandomForest,3,1777,wed,1.0,0.10742309420719864,0.0,1.0,,0.0,20
B,RandomForest,3,1778,wed,1.0,0.092028161136252,0.0,1.0,,0.0,20
B,RandomForest,3,1779,wed,1.0,0.1621258202012247,0.0,1.0,,0.0,20
B,RandomForest,3,1780,wed,1.0,0.13073158354959044,0.0,1.0,,0.0,20
B,RandomForest,3,1781,wed,1.0,0.10693394014643191,0.0,1.0,,0.0,20
B,RandomForest,3,1782,wed,1.0,0.13073158354959044,0.0,1.0,,0.0,20
B,RandomForest,3,1783,wed,1.0,0.125,0.0,1.0,,0.0,20
B,RandomForest,3,1784,wed,1.0,0.11088164989838599,0.0,1.0,,0.0,20
B,RandomForest,3,1785,wed,1.0,0.15754096346631788,0.0,1.0,,0.0,20
B,RandomForest,3,1786,wed,1.0,0.092028161136252,0.0,1.0,,0.0,20
B,RandomForest,3,1787,wed,1.0,0.11,0.0,1.0,,0.0,20
B,RandomForest,3,1788,wed,1.0,0.13073158354959044,0.0,1.0,,0.0,20
B,RandomForest,3,1789,wed,1.0,0.11723414543470384,0.0,1.0,,0.0,20
B,RandomForest,3,1790,wed,1.0,0.13073158354959044,0.0,1.0,,0.0,20
B,RandomForest,3,1791,wed,1.0,0.13130021215793883,0.0,1.0,,0.0,20
B,RandomForest,3,1792,wed,1.0,0.09773175316964694,0.0,1.0,,0.0,20
B,RandomForest,3,1793,wed,1.0,0.10763676891448241,0.0,1.0,,0.0,20
B,RandomForest,3,1794,wed,1.0,0.115,0.0,1.0,,0.0,20
B,RandomForest,3,1795,wed,1.0,0.09252574189483666,0.0,1.0,,0.0,20
B,RandomForest,3,1796,wed,1.0,0.0914525993389721,0.0,1.0,,0.0,20
B,RandomForest,3,1797,wed,1.0,0.10069767426619634,0.0,1.0,,0.0,20
B,RandomForest,3,1798,wed,1.0,0.09499870244928971,0.0,1.0,,0.0,20
B,RandomForest,3,1799,wed,1.0,0.13101062611227163,0.0,1.0,,0.0,20
B,RandomForest,3,1800,wed,1.0,0.13130021215793883,0.0,1.0,,0.0,20
B,RandomForest,3,1801,wed,1.0,0.09761851048825312,0.0,1.0,,0.0,20
B,RandomForest,3,1802,wed,1.0,0.09247588021245547,0.0,1.0,,0.0,20
B,RandomForest,3,1803,wed,1.0,0.1189570461798321,0.0,1.0,,0.0,20
B,RandomForest,3,1804,wed,1.0,0.12834468225866574,0.0,1.0,,0.0,20
B,RandomForest,3,1805,wed,1.0,0.08351239427220754,0.0,0.9999999999999999,,0.0,20
B,RandomForest,3,1806,wed,1.0,0.11230268204806226,0.0,0.9999999999999999,,0.0,20
B,RandomForest,3,1807,wed,1.0,0.1369435249955613,0.0,1.0,,0.0,20
B,RandomForest,3,1808,wed,1.0,0.09001296292559731,0.0,1.0,,0.0,20
B,RandomForest,3,1809,wed,1.0,0.10813738335547651,0.0,1.0,,0.0,20
B,RandomForest,3,1810,wed,1.0,0.12784561024640573,0.0,1.0,,0.0,20
B,RandomForest,3,1811,wed,1.0,0.13130021215793883,0.0,1.0,,0.0,20
B,RandomForest,3,1812,wed,1.0,0.092028161136252,0.0,1.0,,0.0,20
B,RandomForest,3,1813,wed,1.0,0.092028161136252,0.0,1.0,,0.0,20
B,RandomForest,3,1814,wed,1.0,0.09074241901227807,0.0,1.0,,0.0,20
B,RandomForest,3,1815,wed,1.0,0.115,0.0,1.0,,0.0,20
B,RandomForest,3,1816,wed,1.0,0.10423192848745792,0.0,1.0,,0.0,20
B,RandomForest,3,1817,wed,1.0,0.0914525993389721,0.0,1.0,,0.0,20
B,RandomForest,3,1818,wed,1.0,0.13073158354959044,0.0,1.0,,0.0,20
B,RandomForest,3,1819,wed,1.0,0.15526857892494494,0.0,1.0,,0.0,20
B,RandomForest,3,1820,wed,1.0,0.11152614703542987,0.0,1.0,,0.0,20
B,RandomForest,3,1821,wed,1.0,0.13130021215793883,0.0,1.0,,0.0,20
B,RandomForest,3,1822,wed,1.0,0.15040274498975087,0.0,1.0,,0.0,20
B,RandomForest,3,1823,wed,1.0,0.16851832613033707,0.0,1.0,,0.0,20
B,RandomForest,3,1824,wed,1.0,0.09001296292559731,0.0,1.0,,0.0,20
B,RandomForest,3,1825,wed,1.0,0.12784561024640573,0.0,1.0,,0.0,20
B,RandomForest,3,1826,wed,1.0,0.135,0.0,1.0,,0.0,20
B,RandomForest,3,1827,wed,1.0,0.14654560030876362,0.0,1.0,,0.0,20
B,RandomForest,3,1828,wed,1.0,0.09252574189483666,0.0,1.0,,0.0,20
B,RandomForest,3,1829,wed,1.0,0.09443090658863788,0.0,1.0,,0.0,20
B,RandomForest,3,1830,wed,1.0,0.12443086506428648,0.0,1.0,,0.0,20
B,RandomForest,3,1831,wed,1.0,0.13108420417876282,0.0,1.0,,0.0,20
B,RandomForest,3,1832,wed,1.0,0.08468103185676651,0.0,1.0000000000000002,,0.0,20
B,RandomForest,4,1833,thu_am,0.0,0.055214378712353934,0.0,0.9999999999999998,1.0,0.0,20
B,RandomForest,4,1834,thu_am,0.0,0.06521437871235394,0.0,1.0,1.0,0.0,20
B,RandomForest,4,1835,thu_am,0.0,0.13303859989976788,0.0,0.9352550803675372,0.7647058823529412,0.0,20
B,RandomForest,4,1836,thu_am,0.0,0.092028161136252,0.0,0.9241218340483046,0.78125,0.0,20
B,RandomForest,4,1837,thu_am,0.0,0.10069767426619634,0.0,0.9110081231404761,0.7866666666666666,0.0,20
B,RandomForest,4,1838,thu_am,0.0,0.06616764615441141,0.0,0.9077071796084399,0.8214285714285714,0.0,20
B,RandomForest,4,1839,thu_am,0.0,0.10936390860323698,0.0,0.8723440460997021,0.7912087912087913,0.0,20
B,RandomForest,4,1840,thu_am,0.0,0.12551929640685336,0.0,0.8394519559960737,0.7604166666666667,0.0,20
B,RandomForest,4,1841,thu_am,0.0,0.09064611508052493,0.0,0.8186659448691533,0.7575757575757576,0.0,20
B,RandomForest,4,1842,thu_am,0.0,0.09064611508052493,0.0,0.7716790807231984,0.74,0.0,20
B,RandomForest,4,1843,thu_am,0.0,0.00998249803019586,0.0,0.7149280503447171,0.7373737373737373,0.0,20
B,RandomForest,4,1844,thu_am,0.0,0.08042307308221032,0.0,0.7358044733044733,0.8020833333333334,0.0,20
B,RandomForest,4,1845,thu_am,1.0,0.12623339570044828,0.0,0.7358044733044733,0.8020833333333334,0.0,20
B,RandomForest,4,1846,thu_am,0.0,0.11220530226596721,0.0,0.6239383632240774,0.7582417582417582,0.0,20
B,RandomForest,4,1847,thu_am,1.0,0.04467701174246845,0.0,0.43182119676480574,0.6263736263736264,0.0,20
B,RandomForest,4,1848,thu_am,1.0,0.11515415148275614,0.0,0.4637656412092502,0.6593406593406593,0.0,20
B,RandomForest,4,1849,thu_am,0.0,0.09375286931872909,0.0,0.44097797913587394,0.6666666666666666,0.0,20
B,RandomForest,4,1850,thu_am,0.0,0.09499870244928971,0.0,0.3768530300109247,0.6266666666666666,0.0,20
B,RandomForest,4,1851,thu_am,1.0,0.17124115876598947,0.0,0.5268530300109247,0.6399999999999999,0.0,20
B,RandomForest,4,1852,thu_am,1.0,0.24015826361887865,0.0,0.7168713450292397,0.7733333333333334,0.0,20
B,RandomForest,4,1853,thu_am,1.0,0.0914525993389721,0.0,0.6662374418953365,0.7142857142857143,0.0,20
B,RandomForest,4,1854,thu_am,1.0,0.3699701273591867,0.0,0.7461352557217218,0.7472527472527473,0.0,20
B,RandomForest,4,1855,thu_am,1.0,0.25266461492679265,0.0,0.8413722607801555,0.8020833333333334,0.0,20
B,RandomForest,4,1856,thu_am,1.0,0.25766461492679266,0.0,0.8755645345557628,0.8282828282828282,0.0,20
B,RandomForest,4,1857,thu_am,1.0,0.14137250520533698,0.0,0.9024223218302165,0.8500000000000001,0.0,20
B,RandomForest,4,1858,thu_am,1.0,0.09001296292559731,0.0,0.877607675692041,0.787878787878788,0.0,20
B,RandomForest,4,1859,thu_am,1.0,0.09897941125452242,0.0,0.8876422081530442,0.7916666666666667,0.0,20
B,RandomForest,4,1860,thu_am,1.0,0.13531474522826845,0.0,0.9272421349984459,0.8351648351648352,0.0,20
B,RandomForest,4,1861,thu_am,1.0,0.13552990925145125,0.0,0.9423300739753635,0.8452380952380952,0.0,20
B,RandomForest,4,1862,thu_am,1.0,0.12551929640685336,0.0,0.95518414878322,0.8533333333333333,0.0,20
B,RandomForest,4,1863,thu_am,1.0,0.12743834843058008,0.0,0.9604379435225507,0.828125,0.0,20
B,RandomForest,4,1864,thu_am,1.0,0.13467896027505957,0.0,0.9672444519603507,0.803921568627451,0.0,20
B,RandomForest,4,1865,thu_am,1.0,0.07124115876598947,0.0,0.9562377755341241,0.7450980392156863,0.0,20
B,RandomForest,4,1866,thu_am,1.0,0.13528579728179646,0.0,0.9751932595650347,0.7777777777777778,0.0,20
B,RandomForest,4,1867,thu_am,1.0,0.07124115876598947,0.0,0.9751770152505447,0.7777777777777778,0.0,20
B,RandomForest,4,1868,thu_am,1.0,0.13102274362754238,0.0,0.9751770152505447,0.7777777777777778,0.0,20
B,RandomForest,4,1869,thu_am,1.0,0.1375136956723717,0.0,0.9882417440660474,0.7894736842105263,0.0,20
B,RandomForest,4,1870,thu_am,1.0,0.07124115876598947,0.0,1.0,,0.0,20
B,RandomForest,4,1871,thu_am,1.0,0.08846761816903813,0.0,1.0,,0.0,20
B,RandomForest,4,1872,thu_am,1.0,0.1303999352773486,0.0,1.0,,0.0,20
B,RandomForest,4,1873,thu_am,1.0,0.11948354644326761,0.0,1.0,,0.0,20
B,RandomForest,4,1874,thu_am,1.0,0.11984399537604075,0.0,1.0,,0.0,20
B,RandomForest,4,1875,thu_am,1.0,0.22015826361887864,0.0,1.0,,0.0,20
B,RandomForest,4,1876,thu_am,1.0,0.2843742747425972,0.0,1.0,,0.0,20
B,RandomForest,4,1877,thu_am,1.0,0.17906848639315961,0.0,1.0,,0.0,20
B,RandomForest,4,1878,thu_am,1.0,0.25515826361887867,0.0,1.0,,0.0,20
B,RandomForest,4,1879,thu_am,1.0,0.08124115876598946,0.0,1.0,,0.0,20
B,RandomForest,4,1880,thu_am,1.0,0.13728035751524667,0.0,1.0,,0.0,20
B,RandomForest,4,1881,thu_am,1.0,0.23515826361887865,0.0,1.0,,0.0,20
B,RandomForest,4,1882,thu_am,1.0,0.12192071148489976,0.0,1.0,,0.0,20
B,RandomForest,4,1883,thu_am,1.0,0.3648187458189163,0.0,1.0,,0.0,20
B,RandomForest,4,1884,thu_am,1.0,0.20530964515914907,0.0,1.0,,0.0,20
B,RandomForest,4,1885,thu_am,1.0,0.3109002114787946,0.0,1.0,,0.0,20
B,RandomForest,4,1886,thu_am,1.0,0.13528579728179646,0.0,1.0,,0.0,20
B,RandomForest,4,1887,thu_am,1.0,0.18624115876598946,0.0,1.0000000000000002,,0.0,20
B,RandomForest,4,1888,thu_am,1.0,0.3598187458189163,0.0,1.0000000000000002,,0.0,20
B,RandomForest,4,1889,thu_am,1.0,0.4248187458189163,0.0,1.0000000000000002,,0.0,20
B,RandomForest,4,1890,thu_am,1.0,0.17624115876598945,0.0,1.0000000000000002,,0.0,20
B,RandomForest,4,1891,thu_am,1.0,0.12624115876598946,0.0,1.0000000000000002,,0.0,20
B,RandomForest,4,1892,thu_am,1.0,0.24515826361887863,0.0,1.0000000000000002,,0.0,20
B,RandomForest,4,1893,thu_am,1.0,0.13303859989976788,0.0,1.0000000000000002,,0.0,20
B,RandomForest,4,1894,thu_am,1.0,0.08624115876598946,0.0,1.0000000000000002,,0.0,20
B,RandomForest,4,1895,thu_am,0.0,0.034742701135014105,0.0,0.9999999999999998,1.0,0.0,20
B,RandomForest,4,1896,thu_am,0.0,0.16051929640685336,0.0,0.9744511191041121,0.8055555555555556,0.0,20
B,RandomForest,4,1897,thu_am,0.0,0.10394834352090579,0.0,0.9648457403955037,0.8235294117647058,0.0,20
B,RandomForest,4,1898,thu_am,0.0,0.13130021215793883,0.0,0.9460115502080478,0.796875,0.0,20
B,RandomForest,4,1899,thu_am,0.0,0.11815056192138491,0.0,0.9502439909018856,0.8533333333333334,0.0,20
B,RandomForest,4,1900,thu_am,0.0,0.09554399057942016,0.0,0.9471792514085746,0.869047619047619,0.0,20
B,RandomForest,4,1901,thu_am,0.0,0.09020020899961816,0.0,0.9358323412979281,0.8681318681318682,0.0,20
B,RandomForest,4,1902,thu_am,0.0,0.09939288176272221,0.0,0.9383398764977714,0.8854166666666666,0.0,20
B,RandomForest,4,1903,thu_am,1.0,0.13528579728179646,0.0,0.9283861727940677,0.8749999999999999,0.0,20
B,RandomForest,4,1904,thu_am,1.0,0.11124115876598946,0.0,0.9054209435788384,0.84375,0.0,20
B,RandomForest,4,1905,thu_am,1.0,0.49481874581891633,0.0,0.9054209435788384,0.84375,0.0,20
B,RandomForest,4,1906,thu_am,1.0,0.22124115876598946,0.0,0.9167470017798965,0.8541666666666667,0.0,20
B,RandomForest,4,1907,thu_am,1.0,0.23015826361887864,0.0,0.9167470017798965,0.8541666666666667,0.0,20
B,RandomForest,4,1908,thu_am,1.0,0.19624115876598947,0.0,0.9167470017798965,0.8541666666666667,0.0,20
B,RandomForest,4,1909,thu_am,1.0,0.20030964515914906,0.0,0.9167470017798965,0.8541666666666667,0.0,20
B,RandomForest,4,1910,thu_am,1.0,0.22515826361887864,0.0,0.9167470017798965,0.8541666666666667,0.0,20
B,RandomForest,4,1911,thu_am,1.0,0.20030964515914906,0.0,0.9331506213085161,0.875,0.0,20
B,RandomForest,4,1912,thu_am,1.0,0.20124115876598947,0.0,0.9331506213085161,0.875,0.0,20
B,RandomForest,4,1913,thu_am,1.0,0.20124115876598947,0.0,0.9419469176048124,0.8854166666666667,0.0,20
B,RandomForest,4,1914,thu_am,1.0,0.09499870244928971,0.0,0.9449067272596685,0.8958333333333334,0.0,20
B,RandomForest,4,1915,thu_am,1.0,0.37981874581891634,0.0,0.9523980405559351,0.8901098901098902,0.0,20
B,RandomForest,4,1916,thu_am,1.0,0.24515826361887863,0.0,0.9708169232605321,0.9166666666666666,0.0,20
B,RandomForest,4,1917,thu_am,0.0,0.045658058301206464,0.0,0.9737961851407229,0.9285714285714286,0.0,20
B,RandomForest,4,1918,thu_am,0.0,0.07325366031257423,0.0,0.981702777264752,0.9523809523809524,0.0,20
B,RandomForest,4,1919,thu_am,0.0,0.07998847759562717,0.0,0.9907738095238094,0.9761904761904763,0.0,20
B,RandomForest,4,1920,thu_am,1.0,0.08802917650467683,0.0,0.9873085901027078,0.96,0.0,20
B,RandomForest,4,1921,thu_am,1.0,0.1652463026371409,0.0,0.992172181372549,0.96875,0.0,20
B,RandomForest,4,1922,thu_am,1.0,0.12208191406478458,0.0,1.0,1.0,0.0,20
B,RandomForest,4,1923,thu_am,1.0,0.15209649956348778,0.0,1.0,1.0,0.0,20
B,RandomForest,4,1924,thu_am,0.0,0.009962168284668062,0.0,1.0,1.0,0.0,20
B,RandomForest,4,1925,thu_am,0.0,0.12551929640685336,0.0,0.9861462148962149,0.9600000000000001,0.0,20
B,RandomForest,4,1926,thu_am,0.0,0.042429612846477435,0.0,0.9840463108320251,0.9642857142857143,0.0,20
B,RandomForest,4,1927,thu_am,0.0,0.0810744134405198,0.0,0.9814288275826737,0.9670329670329672,0.0,20
B,RandomForest,4,1928,thu_am,0.0,0.044682794410546484,0.0,0.9781080031080032,0.96875,0.0,20
B,RandomForest,4,1929,thu_am,0.0,0.03288275250265534,0.0,0.9738062442607898,0.9696969696969696,0.0,20
B,RandomForest,4,1930,thu_am,0.0,0.0810744134405198,0.0,0.9680934343434342,0.9699999999999999,0.0,20
B,RandomForest,4,1931,thu_am,0.0,0.07749852391156231,0.0,0.960273368606702,0.9696969696969697,0.0,20
B,RandomForest,4,1932,thu_am,0.0,0.09092385871972147,0.0,0.9375248015873017,0.9583333333333334,0.0,20
B,RandomForest,4,1933,thu_am,0.0,0.022105610801228515,0.0,0.91797052154195,0.956043956043956,0.0,20
B,RandomForest,4,1934,thu_am,0.0,0.0799930518300555,0.0,0.9248015873015873,0.9642857142857144,0.0,20
B,RandomForest,4,1935,thu_am,0.0,0.08802917650467683,0.0,0.8841666666666665,0.9533333333333334,0.0,20
B,RandomForest,4,1936,thu_am,0.0,0.09499870244928971,0.0,0.8020833333333333,0.9296875,0.0,20
B,RandomForest,4,1937,thu_am,0.0,0.09813583088453676,0.0,0.7862103174603174,0.9140625,0.0,20
B,RandomForest,4,1938,thu_am,0.0,0.16977092915950887,0.0,0.4427083333333333,0.8515625,0.0,20
B,RandomForest,4,1939,thu_am,0.0,0.12031132801445038,0.0,0.4329545454545455,0.8359375,0.0,20
B,RandomForest,4,1940,thu_am,0.0,0.009984107624922255,0.0,0.4611111111111111,0.9215686274509803,0.0,20
B,RandomForest,4,1941,thu_am,0.0,0.0907109944216685,0.0,0.3333333333333333,0.9166666666666667,0.0,20
B,RandomForest,4,1942,thu_am,0.0,0.10243791755036623,0.0,0.25,0.9473684210526316,0.0,20
B,RandomForest,4,1943,thu_am,0.0,0.13303859989976788,0.0,0.5,,0.0,20
B,RandomForest,4,1944,thu_am,0.0,0.09907875695694698,0.0,0.5,,0.0,20
B,RandomForest,4,1945,thu_am,0.0,0.0956230519152974,0.0,0.5,,0.0,20
B,RandomForest,4,1946,thu_am,0.0,0.09008470535483169,0.0,0.5,,0.0,20
B,RandomForest,4,1947,thu_am,0.0,0.16977092915950887,0.0,0.5,,0.0,20
B,RandomForest,4,1948,thu_am,0.0,0.14313267237036478,0.0,0.5,,0.0,20
B,RandomForest,4,1949,thu_am,0.0,0.10141163403120153,0.0,0.5,,0.0,20
B,RandomForest,4,1950,thu_am,0.0,0.038696795913570524,0.0,0.5,,0.0,20
B,RandomForest,4,1951,thu_am,0.0,0.0956230519152974,0.0,0.5,,0.0,20
B,RandomForest,4,1952,thu_am,0.0,0.16977092915950887,0.0,0.5,,0.0,20
B,RandomForest,4,1953,thu_am,0.0,0.10763676891448241,0.0,0.5,,0.0,20
B,RandomForest,4,1954,thu_am,0.0,0.01824680126826325,0.0,0.5,,0.0,20
B,RandomForest,4,1955,thu_am,0.0,0.09098185228067628,0.0,0.5,,0.0,20
B,RandomForest,4,1956,thu_am,0.0,0.0938717724585626,0.0,0.5,,0.0,20
B,RandomForest,4,1957,thu_am,0.0,0.1349208495769063,0.0,0.5,,0.0,20
B,RandomForest,4,1958,thu_am,0.0,0.12873481076304183,0.0,0.5,,0.0,20
B,RandomForest,4,1959,thu_am,0.0,0.09554399057942016,0.0,0.5,,0.0,20
B,RandomForest,4,1960,thu_am,0.0,0.08148735290946303,0.0,0.5,,0.0,20
B,RandomForest,4,1961,thu_am,0.0,0.16115726689842344,0.0,0.5,,0.0,20
B,RandomForest,4,1962,thu_am,0.0,0.08148735290946303,0.0,0.5,,0.0,20
B,RandomForest,4,1963,thu_am,0.0,0.08332853632044866,0.0,0.5,,0.0,20
B,RandomForest,4,1964,thu_am,0.0,0.0938717724585626,0.0,0.5,,0.0,20
B,RandomForest,4,1965,thu_am,0.0,0.09625620407022505,0.0,0.5,,0.0,20
B,RandomForest,4,1966,thu_am,0.0,0.12551929640685336,0.0,0.5,,0.0,20
B,RandomForest,4,1967,thu_am,0.0,0.13303859989976788,0.0,0.5,,0.0,20
B,RandomForest,4,1968,thu_am,0.0,0.06464739200804799,0.0,0.5,,0.0,20
B,RandomForest,4,1969,thu_am,0.0,0.10467822979799041,0.0,0.5,,0.0,20
B,RandomForest,4,1970,thu_am,0.0,0.09499870244928971,0.0,0.5,,0.0,20
B,RandomForest,4,1971,thu_am,0.0,0.17109193484623808,0.0,0.5,,0.0,20
B,RandomForest,4,1972,thu_am,0.0,0.029916130282098528,0.0,0.5,,0.0,20
B,RandomForest,4,1973,thu_am,0.0,0.13108420417876282,0.0,0.5,,0.0,20
B,RandomForest,4,1974,thu_am,0.0,0.10122337491409258,0.0,0.5,,0.0,20
B,RandomForest,4,1975,thu_am,0.0,0.08675964404091786,0.0,0.5,,0.0,20
B,RandomForest,4,1976,thu_am,0.0,0.08675964404091786,0.0,0.5,,0.0,20
B,RandomForest,4,1977,thu_am,0.0,0.07749852391156231,0.0,0.5,,0.0,20
B,RandomForest,4,1978,thu_am,0.0,0.13130021215793883,0.0,0.5,,0.0,20
B,RandomForest,4,1979,thu_am,0.0,0.03971873638951177,0.0,0.5,,0.0,20
B,RandomForest,4,1980,thu_am,0.0,0.1055124283754284,0.0,0.5,,0.0,20
B,RandomForest,4,1981,thu_am,0.0,0.05571801822884388,0.0,0.5,,0.0,20
B,RandomForest,4,1982,thu_am,0.0,0.17081774909846112,0.0,0.5,,0.0,20
B,RandomForest,4,1983,thu_am,0.0,0.03340720212193679,0.0,0.5,,0.0,20
B,RandomForest,4,1984,thu_am,0.0,0.05511702425377998,0.0,0.5,,0.0,20
B,RandomForest,4,1985,thu_am,0.0,0.06464739200804799,0.0,0.5,,0.0,20
B,RandomForest,4,1986,thu_am,0.0,0.09001296292559731,0.0,0.5,,0.0,20
B,RandomForest,4,1987,thu_am,0.0,0.19893468878484144,0.0,0.5,,0.0,20
B,RandomForest,4,1988,thu_am,0.0,0.09813583088453676,0.0,0.5,,0.0,20
B,RandomForest,4,1989,thu_am,0.0,0.09092385871972147,0.0,0.5,,0.0,20
B,RandomForest,4,1990,thu_am,0.0,0.12551929640685336,0.0,0.5,,0.0,20
B,RandomForest,4,1991,thu_am,0.0,0.12551929640685336,0.0,0.5,,0.0,20
B,RandomForest,4,1992,thu_am,0.0,0.25206042177642574,0.0,0.5,,0.0,20
B,RandomForest,4,1993,thu_am,0.0,0.10122337491409258,0.0,0.5,,0.0,20
B,RandomForest,4,1994,thu_am,0.0,0.0956230519152974,0.0,0.5,,0.0,20
B,RandomForest,4,1995,thu_am,0.0,0.13818189929793373,0.0,0.5,,0.0,20
B,RandomForest,4,1996,thu_am,0.0,0.09948186144826268,0.0,0.5,,0.0,20
B,RandomForest,4,1997,thu_am,0.0,0.0633234384666197,0.0,0.5,,0.0,20
B,RandomForest,4,2444,thu_pm,0.0,0.05511702425377998,0.0,0.5,,0.0,20
B,RandomForest,4,2445,thu_pm,0.0,0.3397709291595089,0.0,0.5,,0.0,20
B,RandomForest,4,2446,thu_pm,0.0,0.12049153216092705,0.0,0.5,,0.0,20
B,RandomForest,4,2447,thu_pm,0.0,0.08160548156238284,0.0,0.5,,0.0,20
B,RandomForest,4,2448,thu_pm,0.0,0.08397303345749255,0.0,0.5,,0.0,20
B,RandomForest,4,2449,thu_pm,0.0,0.11553362334553682,0.0,0.5,,0.0,20
B,RandomForest,4,2450,thu_pm,0.0,0.09948186144826268,0.0,0.5,,0.0,20
B,RandomForest,4,2451,thu_pm,0.0,0.06147867850774797,0.0,0.5,,0.0,20
B,RandomForest,4,2452,thu_pm,0.0,0.12551929640685336,0.0,0.5,,0.0,20
B,RandomForest,4,2453,thu_pm,0.0,0.08846761816903813,0.0,0.5,,0.0,20
B,RandomForest,4,2454,thu_pm,0.0,0.07749852391156231,0.0,0.5,,0.0,20
B,RandomForest,4,2455,thu_pm,0.0,0.05389367768605338,0.0,0.5,,0.0,20
B,RandomForest,4,2456,thu_pm,0.0,0.09581029798931824,0.0,0.5,,0.0,20
B,RandomForest,4,2457,thu_pm,0.0,0.06,0.0,0.5,,0.0,20
B,RandomForest,4,2458,thu_pm,0.0,0.05786762601905611,0.0,0.5,,0.0,20
B,RandomForest,4,2459,thu_pm,0.0,0.08814278032902897,0.0,0.5,,0.0,20
B,RandomForest,4,2460,thu_pm,0.0,0.09060516330569182,0.0,0.5,,0.0,20
B,RandomForest,4,2461,thu_pm,0.0,0.3797882145189772,0.0,0.5,,0.0,20
B,RandomForest,4,2462,thu_pm,0.0,0.09247588021245547,0.0,0.5,,0.0,20
B,RandomForest,4,2463,thu_pm,0.0,0.08167881490952059,0.0,0.5,,0.0,20
B,RandomForest,4,2464,thu_pm,0.0,0.13130021215793883,0.0,0.5,,0.0,20
B,RandomForest,4,2465,thu_pm,0.0,0.09001296292559731,0.0,0.5,,0.0,20
B,RandomForest,4,2466,thu_pm,0.0,0.0963210834113686,0.0,0.5,,0.0,20
B,RandomForest,4,2467,thu_pm,0.0,0.0835694037871912,0.0,0.5,,0.0,20
B,RandomForest,4,2468,thu_pm,0.0,0.13303859989976788,0.0,0.5,,0.0,20
B,RandomForest,4,2469,thu_pm,0.0,0.03638090579616684,0.0,0.5,,0.0,20
B,RandomForest,4,2470,thu_pm,0.0,0.08560314081975562,0.0,0.5,,0.0,20
B,RandomForest,4,2471,thu_pm,0.0,0.03288275250265534,0.0,0.5,,0.0,20
B,RandomForest,4,2472,thu_pm,0.0,0.10129372510649062,0.0,0.5,,0.0,20
B,RandomForest,4,2473,thu_pm,0.0,0.0869657881659688,0.0,0.5,,0.0,20
B,RandomForest,4,2474,thu_pm,0.0,0.11220530226596721,0.0,0.5,,0.0,20
B,RandomForest,4,2475,thu_pm,0.0,0.13303859989976788,0.0,0.5,,0.0,20
B,RandomForest,4,2476,thu_pm,0.0,0.16514453569244125,0.0,0.5,,0.0,20
B,RandomForest,4,2477,thu_pm,0.0,0.13475477344268616,0.0,0.5,,0.0,20
B,RandomForest,4,2478,thu_pm,0.0,0.11230268204806226,0.0,0.5,,0.0,20
B,RandomForest,4,2479,thu_pm,0.0,0.08993390158972007,0.0,0.5,,0.0,20
B,RandomForest,4,2480,thu_pm,0.0,0.09064611508052493,0.0,0.5,,0.0,20
B,RandomForest,4,2481,thu_pm,0.0,0.12551929640685336,0.0,0.5,,0.0,20
B,RandomForest,4,2482,thu_pm,0.0,0.08966831249627283,0.0,0.5,,0.0,20
B,RandomForest,4,2483,thu_pm,0.0,0.09907875695694698,0.0,0.5,,0.0,20
B,RandomForest,4,2484,thu_pm,0.0,0.12551929640685336,0.0,0.5,,0.0,20
B,RandomForest,4,2485,thu_pm,0.0,0.1029687712916797,0.0,0.5,,0.0,20
B,RandomForest,4,2486,thu_pm,0.0,0.1524050824616561,0.0,0.5,,0.0,20
B,RandomForest,4,2487,thu_pm,0.0,0.10080677389051154,0.0,0.5,,0.0,20
B,RandomForest,4,2488,thu_pm,0.0,0.1338001168546001,0.0,0.5,,0.0,20
B,RandomForest,4,2489,thu_pm,0.0,0.10448726053735319,0.0,0.5,,0.0,20
B,RandomForest,4,2490,thu_pm,0.0,0.08397303345749255,0.0,0.5,,0.0,20
B,RandomForest,4,2491,thu_pm,0.0,0.21065671932547414,0.0,0.5,,0.0,20
B,RandomForest,4,2492,thu_pm,0.0,0.11282334567105527,0.0,0.5,,0.0,20
B,RandomForest,4,2493,thu_pm,0.0,0.12498702476631982,0.0,0.5,,0.0,20
B,RandomForest,4,2494,thu_pm,0.0,0.10060879143898983,0.0,0.5,,0.0,20
B,RandomForest,4,2495,thu_pm,0.0,0.09625620407022505,0.0,0.5,,0.0,20
B,RandomForest,4,2496,thu_pm,0.0,0.07557899971412388,0.0,0.5,,0.0,20
B,RandomForest,4,2497,thu_pm,0.0,0.0863733141130341,0.0,0.5,,0.0,20
B,RandomForest,4,2498,thu_pm,0.0,0.053877059101489995,0.0,0.5,,0.0,20
B,RandomForest,4,2499,thu_pm,0.0,0.13073158354959044,0.0,0.5,,0.0,20
B,RandomForest,4,2500,thu_pm,0.0,0.09092385871972147,0.0,0.5,,0.0,20
B,RandomForest,4,2501,thu_pm,0.0,0.08592898781989539,0.0,0.5,,0.0,20
B,RandomForest,4,2502,thu_pm,0.0,0.0835694037871912,0.0,0.5,,0.0,20
B,RandomForest,4,2503,thu_pm,0.0,0.09706268832867221,0.0,0.5,,0.0,20
B,RandomForest,4,2504,thu_pm,0.0,0.10552742194149412,0.0,0.5,,0.0,20
B,RandomForest,4,2505,thu_pm,0.0,0.11434889080190674,0.0,0.5,,0.0,20
B,RandomForest,4,2506,thu_pm,0.0,0.16019435350623443,0.0,0.5,,0.0,20
B,RandomForest,4,2507,thu_pm,0.0,0.12551929640685336,0.0,0.5,,0.0,20
B,RandomForest,4,2508,thu_pm,1.0,0.09948186144826268,0.0,0.045454545454545456,0.4736842105263158,0.0,20
B,RandomForest,4,2509,thu_pm,0.0,0.09001296292559731,0.0,0.05,0.5263157894736843,0.0,20
B,RandomForest,4,2510,thu_pm,1.0,0.09363926549437693,0.0,0.0842948717948718,0.4444444444444444,0.0,20
B,RandomForest,4,2511,thu_pm,0.0,0.15754096346631788,0.0,0.0842948717948718,0.4444444444444444,0.0,20
B,RandomForest,4,2512,thu_pm,0.0,0.09060516330569182,0.0,0.09217171717171717,0.5,0.0,20
B,RandomForest,4,2513,thu_pm,0.0,0.08893862531014879,0.0,0.10170454545454546,0.5555555555555556,0.0,20
B,RandomForest,4,2514,thu_pm,1.0,0.24627652657024643,0.0,0.4775974025974026,0.7254901960784313,0.0,20
B,RandomForest,4,2515,thu_pm,1.0,0.10322979104215266,0.0,0.4549783549783549,0.703125,0.0,20
B,RandomForest,4,2516,thu_pm,1.0,0.06464739200804799,0.0,0.4125206956785904,0.56,0.0,20
B,RandomForest,4,2517,thu_pm,0.0,0.10080677389051154,0.0,0.40065200880990354,0.5333333333333334,0.0,20
B,RandomForest,4,2518,thu_pm,0.0,0.024952910135709744,0.0,0.40065200880990354,0.5333333333333334,0.0,20
B,RandomForest,4,2519,thu_pm,1.0,0.07818532523905673,0.0,0.40049914968645617,0.4761904761904761,0.0,20
B,RandomForest,4,2520,thu_pm,0.0,0.015,0.0,0.4059099397334691,0.5,0.0,20
B,RandomForest,4,2521,thu_pm,0.0,0.01,0.0,0.41199654104065864,0.5238095238095238,0.0,20
B,RandomForest,4,2522,thu_pm,0.0,0.05389367768605338,0.0,0.41889430014430007,0.5476190476190476,0.0,20
B,RandomForest,4,2523,thu_pm,1.0,0.25766461492679266,0.0,0.5602311379097094,0.6153846153846154,0.0,20
B,RandomForest,4,2524,thu_pm,1.0,0.08846761816903813,0.0,0.5750553266178267,0.6041666666666667,0.0,20
B,RandomForest,4,2525,thu_pm,1.0,0.09060516330569182,0.0,0.6153245674079009,0.6313131313131313,0.0,20
B,RandomForest,4,2526,thu_pm,1.0,0.18976303088054192,0.0,0.7282055444555444,0.705,0.0,20
B,RandomForest,4,2527,thu_pm,0.0,0.10080677389051154,0.0,0.7423722111222111,0.715,0.0,20
B,RandomForest,4,2528,thu_pm,1.0,0.09092385871972147,0.0,0.7423722111222111,0.715,0.0,20
B,RandomForest,4,2529,thu_pm,1.0,0.09635250800197817,0.0,0.7587891275391276,0.7121212121212122,0.0,20
B,RandomForest,4,2530,thu_pm,0.0,0.05561348048031663,0.0,0.7553804528804529,0.745,0.0,20
B,RandomForest,4,2531,thu_pm,0.0,0.10080677389051154,0.0,0.7778804528804529,0.755,0.0,20
B,RandomForest,4,2532,thu_pm,0.0,0.08560314081975562,0.0,0.7862778887778887,0.77,0.0,20
B,RandomForest,4,2533,thu_pm,0.0,0.09252574189483666,0.0,0.7729571817071816,0.75,0.0,20
B,RandomForest,4,2534,thu_pm,0.0,0.09625620407022505,0.0,0.6928574511907846,0.696969696969697,0.0,20
B,RandomForest,4,2535,thu_pm,0.0,0.023549495008862817,0.0,0.6161059426684427,0.6875,0.0,20
B,RandomForest,4,2536,thu_pm,0.0,0.19893468878484144,0.0,0.5308952951810095,0.6703296703296703,0.0,20
B,RandomForest,4,2537,thu_pm,0.0,0.03927605351427633,0.0,0.5653194028194028,0.7252747252747253,0.0,20
B,RandomForest,4,2538,thu_pm,0.0,0.1378058706828358,0.0,0.5308952951810094,0.6703296703296703,0.0,20
B,RandomForest,4,2539,thu_pm,0.0,0.13589205555971479,0.0,0.5124604562104562,0.6785714285714286,0.0,20
B,RandomForest,4,2540,thu_pm,0.0,0.08787149736323738,0.0,0.5124604562104562,0.6785714285714286,0.0,20
B,RandomForest,4,2541,thu_pm,0.0,0.05286762601905611,0.0,0.5124604562104562,0.6785714285714286,0.0,20
B,RandomForest,4,2542,thu_pm,0.0,0.06464739200804799,0.0,0.5124604562104562,0.6785714285714286,0.0,20
B,RandomForest,4,2543,thu_pm,0.0,0.09499870244928971,0.0,0.2749117549117549,0.6,0.0,20
B,RandomForest,4,2544,thu_pm,0.0,0.285,0.0,0.2144626207126207,0.59375,0.0,20
B,RandomForest,4,2545,thu_pm,0.0,0.12551929640685336,0.0,0.17966524216524216,0.6274509803921569,0.0,20
B,RandomForest,4,2546,thu_pm,0.0,0.10006896035506357,0.0,0.08707264957264957,0.4722222222222222,0.0,20
B,RandomForest,4,2547,thu_pm,0.0,0.16051929640685336,0.0,0.08707264957264957,0.4722222222222222,0.0,20
B,RandomForest,4,2548,thu_pm,0.0,0.038673204580185375,0.0,0.05555555555555555,0.5789473684210527,0.0,20
B,RandomForest,4,2549,thu_pm,0.0,0.04832118169629809,0.0,0.5,,0.0,20
B,RandomForest,4,2550,thu_pm,0.0,0.12784561024640573,0.0,0.5,,0.0,20
B,RandomForest,4,2551,thu_pm,0.0,0.04975906775780338,0.0,0.5,,0.0,20
B,RandomForest,4,2552,thu_pm,0.0,0.09625620407022505,0.0,0.5,,0.0,20
B,RandomForest,4,2553,thu_pm,0.0,0.03878411018513486,0.0,0.5,,0.0,20
B,RandomForest,4,2554,thu_pm,1.0,0.12551929640685336,0.0,0.0625,0.6578947368421052,0.0,20
B,RandomForest,4,2555,thu_pm,0.0,0.04756712162306506,0.0,0.0625,0.6578947368421052,0.0,20
B,RandomForest,4,2556,thu_pm,0.0,0.05,0.0,0.07142857142857142,0.7105263157894737,0.0,20
B,RandomForest,4,2557,thu_pm,0.0,0.10693394014643191,0.0,0.07142857142857142,0.7105263157894737,0.0,20
B,RandomForest,4,2558,thu_pm,0.0,0.08499507431599172,0.0,0.08333333333333333,0.7631578947368421,0.0,20
B,RandomForest,4,2559,thu_pm,1.0,0.10004099557833797,0.0,0.14821428571428572,0.7361111111111112,0.0,20
B,RandomForest,4,2560,thu_pm,0.0,0.05389367768605338,0.0,0.14821428571428572,0.7361111111111112,0.0,20
B,RandomForest,4,2561,thu_pm,0.0,0.15297287832230796,0.0,0.1284722222222222,0.6805555555555556,0.0,20
B,RandomForest,4,2562,thu_pm,0.0,0.08201004619800159,0.0,0.1284722222222222,0.6805555555555556,0.0,20
B,RandomForest,4,2563,thu_pm,1.0,0.11220530226596721,0.0,0.1902116402116402,0.6764705882352942,0.0,20
B,RandomForest,4,2564,thu_pm,0.0,0.029916130282098528,0.0,0.21944444444444444,0.7352941176470588,0.0,20
B,RandomForest,4,2565,thu_pm,0.0,0.05,0.0,0.26011904761904764,0.784313725490196,0.0,20
B,RandomForest,4,2566,thu_pm,0.0,0.01996554838278088,0.0,0.276984126984127,0.8039215686274509,0.0,20
B,RandomForest,4,2567,thu_pm,0.0,0.1247825626648852,0.0,0.2908730158730159,0.8235294117647058,0.0,20
B,RandomForest,4,2568,thu_pm,0.0,0.08814278032902897,0.0,0.2908730158730159,0.8235294117647058,0.0,20
B,RandomForest,4,2569,thu_pm,1.0,0.06464739200804799,0.0,0.29391233766233765,0.734375,0.0,20
B,RandomForest,4,2570,thu_pm,0.0,0.08259290268619329,0.0,0.3549242424242424,0.78125,0.0,20
B,RandomForest,4,2571,thu_pm,0.0,0.205,0.0,0.2878663003663004,0.71875,0.0,20
B,RandomForest,4,2572,thu_pm,0.0,0.34494413809755303,0.0,0.25021749084249084,0.671875,0.0,20
B,RandomForest,4,2573,thu_pm,1.0,0.2,0.0,0.3229517704517705,0.6933333333333334,0.0,20
B,RandomForest,4,2574,thu_pm,0.0,0.18,0.0,0.2356913919413919,0.640625,0.0,20
B,RandomForest,4,2575,thu_pm,0.0,0.08201004619800159,0.0,0.23124999999999998,0.625,0.0,20
B,RandomForest,4,2576,thu_pm,0.0,0.09625620407022505,0.0,0.22738095238095235,0.609375,0.0,20
B,RandomForest,4,2577,thu_pm,1.0,0.07795931479749109,0.0,0.2506547619047619,0.5466666666666666,0.0,20
B,RandomForest,4,2578,thu_pm,0.0,0.11282334567105527,0.0,0.23696428571428568,0.52,0.0,20
B,RandomForest,4,2579,thu_pm,0.0,0.09499870244928971,0.0,0.18988095238095237,0.5,0.0,20
B,RandomForest,4,2580,thu_pm,0.0,0.10627890176332304,0.0,0.18372724089635853,0.46875,0.0,20
B,RandomForest,4,2581,thu_pm,0.0,0.038673204580185375,0.0,0.19732142857142856,0.515625,0.0,20
B,RandomForest,4,2582,thu_pm,1.0,0.13316544206889888,0.0,0.27041666666666664,0.5733333333333334,0.0,20
B,RandomForest,4,2583,thu_pm,0.0,0.03961947235336621,0.0,0.2290521978021978,0.578125,0.0,20
B,RandomForest,4,2584,thu_pm,0.0,0.10060879143898983,0.0,0.22202380952380954,0.546875,0.0,20
B,RandomForest,4,2585,thu_pm,0.0,0.06463850698274581,0.0,0.22202380952380954,0.546875,0.0,20
B,RandomForest,4,2586,thu_pm,0.0,0.08042692333142919,0.0,0.21587009803921567,0.515625,0.0,20
B,RandomForest,4,2587,thu_pm,0.0,0.10141163403120153,0.0,0.21587009803921567,0.515625,0.0,20
B,RandomForest,4,2588,thu_pm,1.0,0.13108420417876282,0.0,0.28774509803921566,0.5733333333333334,0.0,20
B,RandomForest,4,2589,thu_pm,0.0,0.040320265873489136,0.0,0.2916666666666667,0.6875,0.0,20
B,RandomForest,4,2590,thu_pm,0.0,0.16115726689842344,0.0,0.2598214285714286,0.65625,0.0,20
B,RandomForest,4,2591,thu_pm,0.0,0.01996554838278088,0.0,0.3163690476190476,0.71875,0.0,20
B,RandomForest,4,2592,thu_pm,0.0,0.19991165624024185,0.0,0.5038690476190476,0.734375,0.0,20
B,RandomForest,4,2593,thu_pm,0.0,0.349944138097553,0.0,0.17936507936507934,0.6078431372549019,0.0,20
B,RandomForest,4,2594,thu_pm,1.0,0.2,0.0,0.3163690476190476,0.71875,0.0,20
B,RandomForest,4,2595,thu_pm,0.0,0.195,0.0,0.2845238095238095,0.6875,0.0,20
B,RandomForest,4,2596,thu_pm,0.0,0.08560314081975562,0.0,0.2845238095238095,0.6875,0.0,20
B,RandomForest,4,2597,thu_pm,0.0,0.13108420417876282,0.0,0.29027777777777775,0.8137254901960784,0.0,20
B,RandomForest,4,2598,thu_pm,1.0,0.09761851048825312,0.0,0.2934659090909091,0.7265625,0.0,20
B,RandomForest,4,2599,thu_pm,0.0,0.0799930518300555,0.0,0.2934659090909091,0.7265625,0.0,20
B,RandomForest,4,2600,thu_pm,0.0,0.1349208495769063,0.0,0.2721861471861472,0.6953125,0.0,20
B,RandomForest,4,2601,thu_pm,1.0,0.0863733141130341,0.0,0.2895437895437895,0.6333333333333333,0.0,20
B,RandomForest,4,2602,thu_pm,0.0,0.08499507431599172,0.0,0.24943181818181814,0.6484375,0.0,20
B,RandomForest,4,2603,thu_pm,0.0,0.16115726689842344,0.0,0.23182373182373184,0.6015625,0.0,20
B,RandomForest,4,2604,thu_pm,0.0,0.11282334567105527,0.0,0.23182373182373184,0.6015625,0.0,20
B,RandomForest,4,2605,thu_pm,0.0,0.09060516330569182,0.0,0.2266726329226329,0.5859375,0.0,20
B,RandomForest,4,2606,thu_pm,1.0,0.06464739200804799,0.0,0.23264529588059002,0.4733333333333334,0.0,20
B,RandomForest,4,2607,thu_pm,0.0,0.06464739200804799,0.0,0.24232767232767233,0.5066666666666666,0.0,20
B,RandomForest,4,2608,thu_pm,0.0,0.09625620407022505,0.0,0.20228365384615385,0.4921875,0.0,20
B,RandomForest,4,2609,thu_pm,0.0,0.205,0.0,0.1712850359135189,0.4296875,0.0,20
B,RandomForest,4,2610,thu_pm,0.0,0.205,0.0,0.16086836924685222,0.4140625,0.0,20
B,RandomForest,4,2611,thu_pm,1.0,0.349944138097553,0.0,0.35349927849927854,0.4933333333333334,0.0,20
B,RandomForest,4,2612,thu_pm,0.0,0.09761851048825312,0.0,0.3553174603174603,0.5,0.0,20
B,RandomForest,4,2613,thu_pm,0.0,0.10338171076062293,0.0,0.42365079365079367,0.52,0.0,20
B,RandomForest,4,2614,thu_pm,0.0,0.030977746623583623,0.0,0.3810072581357411,0.46875,0.0,20
B,RandomForest,4,2615,thu_pm,0.0,0.04883266656731285,0.0,0.391519764957265,0.515625,0.0,20
B,RandomForest,4,2616,thu_pm,1.0,0.09499870244928971,0.0,0.38010794760794764,0.48000000000000004,0.0,20
B,RandomForest,4,2617,thu_pm,0.0,0.01996554838278088,0.0,0.39562832592244357,0.5333333333333334,0.0,20
B,RandomForest,4,2618,thu_pm,0.0,0.09625620407022505,0.0,0.38931852461264227,0.5078125,0.0,20
B,RandomForest,4,2619,thu_pm,0.0,0.08114955505121775,0.0,0.38931852461264227,0.5078125,0.0,20
B,RandomForest,4,2620,thu_pm,0.0,0.10338171076062293,0.0,0.38931852461264227,0.5078125,0.0,20
B,RandomForest,4,2621,thu_pm,0.0,0.025,0.0,0.43536255411255415,0.5784313725490196,0.0,20
B,RandomForest,4,2622,thu_pm,1.0,0.13754976241294226,0.0,0.443262987012987,0.6328125,0.0,20
B,RandomForest,4,2623,thu_pm,0.0,0.05481613320231944,0.0,0.4754370629370629,0.6796875,0.0,20
B,RandomForest,4,2624,thu_pm,0.0,0.053877059101489995,0.0,0.4864087301587301,0.7109375,0.0,20
B,RandomForest,4,2625,thu_pm,0.0,0.13246840231316218,0.0,0.4802218614718614,0.6953125,0.0,20
B,RandomForest,4,2626,thu_pm,0.0,0.09001296292559731,0.0,0.551010101010101,0.803921568627451,0.0,20
B,RandomForest,4,2627,thu_pm,1.0,0.18976303088054192,0.0,0.5674242424242424,0.8125,0.0,20
B,RandomForest,4,2628,thu_pm,0.0,0.349944138097553,0.0,0.4570075757575758,0.7734375,0.0,20
B,RandomForest,4,2629,thu_pm,0.0,0.185,0.0,0.4799242424242424,0.7890625,0.0,20
B,RandomForest,4,2630,thu_pm,0.0,0.185,0.0,0.521590909090909,0.8046875,0.0,20
B,RandomForest,4,2631,thu_pm,0.0,0.08898312534860799,0.0,0.27045454545454545,0.7647058823529411,0.0,20
B,RandomForest,4,2632,thu_pm,1.0,0.24984223148759865,0.0,0.40378787878787875,0.8125,0.0,20
B,RandomForest,4,2633,thu_pm,0.0,0.02496554838278088,0.0,0.4125,0.828125,0.0,20
B,RandomForest,4,2634,thu_pm,0.0,0.08148735290946303,0.0,0.4125,0.828125,0.0,20
B,RandomForest,4,2635,thu_pm,0.0,0.06147867850774797,0.0,0.4125,0.828125,0.0,20
B,RandomForest,4,2636,thu_pm,1.0,0.17109193484623808,0.0,0.45476190476190476,0.875,0.0,20
B,RandomForest,4,2637,thu_pm,0.0,0.13297819599487803,0.0,0.45476190476190476,0.875,0.0,20
B,RandomForest,4,2638,thu_pm,0.0,0.10749749867091554,0.0,0.45476190476190476,0.875,0.0,20
B,RandomForest,4,2639,thu_pm,0.0,0.08499507431599172,0.0,0.45476190476190476,0.875,0.0,20
B,RandomForest,4,2640,thu_pm,0.0,0.07749852391156231,0.0,0.45476190476190476,0.875,0.0,20
B,RandomForest,4,2641,thu_pm,0.0,0.11222435234926649,0.0,0.45476190476190476,0.875,0.0,20
B,RandomForest,4,2642,thu_pm,0.0,0.11751740976645729,0.0,0.42777777777777776,0.9019607843137254,0.0,20
B,RandomForest,4,2643,thu_pm,0.0,0.10122337491409258,0.0,0.42777777777777776,0.9019607843137254,0.0,20
B,RandomForest,4,2644,thu_pm,0.0,0.06147867850774797,0.0,0.42777777777777776,0.9019607843137254,0.0,20
B,RandomForest,4,2645,thu_pm,0.0,0.08560314081975562,0.0,0.42777777777777776,0.9019607843137254,0.0,20
B,RandomForest,4,2646,thu_pm,0.0,0.014946275909590318,0.0,0.42777777777777776,0.9019607843137254,0.0,20
B,RandomForest,4,2647,thu_pm,0.0,0.08560314081975562,0.0,0.2875,0.888888888888889,0.0,20
B,RandomForest,4,2648,thu_pm,0.0,0.1101858207396385,0.0,0.7083333333333333,0.9444444444444444,0.0,20
B,RandomForest,4,2649,thu_pm,0.0,0.12003018873569667,0.0,0.7916666666666666,0.9722222222222222,0.0,20
B,RandomForest,4,2650,thu_pm,0.0,0.12551929640685336,0.0,1.0,1.0,0.0,20
B,RandomForest,4,2651,thu_pm,0.0,0.07749852391156231,0.0,1.0,1.0,0.0,20
B,RandomForest,4,2652,thu_pm,0.0,0.06708876749744808,0.0,1.0,1.0,0.0,20
B,RandomForest,4,2653,thu_pm,0.0,0.049662464665018696,0.0,1.0,1.0,0.0,20
B,RandomForest,4,2654,thu_pm,0.0,0.17,0.0,1.0,1.0,0.0,20
B,RandomForest,4,2655,thu_pm,0.0,0.11161133708451004,0.0,1.0,1.0,0.0,20
B,RandomForest,4,2656,thu_pm,0.0,0.10069767426619634,0.0,0.5,,0.0,20
B,RandomForest,4,2657,thu_pm,0.0,0.19996127528385593,0.0,0.5,,0.0,20
B,RandomForest,4,2658,thu_pm,0.0,0.10394834352090579,0.0,0.5,,0.0,20
B,RandomForest,4,2659,thu_pm,0.0,0.060639330369010355,0.0,0.5,,0.0,20
B,RandomForest,4,2660,thu_pm,0.0,0.25266461492679265,0.0,0.5,,0.0,20
B,RandomForest,4,2661,thu_pm,0.0,0.1369435249955613,0.0,0.5,,0.0,20
B,RandomForest,4,2662,thu_pm,0.0,0.09098185228067628,0.0,0.5,,0.0,20
B,RandomForest,4,2663,thu_pm,0.0,0.28992774945545635,0.0,0.5,,0.0,20
B,RandomForest,4,2664,thu_pm,0.0,0.2899823665466782,0.0,0.5,,0.0,20
B,RandomForest,4,2665,thu_pm,0.0,0.1338001168546001,0.0,0.5,,0.0,20
B,RandomForest,4,2666,thu_pm,0.0,0.339927880938974,0.0,0.5,,0.0,20
B,RandomForest,4,2667,thu_pm,0.0,0.10782334567105528,0.0,0.5,,0.0,20
B,RandomForest,4,2668,thu_pm,0.0,0.12031132801445038,0.0,0.5,,0.0,20
B,RandomForest,4,2669,thu_pm,0.0,0.25998249803019585,0.0,0.5,,0.0,20
B,RandomForest,4,2670,thu_pm,0.0,0.044773886836553166,0.0,0.5,,0.0,20
B,RandomForest,4,2671,thu_pm,0.0,0.13589205555971479,0.0,0.5,,0.0,20
B,RandomForest,4,2672,thu_pm,0.0,0.040320265873489136,0.0,0.5,,0.0,20
B,RandomForest,4,2673,thu_pm,0.0,0.0718884349218622,0.0,0.5,,0.0,20
B,RandomForest,4,2674,thu_pm,0.0,0.25998249803019585,0.0,0.5,,0.0,20
B,RandomForest,4,2675,thu_pm,0.0,0.09939288176272221,0.0,0.5,,0.0,20
B,RandomForest,4,2676,thu_pm,0.0,0.12391405095280868,0.0,0.5,,0.0,20
B,RandomForest,4,2677,thu_pm,0.0,0.0956230519152974,0.0,0.5,,0.0,20
B,RandomForest,4,2678,thu_pm,0.0,0.12834468225866574,0.0,0.5,,0.0,20
B,RandomForest,4,2679,thu_pm,0.0,0.15754096346631788,0.0,0.5,,0.0,20
B,RandomForest,4,2680,thu_pm,0.0,0.11770465584047814,0.0,0.5,,0.0,20
B,RandomForest,4,2681,thu_pm,0.0,0.08148735290946303,0.0,0.5,,0.0,20
B,RandomForest,4,2682,thu_pm,0.0,0.12443086506428648,0.0,0.5,,0.0,20
B,RandomForest,4,2683,thu_pm,0.0,0.05337701932606286,0.0,0.5,,0.0,20
B,RandomForest,4,2684,thu_pm,0.0,0.09060516330569182,0.0,0.5,,0.0,20
B,RandomForest,4,2685,thu_pm,0.0,0.11564722716988898,0.0,0.5,,0.0,20
B,RandomForest,4,2686,thu_pm,0.0,0.10552742194149412,0.0,0.5,,0.0,20
B,RandomForest,4,2687,thu_pm,0.0,0.08332853632044866,0.0,0.5,,0.0,20
B,RandomForest,4,2688,thu_pm,0.0,0.13469000698274583,0.0,0.5,,0.0,20
B,RandomForest,4,2689,thu_pm,0.0,0.09761851048825312,0.0,0.5,,0.0,20
B,RandomForest,4,2690,thu_pm,0.0,0.10552742194149412,0.0,0.5,,0.0,20
B,RandomForest,4,2691,thu_pm,0.0,0.034731155663365085,0.0,0.5,,0.0,20
B,RandomForest,4,2692,thu_pm,0.0,0.11743834843058007,0.0,0.5,,0.0,20
B,RandomForest,4,2693,thu_pm,0.0,0.042429612846477435,0.0,0.5,,0.0,20
B,RandomForest,4,2694,thu_pm,0.0,0.092028161136252,0.0,0.5,,0.0,20
B,RandomForest,4,2695,thu_pm,0.0,0.0802735366397311,0.0,0.5,,0.0,20
B,RandomForest,4,2696,thu_pm,0.0,0.08966522865886879,0.0,0.5,,0.0,20
B,RandomForest,5,3055,fri_am,0.0,0.05,0.0,0.5,,0.0,20
B,RandomForest,5,3056,fri_am,0.0,0.06521437871235394,0.0,0.5,,0.0,20
B,RandomForest,5,3057,fri_am,0.0,0.040320265873489136,0.0,0.5,,0.0,20
B,RandomForest,5,3058,fri_am,0.0,0.08201004619800159,0.0,0.5,,0.0,20
B,RandomForest,5,3059,fri_am,0.0,0.11220530226596721,0.0,0.5,,0.0,20
B,RandomForest,5,3060,fri_am,0.0,0.16977092915950887,0.0,0.5,,0.0,20
B,RandomForest,5,3061,fri_am,0.0,0.09074241901227807,0.0,0.5,,0.0,20
B,RandomForest,5,3062,fri_am,0.0,0.12469485265013733,0.0,0.5,,0.0,20
B,RandomForest,5,3063,fri_am,0.0,0.12551929640685336,0.0,0.5,,0.0,20
B,RandomForest,5,3064,fri_am,0.0,0.04353506852543716,0.0,0.5,,0.0,20
B,RandomForest,5,3065,fri_am,0.0,0.03556463222804386,0.0,0.5,,0.0,20
B,RandomForest,5,3066,fri_am,0.0,0.15324676632479947,0.0,0.5,,0.0,20
B,RandomForest,5,3067,fri_am,0.0,0.09252574189483666,0.0,0.5,,0.0,20
B,RandomForest,5,3068,fri_am,0.0,0.05337701932606286,0.0,0.5,,0.0,20
B,RandomForest,5,3069,fri_am,0.0,0.26141243969229644,0.0,0.5,,0.0,20
B,RandomForest,5,3070,fri_am,0.0,0.09252574189483666,0.0,0.5,,0.0,20
B,RandomForest,5,3071,fri_am,0.0,0.10606550785014487,0.0,0.5,,0.0,20
B,RandomForest,5,3072,fri_am,0.0,0.08201004619800159,0.0,0.5,,0.0,20
B,RandomForest,5,3073,fri_am,0.0,0.10243791755036623,0.0,0.5,,0.0,20
B,RandomForest,5,3074,fri_am,0.0,0.04353506852543716,0.0,0.5,,0.0,20
B,RandomForest,5,3075,fri_am,0.0,0.08993390158972007,0.0,0.5,,0.0,20
B,RandomForest,5,3076,fri_am,0.0,0.09060516330569182,0.0,0.5,,0.0,20
B,RandomForest,5,3077,fri_am,0.0,0.100228071204939,0.0,0.5,,0.0,20
B,RandomForest,5,3078,fri_am,1.0,0.09761851048825312,0.0,0.05,0.5263157894736843,0.0,20
B,RandomForest,5,3079,fri_am,1.0,0.10129372510649062,0.0,0.10902777777777778,0.5833333333333334,0.0,20
B,RandomForest,5,3080,fri_am,0.0,0.09813583088453676,0.0,0.11349206349206349,0.6111111111111112,0.0,20
B,RandomForest,5,3081,fri_am,0.0,0.09989549537604075,0.0,0.10616883116883118,0.5833333333333334,0.0,20
B,RandomForest,5,3082,fri_am,0.0,0.12873481076304183,0.0,0.10616883116883118,0.5833333333333334,0.0,20
B,RandomForest,5,3083,fri_am,0.0,0.09939288176272221,0.0,0.11212121212121212,0.6111111111111112,0.0,20
B,RandomForest,5,3084,fri_am,0.0,0.0633234384666197,0.0,0.11212121212121212,0.6111111111111112,0.0,20
B,RandomForest,5,3085,fri_am,0.0,0.0863733141130341,0.0,0.11212121212121212,0.6111111111111112,0.0,20
B,RandomForest,5,3086,fri_am,0.0,0.02959575497666783,0.0,0.12777777777777777,0.6666666666666667,0.0,20
B,RandomForest,5,3087,fri_am,0.0,0.04353506852543716,0.0,0.12777777777777777,0.6666666666666667,0.0,20
B,RandomForest,5,3088,fri_am,0.0,0.085,0.0,0.12777777777777777,0.6666666666666667,0.0,20
B,RandomForest,5,3089,fri_am,0.0,0.13051929640685336,0.0,0.12777777777777777,0.6666666666666667,0.0,20
B,RandomForest,5,3090,fri_am,0.0,0.085,0.0,0.12777777777777777,0.6666666666666666,0.0,20
B,RandomForest,5,3091,fri_am,0.0,0.075,0.0,0.14930555555555555,0.7222222222222222,0.0,20
B,RandomForest,5,3092,fri_am,0.0,0.0810744134405198,0.0,0.14930555555555555,0.7222222222222222,0.0,20
B,RandomForest,5,3093,fri_am,0.0,0.140539191735458,0.0,0.14930555555555555,0.7222222222222222,0.0,20
B,RandomForest,5,3094,fri_am,0.0,0.12551929640685336,0.0,0.12777777777777777,0.6666666666666667,0.0,20
B,RandomForest,5,3095,fri_am,0.0,0.08201004619800159,0.0,0.12777777777777777,0.6666666666666667,0.0,20
B,RandomForest,5,3096,fri_am,0.0,0.08042692333142919,0.0,0.12777777777777777,0.6666666666666667,0.0,20
B,RandomForest,5,3097,fri_am,0.0,0.09164337902821097,0.0,0.13680555555555557,0.6944444444444445,0.0,20
B,RandomForest,5,3098,fri_am,0.0,0.10552742194149412,0.0,0.08333333333333333,0.736842105263158,0.0,20
B,RandomForest,5,3099,fri_am,0.0,0.05389367768605338,0.0,0.5,,0.0,20
B,RandomForest,5,3100,fri_am,0.0,0.12551929640685336,0.0,0.5,,0.0,20
B,RandomForest,5,3101,fri_am,0.0,0.09625620407022505,0.0,0.5,,0.0,20
B,RandomForest,5,3102,fri_am,0.0,0.09625620407022505,0.0,0.5,,0.0,20
B,RandomForest,5,3103,fri_am,0.0,0.10060879143898983,0.0,0.5,,0.0,20
B,RandomForest,5,3104,fri_am,0.0,0.09443090658863788,0.0,0.5,,0.0,20
B,RandomForest,5,3105,fri_am,0.0,0.08014637830854704,0.0,0.5,,0.0,20
B,RandomForest,5,3106,fri_am,0.0,0.09499870244928971,0.0,0.5,,0.0,20
B,RandomForest,5,3107,fri_am,0.0,0.08474270113501411,0.0,0.5,,0.0,20
B,RandomForest,5,3108,fri_am,0.0,0.06464739200804799,0.0,0.5,,0.0,20
B,RandomForest,5,3109,fri_am,0.0,0.0863733141130341,0.0,0.5,,0.0,20
B,RandomForest,5,3110,fri_am,1.0,0.10122337491409258,0.0,0.1,0.7894736842105263,0.0,20
B,RandomForest,5,3111,fri_am,1.0,0.13888269318513988,0.0,0.2583333333333333,0.8611111111111113,0.0,20
B,RandomForest,5,3112,fri_am,1.0,0.034731155663365085,0.0,0.214766081871345,0.5686274509803921,0.0,20
B,RandomForest,5,3113,fri_am,1.0,0.07546432445081969,0.0,0.4136706656346749,0.484375,0.0,20
B,RandomForest,5,3114,fri_am,1.0,0.08787149736323738,0.0,0.41893810394971387,0.49333333333333335,0.0,20
B,RandomForest,5,3115,fri_am,1.0,0.019758593510091852,0.0,0.400383218146376,0.40476190476190477,0.0,20
B,RandomForest,5,3116,fri_am,1.0,0.07886374930227434,0.0,0.40182402705898945,0.3626373626373626,0.0,20
B,RandomForest,5,3117,fri_am,1.0,0.12551929640685336,0.0,0.5142412138300296,0.44270833333333326,0.0,20
B,RandomForest,5,3118,fri_am,1.0,0.0449866073315108,0.0,0.5367482725583861,0.40909090909090906,0.0,20
B,RandomForest,5,3119,fri_am,1.0,0.08160548156238284,0.0,0.5438640128791057,0.365,0.0,20
B,RandomForest,5,3120,fri_am,1.0,0.08802917650467683,0.0,0.6171462996927393,0.39393939393939387,0.0,20
B,RandomForest,5,3121,fri_am,1.0,0.29324401026281316,0.0,0.6990482053707674,0.45833333333333337,0.0,20
B,RandomForest,5,3122,fri_am,1.0,0.04353506852543716,0.0,0.7220212501306214,0.4395604395604396,0.0,20
B,RandomForest,5,3123,fri_am,1.0,0.0496822907653752,0.0,0.7530154811280418,0.4285714285714286,0.0,20
B,RandomForest,5,3124,fri_am,1.0,0.04498842752948936,0.0,0.7927854896508146,0.42666666666666664,0.0,20
B,RandomForest,5,3125,fri_am,1.0,0.21065671932547414,0.0,0.843476948157192,0.453125,0.0,20
B,RandomForest,5,3126,fri_am,1.0,0.0869657881659688,0.0,0.9061127779826561,0.5294117647058824,0.0,20
B,RandomForest,5,3127,fri_am,1.0,0.0810744134405198,0.0,0.9398865138416224,0.5555555555555556,0.0,20
B,RandomForest,5,3128,fri_am,1.0,0.045658058301206464,0.0,0.9579301600667902,0.42105263157894735,0.0,20
B,RandomForest,5,3129,fri_am,1.0,0.0956230519152974,0.0,1.0000000000000002,,0.0,20
B,RandomForest,5,3130,fri_am,0.0,0.13303859989976788,0.0,0.9150312461152446,0.15789473684210525,0.0,20
B,RandomForest,5,3131,fri_am,1.0,0.09499870244928971,0.0,0.8996803689222621,0.10526315789473684,0.0,20
B,RandomForest,5,3132,fri_am,0.0,0.11249952115685175,0.0,0.8294178158729243,0.1388888888888889,0.0,20
B,RandomForest,5,3133,fri_am,0.0,0.09443090658863788,0.0,0.7811761949578376,0.19607843137254902,0.0,20
B,RandomForest,5,3134,fri_am,1.0,0.04975906775780338,0.0,0.7811761949578376,0.19607843137254902,0.0,20
B,RandomForest,5,3135,fri_am,1.0,0.11769438943860226,0.0,0.7945865591034958,0.23529411764705885,0.0,20
B,RandomForest,5,3136,fri_am,1.0,0.12151953897842332,0.0,0.8067480903826741,0.27450980392156865,0.0,20
B,RandomForest,5,3137,fri_am,1.0,0.04559255700494398,0.0,0.7945865591034958,0.23529411764705885,0.0,20
B,RandomForest,5,3138,fri_am,1.0,0.09001296292559731,0.0,0.7945865591034958,0.23529411764705885,0.0,20
B,RandomForest,5,3139,fri_am,1.0,0.15313311597660773,0.0,0.8239049531277722,0.29411764705882354,0.0,20
B,RandomForest,5,3140,fri_am,1.0,0.08802917650467683,0.0,0.8239049531277722,0.29411764705882354,0.0,20
B,RandomForest,5,3141,fri_am,1.0,0.09581029798931824,0.0,0.7993251211949991,0.2549019607843137,0.0,20
B,RandomForest,5,3142,fri_am,1.0,0.038696795913570524,0.0,0.7993251211949991,0.2549019607843137,0.0,20
B,RandomForest,5,3143,fri_am,1.0,0.09001296292559731,0.0,0.799191431355427,0.2549019607843137,0.0,20
B,RandomForest,5,3144,fri_am,1.0,0.08846761816903813,0.0,0.799191431355427,0.2549019607843137,0.0,20
B,RandomForest,5,3145,fri_am,1.0,0.019758593510091852,0.0,0.7615651687291644,0.19607843137254904,0.0,20
B,RandomForest,5,3146,fri_am,1.0,0.09074241901227807,0.0,0.7616097320090217,0.19607843137254904,0.0,20
B,RandomForest,5,3147,fri_am,1.0,0.10236994791966644,0.0,0.7663791456019647,0.21568627450980393,0.0,20
B,RandomForest,5,3148,fri_am,1.0,0.13303859989976788,0.0,0.7938670172074835,0.2647058823529412,0.0,20
B,RandomForest,5,3149,fri_am,1.0,0.03459135441305268,0.0,0.7894183612882393,0.2450980392156863,0.0,20
B,RandomForest,5,3150,fri_am,1.0,0.09247588021245547,0.0,0.8848975984360402,0.3055555555555556,0.0,20
B,RandomForest,5,3151,fri_am,1.0,0.09499870244928971,0.0,0.8848975984360402,0.3055555555555556,0.0,20
B,RandomForest,5,3152,fri_am,1.0,0.05786762601905611,0.0,0.9516768373660991,0.3684210526315789,0.0,20
B,RandomForest,5,3153,fri_am,1.0,0.06983772194107668,0.0,1.0,,0.0,20
B,RandomForest,5,3154,fri_am,1.0,0.08351239427220754,0.0,1.0,,0.0,20
B,RandomForest,5,3155,fri_am,1.0,0.09064611508052493,0.0,1.0,,0.0,20
B,RandomForest,5,3156,fri_am,1.0,0.0914525993389721,0.0,1.0,,0.0,20
B,RandomForest,5,3157,fri_am,1.0,0.09247588021245547,0.0,1.0,,0.0,20
B,RandomForest,5,3158,fri_am,1.0,0.12551929640685336,0.0,1.0,,0.0,20
B,RandomForest,5,3159,fri_am,1.0,0.10394834352090579,0.0,1.0,,0.0,20
B,RandomForest,5,3160,fri_am,1.0,0.043505166934772556,0.0,1.0,,0.0,20
B,RandomForest,5,3161,fri_am,1.0,0.0956230519152974,0.0,1.0,,0.0,20
B,RandomForest,5,3162,fri_am,1.0,0.05571801822884388,0.0,1.0,,0.0,20
B,RandomForest,5,3163,fri_am,1.0,0.09001296292559731,0.0,1.0,,0.0,20
B,RandomForest,5,3164,fri_am,1.0,0.12551929640685336,0.0,1.0,,0.0,20
B,RandomForest,5,3165,fri_am,1.0,0.09489206893193948,0.0,1.0,,0.0,20
B,RandomForest,5,3166,fri_am,1.0,0.13303859989976788,0.0,1.0,,0.0,20
B,RandomForest,5,3167,fri_am,1.0,0.07325366031257423,0.0,1.0,,0.0,20
B,RandomForest,5,3168,fri_am,1.0,0.04868137591094497,0.0,1.0,,0.0,20
B,RandomForest,5,3169,fri_am,1.0,0.07557899971412388,0.0,1.0,,0.0,20
B,RandomForest,5,3170,fri_am,1.0,0.09064611508052493,0.0,1.0,,0.0,20
B,RandomForest,5,3171,fri_am,1.0,0.11723414543470384,0.0,1.0,,0.0,20
B,RandomForest,5,3172,fri_am,1.0,0.12551929640685336,0.0,1.0,,0.0,20
B,RandomForest,5,3173,fri_am,1.0,0.1029687712916797,0.0,1.0,,0.0,20
B,RandomForest,5,3174,fri_am,1.0,0.08912248326190766,0.0,1.0,,0.0,20
B,RandomForest,5,3175,fri_am,0.0,0.1433281767980662,0.0,0.8321365092731395,0.0,0.0,20
B,RandomForest,5,3176,fri_am,1.0,0.09499870244928971,0.0,0.8321365092731395,0.0,0.0,20
B,RandomForest,5,3177,fri_am,1.0,0.09092385871972147,0.0,0.8321365092731395,0.0,0.0,20
B,RandomForest,5,3178,fri_am,1.0,0.03340720212193679,0.0,0.8360838776941921,0.0,0.0,20
B,RandomForest,5,3179,fri_am,1.0,0.09060516330569182,0.0,0.8360838776941921,0.0,0.0,20
B,RandomForest,5,3180,fri_am,1.0,0.09407770715873826,0.0,0.8360838776941921,0.0,0.0,20
B,RandomForest,5,3181,fri_am,1.0,0.09813583088453676,0.0,0.8360838776941921,0.0,0.0,20
B,RandomForest,5,3182,fri_am,1.0,0.11088164989838599,0.0,0.8360838776941921,0.0,0.0,20
B,RandomForest,5,3183,fri_am,1.0,0.11751740976645729,0.0,0.8360838776941921,0.0,0.0,20
B,RandomForest,5,3184,fri_am,1.0,0.04025895158649948,0.0,0.8382768601503324,0.0,0.0,20
B,RandomForest,5,3185,fri_am,1.0,0.08893862531014879,0.0,0.8382768601503324,0.0,0.0,20
B,RandomForest,5,3186,fri_am,1.0,0.2156424398036755,0.0,0.8777505443608586,0.05263157894736842,0.0,20
B,RandomForest,5,3187,fri_am,0.0,0.09625620407022505,0.0,0.8331104966489384,0.2222222222222222,0.0,20
B,RandomForest,5,3188,fri_am,1.0,0.0914525993389721,0.0,0.8331104966489384,0.2222222222222222,0.0,20
B,RandomForest,5,3189,fri_am,1.0,0.10129372510649062,0.0,0.8382802497353581,0.25,0.0,20
B,RandomForest,5,3190,fri_am,1.0,0.11223414543470384,0.0,0.8430221128105545,0.2777777777777778,0.0,20
B,RandomForest,5,3191,fri_am,1.0,0.09443090658863788,0.0,0.8382802497353581,0.25,0.0,20
B,RandomForest,5,3192,fri_am,1.0,0.09443090658863788,0.0,0.8330263215647633,0.2222222222222222,0.0,20
B,RandomForest,5,3193,fri_am,1.0,0.10394834352090579,0.0,0.8330263215647633,0.2222222222222222,0.0,20
B,RandomForest,5,3194,fri_am,1.0,0.09252574189483666,0.0,0.8330263215647633,0.2222222222222222,0.0,20
B,RandomForest,5,3195,fri_am,0.0,0.0835694037871912,0.0,0.9462993094701042,0.6388888888888888,0.0,20
B,RandomForest,5,3196,fri_am,0.0,0.014778923255619652,0.0,0.9459954730158245,0.7647058823529411,0.0,20
B,RandomForest,5,3197,fri_am,0.0,0.005,0.0,0.9458356237308443,0.828125,0.0,20
B,RandomForest,5,3198,fri_am,1.0,0.12551929640685336,0.0,0.9567840324503927,0.859375,0.0,20
B,RandomForest,5,3199,fri_am,0.0,0.08560314081975562,0.0,0.9543958873370637,0.88,0.0,20
B,RandomForest,5,3200,fri_am,1.0,0.06708876749744808,0.0,0.9468667089990619,0.8533333333333333,0.0,20
B,RandomForest,5,3201,fri_am,0.0,0.08814278032902897,0.0,0.9314922006098476,0.8452380952380952,0.0,20
B,RandomForest,5,3202,fri_am,1.0,0.09020020899961816,0.0,0.9218833570724325,0.8333333333333333,0.0,20
B,RandomForest,5,3203,fri_am,0.0,0.09761851048825312,0.0,0.8589452245843647,0.7582417582417582,0.0,20
B,RandomForest,5,3204,fri_am,1.0,0.10782334567105528,0.0,0.8915609779863172,0.8131868131868132,0.0,20
B,RandomForest,5,3205,fri_am,1.0,0.0869657881659688,0.0,0.8870385773100704,0.8021978021978022,0.0,20
B,RandomForest,5,3206,fri_am,1.0,0.08966831249627283,0.0,0.8663426066140998,0.7802197802197803,0.0,20
B,RandomForest,5,3207,fri_am,1.0,0.09761851048825312,0.0,0.9242493034509841,0.8511904761904762,0.0,20
B,RandomForest,5,3208,fri_am,0.0,0.10179117077474441,0.0,0.8569103721818654,0.7747252747252747,0.0,20
B,RandomForest,5,3209,fri_am,1.0,0.08167881490952059,0.0,0.8354738241898876,0.7307692307692308,0.0,20
B,RandomForest,5,3210,fri_am,1.0,0.10122337491409258,0.0,0.8181661318821951,0.7197802197802198,0.0,20
B,RandomForest,5,3211,fri_am,1.0,0.08351239427220754,0.0,0.8056612756273389,0.6868131868131868,0.0,20
B,RandomForest,5,3212,fri_am,1.0,0.11015415148275613,0.0,0.8321264770925403,0.7087912087912088,0.0,20
B,RandomForest,5,3213,fri_am,1.0,0.19893468878484144,0.0,0.8321264770925403,0.7087912087912088,0.0,20
B,RandomForest,5,3214,fri_am,1.0,0.09020020899961816,0.0,0.8319128018788651,0.7087912087912088,0.0,20
B,RandomForest,5,3215,fri_am,0.0,0.13108420417876282,0.0,0.7208706389136252,0.6098901098901099,0.0,20
B,RandomForest,5,3216,fri_am,1.0,0.10067904934476367,0.0,0.7348561607504001,0.5535714285714286,0.0,20
B,RandomForest,5,3217,fri_am,1.0,0.12250314929014974,0.0,0.7556359017659326,0.48666666666666664,0.0,20
B,RandomForest,5,3218,fri_am,1.0,0.05984619291994894,0.0,0.7354271535424787,0.4333333333333333,0.0,20
B,RandomForest,5,3219,fri_am,1.0,0.07546432445081969,0.0,0.7497709146074084,0.3359375,0.0,20
B,RandomForest,5,3220,fri_am,1.0,0.08201004619800159,0.0,0.7497709146074084,0.3359375,0.0,20
B,RandomForest,5,3221,fri_am,1.0,0.1344495953906058,0.0,0.8089328337438882,0.28431372549019607,0.0,20
B,RandomForest,5,3222,fri_am,1.0,0.12551929640685336,0.0,0.8199664080127567,0.32352941176470584,0.0,20
B,RandomForest,5,3223,fri_am,0.0,0.0956230519152974,0.0,0.8219717556063394,0.33333333333333337,0.0,20
B,RandomForest,5,3224,fri_am,0.0,0.1189570461798321,0.0,0.760739373232117,0.296875,0.0,20
B,RandomForest,5,3225,fri_am,1.0,0.1524050824616561,0.0,0.7959466139081077,0.359375,0.0,20
B,RandomForest,5,3226,fri_am,1.0,0.09499870244928971,0.0,0.7959466139081077,0.359375,0.0,20
B,RandomForest,5,3227,fri_am,1.0,0.08201004619800159,0.0,0.7921885153889798,0.34375,0.0,20
B,RandomForest,5,3228,fri_am,1.0,0.25004419094330976,0.0,0.8523206598739289,0.37254901960784315,0.0,20
B,RandomForest,5,3229,fri_am,1.0,0.10742309420719864,0.0,0.8562185857657993,0.39215686274509803,0.0,20
B,RandomForest,5,3230,fri_am,1.0,0.0003392706555050525,0.0,0.8523206598739289,0.37254901960784315,0.0,20
B,RandomForest,5,3231,fri_am,1.0,0.04498842752948936,0.0,0.8523113914606812,0.37254901960784315,0.0,20
B,RandomForest,5,3232,fri_am,1.0,0.06464739200804799,0.0,0.8481548862012348,0.35294117647058826,0.0,20
B,RandomForest,5,3233,fri_am,1.0,0.09581029798931824,0.0,0.828266931019162,0.3137254901960785,0.0,20
B,RandomForest,5,3234,fri_am,1.0,0.08499507431599172,0.0,0.828266931019162,0.3137254901960785,0.0,20
B,RandomForest,5,3235,fri_am,1.0,0.12551929640685336,0.0,0.9136163334047751,0.41666666666666663,0.0,20
B,RandomForest,5,3236,fri_am,1.0,0.12551929640685336,0.0,0.9210568095952514,0.4444444444444444,0.0,20
B,RandomForest,5,3237,fri_am,1.0,0.17081774909846112,0.0,0.9210568095952514,0.4444444444444444,0.0,20
B,RandomForest,5,3238,fri_am,1.0,0.08825979363159622,0.0,0.9210644408528825,0.4444444444444444,0.0,20
B,RandomForest,5,3239,fri_am,1.0,0.005400594459844972,0.0,0.9210644408528825,0.4444444444444444,0.0,20
B,RandomForest,5,3666,fri_pm_scan,0.0,0.049662464665018696,0.0,0.9140282237441225,0.5882352941176471,0.0,20
B,RandomForest,5,3667,fri_pm_scan,1.0,0.1369353534294979,0.0,0.9140282237441225,0.5882352941176471,0.0,20
B,RandomForest,5,3668,fri_pm_scan,0.0,0.03878411018513486,0.0,0.8957836462589268,0.640625,0.0,20
B,RandomForest,5,3669,fri_pm_scan,0.0,0.2156424398036755,0.0,0.8038193605446411,0.53125,0.0,20
B,RandomForest,5,3670,fri_pm_scan,0.0,0.0835694037871912,0.0,0.8308515297643103,0.609375,0.0,20
B,RandomForest,5,3671,fri_pm_scan,0.0,0.08560314081975562,0.0,0.7992727877557598,0.6,0.0,20
B,RandomForest,5,3672,fri_pm_scan,0.0,0.10080677389051154,0.0,0.7502138214198696,0.5595238095238095,0.0,20
B,RandomForest,5,3673,fri_pm_scan,0.0,0.09907875695694698,0.0,0.7192015993188892,0.5604395604395604,0.0,20
B,RandomForest,5,3674,fri_pm_scan,0.0,0.13303859989976788,0.0,0.5669668199805583,0.4791666666666667,0.0,20
B,RandomForest,5,3675,fri_pm_scan,0.0,0.07998847759562717,0.0,0.522967075767526,0.47474747474747475,0.0,20
B,RandomForest,5,3676,fri_pm_scan,0.0,0.08675964404091786,0.0,0.5080255881029875,0.5299999999999999,0.0,20
B,RandomForest,5,3677,fri_pm_scan,0.0,0.13303859989976788,0.0,0.463339007101907,0.5454545454545454,0.0,20
B,RandomForest,5,3678,fri_pm_scan,0.0,0.09625620407022505,0.0,0.44264211665527453,0.5833333333333333,0.0,20
B,RandomForest,5,3679,fri_pm_scan,0.0,0.08560314081975562,0.0,0.42050011392116654,0.6043956043956044,0.0,20
B,RandomForest,5,3680,fri_pm_scan,0.0,0.07635691343329061,0.0,0.4189355965671755,0.6666666666666667,0.0,20
B,RandomForest,5,3681,fri_pm_scan,0.0,0.020932556433014705,0.0,0.37605263157894736,0.6533333333333333,0.0,20
B,RandomForest,5,3682,fri_pm_scan,0.0,0.01824680126826325,0.0,0.32598684210526313,0.625,0.0,20
B,RandomForest,5,3683,fri_pm_scan,0.0,0.03475906775780338,0.0,0.1913533834586466,0.5294117647058824,0.0,20
B,RandomForest,5,3684,fri_pm_scan,0.0,0.034731155663365085,0.0,0.1631578947368421,0.4722222222222222,0.0,20
B,RandomForest,5,3685,fri_pm_scan,0.0,0.03462791300192993,0.0,0.25,0.9473684210526316,0.0,20
B,RandomForest,5,3686,fri_pm_scan,0.0,0.07587726391976292,0.0,0.25,0.9473684210526316,0.0,20
B,RandomForest,5,3687,fri_pm_scan,0.0,0.09074241901227807,0.0,0.5,,0.0,20
B,RandomForest,5,3688,fri_pm_scan,0.0,0.12554478164839003,0.0,0.5,,0.0,20
B,RandomForest,5,3689,fri_pm_scan,0.0,0.09001296292559731,0.0,0.5,,0.0,20
B,RandomForest,5,3690,fri_pm_scan,0.0,0.13130021215793883,0.0,0.5,,0.0,20
B,RandomForest,5,3691,fri_pm_scan,0.0,0.1338001168546001,0.0,0.5,,0.0,20
B,RandomForest,5,3692,fri_pm_scan,0.0,0.037491448274771105,0.0,0.5,,0.0,20
B,RandomForest,5,3693,fri_pm_scan,0.0,0.08787149736323738,0.0,0.5,,0.0,20
B,RandomForest,5,3694,fri_pm_scan,0.0,0.06464739200804799,0.0,0.5,,0.0,20
B,RandomForest,5,3695,fri_pm_scan,0.0,0.08160548156238284,0.0,0.5,,0.0,20
B,RandomForest,5,3696,fri_pm_scan,0.0,0.08148735290946303,0.0,0.5,,0.0,20
B,RandomForest,5,3697,fri_pm_scan,0.0,0.08893862531014879,0.0,0.5,,0.0,20
B,RandomForest,5,3698,fri_pm_scan,0.0,0.0810744134405198,0.0,0.5,,0.0,20
B,RandomForest,5,3699,fri_pm_scan,0.0,0.034731155663365085,0.0,0.5,,0.0,20
B,RandomForest,5,3700,fri_pm_scan,0.0,0.06,0.0,0.5,,0.0,20
B,RandomForest,5,3701,fri_pm_scan,1.0,0.08893862531014879,0.0,0.07142857142857142,0.7105263157894737,0.0,20
B,RandomForest,5,3702,fri_pm_scan,0.0,0.12551929640685336,0.0,0.0625,0.6578947368421053,0.0,20
B,RandomForest,5,3703,fri_pm_scan,1.0,0.12498702476631982,0.0,0.14126984126984127,0.7083333333333334,0.0,20
B,RandomForest,5,3704,fri_pm_scan,1.0,0.12498702476631982,0.0,0.20277777777777778,0.7156862745098039,0.0,20
B,RandomForest,5,3705,fri_pm_scan,1.0,0.12514453569244127,0.0,0.26926406926406926,0.7109375,0.0,20
B,RandomForest,5,3706,fri_pm_scan,1.0,0.27436734974702637,0.0,0.5016666666666667,0.7533333333333334,0.0,20
B,RandomForest,5,3707,fri_pm_scan,1.0,0.27436734974702637,0.0,0.6441798941798942,0.7916666666666666,0.0,20
B,RandomForest,5,3708,fri_pm_scan,1.0,0.27936734974702637,0.0,0.7664965986394559,0.8516483516483516,0.0,20
B,RandomForest,5,3709,fri_pm_scan,0.0,0.13303859989976788,0.0,0.7365646258503402,0.8186813186813187,0.0,20
B,RandomForest,5,3710,fri_pm_scan,0.0,0.02959575497666783,0.0,0.7750463821892393,0.8626373626373627,0.0,20
B,RandomForest,5,3711,fri_pm_scan,0.0,0.11220530226596721,0.0,0.8145021645021644,0.8956043956043955,0.0,20
B,RandomForest,5,3712,fri_pm_scan,0.0,0.05571801822884388,0.0,0.8145021645021644,0.8956043956043955,0.0,20
B,RandomForest,5,3713,fri_pm_scan,0.0,0.11015415148275613,0.0,0.805952380952381,0.8846153846153846,0.0,20
B,RandomForest,5,3714,fri_pm_scan,0.0,0.08787149736323738,0.0,0.805952380952381,0.8846153846153846,0.0,20
B,RandomForest,5,3715,fri_pm_scan,0.0,0.09060516330569182,0.0,0.7988511488511487,0.8736263736263735,0.0,20
B,RandomForest,5,3716,fri_pm_scan,0.0,0.09506896035506358,0.0,0.7928571428571427,0.8626373626373627,0.0,20
B,RandomForest,5,3717,fri_pm_scan,0.0,0.16051929640685336,0.0,0.7506541077969648,0.8241758241758241,0.0,20
B,RandomForest,5,3718,fri_pm_scan,0.0,0.034641706513348636,0.0,0.7506541077969648,0.8241758241758241,0.0,20
B,RandomForest,5,3719,fri_pm_scan,1.0,0.3098639592954859,0.0,0.804985119047619,0.8333333333333333,0.0,20
B,RandomForest,5,3720,fri_pm_scan,1.0,0.3098639592954859,0.0,0.8430765993265993,0.8383838383838383,0.0,20
B,RandomForest,5,3721,fri_pm_scan,1.0,0.3098639592954859,0.0,0.9037037037037037,0.9090909090909091,0.0,20
B,RandomForest,5,3722,fri_pm_scan,0.0,0.09092385871972147,0.0,0.9288720538720538,0.9393939393939393,0.0,20
B,RandomForest,5,3723,fri_pm_scan,0.0,0.0799930518300555,0.0,0.9440972222222223,0.9583333333333334,0.0,20
B,RandomForest,5,3724,fri_pm_scan,0.0,0.07587726391976292,0.0,0.9662698412698412,0.978021978021978,0.0,20
B,RandomForest,5,3725,fri_pm_scan,0.0,0.08118908870382398,0.0,1.0,1.0,0.0,20
B,RandomForest,5,3726,fri_pm_scan,0.0,0.08499507431599172,0.0,1.0,1.0,0.0,20
B,RandomForest,5,3727,fri_pm_scan,0.0,0.13303859989976788,0.0,1.0,1.0,0.0,20
B,RandomForest,5,3728,fri_pm_scan,0.0,0.09252574189483666,0.0,1.0,1.0,0.0,20
B,RandomForest,5,3729,fri_pm_scan,0.0,0.03340720212193679,0.0,1.0,1.0,0.0,20
B,RandomForest,5,3730,fri_pm_scan,0.0,0.04353506852543716,0.0,1.0,1.0,0.0,20
B,RandomForest,5,3731,fri_pm_scan,0.0,0.09907875695694698,0.0,1.0,1.0,0.0,20
B,RandomForest,5,3732,fri_pm_scan,0.0,0.12551929640685336,0.0,1.0,1.0,0.0,20
B,RandomForest,5,3733,fri_pm_scan,0.0,0.10129372510649062,0.0,1.0,1.0,0.0,20
B,RandomForest,5,3734,fri_pm_scan,0.0,0.08793081787294076,0.0,1.0,1.0,0.0,20
B,RandomForest,5,3735,fri_pm_scan,0.0,0.12551929640685336,0.0,1.0,1.0,0.0,20
B,RandomForest,5,3736,fri_pm_scan,0.0,0.12551929640685336,0.0,1.0,1.0,0.0,20
B,RandomForest,5,3737,fri_pm_scan,0.0,0.08537176329097619,0.0,1.0,1.0,0.0,20
B,RandomForest,5,3738,fri_pm_scan,0.0,0.07546432445081969,0.0,1.0,1.0,0.0,20
B,RandomForest,5,3739,fri_pm_scan,0.0,0.09060516330569182,0.0,1.0,1.0,0.0,20
B,RandomForest,5,3740,fri_pm_scan,0.0,0.13303859989976788,0.0,1.0,1.0,0.0,20
B,RandomForest,5,3741,fri_pm_scan,0.0,0.1189570461798321,0.0,0.5,,0.0,20
B,RandomForest,5,3742,fri_pm_scan,0.0,0.13051929640685336,0.0,0.5,,0.0,20
B,RandomForest,5,3743,fri_pm_scan,0.0,0.16115726689842344,0.0,0.5,,0.0,20
B,RandomForest,5,3744,fri_pm_scan,0.0,0.12137621929942259,0.0,0.5,,0.0,20
B,RandomForest,5,3745,fri_pm_scan,0.0,0.12551929640685336,0.0,0.5,,0.0,20
B,RandomForest,5,3746,fri_pm_scan,0.0,0.015,0.0,0.5,,0.0,20
B,RandomForest,5,3747,fri_pm_scan,0.0,0.07749852391156231,0.0,0.5,,0.0,20
B,RandomForest,5,3748,fri_pm_scan,0.0,0.08787149736323738,0.0,0.5,,0.0,20
B,RandomForest,5,3749,fri_pm_scan,0.0,0.11963850698274582,0.0,0.5,,0.0,20
B,RandomForest,5,3750,fri_pm_scan,0.0,0.09837738822223922,0.0,0.5,,0.0,20
B,RandomForest,5,3751,fri_pm_scan,1.0,0.14551929640685338,0.0,0.25,0.9473684210526315,0.0,20
B,RandomForest,5,3752,fri_pm_scan,1.0,0.009998073484412057,0.0,0.1631578947368421,0.47222222222222227,0.0,20
B,RandomForest,5,3753,fri_pm_scan,1.0,0.11498702476631982,0.0,0.17284688995215314,0.47058823529411764,0.0,20
B,RandomForest,5,3754,fri_pm_scan,1.0,0.10498702476631981,0.0,0.1964413875598086,0.453125,0.0,20
B,RandomForest,5,3755,fri_pm_scan,1.0,0.12498702476631982,0.0,0.24916951469583049,0.5066666666666667,0.0,20
B,RandomForest,5,3756,fri_pm_scan,1.0,0.11998702476631981,0.0,0.3084287423103213,0.5476190476190477,0.0,20
B,RandomForest,5,3757,fri_pm_scan,1.0,0.10998702476631982,0.0,0.33442725820545366,0.5164835164835164,0.0,20
B,RandomForest,5,3758,fri_pm_scan,1.0,0.12498702476631982,0.0,0.3728159358915938,0.5104166666666667,0.0,20
B,RandomForest,5,3759,fri_pm_scan,1.0,0.009998073484412057,0.0,0.3819117610784277,0.4242424242424242,0.0,20
B,RandomForest,5,3760,fri_pm_scan,1.0,0.11998702476631981,0.0,0.448001998001998,0.47000000000000003,0.0,20
B,RandomForest,5,3761,fri_pm_scan,1.0,0.11998702476631981,0.0,0.4896119032482669,0.4747474747474748,0.0,20
B,RandomForest,5,3762,fri_pm_scan,1.0,0.12498702476631982,0.0,0.5705831205831206,0.5416666666666667,0.0,20
B,RandomForest,5,3763,fri_pm_scan,1.0,0.11498702476631982,0.0,0.7203742838358222,0.6153846153846153,0.0,20
B,RandomForest,5,3764,fri_pm_scan,1.0,0.11998702476631981,0.0,0.7870835513692656,0.6785714285714286,0.0,20
B,RandomForest,5,3765,fri_pm_scan,1.0,0.12498702476631982,0.0,0.9423056573056574,0.8133333333333334,0.0,20
B,RandomForest,5,3766,fri_pm_scan,1.0,0.12498702476631982,0.0,0.9541701354201354,0.8125,0.0,20
B,RandomForest,5,3767,fri_pm_scan,1.0,0.11998702476631981,0.0,0.9644082633053221,0.803921568627451,0.0,20
B,RandomForest,5,3768,fri_pm_scan,1.0,0.18648909015828732,0.0,0.973336335958885,0.7777777777777777,0.0,20
B,RandomForest,5,3769,fri_pm_scan,1.0,0.11498702476631982,0.0,0.9944444444444445,0.8947368421052632,0.0,20
B,RandomForest,5,3770,fri_pm_scan,1.0,0.12498702476631982,0.0,1.0,,0.0,20
B,RandomForest,5,3771,fri_pm_scan,1.0,0.11998702476631981,0.0,1.0,,0.0,20
B,RandomForest,5,3772,fri_pm_scan,1.0,0.10998702476631982,0.0,1.0,,0.0,20
B,RandomForest,5,3773,fri_pm_scan,1.0,0.11998702476631981,0.0,1.0,,0.0,20
B,RandomForest,5,3774,fri_pm_scan,1.0,0.12498702476631982,0.0,1.0,,0.0,20
B,RandomForest,5,3775,fri_pm_scan,1.0,0.11998702476631981,0.0,1.0,,0.0,20
B,RandomForest,5,3776,fri_pm_scan,1.0,0.12498702476631982,0.0,1.0,,0.0,20
B,RandomForest,5,3777,fri_pm_scan,1.0,0.12498702476631982,0.0,1.0,,0.0,20
B,RandomForest,5,3778,fri_pm_scan,1.0,0.12498702476631982,0.0,1.0,,0.0,20
B,RandomForest,5,3779,fri_pm_scan,1.0,0.12498702476631982,0.0,1.0,,0.0,20
B,RandomForest,5,3780,fri_pm_scan,1.0,0.12498702476631982,0.0,1.0,,0.0,20
B,RandomForest,5,3781,fri_pm_scan,1.0,0.12498702476631982,0.0,1.0,,0.0,20
B,RandomForest,5,3782,fri_pm_scan,1.0,0.12498702476631982,0.0,1.0,,0.0,20
B,RandomForest,5,3783,fri_pm_scan,1.0,0.12498702476631982,0.0,1.0,,0.0,20
B,RandomForest,5,3784,fri_pm_scan,1.0,0.11998702476631981,0.0,1.0,,0.0,20
B,RandomForest,5,3785,fri_pm_scan,1.0,0.11498702476631982,0.0,1.0,,0.0,20
B,RandomForest,5,3786,fri_pm_scan,1.0,0.11998702476631981,0.0,1.0,,0.0,20
B,RandomForest,5,3787,fri_pm_scan,1.0,0.12998702476631982,0.0,1.0,,0.0,20
B,RandomForest,5,3788,fri_pm_scan,1.0,0.12498702476631982,0.0,1.0,,0.0,20
B,RandomForest,5,3789,fri_pm_scan,1.0,0.10004099557833797,0.0,1.0,,0.0,20
B,RandomForest,5,3790,fri_pm_scan,1.0,0.25576501223536463,0.0,1.0,,0.0,20
B,RandomForest,5,3791,fri_pm_scan,1.0,0.24576501223536462,0.0,1.0,,0.0,20
B,RandomForest,5,3792,fri_pm_scan,1.0,0.2507650122353646,0.0,1.0,,0.0,20
B,RandomForest,5,3793,fri_pm_scan,1.0,0.24076501223536462,0.0,1.0,,0.0,20
B,RandomForest,5,3794,fri_pm_scan,1.0,0.2207650122353646,0.0,1.0,,0.0,20
B,RandomForest,5,3795,fri_pm_scan,1.0,0.2303862694582678,0.0,1.0,,0.0,20
B,RandomForest,5,3796,fri_pm_scan,1.0,0.25576501223536463,0.0,1.0000000000000002,,0.0,20
B,RandomForest,5,3797,fri_pm_scan,1.0,0.25538626945826776,0.0,1.0000000000000002,,0.0,20
B,RandomForest,5,3798,fri_pm_scan,1.0,0.25576501223536463,0.0,1.0,,0.0,20
B,RandomForest,5,3799,fri_pm_scan,1.0,0.25576501223536463,0.0,1.0,,0.0,20
B,RandomForest,5,3800,fri_pm_scan,1.0,0.2657650122353646,0.0,1.0,,0.0,20
B,RandomForest,5,3801,fri_pm_scan,1.0,0.22577798746904482,0.0,1.0000000000000002,,0.0,20
B,RandomForest,5,3802,fri_pm_scan,1.0,0.20577798746904477,0.0,1.0000000000000002,,0.0,20
B,RandomForest,5,3803,fri_pm_scan,1.0,0.2507650122353646,0.0,1.0000000000000002,,0.0,20
B,RandomForest,5,3804,fri_pm_scan,1.0,0.19077798746904479,0.0,1.0,,0.0,20
B,RandomForest,5,3805,fri_pm_scan,1.0,0.27436734974702637,0.0,1.0,,0.0,20
B,RandomForest,5,3806,fri_pm_scan,1.0,0.25576501223536463,0.0,1.0,,0.0,20
B,RandomForest,5,3807,fri_pm_scan,1.0,0.2207779874690448,0.0,1.0,,0.0,20
B,RandomForest,5,3808,fri_pm_scan,1.0,0.23077798746904482,0.0,1.0,,0.0,20
B,RandomForest,5,3809,fri_pm_scan,1.0,0.2257650122353646,0.0,1.0,,0.0,20
B,RandomForest,5,3810,fri_pm_scan,1.0,0.2657650122353646,0.0,1.0,,0.0,20
B,RandomForest,5,3811,fri_pm_scan,1.0,0.2303862694582678,0.0,1.0,,0.0,20
B,RandomForest,5,3812,fri_pm_scan,1.0,0.25576501223536463,0.0,1.0,,0.0,20
B,RandomForest,5,3813,fri_pm_scan,1.0,0.2207779874690448,0.0,1.0,,0.0,20
B,RandomForest,5,3814,fri_pm_scan,1.0,0.23077798746904482,0.0,1.0,,0.0,20
B,RandomForest,5,3815,fri_pm_scan,1.0,0.19038626945826778,0.0,1.0,,0.0,20
B,RandomForest,5,3816,fri_pm_scan,1.0,0.25538626945826776,0.0,1.0,,0.0,20
B,RandomForest,5,3817,fri_pm_scan,1.0,0.2357650122353646,0.0,1.0,,0.0,20
B,RandomForest,5,3818,fri_pm_scan,1.0,0.24038626945826777,0.0,1.0000000000000002,,0.0,20
B,RandomForest,5,3819,fri_pm_scan,1.0,0.2657650122353646,0.0,1.0000000000000002,,0.0,20
B,RandomForest,5,3820,fri_pm_scan,1.0,0.22577798746904482,0.0,1.0000000000000002,,0.0,20
B,RandomForest,5,3821,fri_pm_scan,1.0,0.19577798746904476,0.0,1.0,,0.0,20
B,RandomForest,5,3822,fri_pm_scan,1.0,0.26038626945826776,0.0,1.0,,0.0,20
B,RandomForest,5,3823,fri_pm_scan,1.0,0.25038626945826775,0.0,1.0,,0.0,20
B,RandomForest,5,3824,fri_pm_scan,1.0,0.20539924469194795,0.0,1.0,,0.0,20
B,RandomForest,5,3825,fri_pm_scan,1.0,0.2357650122353646,0.0,0.9999999999999999,,0.0,20
B,RandomForest,5,3826,fri_pm_scan,1.0,0.25538626945826776,0.0,0.9999999999999999,,0.0,20
B,RandomForest,5,3827,fri_pm_scan,1.0,0.24576501223536462,0.0,1.0,,0.0,20
B,RandomForest,5,3828,fri_pm_scan,1.0,0.24576501223536462,0.0,1.0,,0.0,20
B,RandomForest,5,3829,fri_pm_scan,1.0,0.25538626945826776,0.0,1.0000000000000002,,0.0,20
B,RandomForest,5,3830,fri_pm_scan,1.0,0.2357650122353646,0.0,1.0000000000000002,,0.0,20
B,RandomForest,5,3831,fri_pm_scan,1.0,0.2657650122353646,0.0,1.0000000000000002,,0.0,20
B,RandomForest,5,3832,fri_pm_scan,1.0,0.24038626945826777,0.0,1.0000000000000002,,0.0,20
B,RandomForest,5,3833,fri_pm_scan,1.0,0.24038626945826777,0.0,0.9999999999999999,,0.0,20
B,RandomForest,5,3834,fri_pm_scan,1.0,0.25538626945826776,0.0,0.9999999999999999,,0.0,20
B,RandomForest,5,3835,fri_pm_scan,1.0,0.26076501223536463,0.0,1.0000000000000002,,0.0,20
B,RandomForest,5,3836,fri_pm_scan,1.0,0.25538626945826776,0.0,1.0000000000000002,,0.0,20
B,RandomForest,5,3837,fri_pm_scan,1.0,0.25576501223536463,0.0,1.0000000000000002,,0.0,20
B,RandomForest,5,3838,fri_pm_scan,0.0,0.09907875695694698,0.0,0.9999999999999999,1.0,0.0,20
B,RandomForest,5,3839,fri_pm_scan,0.0,0.14729862786553838,0.0,1.0,1.0,0.0,20
B,RandomForest,5,3840,fri_pm_scan,0.0,0.09001296292559731,0.0,1.0,1.0,0.0,20
B,RandomForest,5,3841,fri_pm_scan,0.0,0.0938717724585626,0.0,1.0,1.0,0.0,20
B,RandomForest,5,3842,fri_pm_scan,0.0,0.1029687712916797,0.0,1.0,1.0,0.0,20
B,RandomForest,5,3843,fri_pm_scan,1.0,0.09001296292559731,0.0,0.9842592592592592,0.94,0.0,20
B,RandomForest,5,3844,fri_pm_scan,0.0,0.17488760808258302,0.0,0.9793650793650792,0.9345238095238095,0.0,20
B,RandomForest,5,3845,fri_pm_scan,0.0,0.034731155663365085,0.0,0.9765420338175754,0.9395604395604397,0.0,20
B,RandomForest,5,3846,fri_pm_scan,0.0,0.09020020899961816,0.0,0.9699432404540765,0.9322916666666666,0.0,20
B,RandomForest,5,3847,fri_pm_scan,1.0,0.11998702476631981,0.0,0.9565885395993756,0.9114583333333333,0.0,20
B,RandomForest,5,3848,fri_pm_scan,1.0,0.3098639592954859,0.0,0.9565885395993755,0.9114583333333333,0.0,20
B,RandomForest,5,3849,fri_pm_scan,1.0,0.3048639592954859,0.0,0.9565885395993755,0.9114583333333334,0.0,20
B,RandomForest,5,3850,fri_pm_scan,1.0,0.3048639592954859,0.0,0.9565885395993756,0.9114583333333334,0.0,20
B,RandomForest,5,3851,fri_pm_scan,1.0,0.3048639592954859,0.0,0.9565885395993756,0.9114583333333334,0.0,20
B,RandomForest,5,3852,fri_pm_scan,1.0,0.3048639592954859,0.0,0.9565885395993756,0.9114583333333333,0.0,20
B,RandomForest,5,3853,fri_pm_scan,1.0,0.10998702476631982,0.0,0.9420683375791736,0.890625,0.0,20
B,RandomForest,5,3854,fri_pm_scan,1.0,0.3048639592954859,0.0,0.9420683375791735,0.890625,0.0,20
B,RandomForest,5,3855,fri_pm_scan,0.0,0.12551929640685336,0.0,0.9165311890473725,0.8636363636363636,0.0,20
B,RandomForest,5,3856,fri_pm_scan,0.0,0.17081774909846112,0.0,0.8858866108092115,0.835,0.0,20
B,RandomForest,5,3857,fri_pm_scan,1.0,0.09064611508052493,0.0,0.8345477413453419,0.765,0.0,20
B,RandomForest,5,3858,fri_pm_scan,0.0,0.08846761816903813,0.0,0.8414439033189033,0.7849999999999999,0.0,20
B,RandomForest,5,3859,fri_pm_scan,1.0,0.135,0.0,0.8626344614980979,0.803030303030303,0.0,20
B,RandomForest,5,3860,fri_pm_scan,0.0,0.0869657881659688,0.0,0.8642684484262024,0.8080808080808081,0.0,20
B,RandomForest,5,3861,fri_pm_scan,0.0,0.12551929640685336,0.0,0.8532438669470755,0.7878787878787878,0.0,20
B,RandomForest,5,3862,fri_pm_scan,0.0,0.06147867850774797,0.0,0.861388296047387,0.8080808080808081,0.0,20
B,RandomForest,5,3863,fri_pm_scan,0.0,0.09761851048825312,0.0,0.8749653124653124,0.85,0.0,20
B,RandomForest,5,3864,fri_pm_scan,0.0,0.10313211329206119,0.0,0.8973106060606061,0.88,0.0,20
B,RandomForest,5,3865,fri_pm_scan,1.0,0.0956230519152974,0.0,0.8772899449035813,0.8282828282828283,0.0,20
B,RandomForest,5,3866,fri_pm_scan,1.0,0.11498702476631982,0.0,0.8709778375219551,0.7916666666666667,0.0,20
B,RandomForest,5,3867,fri_pm_scan,1.0,0.29997335138559483,0.0,0.8961642252083429,0.8229166666666667,0.0,20
B,RandomForest,5,3868,fri_pm_scan,1.0,0.3048639592954859,0.0,0.8961642252083428,0.8229166666666667,0.0,20
B,RandomForest,5,3869,fri_pm_scan,1.0,0.2899733513855949,0.0,0.8961642252083428,0.8229166666666667,0.0,20
B,RandomForest,5,3870,fri_pm_scan,1.0,0.3098639592954859,0.0,0.8961642252083429,0.8229166666666667,0.0,20
B,RandomForest,5,3871,fri_pm_scan,1.0,0.3048639592954859,0.0,0.8961642252083429,0.8229166666666667,0.0,20
B,RandomForest,5,3872,fri_pm_scan,1.0,0.3098639592954859,0.0,0.8961642252083428,0.8229166666666667,0.0,20
B,RandomForest,5,3873,fri_pm_scan,0.0,0.09001296292559731,0.0,0.9047660041978224,0.8585858585858586,0.0,20
B,RandomForest,5,3874,fri_pm_scan,0.0,0.16793983696039788,0.0,0.8613618326118326,0.82,0.0,20
B,RandomForest,5,3875,fri_pm_scan,0.0,0.1388321542020005,0.0,0.8533062770562769,0.81,0.0,20
B,RandomForest,5,3876,fri_pm_scan,0.0,0.08259290268619329,0.0,0.8761408036408036,0.85,0.0,20
B,RandomForest,5,3877,fri_pm_scan,0.0,0.03340720212193679,0.0,0.9007384590717924,0.8989898989898989,0.0,20
B,RandomForest,5,3878,fri_pm_scan,0.0,0.08802917650467683,0.0,0.9007384590717924,0.8989898989898989,0.0,20
B,RandomForest,5,3879,fri_pm_scan,0.0,0.11553362334553682,0.0,0.8966408591408591,0.8958333333333334,0.0,20
B,RandomForest,5,4277,fri_pm_ddos,0.0,0.191435274444735,0.0,0.8851325757575758,0.875,0.0,20
B,RandomForest,5,4278,fri_pm_ddos,0.0,0.1338001168546001,0.0,0.8851325757575758,0.875,0.0,20
B,RandomForest,5,4279,fri_pm_ddos,0.0,0.02,0.0,0.8851325757575758,0.875,0.0,20
B,RandomForest,5,4280,fri_pm_ddos,0.0,0.12551929640685336,0.0,0.8794871794871795,0.8645833333333333,0.0,20
B,RandomForest,5,4281,fri_pm_ddos,0.0,0.0869657881659688,0.0,0.884271978021978,0.875,0.0,20
B,RandomForest,5,4282,fri_pm_ddos,0.0,0.08993390158972007,0.0,0.9313186813186812,0.9340659340659341,0.0,20
B,RandomForest,5,4283,fri_pm_ddos,0.0,0.1225428198519067,0.0,1.0,1.0,0.0,20
B,RandomForest,5,4284,fri_pm_ddos,0.0,0.04702630705019319,0.0,1.0,1.0,0.0,20
B,RandomForest,5,4285,fri_pm_ddos,0.0,0.07886374930227434,0.0,1.0,1.0,0.0,20
B,RandomForest,5,4286,fri_pm_ddos,0.0,0.09060516330569182,0.0,1.0,1.0,0.0,20
B,RandomForest,5,4287,fri_pm_ddos,0.0,0.03476303088054191,0.0,1.0,1.0,0.0,20
B,RandomForest,5,4288,fri_pm_ddos,0.0,0.08264970464189611,0.0,1.0,1.0,0.0,20
B,RandomForest,5,4289,fri_pm_ddos,0.0,0.08468103185676651,0.0,0.5,,0.0,20
B,RandomForest,5,4290,fri_pm_ddos,0.0,0.12551929640685336,0.0,0.5,,0.0,20
B,RandomForest,5,4291,fri_pm_ddos,0.0,0.07325366031257423,0.0,0.5,,0.0,20
B,RandomForest,5,4292,fri_pm_ddos,0.0,0.13303859989976788,0.0,0.5,,0.0,20
B,RandomForest,5,4293,fri_pm_ddos,0.0,0.16,0.0,0.5,,0.0,20
B,RandomForest,5,4294,fri_pm_ddos,0.0,0.04832118169629809,0.0,0.5,,0.0,20
B,RandomForest,5,4295,fri_pm_ddos,1.0,0.12551929640685336,0.0,0.07142857142857142,0.736842105263158,0.0,20
B,RandomForest,5,4296,fri_pm_ddos,1.0,0.03,0.0,0.0759189640768588,0.38888888888888895,0.0,20
B,RandomForest,5,4297,fri_pm_ddos,1.0,0.03,0.0,0.10001719986240111,0.2941176470588235,0.0,20
B,RandomForest,5,4298,fri_pm_ddos,1.0,0.025,0.0,0.1294407894736842,0.25,0.0,20
B,RandomForest,5,4299,fri_pm_ddos,1.0,0.04353506852543716,0.0,0.15085397316821464,0.17333333333333337,0.0,20
B,RandomForest,5,4300,fri_pm_ddos,1.0,0.03,0.0,0.18186612364243943,0.1488095238095238,0.0,20
B,RandomForest,5,4301,fri_pm_ddos,1.0,0.03,0.0,0.20943292296675753,0.12637362637362634,0.0,20
B,RandomForest,5,4302,fri_pm_ddos,1.0,0.03,0.0,0.23824946982841722,0.109375,0.0,20
B,RandomForest,5,4303,fri_pm_ddos,1.0,0.03,0.0,0.26822339453918403,0.09595959595959597,0.0,20
B,RandomForest,5,4304,fri_pm_ddos,1.0,0.03,0.0,0.2993979266347687,0.08500000000000002,0.0,20
B,RandomForest,5,4305,fri_pm_ddos,1.0,0.03,0.0,0.33193175776907835,0.07575757575757577,0.0,20
B,RandomForest,5,4306,fri_pm_ddos,1.0,0.03,0.0,0.36611232943469796,0.06770833333333333,0.0,20
B,RandomForest,5,4307,fri_pm_ddos,1.0,0.0633234384666197,0.0,0.41657187841398363,0.06043956043956045,0.0,20
B,RandomForest,5,4308,fri_pm_ddos,0.0,0.24706042177642576,0.0,0.41464880149090666,0.04945054945054946,0.0,20
B,RandomForest,5,4309,fri_pm_ddos,1.0,0.10394834352090579,0.0,0.4739102219835303,0.06547619047619047,0.0,20
B,RandomForest,5,4310,fri_pm_ddos,1.0,0.03,0.0,0.5260352269562796,0.06666666666666667,0.0,20
B,RandomForest,5,4311,fri_pm_ddos,1.0,0.03,0.0,0.5781954887218045,0.046875,0.0,20
B,RandomForest,5,4312,fri_pm_ddos,1.0,0.03,0.0,0.6468413681261977,0.05882352941176472,0.0,20
B,RandomForest,5,4313,fri_pm_ddos,1.0,0.03,0.0,0.7345272904483431,0.08333333333333333,0.0,20
B,RandomForest,5,4314,fri_pm_ddos,1.0,0.03,0.0,0.8156278855032317,0.0,0.0,20
B,RandomForest,5,4315,fri_pm_ddos,1.0,0.03,0.0,0.8010849492151431,0.0,0.0,20
B,RandomForest,5,4316,fri_pm_ddos,1.0,0.040320265873489136,0.0,0.8156278855032317,0.0,0.0,20
B,RandomForest,5,4317,fri_pm_ddos,0.0,0.17585000832408546,0.0,0.7118421052631579,0.0,0.0,20
B,RandomForest,5,4318,fri_pm_ddos,0.0,0.01,0.0,0.7009287925696593,0.33333333333333337,0.0,20
B,RandomForest,5,4319,fri_pm_ddos,1.0,0.11553362334553682,0.0,0.7009287925696593,0.33333333333333337,0.0,20
B,RandomForest,5,4320,fri_pm_ddos,1.0,0.03,0.0,0.7009287925696593,0.33333333333333337,0.0,20
B,RandomForest,5,4321,fri_pm_ddos,1.0,0.03,0.0,0.7009287925696593,0.33333333333333337,0.0,20
B,RandomForest,5,4322,fri_pm_ddos,1.0,0.03,0.0,0.7009287925696593,0.33333333333333337,0.0,20
B,RandomForest,5,4323,fri_pm_ddos,1.0,0.03,0.0,0.7009287925696593,0.33333333333333337,0.0,20
B,RandomForest,5,4324,fri_pm_ddos,1.0,0.03,0.0,0.7009287925696593,0.33333333333333337,0.0,20
B,RandomForest,5,4325,fri_pm_ddos,1.0,0.03,0.0,0.7009287925696593,0.33333333333333337,0.0,20
B,RandomForest,5,4326,fri_pm_ddos,1.0,0.038673204580185375,0.0,0.7124281291463954,0.33333333333333337,0.0,20
B,RandomForest,5,4327,fri_pm_ddos,0.0,0.034731155663365085,0.0,0.6404918546365914,0.3125,0.0,20
B,RandomForest,5,4328,fri_pm_ddos,0.0,0.07546432445081969,0.0,0.6561168546365914,0.34375,0.0,20
B,RandomForest,5,4329,fri_pm_ddos,1.0,0.12031132801445038,0.0,0.6561168546365914,0.34375,0.0,20
B,RandomForest,5,4330,fri_pm_ddos,1.0,0.03,0.0,0.6561168546365914,0.34375,0.0,20
B,RandomForest,5,4331,fri_pm_ddos,1.0,0.03,0.0,0.6561168546365914,0.34375,0.0,20
B,RandomForest,5,4332,fri_pm_ddos,1.0,0.035,0.0,0.6735138627819548,0.359375,0.0,20
B,RandomForest,5,4333,fri_pm_ddos,1.0,0.03,0.0,0.6735138627819548,0.359375,0.0,20
B,RandomForest,5,4334,fri_pm_ddos,1.0,0.03,0.0,0.6735138627819548,0.359375,0.0,20
B,RandomForest,5,4335,fri_pm_ddos,1.0,0.10122337491409258,0.0,0.6963424185463659,0.390625,0.0,20
B,RandomForest,5,4336,fri_pm_ddos,0.0,0.11220530226596721,0.0,0.6161605402394876,0.33333333333333326,0.0,20
B,RandomForest,5,4337,fri_pm_ddos,0.0,0.01,0.0,0.754920634920635,0.5333333333333333,0.0,20
B,RandomForest,5,4338,fri_pm_ddos,1.0,0.09074241901227807,0.0,0.7781132518796993,0.4375,0.0,20
B,RandomForest,5,4339,fri_pm_ddos,1.0,0.03,0.0,0.7302846961152882,0.390625,0.0,20
B,RandomForest,5,4340,fri_pm_ddos,1.0,0.03,0.0,0.7302846961152882,0.390625,0.0,20
B,RandomForest,5,4341,fri_pm_ddos,1.0,0.02,0.0,0.7340538847117796,0.390625,0.0,20
B,RandomForest,5,4342,fri_pm_ddos,1.0,0.03,0.0,0.7340538847117796,0.390625,0.0,20
B,RandomForest,5,4343,fri_pm_ddos,1.0,0.03,0.0,0.7340538847117796,0.390625,0.0,20
B,RandomForest,5,4344,fri_pm_ddos,1.0,0.03,0.0,0.7340538847117796,0.390625,0.0,20
B,RandomForest,5,4345,fri_pm_ddos,1.0,0.06464739200804799,0.0,0.7459586466165414,0.40625,0.0,20
B,RandomForest,5,4346,fri_pm_ddos,0.0,0.01,0.0,0.7308193277310924,0.52,0.0,20
B,RandomForest,5,4347,fri_pm_ddos,1.0,0.09363926549437693,0.0,0.7950309290382821,0.578125,0.0,20
B,RandomForest,5,4348,fri_pm_ddos,1.0,0.03,0.0,0.8625281485143077,0.6862745098039217,0.0,20
B,RandomForest,5,4349,fri_pm_ddos,1.0,0.03,0.0,0.8138792772010764,0.6666666666666667,0.0,20
B,RandomForest,5,4350,fri_pm_ddos,1.0,0.03,0.0,0.8138792772010764,0.6666666666666667,0.0,20
B,RandomForest,5,4351,fri_pm_ddos,1.0,0.03,0.0,0.8138792772010764,0.6666666666666667,0.0,20
B,RandomForest,5,4352,fri_pm_ddos,1.0,0.03,0.0,0.8062668204536716,0.6666666666666667,0.0,20
B,RandomForest,5,4353,fri_pm_ddos,1.0,0.03,0.0,0.8062668204536716,0.6666666666666667,0.0,20
B,RandomForest,5,4354,fri_pm_ddos,1.0,0.034731155663365085,0.0,0.8138792772010764,0.6666666666666667,0.0,20
B,RandomForest,5,4355,fri_pm_ddos,1.0,0.0914525993389721,0.0,0.8138792772010764,0.6666666666666667,0.0,20
B,RandomForest,5,4356,fri_pm_ddos,1.0,0.03,0.0,1.0,1.0,0.0,20
B,RandomForest,5,4357,fri_pm_ddos,1.0,0.03,0.0,0.9999999999999999,1.0,0.0,20
B,RandomForest,5,4358,fri_pm_ddos,1.0,0.03,0.0,0.9999999999999998,1.0,0.0,20
B,RandomForest,5,4359,fri_pm_ddos,1.0,0.03,0.0,0.9999999999999998,1.0,0.0,20
B,RandomForest,5,4360,fri_pm_ddos,1.0,0.03,0.0,0.9999999999999998,1.0,0.0,20
B,RandomForest,5,4361,fri_pm_ddos,1.0,0.03,0.0,0.9999999999999998,1.0,0.0,20
B,RandomForest,5,4362,fri_pm_ddos,1.0,0.03,0.0,0.9999999999999998,1.0,0.0,20
B,RandomForest,5,4363,fri_pm_ddos,0.0,0.034731155663365085,0.0,0.8961988304093569,0.5972222222222222,0.0,20
B,RandomForest,5,4364,fri_pm_ddos,1.0,0.03,0.0,0.8961988304093569,0.5972222222222222,0.0,20
B,RandomForest,5,4365,fri_pm_ddos,1.0,0.03,0.0,0.8669590643274854,0.5694444444444444,0.0,20
B,RandomForest,5,4366,fri_pm_ddos,1.0,0.03,0.0,0.8671052631578946,0.13157894736842105,0.0,20
B,RandomForest,5,4367,fri_pm_ddos,1.0,0.02,0.0,0.8260156971375807,0.07894736842105263,0.0,20
B,RandomForest,5,4368,fri_pm_ddos,1.0,0.03,0.0,0.8260156971375807,0.07894736842105263,0.0,20
B,RandomForest,5,4369,fri_pm_ddos,1.0,0.03,0.0,0.8260156971375807,0.07894736842105263,0.0,20
B,RandomForest,5,4370,fri_pm_ddos,1.0,0.25827029920941613,0.0,0.8712603878116343,0.13157894736842105,0.0,20
B,RandomForest,5,4371,fri_pm_ddos,0.0,0.01,0.0,0.8712231968810917,0.5694444444444444,0.0,20
B,RandomForest,5,4372,fri_pm_ddos,1.0,0.03,0.0,0.8712231968810917,0.5694444444444444,0.0,20
B,RandomForest,5,4373,fri_pm_ddos,1.0,0.035,0.0,0.8991552956465239,0.5972222222222222,0.0,20
B,RandomForest,5,4374,fri_pm_ddos,1.0,0.03,0.0,0.8781676413255362,0.5833333333333334,0.0,20
B,RandomForest,5,4375,fri_pm_ddos,1.0,0.025,0.0,0.8413121583916219,0.5555555555555556,0.0,20
B,RandomForest,5,4376,fri_pm_ddos,1.0,0.025,0.0,0.8474963450292399,0.5555555555555556,0.0,20
B,RandomForest,5,4377,fri_pm_ddos,1.0,0.03,0.0,0.8474963450292399,0.5555555555555556,0.0,20
B,RandomForest,5,4378,fri_pm_ddos,1.0,0.03,0.0,0.8474963450292399,0.5555555555555556,0.0,20
B,RandomForest,5,4379,fri_pm_ddos,0.0,0.01,0.0,0.8480776624375241,0.7058823529411765,0.0,20
B,RandomForest,5,4380,fri_pm_ddos,1.0,0.03340720212193679,0.0,0.8696462898885043,0.7058823529411765,0.0,20
B,RandomForest,5,4381,fri_pm_ddos,1.0,0.025,0.0,0.87344839896743,0.7058823529411765,0.0,20
B,RandomForest,5,4382,fri_pm_ddos,1.0,0.03,0.0,0.87344839896743,0.7058823529411765,0.0,20
B,RandomForest,5,4383,fri_pm_ddos,1.0,0.03,0.0,1.0,1.0,0.0,20
B,RandomForest,5,4384,fri_pm_ddos,1.0,0.03,0.0,1.0,1.0,0.0,20
B,RandomForest,5,4385,fri_pm_ddos,1.0,0.03,0.0,1.0,1.0,0.0,20
B,RandomForest,5,4386,fri_pm_ddos,1.0,0.03,0.0,1.0,1.0,0.0,20
B,RandomForest,5,4387,fri_pm_ddos,1.0,0.01,0.0,0.9972222222222223,0.9722222222222222,0.0,20
B,RandomForest,5,4388,fri_pm_ddos,0.0,0.01,0.0,0.9955882352941177,0.9705882352941176,0.0,20
B,RandomForest,5,4389,fri_pm_ddos,1.0,0.03267878288293401,0.0,0.9955882352941177,0.9705882352941176,0.0,20
B,RandomForest,5,4390,fri_pm_ddos,1.0,0.03,0.0,0.9955882352941177,0.9705882352941176,0.0,20
B,RandomForest,5,4391,fri_pm_ddos,1.0,0.025,0.0,0.9972222222222223,0.9722222222222222,0.0,20
B,RandomForest,5,4392,fri_pm_ddos,1.0,0.035,0.0,0.9972222222222222,0.9722222222222222,0.0,20
B,RandomForest,5,4393,fri_pm_ddos,1.0,0.03,0.0,0.9972222222222223,0.9722222222222222,0.0,20
B,RandomForest,5,4394,fri_pm_ddos,1.0,0.03,0.0,0.9972222222222223,0.9722222222222222,0.0,20
B,RandomForest,5,4395,fri_pm_ddos,1.0,0.06922345210197603,0.0,0.9972222222222223,0.9722222222222222,0.0,20
B,RandomForest,5,4396,fri_pm_ddos,0.0,0.01,0.0,0.9955882352941177,0.9705882352941176,0.0,20
B,RandomForest,5,4397,fri_pm_ddos,1.0,0.08825979363159622,0.0,0.9955882352941177,0.9705882352941176,0.0,20
B,RandomForest,5,4398,fri_pm_ddos,1.0,0.02,0.0,0.9955882352941177,0.9705882352941176,0.0,20
B,RandomForest,5,4399,fri_pm_ddos,1.0,0.03,0.0,0.9972222222222222,0.9722222222222222,0.0,20
B,RandomForest,5,4400,fri_pm_ddos,1.0,0.03,0.0,0.9972222222222222,0.9722222222222222,0.0,20
B,RandomForest,5,4401,fri_pm_ddos,1.0,0.03,0.0,0.9972222222222222,0.9722222222222222,0.0,20
B,RandomForest,5,4402,fri_pm_ddos,1.0,0.03,0.0,0.9972222222222222,0.9722222222222222,0.0,20
B,RandomForest,5,4403,fri_pm_ddos,1.0,0.03,0.0,0.9972222222222222,0.9722222222222222,0.0,20
B,RandomForest,5,4404,fri_pm_ddos,1.0,0.25266461492679265,0.0,0.9972222222222222,0.9722222222222222,0.0,20
B,RandomForest,5,4405,fri_pm_ddos,0.0,0.01,0.0,0.9955882352941177,0.9705882352941176,0.0,20
B,RandomForest,5,4406,fri_pm_ddos,1.0,0.034731155663365085,0.0,0.9955882352941177,0.9705882352941176,0.0,20
B,RandomForest,5,4407,fri_pm_ddos,1.0,0.03,0.0,1.0,1.0,0.0,20
B,RandomForest,5,4408,fri_pm_ddos,1.0,0.03,0.0,1.0,1.0,0.0,20
B,RandomForest,5,4409,fri_pm_ddos,1.0,0.035,0.0,1.0,1.0,0.0,20
B,RandomForest,5,4410,fri_pm_ddos,1.0,0.03,0.0,1.0,1.0,0.0,20
B,RandomForest,5,4411,fri_pm_ddos,1.0,0.03,0.0,1.0,1.0,0.0,20
B,RandomForest,5,4412,fri_pm_ddos,1.0,0.03,0.0,1.0,1.0,0.0,20
B,RandomForest,5,4413,fri_pm_ddos,1.0,0.03,0.0,1.0,1.0,0.0,20
B,RandomForest,5,4414,fri_pm_ddos,0.0,0.01,0.0,1.0,1.0,0.0,20
B,RandomForest,5,4415,fri_pm_ddos,1.0,0.03971873638951177,0.0,1.0,1.0,0.0,20
B,RandomForest,5,4416,fri_pm_ddos,1.0,0.03,0.0,1.0,1.0,0.0,20
B,RandomForest,5,4417,fri_pm_ddos,1.0,0.03,0.0,1.0,1.0,0.0,20
B,RandomForest,5,4418,fri_pm_ddos,1.0,0.03,0.0,1.0,1.0,0.0,20
B,RandomForest,5,4419,fri_pm_ddos,1.0,0.03,0.0,1.0,1.0,0.0,20
B,RandomForest,5,4420,fri_pm_ddos,1.0,0.03,0.0,1.0,1.0,0.0,20
B,RandomForest,5,4421,fri_pm_ddos,1.0,0.0633234384666197,0.0,1.0,1.0,0.0,20
B,RandomForest,5,4422,fri_pm_ddos,0.0,0.196435274444735,0.0,0.8558823529411763,0.6862745098039217,0.0,20
B,RandomForest,5,4423,fri_pm_ddos,0.0,0.01,0.0,0.8526960784313725,0.765625,0.0,20
B,RandomForest,5,4424,fri_pm_ddos,1.0,0.06708876749744808,0.0,0.8058210784313725,0.75,0.0,20
B,RandomForest,5,4425,fri_pm_ddos,1.0,0.03,0.0,0.8117647058823528,0.6666666666666667,0.0,20
B,RandomForest,5,4426,fri_pm_ddos,1.0,0.03,0.0,0.803267973856209,0.6666666666666667,0.0,20
B,RandomForest,5,4427,fri_pm_ddos,1.0,0.03,0.0,0.803267973856209,0.6666666666666667,0.0,20
B,RandomForest,5,4428,fri_pm_ddos,1.0,0.03,0.0,0.803267973856209,0.6666666666666667,0.0,20
B,RandomForest,5,4429,fri_pm_ddos,1.0,0.03,0.0,0.7883986928104574,0.6666666666666667,0.0,20
B,RandomForest,5,4430,fri_pm_ddos,1.0,0.03340720212193679,0.0,0.803267973856209,0.6666666666666667,0.0,20
B,RandomForest,5,4431,fri_pm_ddos,0.0,0.01,0.0,0.797732843137255,0.75,0.0,20
B,RandomForest,5,4432,fri_pm_ddos,0.0,0.01,0.0,0.7915277777777779,0.8,0.0,20
B,RandomForest,5,4433,fri_pm_ddos,1.0,0.01,0.0,0.7883333333333334,0.7733333333333334,0.0,20
B,RandomForest,5,4434,fri_pm_ddos,1.0,0.025,0.0,0.7992187500000001,0.7265625,0.0,20
B,RandomForest,5,4435,fri_pm_ddos,1.0,0.035,0.0,0.7992187500000001,0.7265625,0.0,20
B,RandomForest,5,4436,fri_pm_ddos,1.0,0.03,0.0,0.7992187500000001,0.7265625,0.0,20
B,RandomForest,5,4437,fri_pm_ddos,1.0,0.03,0.0,0.7992187500000001,0.7265625,0.0,20
B,RandomForest,5,4438,fri_pm_ddos,1.0,0.03,0.0,0.7992187500000001,0.7265625,0.0,20
B,RandomForest,5,4439,fri_pm_ddos,1.0,0.03,0.0,0.7992187500000001,0.7265625,0.0,20
B,RandomForest,5,4440,fri_pm_ddos,1.0,0.034731155663365085,0.0,0.80546875,0.7265625,0.0,20
B,RandomForest,5,4441,fri_pm_ddos,0.0,0.01,0.0,0.7911904761904762,0.7733333333333334,0.0,20
B,RandomForest,5,4442,fri_pm_ddos,1.0,0.025,0.0,0.99375,0.96875,0.0,20
B,RandomForest,5,4443,fri_pm_ddos,1.0,0.03,0.0,0.9955882352941177,0.9705882352941176,0.0,20
B,RandomForest,5,4444,fri_pm_ddos,1.0,0.03,0.0,0.9955882352941177,0.9705882352941176,0.0,20
B,RandomForest,5,4445,fri_pm_ddos,1.0,0.035,0.0,0.9955882352941177,0.9705882352941176,0.0,20
B,RandomForest,5,4446,fri_pm_ddos,1.0,0.03,0.0,0.9955882352941177,0.9705882352941176,0.0,20
B,RandomForest,5,4447,fri_pm_ddos,1.0,0.03,0.0,0.9955882352941177,0.9705882352941176,0.0,20
B,RandomForest,5,4448,fri_pm_ddos,1.0,0.08160548156238284,0.0,0.9955882352941177,0.9705882352941176,0.0,20
B,RandomForest,5,4449,fri_pm_ddos,0.0,0.25206042177642574,0.0,0.8046316964285715,0.7265625,0.0,20
B,RandomForest,5,4450,fri_pm_ddos,0.0,0.044682794410546484,0.0,0.6971031746031746,0.5933333333333333,0.0,20
B,RandomForest,5,4451,fri_pm_ddos,0.0,0.01,0.0,0.6971031746031746,0.5933333333333333,0.0,20
B,RandomForest,5,4452,fri_pm_ddos,0.0,0.01,0.0,0.6971031746031746,0.5933333333333333,0.0,20
B,RandomForest,5,4453,fri_pm_ddos,1.0,0.1576944488095731,0.0,0.7175536881419236,0.6266666666666666,0.0,20
B,RandomForest,5,4454,fri_pm_ddos,1.0,0.025,0.0,0.7175536881419236,0.6266666666666666,0.0,20
B,RandomForest,5,4455,fri_pm_ddos,1.0,0.03,0.0,0.7110457516339869,0.6266666666666666,0.0,20
B,RandomForest,5,4456,fri_pm_ddos,1.0,0.03,0.0,0.7110457516339869,0.6266666666666666,0.0,20
B,RandomForest,5,4457,fri_pm_ddos,1.0,0.03,0.0,0.7110457516339869,0.6266666666666666,0.0,20
B,RandomForest,5,4458,fri_pm_ddos,1.0,0.03,0.0,0.7110457516339869,0.6266666666666666,0.0,20
B,RandomForest,5,4459,fri_pm_ddos,1.0,0.03,0.0,0.7110457516339869,0.6266666666666666,0.0,20
B,RandomForest,5,4460,fri_pm_ddos,0.0,0.06464739200804799,0.0,0.6254901960784314,0.5476190476190477,0.0,20
B,RandomForest,5,4461,fri_pm_ddos,0.0,0.01,0.0,0.6254901960784314,0.5476190476190477,0.0,20
B,RandomForest,5,4462,fri_pm_ddos,1.0,0.09948186144826268,0.0,0.6516481592637056,0.5714285714285714,0.0,20
B,RandomForest,5,4463,fri_pm_ddos,1.0,0.025,0.0,0.6561874749899961,0.5714285714285714,0.0,20
B,RandomForest,5,4464,fri_pm_ddos,1.0,0.03,0.0,0.6561874749899961,0.5714285714285714,0.0,20
B,RandomForest,5,4465,fri_pm_ddos,1.0,0.03,0.0,0.6439425770308123,0.5714285714285714,0.0,20
B,RandomForest,5,4466,fri_pm_ddos,1.0,0.03,0.0,0.6439425770308123,0.5714285714285714,0.0,20
B,RandomForest,5,4467,fri_pm_ddos,1.0,0.025,0.0,0.6498849539815926,0.5714285714285714,0.0,20
B,RandomForest,5,4468,fri_pm_ddos,1.0,0.08160548156238284,0.0,0.6498849539815926,0.5714285714285714,0.0,20
B,RandomForest,5,4469,fri_pm_ddos,0.0,0.18648909015828732,0.0,0.6498849539815926,0.5714285714285714,0.0,20
B,RandomForest,5,4470,fri_pm_ddos,0.0,0.01,0.0,0.7077152014652014,0.7023809523809524,0.0,20
B,RandomForest,5,4471,fri_pm_ddos,1.0,0.08031889883019527,0.0,0.7347432306255837,0.6533333333333333,0.0,20
B,RandomForest,5,4472,fri_pm_ddos,1.0,0.038673204580185375,0.0,0.7477678571428572,0.5625,0.0,20
B,RandomForest,5,4473,fri_pm_ddos,0.0,0.01,0.0,0.7252987861811391,0.64,0.0,20
B,RandomForest,5,4474,fri_pm_ddos,0.0,0.08802917650467683,0.0,0.6329731892757103,0.5476190476190477,0.0,20
B,RandomForest,5,4475,fri_pm_ddos,0.0,0.04353506852543716,0.0,0.5765890971773324,0.5054945054945055,0.0,20
B,RandomForest,5,4476,fri_pm_ddos,0.0,0.12551929640685336,0.0,0.5047726034858387,0.4479166666666667,0.0,20
B,RandomForest,5,4477,fri_pm_ddos,0.0,0.10394834352090579,0.0,0.44421313980137506,0.4040404040404041,0.0,20
B,RandomForest,5,4478,fri_pm_ddos,0.0,0.26255030019058945,0.0,0.39038738222561753,0.37,0.0,20
B,RandomForest,5,4479,fri_pm_ddos,0.0,0.16115726689842344,0.0,0.34117081175904707,0.3434343434343434,0.0,20
B,RandomForest,5,4480,fri_pm_ddos,0.0,0.25206042177642574,0.0,0.333917725339294,0.31313131313131315,0.0,20
B,RandomForest,5,4481,fri_pm_ddos,0.0,0.014947553180662244,0.0,0.333917725339294,0.31313131313131315,0.0,20
B,RandomForest,5,4482,fri_pm_ddos,0.0,0.08201004619800159,0.0,0.28407605466429,0.27083333333333337,0.0,20
B,RandomForest,5,4483,fri_pm_ddos,0.0,0.038673204580185375,0.0,0.2456344309285486,0.28021978021978017,0.0,20
B,RandomForest,5,4484,fri_pm_ddos,0.0,0.253448477095024,0.0,0.20681526398438163,0.26785714285714285,0.0,20
B,RandomForest,5,4485,fri_pm_ddos,0.0,0.06708876749744808,0.0,0.17297819827231592,0.2866666666666667,0.0,20
B,RandomForest,5,4486,fri_pm_ddos,0.0,0.053877059101489995,0.0,0.14187118029029794,0.3203125,0.0,20
B,RandomForest,5,4487,fri_pm_ddos,0.0,0.00995690237976239,0.0,0.11869588744588747,0.4019607843137255,0.0,20
B,RandomForest,5,4488,fri_pm_ddos,0.0,0.014946275909590318,0.0,0.07756410256410257,0.4027777777777778,0.0,20
B,RandomForest,5,4489,fri_pm_ddos,0.0,0.09092385871972147,0.0,0.07756410256410257,0.4027777777777778,0.0,20
B,RandomForest,5,4490,fri_pm_ddos,0.0,0.24142790811051687,0.0,0.07183441558441558,0.3472222222222222,0.0,20
B,RandomForest,5,4491,fri_pm_ddos,0.0,0.2119600662712773,0.0,0.03125,0.2368421052631579,0.0,20
B,RandomForest,5,4492,fri_pm_ddos,0.0,0.10763676891448241,0.0,0.5,,0.0,20
B,RandomForest,5,4493,fri_pm_ddos,0.0,0.08160548156238284,0.0,0.5,,0.0,20
B,RandomForest,5,4494,fri_pm_ddos,0.0,0.045658058301206464,0.0,0.5,,0.0,20
B,RandomForest,5,4495,fri_pm_ddos,0.0,0.06464739200804799,0.0,0.5,,0.0,20
B,RandomForest,5,4496,fri_pm_ddos,0.0,0.0914525993389721,0.0,0.5,,0.0,20
B,RandomForest,5,4497,fri_pm_ddos,0.0,0.09001296292559731,0.0,0.5,,0.0,20
B,RandomForest,5,4498,fri_pm_ddos,0.0,0.07899050252436655,0.0,0.5,,0.0,20
B,RandomForest,5,4499,fri_pm_ddos,0.0,0.196435274444735,0.0,0.5,,0.0,20
B,RandomForest,5,4500,fri_pm_ddos,0.0,0.05389367768605338,0.0,0.5,,0.0,20
B,StaticGCN,1,0,mon,0.0,0.002625156193971634,0.0,0.5,,0.0,1
B,StaticGCN,1,1,mon,0.0,0.05784520506858826,0.0,0.5,,0.0,2
B,StaticGCN,1,2,mon,0.0,0.038600366562604904,0.0,0.5,,0.0,3
B,StaticGCN,1,3,mon,0.0,0.12307652086019516,0.0,0.5,,0.0,4
B,StaticGCN,1,4,mon,0.0,0.06421337276697159,0.0,0.5,,0.0,5
B,StaticGCN,1,5,mon,0.0,0.08091732859611511,0.0,0.5,,0.0,6
B,StaticGCN,1,6,mon,0.0,0.1455044150352478,0.0,0.5,,0.0,7
B,StaticGCN,1,7,mon,0.0,0.030967550352215767,0.0,0.5,,0.0,8
B,StaticGCN,1,8,mon,0.0,0.14975672960281372,0.0,0.5,,0.0,9
B,StaticGCN,1,9,mon,0.0,0.12029042840003967,0.0,0.5,,0.0,10
B,StaticGCN,1,10,mon,0.0,0.11499253660440445,0.0,0.5,,0.0,11
B,StaticGCN,1,11,mon,0.0,0.09041900187730789,0.0,0.5,,0.0,12
B,StaticGCN,1,12,mon,0.0,0.19633246958255768,0.0,0.5,,0.0,13
B,StaticGCN,1,13,mon,0.0,0.11989481747150421,0.0,0.5,,0.0,14
B,StaticGCN,1,14,mon,0.0,0.07134179025888443,0.0,0.5,,0.0,15
B,StaticGCN,1,15,mon,0.0,0.056580569595098495,0.0,0.5,,0.0,16
B,StaticGCN,1,16,mon,0.0,0.17950348556041718,0.0,0.5,,0.0,17
B,StaticGCN,1,17,mon,0.0,0.0063236793503165245,0.0,0.5,,0.0,18
B,StaticGCN,1,18,mon,0.0,0.11021645367145538,0.0,0.5,,0.0,19
B,StaticGCN,1,19,mon,0.0,0.09265794605016708,0.0,0.5,,0.0,20
B,StaticGCN,1,20,mon,0.0,0.030327243730425835,0.0,0.5,,0.0,20
B,StaticGCN,1,21,mon,0.0,0.18314267694950104,0.0,0.5,,0.0,20
B,StaticGCN,1,22,mon,0.0,0.032543059438467026,0.0,0.5,,0.0,20
B,StaticGCN,1,23,mon,0.0,0.19717396795749664,0.0,0.5,,0.0,20
B,StaticGCN,1,24,mon,0.0,0.218948632478714,0.0,0.5,,0.0,20
B,StaticGCN,1,25,mon,0.0,0.24683888256549835,0.0,0.5,,0.0,20
B,StaticGCN,1,26,mon,0.0,0.08491414040327072,0.0,0.5,,0.0,20
B,StaticGCN,1,27,mon,0.0,0.31924962997436523,0.0,0.5,,0.0,20
B,StaticGCN,1,28,mon,0.0,0.2734951078891754,0.0,0.5,,0.0,20
B,StaticGCN,1,29,mon,0.0,0.09317709505558014,0.0,0.5,,0.0,20
B,StaticGCN,1,30,mon,0.0,0.22020135819911957,0.0,0.5,,0.0,20
B,StaticGCN,1,31,mon,0.0,0.21583005785942078,0.0,0.5,,0.0,20
B,StaticGCN,1,32,mon,0.0,0.2107449471950531,0.0,0.5,,0.0,20
B,StaticGCN,1,33,mon,0.0,0.23728662729263306,0.0,0.5,,0.0,20
B,StaticGCN,1,34,mon,0.0,0.28657570481300354,0.0,0.5,,0.0,20
B,StaticGCN,1,35,mon,0.0,0.3282835781574249,0.0,0.5,,0.0,20
B,StaticGCN,1,36,mon,0.0,0.3862437307834625,0.0,0.5,,0.0,20
B,StaticGCN,1,37,mon,0.0,0.23070651292800903,0.0,0.5,,0.0,20
B,StaticGCN,1,38,mon,0.0,0.21314619481563568,0.0,0.5,,0.0,20
B,StaticGCN,1,39,mon,0.0,0.347953736782074,0.0,0.5,,0.0,20
B,StaticGCN,1,40,mon,0.0,0.19021432101726532,0.0,0.5,,0.0,20
B,StaticGCN,1,41,mon,0.0,0.18024834990501404,0.0,0.5,,0.0,20
B,StaticGCN,1,42,mon,0.0,0.18391939997673035,0.0,0.5,,0.0,20
B,StaticGCN,1,43,mon,0.0,0.1272808313369751,0.0,0.5,,0.0,20
B,StaticGCN,1,44,mon,0.0,0.10762594640254974,0.0,0.5,,0.0,20
B,StaticGCN,1,45,mon,0.0,0.270499587059021,0.0,0.5,,0.0,20
B,StaticGCN,1,46,mon,0.0,0.13363496959209442,0.0,0.5,,0.0,20
B,StaticGCN,1,47,mon,0.0,0.16234776377677917,0.0,0.5,,0.0,20
B,StaticGCN,1,48,mon,0.0,0.1347077190876007,0.0,0.5,,0.0,20
B,StaticGCN,1,49,mon,0.0,0.1545220911502838,0.0,0.5,,0.0,20
B,StaticGCN,1,50,mon,0.0,0.07755713164806366,0.0,0.5,,0.0,20
B,StaticGCN,1,51,mon,0.0,0.15357622504234314,0.0,0.5,,0.0,20
B,StaticGCN,1,52,mon,0.0,0.23422691226005554,0.0,0.5,,0.0,20
B,StaticGCN,1,53,mon,0.0,0.16766922175884247,0.0,0.5,,0.0,20
B,StaticGCN,1,54,mon,0.0,0.1438884288072586,0.0,0.5,,0.0,20
B,StaticGCN,1,55,mon,0.0,0.1563905030488968,0.0,0.5,,0.0,20
B,StaticGCN,1,56,mon,0.0,0.24170035123825073,0.0,0.5,,0.0,20
B,StaticGCN,1,57,mon,0.0,0.14324483275413513,0.0,0.5,,0.0,20
B,StaticGCN,1,58,mon,0.0,0.19637304544448853,0.0,0.5,,0.0,20
B,StaticGCN,1,59,mon,0.0,0.26602229475975037,0.0,0.5,,0.0,20
B,StaticGCN,1,60,mon,0.0,0.20103363692760468,0.0,0.5,,0.0,20
B,StaticGCN,1,61,mon,0.0,0.126423180103302,0.0,0.5,,0.0,20
B,StaticGCN,1,62,mon,0.0,0.21716120839118958,0.0,0.5,,0.0,20
B,StaticGCN,1,63,mon,0.0,0.09819633513689041,0.0,0.5,,0.0,20
B,StaticGCN,1,64,mon,0.0,0.24069049954414368,0.0,0.5,,0.0,20
B,StaticGCN,1,65,mon,0.0,0.21239671111106873,0.0,0.5,,0.0,20
B,StaticGCN,1,66,mon,0.0,0.21922245621681213,0.0,0.5,,0.0,20
B,StaticGCN,1,67,mon,0.0,0.16683344542980194,0.0,0.5,,0.0,20
B,StaticGCN,1,68,mon,0.0,0.28882989287376404,0.0,0.5,,0.0,20
B,StaticGCN,1,69,mon,0.0,0.27959415316581726,0.0,0.5,,0.0,20
B,StaticGCN,1,70,mon,0.0,0.25172102451324463,0.0,0.5,,0.0,20
B,StaticGCN,1,71,mon,0.0,0.2210390567779541,0.0,0.5,,0.0,20
B,StaticGCN,1,72,mon,0.0,0.45684927701950073,0.0,0.5,,0.0,20
B,StaticGCN,1,73,mon,0.0,0.27366968989372253,0.0,0.5,,0.0,20
B,StaticGCN,1,74,mon,0.0,0.9998987913131714,0.0,0.5,,0.05,20
B,StaticGCN,1,75,mon,0.0,0.5502731204032898,0.0,0.5,,0.1,20
B,StaticGCN,1,76,mon,0.0,0.47698774933815,0.0,0.5,,0.1,20
B,StaticGCN,1,77,mon,0.0,0.23515692353248596,0.0,0.5,,0.1,20
B,StaticGCN,1,78,mon,0.0,0.41603314876556396,0.0,0.5,,0.1,20
B,StaticGCN,1,79,mon,0.0,0.20318011939525604,0.0,0.5,,0.1,20
B,StaticGCN,1,80,mon,0.0,0.1812441498041153,0.0,0.5,,0.1,20
B,StaticGCN,1,81,mon,0.0,0.22578562796115875,0.0,0.5,,0.1,20
B,StaticGCN,1,82,mon,0.0,0.2980387508869171,0.0,0.5,,0.1,20
B,StaticGCN,1,83,mon,0.0,0.23215945065021515,0.0,0.5,,0.1,20
B,StaticGCN,1,84,mon,0.0,0.3948785066604614,0.0,0.5,,0.1,20
B,StaticGCN,1,85,mon,0.0,0.22201374173164368,0.0,0.5,,0.1,20
B,StaticGCN,1,86,mon,0.0,0.14444997906684875,0.0,0.5,,0.1,20
B,StaticGCN,1,87,mon,0.0,0.24732497334480286,0.0,0.5,,0.1,20
B,StaticGCN,1,88,mon,0.0,0.36186593770980835,0.0,0.5,,0.1,20
B,StaticGCN,1,89,mon,0.0,0.40098559856414795,0.0,0.5,,0.1,20
B,StaticGCN,1,90,mon,0.0,0.27049878239631653,0.0,0.5,,0.1,20
B,StaticGCN,1,91,mon,0.0,0.14044460654258728,0.0,0.5,,0.1,20
B,StaticGCN,1,92,mon,0.0,0.1505829393863678,0.0,0.5,,0.1,20
B,StaticGCN,1,93,mon,0.0,0.14267362654209137,0.0,0.5,,0.1,20
B,StaticGCN,1,94,mon,0.0,0.3272762596607208,0.0,0.5,,0.05,20
B,StaticGCN,1,95,mon,0.0,0.22545886039733887,0.0,0.5,,0.0,20
B,StaticGCN,1,96,mon,0.0,0.3019551634788513,0.0,0.5,,0.0,20
B,StaticGCN,1,97,mon,0.0,0.7646399736404419,0.0,0.5,,0.05,20
B,StaticGCN,1,98,mon,0.0,0.26461413502693176,0.0,0.5,,0.05,20
B,StaticGCN,1,99,mon,0.0,0.42810535430908203,0.0,0.5,,0.05,20
B,StaticGCN,1,100,mon,0.0,0.23676958680152893,0.0,0.5,,0.05,20
B,StaticGCN,1,101,mon,0.0,0.12338638305664062,0.0,0.5,,0.05,20
B,StaticGCN,1,102,mon,0.0,0.10515842586755753,0.0,0.5,,0.05,20
B,StaticGCN,1,103,mon,0.0,0.28732818365097046,0.0,0.5,,0.05,20
B,StaticGCN,1,104,mon,0.0,0.3195231854915619,0.0,0.5,,0.05,20
B,StaticGCN,1,105,mon,0.0,0.21663478016853333,0.0,0.5,,0.05,20
B,StaticGCN,1,106,mon,0.0,0.22180527448654175,0.0,0.5,,0.05,20
B,StaticGCN,1,107,mon,0.0,0.3362908363342285,0.0,0.5,,0.05,20
B,StaticGCN,1,108,mon,0.0,0.26613301038742065,0.0,0.5,,0.05,20
B,StaticGCN,1,109,mon,0.0,0.1043086051940918,0.0,0.5,,0.05,20
B,StaticGCN,1,110,mon,0.0,0.18185676634311676,0.0,0.5,,0.05,20
B,StaticGCN,1,111,mon,0.0,0.4591878056526184,0.0,0.5,,0.05,20
B,StaticGCN,1,112,mon,0.0,0.2699677050113678,0.0,0.5,,0.05,20
B,StaticGCN,1,113,mon,0.0,0.167832612991333,0.0,0.5,,0.05,20
B,StaticGCN,1,114,mon,0.0,0.08775155991315842,0.0,0.5,,0.05,20
B,StaticGCN,1,115,mon,0.0,0.0888892337679863,0.0,0.5,,0.05,20
B,StaticGCN,1,116,mon,0.0,0.24952149391174316,0.0,0.5,,0.05,20
B,StaticGCN,1,117,mon,0.0,0.21497318148612976,0.0,0.5,,0.0,20
B,StaticGCN,1,118,mon,0.0,0.326314240694046,0.0,0.5,,0.0,20
B,StaticGCN,1,119,mon,0.0,0.3498039245605469,0.0,0.5,,0.0,20
B,StaticGCN,1,120,mon,0.0,0.2807062864303589,0.0,0.5,,0.0,20
B,StaticGCN,1,121,mon,0.0,0.22116565704345703,0.0,0.5,,0.0,20
B,StaticGCN,1,122,mon,0.0,0.2421880066394806,0.0,0.5,,0.0,20
B,StaticGCN,1,123,mon,0.0,0.10757942497730255,0.0,0.5,,0.0,20
B,StaticGCN,1,124,mon,0.0,0.15312252938747406,0.0,0.5,,0.0,20
B,StaticGCN,1,125,mon,0.0,0.2509673833847046,0.0,0.5,,0.0,20
B,StaticGCN,1,126,mon,0.0,0.24278077483177185,0.0,0.5,,0.0,20
B,StaticGCN,1,127,mon,0.0,0.4074830114841461,0.0,0.5,,0.0,20
B,StaticGCN,1,128,mon,0.0,0.33748888969421387,0.0,0.5,,0.0,20
B,StaticGCN,1,129,mon,0.0,0.28597021102905273,0.0,0.5,,0.0,20
B,StaticGCN,1,130,mon,0.0,0.3302415907382965,0.0,0.5,,0.0,20
B,StaticGCN,1,131,mon,0.0,0.17284224927425385,0.0,0.5,,0.0,20
B,StaticGCN,1,132,mon,0.0,0.25805461406707764,0.0,0.5,,0.0,20
B,StaticGCN,1,133,mon,0.0,0.22036638855934143,0.0,0.5,,0.0,20
B,StaticGCN,1,134,mon,0.0,0.22155870497226715,0.0,0.5,,0.0,20
B,StaticGCN,1,135,mon,0.0,0.5569908618927002,0.0,0.5,,0.05,20
B,StaticGCN,1,136,mon,0.0,0.3414428234100342,0.0,0.5,,0.05,20
B,StaticGCN,1,137,mon,0.0,0.26694509387016296,0.0,0.5,,0.05,20
B,StaticGCN,1,138,mon,0.0,0.25237199664115906,0.0,0.5,,0.05,20
B,StaticGCN,1,139,mon,0.0,0.2041168510913849,0.0,0.5,,0.05,20
B,StaticGCN,1,140,mon,0.0,0.10869570076465607,0.0,0.5,,0.05,20
B,StaticGCN,1,141,mon,0.0,0.22245822846889496,0.0,0.5,,0.05,20
B,StaticGCN,1,142,mon,0.0,0.340646892786026,0.0,0.5,,0.05,20
B,StaticGCN,1,143,mon,0.0,0.2432049661874771,0.0,0.5,,0.05,20
B,StaticGCN,1,144,mon,0.0,0.2460017055273056,0.0,0.5,,0.05,20
B,StaticGCN,1,145,mon,0.0,0.2555083632469177,0.0,0.5,,0.05,20
B,StaticGCN,1,146,mon,0.0,0.3054347038269043,0.0,0.5,,0.05,20
B,StaticGCN,1,147,mon,0.0,0.2329372763633728,0.0,0.5,,0.05,20
B,StaticGCN,1,148,mon,0.0,0.2501509487628937,0.0,0.5,,0.05,20
B,StaticGCN,1,149,mon,0.0,0.23530007898807526,0.0,0.5,,0.05,20
B,StaticGCN,1,150,mon,0.0,0.22159911692142487,0.0,0.5,,0.05,20
B,StaticGCN,1,151,mon,0.0,0.2600180208683014,0.0,0.5,,0.05,20
B,StaticGCN,1,152,mon,0.0,0.26511409878730774,0.0,0.5,,0.05,20
B,StaticGCN,1,153,mon,0.0,0.24008996784687042,0.0,0.5,,0.05,20
B,StaticGCN,1,154,mon,0.0,0.24056142568588257,0.0,0.5,,0.05,20
B,StaticGCN,1,155,mon,0.0,0.2008333057165146,0.0,0.5,,0.0,20
B,StaticGCN,1,156,mon,0.0,0.25191256403923035,0.0,0.5,,0.0,20
B,StaticGCN,1,157,mon,0.0,0.36858415603637695,0.0,0.5,,0.0,20
B,StaticGCN,1,158,mon,0.0,0.2548410892486572,0.0,0.5,,0.0,20
B,StaticGCN,1,159,mon,0.0,0.24543249607086182,0.0,0.5,,0.0,20
B,StaticGCN,1,160,mon,0.0,0.34285786747932434,0.0,0.5,,0.0,20
B,StaticGCN,1,161,mon,0.0,0.25223949551582336,0.0,0.5,,0.0,20
B,StaticGCN,1,162,mon,0.0,0.14512091875076294,0.0,0.5,,0.0,20
B,StaticGCN,1,163,mon,0.0,0.1957320272922516,0.0,0.5,,0.0,20
B,StaticGCN,1,164,mon,0.0,0.3484664857387543,0.0,0.5,,0.0,20
B,StaticGCN,1,165,mon,0.0,0.26941558718681335,0.0,0.5,,0.0,20
B,StaticGCN,1,166,mon,0.0,0.38986098766326904,0.0,0.5,,0.0,20
B,StaticGCN,1,167,mon,0.0,0.2650219202041626,0.0,0.5,,0.0,20
B,StaticGCN,1,168,mon,0.0,0.321023553609848,0.0,0.5,,0.0,20
B,StaticGCN,1,169,mon,0.0,0.24952228367328644,0.0,0.5,,0.0,20
B,StaticGCN,1,170,mon,0.0,0.3983500599861145,0.0,0.5,,0.0,20
B,StaticGCN,1,171,mon,0.0,0.3025336265563965,0.0,0.5,,0.0,20
B,StaticGCN,1,172,mon,0.0,0.4228936433792114,0.0,0.5,,0.0,20
B,StaticGCN,1,173,mon,0.0,0.3992663323879242,0.0,0.5,,0.0,20
B,StaticGCN,1,174,mon,0.0,0.1243487149477005,0.0,0.5,,0.0,20
B,StaticGCN,1,175,mon,0.0,0.20482556521892548,0.0,0.5,,0.0,20
B,StaticGCN,1,176,mon,0.0,0.36301928758621216,0.0,0.5,,0.0,20
B,StaticGCN,1,177,mon,0.0,0.5425686240196228,0.0,0.5,,0.05,20
B,StaticGCN,1,178,mon,0.0,0.31648126244544983,0.0,0.5,,0.05,20
B,StaticGCN,1,179,mon,0.0,0.1375391036272049,0.0,0.5,,0.05,20
B,StaticGCN,1,180,mon,0.0,0.34598782658576965,0.0,0.5,,0.05,20
B,StaticGCN,1,181,mon,0.0,0.2892736792564392,0.0,0.5,,0.05,20
B,StaticGCN,1,182,mon,0.0,0.1434015929698944,0.0,0.5,,0.05,20
B,StaticGCN,1,183,mon,0.0,0.24692659080028534,0.0,0.5,,0.05,20
B,StaticGCN,1,184,mon,0.0,0.28805479407310486,0.0,0.5,,0.05,20
B,StaticGCN,1,185,mon,0.0,0.2669222056865692,0.0,0.5,,0.05,20
B,StaticGCN,1,186,mon,0.0,0.23887495696544647,0.0,0.5,,0.05,20
B,StaticGCN,1,187,mon,0.0,0.25102508068084717,0.0,0.5,,0.05,20
B,StaticGCN,1,188,mon,0.0,0.1540619134902954,0.0,0.5,,0.05,20
B,StaticGCN,1,189,mon,0.0,0.39681386947631836,0.0,0.5,,0.05,20
B,StaticGCN,1,190,mon,0.0,0.24800404906272888,0.0,0.5,,0.05,20
B,StaticGCN,1,191,mon,0.0,0.26749175786972046,0.0,0.5,,0.05,20
B,StaticGCN,1,192,mon,0.0,0.3259463608264923,0.0,0.5,,0.05,20
B,StaticGCN,1,193,mon,0.0,0.10920129716396332,0.0,0.5,,0.05,20
B,StaticGCN,1,194,mon,0.0,0.19739124178886414,0.0,0.5,,0.05,20
B,StaticGCN,1,195,mon,0.0,0.31511959433555603,0.0,0.5,,0.05,20
B,StaticGCN,1,196,mon,0.0,0.25079280138015747,0.0,0.5,,0.05,20
B,StaticGCN,1,197,mon,0.0,0.255102276802063,0.0,0.5,,0.0,20
B,StaticGCN,1,198,mon,0.0,0.26101091504096985,0.0,0.5,,0.0,20
B,StaticGCN,1,199,mon,0.0,0.3571164906024933,0.0,0.5,,0.0,20
B,StaticGCN,1,200,mon,0.0,0.1920439600944519,0.0,0.5,,0.0,20
B,StaticGCN,1,201,mon,0.0,0.20038451254367828,0.0,0.5,,0.0,20
B,StaticGCN,1,202,mon,0.0,0.1278974413871765,0.0,0.5,,0.0,20
B,StaticGCN,1,203,mon,0.0,0.22342753410339355,0.0,0.5,,0.0,20
B,StaticGCN,1,204,mon,0.0,0.25737056136131287,0.0,0.5,,0.0,20
B,StaticGCN,1,205,mon,0.0,0.1987638622522354,0.0,0.5,,0.0,20
B,StaticGCN,1,206,mon,0.0,0.15346962213516235,0.0,0.5,,0.0,20
B,StaticGCN,1,207,mon,0.0,0.16941769421100616,0.0,0.5,,0.0,20
B,StaticGCN,1,208,mon,0.0,0.29567205905914307,0.0,0.5,,0.0,20
B,StaticGCN,1,209,mon,0.0,0.23106932640075684,0.0,0.5,,0.0,20
B,StaticGCN,1,210,mon,0.0,0.15094397962093353,0.0,0.5,,0.0,20
B,StaticGCN,1,211,mon,0.0,0.264846533536911,0.0,0.5,,0.0,20
B,StaticGCN,1,212,mon,0.0,0.22152402997016907,0.0,0.5,,0.0,20
B,StaticGCN,1,213,mon,0.0,0.42182666063308716,0.0,0.5,,0.0,20
B,StaticGCN,1,214,mon,0.0,0.22360853850841522,0.0,0.5,,0.0,20
B,StaticGCN,1,215,mon,0.0,0.47221821546554565,0.0,0.5,,0.0,20
B,StaticGCN,1,216,mon,0.0,0.4514068067073822,0.0,0.5,,0.0,20
B,StaticGCN,1,217,mon,0.0,0.35857993364334106,0.0,0.5,,0.0,20
B,StaticGCN,1,218,mon,0.0,0.18881602585315704,0.0,0.5,,0.0,20
B,StaticGCN,1,219,mon,0.0,0.2044839709997177,0.0,0.5,,0.0,20
B,StaticGCN,1,220,mon,0.0,0.28825053572654724,0.0,0.5,,0.0,20
B,StaticGCN,1,221,mon,0.0,0.12363851070404053,0.0,0.5,,0.0,20
B,StaticGCN,1,222,mon,0.0,0.1254119873046875,0.0,0.5,,0.0,20
B,StaticGCN,1,223,mon,0.0,0.16095775365829468,0.0,0.5,,0.0,20
B,StaticGCN,1,224,mon,0.0,0.2865487337112427,0.0,0.5,,0.0,20
B,StaticGCN,1,225,mon,0.0,0.23773734271526337,0.0,0.5,,0.0,20
B,StaticGCN,1,226,mon,0.0,0.240365669131279,0.0,0.5,,0.0,20
B,StaticGCN,1,227,mon,0.0,0.22130517661571503,0.0,0.5,,0.0,20
B,StaticGCN,1,228,mon,0.0,0.2381446212530136,0.0,0.5,,0.0,20
B,StaticGCN,1,229,mon,0.0,0.2691967487335205,0.0,0.5,,0.0,20
B,StaticGCN,1,230,mon,0.0,0.1793641597032547,0.0,0.5,,0.0,20
B,StaticGCN,1,231,mon,0.0,0.2657566964626312,0.0,0.5,,0.0,20
B,StaticGCN,1,232,mon,0.0,0.13923317193984985,0.0,0.5,,0.0,20
B,StaticGCN,1,233,mon,0.0,0.1798923760652542,0.0,0.5,,0.0,20
B,StaticGCN,1,234,mon,0.0,0.23687677085399628,0.0,0.5,,0.0,20
B,StaticGCN,1,235,mon,0.0,0.25536125898361206,0.0,0.5,,0.0,20
B,StaticGCN,1,236,mon,0.0,0.2667858898639679,0.0,0.5,,0.0,20
B,StaticGCN,1,237,mon,0.0,0.2907770872116089,0.0,0.5,,0.0,20
B,StaticGCN,1,238,mon,0.0,0.2924836277961731,0.0,0.5,,0.0,20
B,StaticGCN,1,239,mon,0.0,0.15255337953567505,0.0,0.5,,0.0,20
B,StaticGCN,1,240,mon,0.0,0.29043468832969666,0.0,0.5,,0.0,20
B,StaticGCN,1,241,mon,0.0,0.2066638469696045,0.0,0.5,,0.0,20
B,StaticGCN,1,242,mon,0.0,0.20777730643749237,0.0,0.5,,0.0,20
B,StaticGCN,1,243,mon,0.0,0.3358139395713806,0.0,0.5,,0.0,20
B,StaticGCN,1,244,mon,0.0,0.20133568346500397,0.0,0.5,,0.0,20
B,StaticGCN,1,245,mon,0.0,0.3189356029033661,0.0,0.5,,0.0,20
B,StaticGCN,1,246,mon,0.0,0.34963586926460266,0.0,0.5,,0.0,20
B,StaticGCN,1,247,mon,0.0,0.2838832139968872,0.0,0.5,,0.0,20
B,StaticGCN,1,248,mon,0.0,0.33165180683135986,0.0,0.5,,0.0,20
B,StaticGCN,1,249,mon,0.0,0.26053640246391296,0.0,0.5,,0.0,20
B,StaticGCN,1,250,mon,0.0,0.21742315590381622,0.0,0.5,,0.0,20
B,StaticGCN,1,251,mon,0.0,0.1367081105709076,0.0,0.5,,0.0,20
B,StaticGCN,1,252,mon,0.0,0.2960229218006134,0.0,0.5,,0.0,20
B,StaticGCN,1,253,mon,0.0,0.23857644200325012,0.0,0.5,,0.0,20
B,StaticGCN,1,254,mon,0.0,0.19831010699272156,0.0,0.5,,0.0,20
B,StaticGCN,1,255,mon,0.0,0.13830673694610596,0.0,0.5,,0.0,20
B,StaticGCN,1,256,mon,0.0,0.2653690278530121,0.0,0.5,,0.0,20
B,StaticGCN,1,257,mon,0.0,0.2126268446445465,0.0,0.5,,0.0,20
B,StaticGCN,1,258,mon,0.0,0.21177028119564056,0.0,0.5,,0.0,20
B,StaticGCN,1,259,mon,0.0,0.275627464056015,0.0,0.5,,0.0,20
B,StaticGCN,1,260,mon,0.0,0.2054029256105423,0.0,0.5,,0.0,20
B,StaticGCN,1,261,mon,0.0,0.2395266890525818,0.0,0.5,,0.0,20
B,StaticGCN,1,262,mon,0.0,0.25315597653388977,0.0,0.5,,0.0,20
B,StaticGCN,1,263,mon,0.0,0.15845650434494019,0.0,0.5,,0.0,20
B,StaticGCN,1,264,mon,0.0,0.27786901593208313,0.0,0.5,,0.0,20
B,StaticGCN,1,265,mon,0.0,0.38492411375045776,0.0,0.5,,0.0,20
B,StaticGCN,1,266,mon,0.0,0.30817902088165283,0.0,0.5,,0.0,20
B,StaticGCN,1,267,mon,0.0,0.22269336879253387,0.0,0.5,,0.0,20
B,StaticGCN,1,268,mon,0.0,0.1648987978696823,0.0,0.5,,0.0,20
B,StaticGCN,1,269,mon,0.0,0.17593882977962494,0.0,0.5,,0.0,20
B,StaticGCN,1,270,mon,0.0,0.21920403838157654,0.0,0.5,,0.0,20
B,StaticGCN,1,271,mon,0.0,0.2278987318277359,0.0,0.5,,0.0,20
B,StaticGCN,1,272,mon,0.0,0.13073506951332092,0.0,0.5,,0.0,20
B,StaticGCN,1,273,mon,0.0,0.1969294548034668,0.0,0.5,,0.0,20
B,StaticGCN,1,274,mon,0.0,0.3267657458782196,0.0,0.5,,0.0,20
B,StaticGCN,1,275,mon,0.0,0.4186467230319977,0.0,0.5,,0.0,20
B,StaticGCN,1,276,mon,0.0,0.261252760887146,0.0,0.5,,0.0,20
B,StaticGCN,1,277,mon,0.0,0.2613111734390259,0.0,0.5,,0.0,20
B,StaticGCN,1,278,mon,0.0,0.30627891421318054,0.0,0.5,,0.0,20
B,StaticGCN,1,279,mon,0.0,0.14094655215740204,0.0,0.5,,0.0,20
B,StaticGCN,1,280,mon,0.0,0.20688560605049133,0.0,0.5,,0.0,20
B,StaticGCN,1,281,mon,0.0,0.2301921248435974,0.0,0.5,,0.0,20
B,StaticGCN,1,282,mon,0.0,0.30500632524490356,0.0,0.5,,0.0,20
B,StaticGCN,1,283,mon,0.0,0.2848343551158905,0.0,0.5,,0.0,20
B,StaticGCN,1,284,mon,0.0,0.2713289260864258,0.0,0.5,,0.0,20
B,StaticGCN,1,285,mon,0.0,0.20745103061199188,0.0,0.5,,0.0,20
B,StaticGCN,1,286,mon,0.0,0.3284223675727844,0.0,0.5,,0.0,20
B,StaticGCN,1,287,mon,0.0,0.14196982979774475,0.0,0.5,,0.0,20
B,StaticGCN,1,288,mon,0.0,0.24454809725284576,0.0,0.5,,0.0,20
B,StaticGCN,1,289,mon,0.0,0.20224690437316895,0.0,0.5,,0.0,20
B,StaticGCN,1,290,mon,0.0,0.2806350290775299,0.0,0.5,,0.0,20
B,StaticGCN,1,291,mon,0.0,0.2657203674316406,0.0,0.5,,0.0,20
B,StaticGCN,1,292,mon,0.0,0.16093206405639648,0.0,0.5,,0.0,20
B,StaticGCN,1,293,mon,0.0,0.2332179695367813,0.0,0.5,,0.0,20
B,StaticGCN,1,294,mon,0.0,0.3692898750305176,0.0,0.5,,0.0,20
B,StaticGCN,1,295,mon,0.0,0.3085484504699707,0.0,0.5,,0.0,20
B,StaticGCN,1,296,mon,0.0,0.30247509479522705,0.0,0.5,,0.0,20
B,StaticGCN,1,297,mon,0.0,0.3830810785293579,0.0,0.5,,0.0,20
B,StaticGCN,1,298,mon,0.0,0.27728575468063354,0.0,0.5,,0.0,20
B,StaticGCN,1,299,mon,0.0,0.44295409321784973,0.0,0.5,,0.0,20
B,StaticGCN,1,300,mon,0.0,0.340595543384552,0.0,0.5,,0.0,20
B,StaticGCN,1,301,mon,0.0,0.28554651141166687,0.0,0.5,,0.0,20
B,StaticGCN,1,302,mon,0.0,0.21211150288581848,0.0,0.5,,0.0,20
B,StaticGCN,1,303,mon,0.0,0.28989943861961365,0.0,0.5,,0.0,20
B,StaticGCN,1,304,mon,0.0,0.19428759813308716,0.0,0.5,,0.0,20
B,StaticGCN,1,305,mon,0.0,0.19619061052799225,0.0,0.5,,0.0,20
B,StaticGCN,1,306,mon,0.0,0.1451215296983719,0.0,0.5,,0.0,20
B,StaticGCN,1,307,mon,0.0,0.1522987186908722,0.0,0.5,,0.0,20
B,StaticGCN,1,308,mon,0.0,0.13967707753181458,0.0,0.5,,0.0,20
B,StaticGCN,1,309,mon,0.0,0.1683828979730606,0.0,0.5,,0.0,20
B,StaticGCN,1,310,mon,0.0,0.2024848312139511,0.0,0.5,,0.0,20
B,StaticGCN,1,311,mon,0.0,0.2559933662414551,0.0,0.5,,0.0,20
B,StaticGCN,1,312,mon,0.0,0.24543063342571259,0.0,0.5,,0.0,20
B,StaticGCN,1,313,mon,0.0,0.180293008685112,0.0,0.5,,0.0,20
B,StaticGCN,1,314,mon,0.0,0.22637556493282318,0.0,0.5,,0.0,20
B,StaticGCN,1,315,mon,0.0,0.15307675302028656,0.0,0.5,,0.0,20
B,StaticGCN,1,316,mon,0.0,0.17741478979587555,0.0,0.5,,0.0,20
B,StaticGCN,1,317,mon,0.0,0.1798063963651657,0.0,0.5,,0.0,20
B,StaticGCN,1,318,mon,0.0,0.14779293537139893,0.0,0.5,,0.0,20
B,StaticGCN,1,319,mon,0.0,0.3032066226005554,0.0,0.5,,0.0,20
B,StaticGCN,1,320,mon,0.0,0.15815028548240662,0.0,0.5,,0.0,20
B,StaticGCN,1,321,mon,0.0,0.10585813969373703,0.0,0.5,,0.0,20
B,StaticGCN,1,322,mon,0.0,0.14216233789920807,0.0,0.5,,0.0,20
B,StaticGCN,1,323,mon,0.0,0.3077754080295563,0.0,0.5,,0.0,20
B,StaticGCN,1,324,mon,0.0,0.141732856631279,0.0,0.5,,0.0,20
B,StaticGCN,1,325,mon,0.0,0.12079205363988876,0.0,0.5,,0.0,20
B,StaticGCN,1,326,mon,0.0,0.22046992182731628,0.0,0.5,,0.0,20
B,StaticGCN,1,327,mon,0.0,0.17684347927570343,0.0,0.5,,0.0,20
B,StaticGCN,1,328,mon,0.0,0.18701359629631042,0.0,0.5,,0.0,20
B,StaticGCN,1,329,mon,0.0,0.12102162092924118,0.0,0.5,,0.0,20
B,StaticGCN,1,330,mon,0.0,0.14600087702274323,0.0,0.5,,0.0,20
B,StaticGCN,1,331,mon,0.0,0.2118663638830185,0.0,0.5,,0.0,20
B,StaticGCN,1,332,mon,0.0,0.15178635716438293,0.0,0.5,,0.0,20
B,StaticGCN,1,333,mon,0.0,0.23584997653961182,0.0,0.5,,0.0,20
B,StaticGCN,1,334,mon,0.0,0.159611776471138,0.0,0.5,,0.0,20
B,StaticGCN,1,335,mon,0.0,0.1469777375459671,0.0,0.5,,0.0,20
B,StaticGCN,1,336,mon,0.0,0.15091995894908905,0.0,0.5,,0.0,20
B,StaticGCN,1,337,mon,0.0,0.1631767749786377,0.0,0.5,,0.0,20
B,StaticGCN,1,338,mon,0.0,0.13327205181121826,0.0,0.5,,0.0,20
B,StaticGCN,1,339,mon,0.0,0.15271218121051788,0.0,0.5,,0.0,20
B,StaticGCN,1,340,mon,0.0,0.17164593935012817,0.0,0.5,,0.0,20
B,StaticGCN,1,341,mon,0.0,0.16075251996517181,0.0,0.5,,0.0,20
B,StaticGCN,1,342,mon,0.0,0.12113670259714127,0.0,0.5,,0.0,20
B,StaticGCN,1,343,mon,0.0,0.15827472507953644,0.0,0.5,,0.0,20
B,StaticGCN,1,344,mon,0.0,0.11074810475111008,0.0,0.5,,0.0,20
B,StaticGCN,1,345,mon,0.0,0.16713973879814148,0.0,0.5,,0.0,20
B,StaticGCN,1,346,mon,0.0,0.12683531641960144,0.0,0.5,,0.0,20
B,StaticGCN,1,347,mon,0.0,0.15886014699935913,0.0,0.5,,0.0,20
B,StaticGCN,1,348,mon,0.0,0.16282115876674652,0.0,0.5,,0.0,20
B,StaticGCN,1,349,mon,0.0,0.13387711346149445,0.0,0.5,,0.0,20
B,StaticGCN,1,350,mon,0.0,0.13394755125045776,0.0,0.5,,0.0,20
B,StaticGCN,1,351,mon,0.0,0.18506856262683868,0.0,0.5,,0.0,20
B,StaticGCN,1,352,mon,0.0,0.16150212287902832,0.0,0.5,,0.0,20
B,StaticGCN,1,353,mon,0.0,0.17944034934043884,0.0,0.5,,0.0,20
B,StaticGCN,1,354,mon,0.0,0.1324540227651596,0.0,0.5,,0.0,20
B,StaticGCN,1,355,mon,0.0,0.1298503875732422,0.0,0.5,,0.0,20
B,StaticGCN,1,356,mon,0.0,0.22456806898117065,0.0,0.5,,0.0,20
B,StaticGCN,1,357,mon,0.0,0.09824604541063309,0.0,0.5,,0.0,20
B,StaticGCN,1,358,mon,0.0,0.19056053459644318,0.0,0.5,,0.0,20
B,StaticGCN,1,359,mon,0.0,0.17579123377799988,0.0,0.5,,0.0,20
B,StaticGCN,1,360,mon,0.0,0.13570591807365417,0.0,0.5,,0.0,20
B,StaticGCN,1,361,mon,0.0,0.20248357951641083,0.0,0.5,,0.0,20
B,StaticGCN,1,362,mon,0.0,0.18247182667255402,0.0,0.5,,0.0,20
B,StaticGCN,1,363,mon,0.0,0.12426616251468658,0.0,0.5,,0.0,20
B,StaticGCN,1,364,mon,0.0,0.1956082284450531,0.0,0.5,,0.0,20
B,StaticGCN,1,365,mon,0.0,0.1262887716293335,0.0,0.5,,0.0,20
B,StaticGCN,1,366,mon,0.0,0.14310617744922638,0.0,0.5,,0.0,20
B,StaticGCN,1,367,mon,0.0,0.1634315699338913,0.0,0.5,,0.0,20
B,StaticGCN,1,368,mon,0.0,0.18971244990825653,0.0,0.5,,0.0,20
B,StaticGCN,1,369,mon,0.0,0.139069065451622,0.0,0.5,,0.0,20
B,StaticGCN,1,370,mon,0.0,0.19991996884346008,0.0,0.5,,0.0,20
B,StaticGCN,1,371,mon,0.0,0.19728875160217285,0.0,0.5,,0.0,20
B,StaticGCN,1,372,mon,0.0,0.13081680238246918,0.0,0.5,,0.0,20
B,StaticGCN,1,373,mon,0.0,0.19234193861484528,0.0,0.5,,0.0,20
B,StaticGCN,1,374,mon,0.0,0.18898162245750427,0.0,0.5,,0.0,20
B,StaticGCN,1,375,mon,0.0,0.09535598754882812,0.0,0.5,,0.0,20
B,StaticGCN,1,376,mon,0.0,0.13557331264019012,0.0,0.5,,0.0,20
B,StaticGCN,1,377,mon,0.0,0.15120810270309448,0.0,0.5,,0.0,20
B,StaticGCN,1,378,mon,0.0,0.16394539177417755,0.0,0.5,,0.0,20
B,StaticGCN,1,379,mon,0.0,0.16120688617229462,0.0,0.5,,0.0,20
B,StaticGCN,1,380,mon,0.0,0.17248357832431793,0.0,0.5,,0.0,20
B,StaticGCN,1,381,mon,0.0,0.16568511724472046,0.0,0.5,,0.0,20
B,StaticGCN,1,382,mon,0.0,0.2045971006155014,0.0,0.5,,0.0,20
B,StaticGCN,1,383,mon,0.0,0.16904693841934204,0.0,0.5,,0.0,20
B,StaticGCN,1,384,mon,0.0,0.2065514475107193,0.0,0.5,,0.0,20
B,StaticGCN,1,385,mon,0.0,0.12965744733810425,0.0,0.5,,0.0,20
B,StaticGCN,1,386,mon,0.0,0.12862856686115265,0.0,0.5,,0.0,20
B,StaticGCN,1,387,mon,0.0,0.14336006343364716,0.0,0.5,,0.0,20
B,StaticGCN,1,388,mon,0.0,0.12891072034835815,0.0,0.5,,0.0,20
B,StaticGCN,1,389,mon,0.0,0.14801789820194244,0.0,0.5,,0.0,20
B,StaticGCN,1,390,mon,0.0,0.1396489292383194,0.0,0.5,,0.0,20
B,StaticGCN,1,391,mon,0.0,0.12692244350910187,0.0,0.5,,0.0,20
B,StaticGCN,1,392,mon,0.0,0.17743875086307526,0.0,0.5,,0.0,20
B,StaticGCN,1,393,mon,0.0,0.15750449895858765,0.0,0.5,,0.0,20
B,StaticGCN,1,394,mon,0.0,0.15703348815441132,0.0,0.5,,0.0,20
B,StaticGCN,1,395,mon,0.0,0.1908140778541565,0.0,0.5,,0.0,20
B,StaticGCN,1,396,mon,0.0,0.16373774409294128,0.0,0.5,,0.0,20
B,StaticGCN,1,397,mon,0.0,0.144555002450943,0.0,0.5,,0.0,20
B,StaticGCN,1,398,mon,0.0,0.13507525622844696,0.0,0.5,,0.0,20
B,StaticGCN,1,399,mon,0.0,0.15168823301792145,0.0,0.5,,0.0,20
B,StaticGCN,1,400,mon,0.0,0.1562473177909851,0.0,0.5,,0.0,20
B,StaticGCN,1,401,mon,0.0,0.11892899125814438,0.0,0.5,,0.0,20
B,StaticGCN,1,402,mon,0.0,0.12375326454639435,0.0,0.5,,0.0,20
B,StaticGCN,1,403,mon,0.0,0.15194666385650635,0.0,0.5,,0.0,20
B,StaticGCN,1,404,mon,0.0,0.17813099920749664,0.0,0.5,,0.0,20
B,StaticGCN,1,405,mon,0.0,0.15065233409404755,0.0,0.5,,0.0,20
B,StaticGCN,1,406,mon,0.0,0.15036524832248688,0.0,0.5,,0.0,20
B,StaticGCN,1,407,mon,0.0,0.15490210056304932,0.0,0.5,,0.0,20
B,StaticGCN,1,408,mon,0.0,0.10301794856786728,0.0,0.5,,0.0,20
B,StaticGCN,1,409,mon,0.0,0.15717801451683044,0.0,0.5,,0.0,20
B,StaticGCN,1,410,mon,0.0,0.15811970829963684,0.0,0.5,,0.0,20
B,StaticGCN,1,411,mon,0.0,0.18769365549087524,0.0,0.5,,0.0,20
B,StaticGCN,1,412,mon,0.0,0.12421069294214249,0.0,0.5,,0.0,20
B,StaticGCN,1,413,mon,0.0,0.1554078310728073,0.0,0.5,,0.0,20
B,StaticGCN,1,414,mon,0.0,0.17968977987766266,0.0,0.5,,0.0,20
B,StaticGCN,1,415,mon,0.0,0.13290102779865265,0.0,0.5,,0.0,20
B,StaticGCN,1,416,mon,0.0,0.11330598592758179,0.0,0.5,,0.0,20
B,StaticGCN,1,417,mon,0.0,0.2299058586359024,0.0,0.5,,0.0,20
B,StaticGCN,1,418,mon,0.0,0.13201338052749634,0.0,0.5,,0.0,20
B,StaticGCN,1,419,mon,0.0,0.12212207168340683,0.0,0.5,,0.0,20
B,StaticGCN,1,420,mon,0.0,0.1681138277053833,0.0,0.5,,0.0,20
B,StaticGCN,1,421,mon,0.0,0.1368502825498581,0.0,0.5,,0.0,20
B,StaticGCN,1,422,mon,0.0,0.15458834171295166,0.0,0.5,,0.0,20
B,StaticGCN,1,423,mon,0.0,0.1512521654367447,0.0,0.5,,0.0,20
B,StaticGCN,1,424,mon,0.0,0.14246974885463715,0.0,0.5,,0.0,20
B,StaticGCN,1,425,mon,0.0,0.15785135328769684,0.0,0.5,,0.0,20
B,StaticGCN,1,426,mon,0.0,0.11761026829481125,0.0,0.5,,0.0,20
B,StaticGCN,1,427,mon,0.0,0.12802253663539886,0.0,0.5,,0.0,20
B,StaticGCN,1,428,mon,0.0,0.1694018691778183,0.0,0.5,,0.0,20
B,StaticGCN,1,429,mon,0.0,0.13247527182102203,0.0,0.5,,0.0,20
B,StaticGCN,1,430,mon,0.0,0.14636312425136566,0.0,0.5,,0.0,20
B,StaticGCN,1,431,mon,0.0,0.1824992150068283,0.0,0.5,,0.0,20
B,StaticGCN,1,432,mon,0.0,0.1269518882036209,0.0,0.5,,0.0,20
B,StaticGCN,1,433,mon,0.0,0.15317057073116302,0.0,0.5,,0.0,20
B,StaticGCN,1,434,mon,0.0,0.16913487017154694,0.0,0.5,,0.0,20
B,StaticGCN,1,435,mon,0.0,0.15204943716526031,0.0,0.5,,0.0,20
B,StaticGCN,1,436,mon,0.0,0.1283632218837738,0.0,0.5,,0.0,20
B,StaticGCN,1,437,mon,0.0,0.12918390333652496,0.0,0.5,,0.0,20
B,StaticGCN,1,438,mon,0.0,0.11166922003030777,0.0,0.5,,0.0,20
B,StaticGCN,1,439,mon,0.0,0.16902445256710052,0.0,0.5,,0.0,20
B,StaticGCN,1,440,mon,0.0,0.18423409759998322,0.0,0.5,,0.0,20
B,StaticGCN,1,441,mon,0.0,0.15188775956630707,0.0,0.5,,0.0,20
B,StaticGCN,1,442,mon,0.0,0.1213146224617958,0.0,0.5,,0.0,20
B,StaticGCN,1,443,mon,0.0,0.1403033584356308,0.0,0.5,,0.0,20
B,StaticGCN,1,444,mon,0.0,0.19563181698322296,0.0,0.5,,0.0,20
B,StaticGCN,1,445,mon,0.0,0.10184013843536377,0.0,0.5,,0.0,20
B,StaticGCN,1,446,mon,0.0,0.12199480831623077,0.0,0.5,,0.0,20
B,StaticGCN,1,447,mon,0.0,0.21237657964229584,0.0,0.5,,0.0,20
B,StaticGCN,1,448,mon,0.0,0.17760080099105835,0.0,0.5,,0.0,20
B,StaticGCN,1,449,mon,0.0,0.11959237605333328,0.0,0.5,,0.0,20
B,StaticGCN,1,450,mon,0.0,0.12315243482589722,0.0,0.5,,0.0,20
B,StaticGCN,1,451,mon,0.0,0.1611282229423523,0.0,0.5,,0.0,20
B,StaticGCN,1,452,mon,0.0,0.1455567330121994,0.0,0.5,,0.0,20
B,StaticGCN,1,453,mon,0.0,0.17753995954990387,0.0,0.5,,0.0,20
B,StaticGCN,1,454,mon,0.0,0.15831415355205536,0.0,0.5,,0.0,20
B,StaticGCN,1,455,mon,0.0,0.1368514895439148,0.0,0.5,,0.0,20
B,StaticGCN,1,456,mon,0.0,0.17056648433208466,0.0,0.5,,0.0,20
B,StaticGCN,1,457,mon,0.0,0.17939282953739166,0.0,0.5,,0.0,20
B,StaticGCN,1,458,mon,0.0,0.17951248586177826,0.0,0.5,,0.0,20
B,StaticGCN,1,459,mon,0.0,0.13353700935840607,0.0,0.5,,0.0,20
B,StaticGCN,1,460,mon,0.0,0.14155079424381256,0.0,0.5,,0.0,20
B,StaticGCN,1,461,mon,0.0,0.1566755175590515,0.0,0.5,,0.0,20
B,StaticGCN,1,462,mon,0.0,0.11000646650791168,0.0,0.5,,0.0,20
B,StaticGCN,1,463,mon,0.0,0.1282149702310562,0.0,0.5,,0.0,20
B,StaticGCN,1,464,mon,0.0,0.15762607753276825,0.0,0.5,,0.0,20
B,StaticGCN,1,465,mon,0.0,0.13872073590755463,0.0,0.5,,0.0,20
B,StaticGCN,1,466,mon,0.0,0.13481520116329193,0.0,0.5,,0.0,20
B,StaticGCN,1,467,mon,0.0,0.13608931005001068,0.0,0.5,,0.0,20
B,StaticGCN,1,468,mon,0.0,0.12873883545398712,0.0,0.5,,0.0,20
B,StaticGCN,1,469,mon,0.0,0.11839521676301956,0.0,0.5,,0.0,20
B,StaticGCN,1,470,mon,0.0,0.17309054732322693,0.0,0.5,,0.0,20
B,StaticGCN,1,471,mon,0.0,0.19570577144622803,0.0,0.5,,0.0,20
B,StaticGCN,1,472,mon,0.0,0.14098183810710907,0.0,0.5,,0.0,20
B,StaticGCN,1,473,mon,0.0,0.1768433004617691,0.0,0.5,,0.0,20
B,StaticGCN,1,474,mon,0.0,0.12396528571844101,0.0,0.5,,0.0,20
B,StaticGCN,1,475,mon,0.0,0.16107505559921265,0.0,0.5,,0.0,20
B,StaticGCN,1,476,mon,0.0,0.15163099765777588,0.0,0.5,,0.0,20
B,StaticGCN,1,477,mon,0.0,0.1957157999277115,0.0,0.5,,0.0,20
B,StaticGCN,1,478,mon,0.0,0.18298856914043427,0.0,0.5,,0.0,20
B,StaticGCN,1,479,mon,0.0,0.17998653650283813,0.0,0.5,,0.0,20
B,StaticGCN,1,480,mon,0.0,0.1345561295747757,0.0,0.5,,0.0,20
B,StaticGCN,1,481,mon,0.0,0.16689105331897736,0.0,0.5,,0.0,20
B,StaticGCN,1,482,mon,0.0,0.1321655511856079,0.0,0.5,,0.0,20
B,StaticGCN,1,483,mon,0.0,0.18014629185199738,0.0,0.5,,0.0,20
B,StaticGCN,1,484,mon,0.0,0.18728183209896088,0.0,0.5,,0.0,20
B,StaticGCN,1,485,mon,0.0,0.14312545955181122,0.0,0.5,,0.0,20
B,StaticGCN,1,486,mon,0.0,0.14411099255084991,0.0,0.5,,0.0,20
B,StaticGCN,1,487,mon,0.0,0.1510101705789566,0.0,0.5,,0.0,20
B,StaticGCN,1,488,mon,0.0,0.1339496672153473,0.0,0.5,,0.0,20
B,StaticGCN,1,489,mon,0.0,0.16427025198936462,0.0,0.5,,0.0,20
B,StaticGCN,1,490,mon,0.0,0.14666514098644257,0.0,0.5,,0.0,20
B,StaticGCN,1,491,mon,0.0,0.1483864039182663,0.0,0.5,,0.0,20
B,StaticGCN,1,492,mon,0.0,0.17620833218097687,0.0,0.5,,0.0,20
B,StaticGCN,1,493,mon,0.0,0.13771651685237885,0.0,0.5,,0.0,20
B,StaticGCN,1,494,mon,0.0,0.2388296276330948,0.0,0.5,,0.0,20
B,StaticGCN,1,495,mon,0.0,0.19593076407909393,0.0,0.5,,0.0,20
B,StaticGCN,1,496,mon,0.0,0.11916104704141617,0.0,0.5,,0.0,20
B,StaticGCN,1,497,mon,0.0,0.1768859475851059,0.0,0.5,,0.0,20
B,StaticGCN,1,498,mon,0.0,0.16730435192584991,0.0,0.5,,0.0,20
B,StaticGCN,1,499,mon,0.0,0.10759945958852768,0.0,0.5,,0.0,20
B,StaticGCN,1,500,mon,0.0,0.15609000623226166,0.0,0.5,,0.0,20
B,StaticGCN,1,501,mon,0.0,0.14813542366027832,0.0,0.5,,0.0,20
B,StaticGCN,1,502,mon,0.0,0.1443195641040802,0.0,0.5,,0.0,20
B,StaticGCN,2,611,tue,0.0,0.013718299567699432,0.0,0.5,,0.0,20
B,StaticGCN,2,612,tue,0.0,0.0034702997654676437,0.0,0.5,,0.0,20
B,StaticGCN,2,613,tue,0.0,0.09217136353254318,0.0,0.5,,0.0,20
B,StaticGCN,2,614,tue,0.0,0.3051266670227051,0.0,0.5,,0.0,20
B,StaticGCN,2,615,tue,0.0,0.19171293079853058,0.0,0.5,,0.0,20
B,StaticGCN,2,616,tue,0.0,0.0613856203854084,0.0,0.5,,0.0,20
B,StaticGCN,2,617,tue,0.0,0.11591488122940063,0.0,0.5,,0.0,20
B,StaticGCN,2,618,tue,0.0,0.8355458378791809,0.0,0.5,,0.05,20
B,StaticGCN,2,619,tue,0.0,0.27393803000450134,0.0,0.5,,0.05,20
B,StaticGCN,2,620,tue,0.0,0.07818341255187988,0.0,0.5,,0.05,20
B,StaticGCN,2,621,tue,0.0,0.30517578125,0.0,0.5,,0.05,20
B,StaticGCN,2,622,tue,1.0,0.9125792384147644,0.6666666666666666,1.0,1.0,0.05263157894736842,20
B,StaticGCN,2,623,tue,1.0,0.9867134094238281,0.8,1.0,1.0,0.05555555555555555,20
B,StaticGCN,2,624,tue,1.0,0.9937536120414734,0.8571428571428571,1.0,1.0,0.058823529411764705,20
B,StaticGCN,2,625,tue,1.0,0.9999011754989624,0.8888888888888888,1.0,1.0,0.0625,20
B,StaticGCN,2,626,tue,1.0,0.9999982118606567,0.9090909090909091,1.0,1.0,0.06666666666666667,20
B,StaticGCN,2,627,tue,1.0,0.9733045101165771,0.9230769230769231,1.0,1.0,0.07142857142857142,20
B,StaticGCN,2,628,tue,1.0,0.9999686479568481,0.9333333333333333,0.9999999999999998,1.0,0.07692307692307693,20
B,StaticGCN,2,629,tue,1.0,0.9987510442733765,0.9411764705882353,1.0,1.0,0.08333333333333333,20
B,StaticGCN,2,630,tue,1.0,0.9959694147109985,0.9473684210526315,1.0000000000000002,1.0,0.09090909090909091,20
B,StaticGCN,2,631,tue,1.0,0.9793804287910461,0.9523809523809523,0.9999999999999999,1.0,0.1,20
B,StaticGCN,2,632,tue,1.0,0.9999511241912842,0.9565217391304348,1.0,1.0,0.1111111111111111,20
B,StaticGCN,2,633,tue,1.0,0.9999650716781616,0.96,1.0,1.0,0.125,20
B,StaticGCN,2,634,tue,1.0,0.8300681114196777,0.9629629629629629,0.9942941673710903,0.989010989010989,0.14285714285714285,20
B,StaticGCN,2,635,tue,1.0,0.9947338104248047,0.9655172413793104,0.9950680272108843,0.9880952380952381,0.16666666666666666,20
B,StaticGCN,2,636,tue,1.0,0.9491742253303528,0.967741935483871,0.9956944444444444,0.9866666666666667,0.2,20
B,StaticGCN,2,637,tue,1.0,0.9088101983070374,0.9696969696969697,0.9962086397058824,0.984375,0.25,20
B,StaticGCN,2,638,tue,1.0,0.9774069786071777,1.0,1.0,1.0,0.0,20
B,StaticGCN,2,639,tue,1.0,0.9253594279289246,1.0,1.0,1.0,0.0,20
B,StaticGCN,2,640,tue,1.0,0.953472375869751,1.0,0.9999999999999998,1.0,0.0,20
B,StaticGCN,2,641,tue,1.0,0.9761036038398743,1.0,1.0000000000000002,,0.0,20
B,StaticGCN,2,642,tue,1.0,0.6815084218978882,1.0,1.0000000000000002,,0.0,20
B,StaticGCN,2,643,tue,1.0,0.8757397532463074,1.0,1.0000000000000002,,0.0,20
B,StaticGCN,2,644,tue,1.0,0.9748967289924622,1.0,1.0000000000000002,,0.0,20
B,StaticGCN,2,645,tue,1.0,0.999126136302948,1.0,1.0000000000000002,,0.0,20
B,StaticGCN,2,646,tue,1.0,0.7643962502479553,1.0,1.0000000000000002,,0.0,20
B,StaticGCN,2,647,tue,1.0,0.8657349348068237,1.0,1.0000000000000002,,0.0,20
B,StaticGCN,2,648,tue,1.0,0.9750036597251892,1.0,1.0000000000000002,,0.0,20
B,StaticGCN,2,649,tue,1.0,0.9737951159477234,1.0,1.0000000000000002,,0.0,20
B,StaticGCN,2,650,tue,1.0,0.8514528274536133,1.0,1.0000000000000002,,0.0,20
B,StaticGCN,2,651,tue,1.0,0.8405588269233704,1.0,1.0000000000000002,,0.0,20
B,StaticGCN,2,652,tue,1.0,0.9996628761291504,1.0,1.0000000000000002,,0.0,20
B,StaticGCN,2,653,tue,1.0,0.6593409180641174,1.0,1.0000000000000002,,0.0,20
B,StaticGCN,2,654,tue,1.0,0.9141940474510193,1.0,1.0000000000000002,,0.0,20
B,StaticGCN,2,655,tue,1.0,0.9186325669288635,1.0,1.0000000000000002,,0.0,20
B,StaticGCN,2,656,tue,1.0,0.9164220094680786,1.0,1.0000000000000002,,0.0,20
B,StaticGCN,2,657,tue,1.0,0.6812735199928284,1.0,1.0000000000000002,,0.0,20
B,StaticGCN,2,658,tue,1.0,0.9882900714874268,1.0,1.0000000000000002,,0.0,20
B,StaticGCN,2,659,tue,1.0,0.9438437819480896,1.0,1.0000000000000002,,0.0,20
B,StaticGCN,2,660,tue,1.0,0.9906726479530334,1.0,1.0000000000000002,,0.0,20
B,StaticGCN,2,661,tue,1.0,0.9965531826019287,1.0,1.0000000000000002,,0.0,20
B,StaticGCN,2,662,tue,1.0,0.85576993227005,1.0,1.0000000000000002,,0.0,20
B,StaticGCN,2,663,tue,1.0,0.9918950200080872,1.0,1.0000000000000002,,0.0,20
B,StaticGCN,2,664,tue,1.0,0.9554538726806641,1.0,1.0000000000000002,,0.0,20
B,StaticGCN,2,665,tue,1.0,0.9953991770744324,1.0,1.0000000000000002,,0.0,20
B,StaticGCN,2,666,tue,1.0,0.9747830033302307,1.0,1.0000000000000002,,0.0,20
B,StaticGCN,2,667,tue,1.0,0.8375838398933411,1.0,1.0000000000000002,,0.0,20
B,StaticGCN,2,668,tue,1.0,0.9892913699150085,1.0,1.0000000000000002,,0.0,20
B,StaticGCN,2,669,tue,1.0,0.9943094253540039,1.0,1.0000000000000002,,0.0,20
B,StaticGCN,2,670,tue,1.0,0.9909189939498901,1.0,1.0000000000000002,,0.0,20
B,StaticGCN,2,671,tue,1.0,0.9917355179786682,1.0,1.0000000000000002,,0.0,20
B,StaticGCN,2,672,tue,1.0,0.9828846454620361,1.0,1.0000000000000002,,0.0,20
B,StaticGCN,2,673,tue,1.0,0.9993002414703369,1.0,1.0000000000000002,,0.0,20
B,StaticGCN,2,674,tue,0.0,0.25333672761917114,1.0,0.9999999999999998,1.0,0.0,20
B,StaticGCN,2,675,tue,0.0,0.19932399690151215,1.0,1.0,1.0,0.0,20
B,StaticGCN,2,676,tue,0.0,0.10095704346895218,1.0,1.0,1.0,0.0,20
B,StaticGCN,2,677,tue,0.0,0.34420880675315857,1.0,1.0,1.0,0.0,20
B,StaticGCN,2,678,tue,1.0,0.07559901475906372,0.967741935483871,0.9871710526315789,0.9375,0.0,20
B,StaticGCN,2,679,tue,0.0,0.18574011325836182,0.9655172413793104,0.9828947368421053,0.9333333333333333,0.0,20
B,StaticGCN,2,680,tue,0.0,0.14193224906921387,0.9629629629629629,0.9780075187969923,0.9285714285714286,0.0,20
B,StaticGCN,2,681,tue,0.0,0.1491275131702423,0.96,0.9723684210526313,0.9230769230769231,0.0,20
B,StaticGCN,2,682,tue,0.0,0.12087306380271912,0.9565217391304348,0.9657894736842106,0.9166666666666666,0.0,20
B,StaticGCN,2,683,tue,0.0,0.1566748023033142,0.9523809523809523,0.9580143540669857,0.9090909090909091,0.0,20
B,StaticGCN,2,684,tue,0.0,0.17870785295963287,0.9473684210526315,0.9486842105263157,0.9,0.0,20
B,StaticGCN,2,685,tue,0.0,0.18542654812335968,0.9411764705882353,0.937280701754386,0.8888888888888888,0.0,20
B,StaticGCN,2,686,tue,0.0,0.12170958518981934,0.9333333333333333,0.9230263157894737,0.875,0.0,20
B,StaticGCN,2,687,tue,0.0,0.09237074106931686,0.9230769230769231,0.9046992481203007,0.8571428571428571,0.0,20
B,StaticGCN,2,688,tue,0.0,0.22302822768688202,0.9090909090909091,0.8802631578947369,0.8333333333333334,0.0,20
B,StaticGCN,2,689,tue,0.0,0.34323403239250183,0.8888888888888888,0.8460526315789474,0.8,0.0,20
B,StaticGCN,2,690,tue,0.0,0.19409027695655823,0.8571428571428571,0.7947368421052632,0.75,0.0,20
B,StaticGCN,2,691,tue,0.0,0.12052761018276215,0.8,0.7092105263157895,0.6666666666666666,0.0,20
B,StaticGCN,2,692,tue,0.0,0.17872169613838196,0.6666666666666666,0.5381578947368421,0.5,0.0,20
B,StaticGCN,2,693,tue,0.0,0.3556212782859802,0.0,0.025,0.0,0.0,20
B,StaticGCN,2,694,tue,0.0,0.25583943724632263,0.0,0.025,0.0,0.0,20
B,StaticGCN,2,695,tue,0.0,0.21303293108940125,0.0,0.025,0.0,0.0,20
B,StaticGCN,2,696,tue,0.0,0.156643807888031,0.0,0.025,0.0,0.0,20
B,StaticGCN,2,697,tue,0.0,0.11261530965566635,0.0,0.025,0.0,0.0,20
B,StaticGCN,2,698,tue,0.0,0.15919232368469238,0.0,0.5,,0.0,20
B,StaticGCN,2,699,tue,0.0,0.15741655230522156,0.0,0.5,,0.0,20
B,StaticGCN,2,700,tue,0.0,0.2573174834251404,0.0,0.5,,0.0,20
B,StaticGCN,2,701,tue,0.0,0.1621667444705963,0.0,0.5,,0.0,20
B,StaticGCN,2,702,tue,0.0,0.16190187633037567,0.0,0.5,,0.0,20
B,StaticGCN,2,703,tue,0.0,0.2281578630208969,0.0,0.5,,0.0,20
B,StaticGCN,2,704,tue,0.0,0.20654095709323883,0.0,0.5,,0.0,20
B,StaticGCN,2,705,tue,0.0,0.17394736409187317,0.0,0.5,,0.0,20
B,StaticGCN,2,706,tue,0.0,0.17295393347740173,0.0,0.5,,0.0,20
B,StaticGCN,2,707,tue,0.0,0.2709338068962097,0.0,0.5,,0.0,20
B,StaticGCN,2,708,tue,0.0,0.21683937311172485,0.0,0.5,,0.0,20
B,StaticGCN,2,709,tue,0.0,0.16959796845912933,0.0,0.5,,0.0,20
B,StaticGCN,2,710,tue,0.0,0.2956889867782593,0.0,0.5,,0.0,20
B,StaticGCN,2,711,tue,0.0,0.24602773785591125,0.0,0.5,,0.0,20
B,StaticGCN,2,712,tue,0.0,0.2866577208042145,0.0,0.5,,0.0,20
B,StaticGCN,2,713,tue,0.0,0.16100379824638367,0.0,0.5,,0.0,20
B,StaticGCN,2,714,tue,0.0,0.1458563357591629,0.0,0.5,,0.0,20
B,StaticGCN,2,715,tue,0.0,0.20115910470485687,0.0,0.5,,0.0,20
B,StaticGCN,2,716,tue,0.0,0.134302020072937,0.0,0.5,,0.0,20
B,StaticGCN,2,717,tue,0.0,0.17168815433979034,0.0,0.5,,0.0,20
B,StaticGCN,2,718,tue,0.0,0.15180465579032898,0.0,0.5,,0.0,20
B,StaticGCN,2,719,tue,0.0,0.3488824665546417,0.0,0.5,,0.0,20
B,StaticGCN,2,720,tue,0.0,0.07235518842935562,0.0,0.5,,0.0,20
B,StaticGCN,2,721,tue,0.0,0.050092913210392,0.0,0.5,,0.0,20
B,StaticGCN,2,722,tue,0.0,0.12550732493400574,0.0,0.5,,0.0,20
B,StaticGCN,2,723,tue,0.0,0.18530704081058502,0.0,0.5,,0.0,20
B,StaticGCN,2,724,tue,0.0,0.1504184901714325,0.0,0.5,,0.0,20
B,StaticGCN,2,725,tue,0.0,0.13855497539043427,0.0,0.5,,0.0,20
B,StaticGCN,2,726,tue,0.0,0.31746920943260193,0.0,0.5,,0.0,20
B,StaticGCN,2,727,tue,0.0,0.298675000667572,0.0,0.5,,0.0,20
B,StaticGCN,2,728,tue,0.0,0.24546869099140167,0.0,0.5,,0.0,20
B,StaticGCN,2,729,tue,0.0,0.16908779740333557,0.0,0.5,,0.0,20
B,StaticGCN,2,730,tue,0.0,0.1823275089263916,0.0,0.5,,0.0,20
B,StaticGCN,2,731,tue,0.0,0.12144620716571808,0.0,0.5,,0.0,20
B,StaticGCN,2,732,tue,0.0,0.2810475826263428,0.0,0.5,,0.0,20
B,StaticGCN,2,733,tue,0.0,0.19300302863121033,0.0,0.5,,0.0,20
B,StaticGCN,2,734,tue,0.0,0.09585238248109818,0.0,0.5,,0.0,20
B,StaticGCN,2,735,tue,0.0,0.06511779129505157,0.0,0.5,,0.0,20
B,StaticGCN,2,736,tue,0.0,0.21407540142536163,0.0,0.5,,0.0,20
B,StaticGCN,2,737,tue,0.0,0.2792101502418518,0.0,0.5,,0.0,20
B,StaticGCN,2,738,tue,0.0,0.1164027601480484,0.0,0.5,,0.0,20
B,StaticGCN,2,739,tue,0.0,0.1952504962682724,0.0,0.5,,0.0,20
B,StaticGCN,2,740,tue,0.0,0.23580685257911682,0.0,0.5,,0.0,20
B,StaticGCN,2,741,tue,0.0,0.09923724830150604,0.0,0.5,,0.0,20
B,StaticGCN,2,742,tue,0.0,0.13132786750793457,0.0,0.5,,0.0,20
B,StaticGCN,2,743,tue,0.0,0.12131581455469131,0.0,0.5,,0.0,20
B,StaticGCN,2,744,tue,0.0,0.1226121187210083,0.0,0.5,,0.0,20
B,StaticGCN,2,745,tue,0.0,0.18434038758277893,0.0,0.5,,0.0,20
B,StaticGCN,2,746,tue,0.0,0.27410581707954407,0.0,0.5,,0.0,20
B,StaticGCN,2,747,tue,0.0,0.14492808282375336,0.0,0.5,,0.0,20
B,StaticGCN,2,748,tue,0.0,0.2660495638847351,0.0,0.5,,0.0,20
B,StaticGCN,2,749,tue,0.0,0.17151440680027008,0.0,0.5,,0.0,20
B,StaticGCN,2,750,tue,0.0,0.272087424993515,0.0,0.5,,0.0,20
B,StaticGCN,2,751,tue,0.0,0.22191399335861206,0.0,0.5,,0.0,20
B,StaticGCN,2,752,tue,0.0,0.1413554847240448,0.0,0.5,,0.0,20
B,StaticGCN,2,753,tue,0.0,0.2988705635070801,0.0,0.5,,0.0,20
B,StaticGCN,2,754,tue,0.0,0.25648900866508484,0.0,0.5,,0.0,20
B,StaticGCN,2,755,tue,0.0,0.3901897370815277,0.0,0.5,,0.0,20
B,StaticGCN,2,756,tue,0.0,0.2877081632614136,0.0,0.5,,0.0,20
B,StaticGCN,2,757,tue,0.0,0.15386241674423218,0.0,0.5,,0.0,20
B,StaticGCN,2,758,tue,0.0,0.20698261260986328,0.0,0.5,,0.0,20
B,StaticGCN,2,759,tue,0.0,0.1694386750459671,0.0,0.5,,0.0,20
B,StaticGCN,2,760,tue,0.0,0.1227477416396141,0.0,0.5,,0.0,20
B,StaticGCN,2,761,tue,0.0,0.24809737503528595,0.0,0.5,,0.0,20
B,StaticGCN,2,762,tue,0.0,0.22368237376213074,0.0,0.5,,0.0,20
B,StaticGCN,2,763,tue,0.0,0.10543297231197357,0.0,0.5,,0.0,20
B,StaticGCN,2,764,tue,0.0,0.21300865709781647,0.0,0.5,,0.0,20
B,StaticGCN,2,765,tue,0.0,0.1601395308971405,0.0,0.5,,0.0,20
B,StaticGCN,2,766,tue,1.0,0.5321405529975891,1.0,1.0,1.0,0.0,20
B,StaticGCN,2,767,tue,1.0,0.5423126816749573,1.0,1.0,1.0,0.0,20
B,StaticGCN,2,768,tue,1.0,0.5848516225814819,1.0,1.0,1.0,0.0,20
B,StaticGCN,2,769,tue,1.0,0.4300476610660553,0.8571428571428571,1.0,1.0,0.0,20
B,StaticGCN,2,770,tue,1.0,0.5305929183959961,0.8888888888888888,1.0,1.0,0.0,20
B,StaticGCN,2,771,tue,1.0,0.3078727424144745,0.8,0.9742063492063491,0.9880952380952381,0.0,20
B,StaticGCN,2,772,tue,1.0,0.26987266540527344,0.7272727272727273,0.9326530612244897,0.956043956043956,0.0,20
B,StaticGCN,2,773,tue,1.0,0.3773227632045746,0.6666666666666666,0.9375248015873016,0.9583333333333334,0.0,20
B,StaticGCN,2,774,tue,1.0,0.4362468421459198,0.6153846153846154,0.9507896424563094,0.9595959595959596,0.0,20
B,StaticGCN,2,775,tue,1.0,0.5827664136886597,0.6666666666666666,0.9904545454545454,0.99,0.0,20
B,StaticGCN,2,776,tue,1.0,0.40883007645606995,0.625,1.0,1.0,0.0,20
B,StaticGCN,2,777,tue,1.0,0.39020010828971863,0.5882352941176471,1.0,1.0,0.0,20
B,StaticGCN,2,778,tue,1.0,0.29760101437568665,0.5555555555555556,0.9999999999999998,1.0,0.0,20
B,StaticGCN,2,779,tue,1.0,0.7264112234115601,0.6,0.9999999999999999,1.0,0.0,20
B,StaticGCN,2,780,tue,1.0,0.4406622052192688,0.5714285714285714,1.0,1.0,0.0,20
B,StaticGCN,2,781,tue,1.0,0.47855818271636963,0.5454545454545454,1.0,1.0,0.0,20
B,StaticGCN,2,782,tue,1.0,0.31789347529411316,0.5217391304347826,1.0,1.0,0.0,20
B,StaticGCN,2,783,tue,1.0,0.44834795594215393,0.5,1.0,1.0,0.0,20
B,StaticGCN,2,784,tue,1.0,0.2504040598869324,0.48,0.9999999999999998,1.0,0.0,20
B,StaticGCN,2,785,tue,1.0,0.5804515480995178,0.5185185185185185,1.0000000000000002,,0.0,20
B,StaticGCN,2,786,tue,1.0,0.22770221531391144,0.46153846153846156,1.0000000000000002,,0.0,20
B,StaticGCN,2,787,tue,1.0,0.356545090675354,0.4,1.0000000000000002,,0.0,20
B,StaticGCN,2,788,tue,1.0,0.4206734001636505,0.3333333333333333,1.0000000000000002,,0.0,20
B,StaticGCN,2,789,tue,1.0,0.46619659662246704,0.3333333333333333,1.0000000000000002,,0.0,20
B,StaticGCN,2,790,tue,1.0,0.48310500383377075,0.2608695652173913,1.0000000000000002,,0.0,20
B,StaticGCN,2,791,tue,1.0,0.5115789175033569,0.3333333333333333,1.0000000000000002,,0.0,20
B,StaticGCN,2,792,tue,1.0,0.5319176316261292,0.4,1.0000000000000002,,0.0,20
B,StaticGCN,2,793,tue,1.0,0.5136352181434631,0.46153846153846156,1.0000000000000002,,0.0,20
B,StaticGCN,2,794,tue,1.0,0.30773961544036865,0.46153846153846156,1.0000000000000002,,0.0,20
B,StaticGCN,2,795,tue,1.0,0.5355716347694397,0.46153846153846156,1.0000000000000002,,0.0,20
B,StaticGCN,2,796,tue,1.0,0.3996467590332031,0.46153846153846156,1.0000000000000002,,0.0,20
B,StaticGCN,2,797,tue,1.0,0.331569641828537,0.46153846153846156,1.0000000000000002,,0.0,20
B,StaticGCN,2,798,tue,1.0,0.5501199960708618,0.5185185185185185,1.0000000000000002,,0.0,20
B,StaticGCN,2,799,tue,1.0,0.4818311035633087,0.46153846153846156,1.0000000000000002,,0.0,20
B,StaticGCN,2,800,tue,1.0,0.5200541019439697,0.5185185185185185,1.0000000000000002,,0.0,20
B,StaticGCN,2,801,tue,1.0,0.41174015402793884,0.5185185185185185,1.0000000000000002,,0.0,20
B,StaticGCN,2,802,tue,1.0,0.5345370173454285,0.5714285714285714,1.0000000000000002,,0.0,20
B,StaticGCN,2,803,tue,1.0,0.7731196284294128,0.6206896551724138,1.0000000000000002,,0.0,20
B,StaticGCN,2,804,tue,1.0,0.5593684911727905,0.6666666666666666,1.0000000000000002,,0.0,20
B,StaticGCN,2,805,tue,1.0,0.4762253761291504,0.6206896551724138,1.0000000000000002,,0.0,20
B,StaticGCN,2,806,tue,1.0,0.572810173034668,0.6666666666666666,1.0000000000000002,,0.0,20
B,StaticGCN,2,807,tue,1.0,0.6963969469070435,0.7096774193548387,1.0000000000000002,,0.0,20
B,StaticGCN,2,808,tue,1.0,0.6820910573005676,0.75,1.0000000000000002,,0.0,20
B,StaticGCN,2,809,tue,1.0,0.6514765620231628,0.7878787878787878,1.0000000000000002,,0.0,20
B,StaticGCN,2,810,tue,1.0,0.5753858089447021,0.8235294117647058,1.0000000000000002,,0.0,20
B,StaticGCN,2,811,tue,1.0,0.25809940695762634,0.7878787878787878,1.0000000000000002,,0.0,20
B,StaticGCN,2,812,tue,0.0,0.27528029680252075,0.7741935483870968,0.997299168975069,0.9473684210526315,0.0,20
B,StaticGCN,2,813,tue,0.0,0.19691665470600128,0.7586206896551724,0.9969948018193633,0.9722222222222222,0.0,20
B,StaticGCN,2,814,tue,0.0,0.22933870553970337,0.7857142857142857,0.9966359092656671,0.9803921568627452,0.0,20
B,StaticGCN,2,815,tue,0.0,0.1705213040113449,0.7692307692307693,0.9962086397058824,0.984375,0.0,20
B,StaticGCN,2,816,tue,0.0,0.28229209780693054,0.8,0.9919117647058824,0.9733333333333334,0.0,20
B,StaticGCN,2,817,tue,0.0,0.3395574986934662,0.8333333333333334,0.987001050420168,0.9642857142857143,0.0,20
B,StaticGCN,2,818,tue,0.0,0.1564042568206787,0.8181818181818182,0.9850961538461536,0.9670329670329669,0.0,20
B,StaticGCN,2,819,tue,0.0,0.09495563060045242,0.8571428571428571,0.9827380952380954,0.96875,0.0,20
B,StaticGCN,2,820,tue,0.0,0.2818593680858612,0.8421052631578947,0.9748917748917749,0.9595959595959596,0.0,20
B,StaticGCN,2,821,tue,0.0,0.21475458145141602,0.8888888888888888,0.9703296703296703,0.96,0.0,20
B,StaticGCN,2,822,tue,0.0,0.11798349767923355,0.875,0.9643874643874646,0.9595959595959596,0.0,20
B,StaticGCN,2,823,tue,0.0,0.1765712946653366,0.8571428571428571,0.9564393939393939,0.9583333333333334,0.0,20
B,StaticGCN,2,824,tue,0.0,0.2329099029302597,0.8333333333333334,0.9454545454545453,0.956043956043956,0.0,20
B,StaticGCN,2,825,tue,0.0,0.2861500680446625,0.9090909090909091,0.9204545454545454,0.9404761904761905,0.0,20
B,StaticGCN,2,826,tue,0.0,0.319489449262619,0.8888888888888888,0.8854545454545455,0.92,0.0,20
B,StaticGCN,2,827,tue,0.0,0.25396549701690674,0.8571428571428571,0.8416666666666667,0.90625,0.0,20
B,StaticGCN,2,828,tue,0.0,0.22419852018356323,0.8,0.7638888888888888,0.8823529411764706,0.0,20
B,StaticGCN,2,829,tue,0.0,0.2643457055091858,0.6666666666666666,0.5868055555555556,0.8055555555555556,0.0,20
B,StaticGCN,2,830,tue,0.0,0.46223747730255127,0.0,0.05555555555555555,0.5789473684210527,0.0,20
B,StaticGCN,2,831,tue,0.0,0.16735759377479553,0.0,0.5,,0.0,20
B,StaticGCN,2,832,tue,0.0,0.36461275815963745,0.0,0.5,,0.0,20
B,StaticGCN,2,833,tue,0.0,0.20480242371559143,0.0,0.5,,0.0,20
B,StaticGCN,2,834,tue,0.0,0.2877069115638733,0.0,0.5,,0.0,20
B,StaticGCN,2,835,tue,0.0,0.22426408529281616,0.0,0.5,,0.0,20
B,StaticGCN,2,836,tue,0.0,0.32830652594566345,0.0,0.5,,0.0,20
B,StaticGCN,2,837,tue,0.0,0.3123464286327362,0.0,0.5,,0.0,20
B,StaticGCN,2,838,tue,0.0,0.3260774314403534,0.0,0.5,,0.0,20
B,StaticGCN,2,839,tue,0.0,0.2780004143714905,0.0,0.5,,0.0,20
B,StaticGCN,2,840,tue,0.0,0.3403480052947998,0.0,0.5,,0.0,20
B,StaticGCN,2,841,tue,0.0,0.35907384753227234,0.0,0.5,,0.0,20
B,StaticGCN,2,842,tue,0.0,0.3461512327194214,0.0,0.5,,0.0,20
B,StaticGCN,2,843,tue,0.0,0.329958438873291,0.0,0.5,,0.0,20
B,StaticGCN,2,844,tue,0.0,0.29096999764442444,0.0,0.5,,0.0,20
B,StaticGCN,2,845,tue,0.0,0.3127197325229645,0.0,0.5,,0.0,20
B,StaticGCN,2,846,tue,0.0,0.3431864082813263,0.0,0.5,,0.0,20
B,StaticGCN,2,847,tue,0.0,0.35166987776756287,0.0,0.5,,0.0,20
B,StaticGCN,2,848,tue,0.0,0.26963308453559875,0.0,0.5,,0.0,20
B,StaticGCN,2,849,tue,0.0,0.3817064166069031,0.0,0.5,,0.0,20
B,StaticGCN,2,850,tue,0.0,0.3706257939338684,0.0,0.5,,0.0,20
B,StaticGCN,2,851,tue,0.0,0.22955183684825897,0.0,0.5,,0.0,20
B,StaticGCN,2,852,tue,0.0,0.15199561417102814,0.0,0.5,,0.0,20
B,StaticGCN,2,853,tue,0.0,0.21147219836711884,0.0,0.5,,0.0,20
B,StaticGCN,2,854,tue,0.0,0.20198304951190948,0.0,0.5,,0.0,20
B,StaticGCN,2,855,tue,0.0,0.42432862520217896,0.0,0.5,,0.0,20
B,StaticGCN,2,856,tue,0.0,0.3328416049480438,0.0,0.5,,0.0,20
B,StaticGCN,2,857,tue,0.0,0.13795055449008942,0.0,0.5,,0.0,20
B,StaticGCN,2,858,tue,0.0,0.12647414207458496,0.0,0.5,,0.0,20
B,StaticGCN,2,859,tue,0.0,0.12716779112815857,0.0,0.5,,0.0,20
B,StaticGCN,2,860,tue,0.0,0.13958695530891418,0.0,0.5,,0.0,20
B,StaticGCN,2,861,tue,0.0,0.17866438627243042,0.0,0.5,,0.0,20
B,StaticGCN,2,862,tue,0.0,0.159477099776268,0.0,0.5,,0.0,20
B,StaticGCN,2,863,tue,0.0,0.4389967620372772,0.0,0.5,,0.0,20
B,StaticGCN,2,864,tue,0.0,0.12052205950021744,0.0,0.5,,0.0,20
B,StaticGCN,2,865,tue,0.0,0.14113931357860565,0.0,0.5,,0.0,20
B,StaticGCN,2,866,tue,0.0,0.2949182093143463,0.0,0.5,,0.0,20
B,StaticGCN,2,867,tue,0.0,0.13404522836208344,0.0,0.5,,0.0,20
B,StaticGCN,2,868,tue,0.0,0.1473296880722046,0.0,0.5,,0.0,20
B,StaticGCN,2,869,tue,0.0,0.242239311337471,0.0,0.5,,0.0,20
B,StaticGCN,2,870,tue,0.0,0.1886422038078308,0.0,0.5,,0.0,20
B,StaticGCN,2,871,tue,0.0,0.1351967453956604,0.0,0.5,,0.0,20
B,StaticGCN,2,872,tue,0.0,0.25149038434028625,0.0,0.5,,0.0,20
B,StaticGCN,2,873,tue,0.0,0.16859933733940125,0.0,0.5,,0.0,20
B,StaticGCN,2,874,tue,0.0,0.2851007580757141,0.0,0.5,,0.0,20
B,StaticGCN,2,875,tue,0.0,0.14492931962013245,0.0,0.5,,0.0,20
B,StaticGCN,2,876,tue,0.0,0.1584477722644806,0.0,0.5,,0.0,20
B,StaticGCN,2,877,tue,1.0,0.2353186160326004,0.0,0.08333333333333333,0.736842105263158,0.0,20
B,StaticGCN,2,878,tue,1.0,0.33724942803382874,0.0,0.23809523809523808,0.8333333333333334,0.0,20
B,StaticGCN,2,879,tue,1.0,0.1920316368341446,0.0,0.26884920634920634,0.784313725490196,0.0,20
B,StaticGCN,2,880,tue,1.0,0.1680455505847931,0.0,0.2773944805194805,0.703125,0.0,20
B,StaticGCN,2,881,tue,1.0,0.19964101910591125,0.0,0.3212842712842713,0.6933333333333334,0.0,20
B,StaticGCN,2,882,tue,1.0,0.10314039140939713,0.0,0.31466671729829626,0.5595238095238095,0.0,20
B,StaticGCN,2,883,tue,1.0,0.24196842312812805,0.0,0.49283571482819605,0.6153846153846154,0.0,20
B,StaticGCN,2,884,tue,1.0,0.30628105998039246,0.0,0.6067793682925262,0.6458333333333334,0.0,20
B,StaticGCN,2,885,tue,1.0,0.2473107874393463,0.0,0.6253882731952907,0.6363636363636364,0.0,20
B,StaticGCN,2,886,tue,1.0,0.24588988721370697,0.0,0.6940313633734686,0.6900000000000001,0.0,20
B,StaticGCN,2,887,tue,1.0,0.2926628589630127,0.0,0.7543789742952423,0.6969696969696969,0.0,20
B,StaticGCN,2,888,tue,1.0,0.21611857414245605,0.0,0.7609517766590136,0.6666666666666667,0.0,20
B,StaticGCN,2,889,tue,1.0,0.33839529752731323,0.0,0.8332650031030597,0.7252747252747253,0.0,20
B,StaticGCN,2,890,tue,1.0,0.24468228220939636,0.0,0.8428566081996531,0.7023809523809524,0.0,20
B,StaticGCN,2,891,tue,1.0,0.17090049386024475,0.0,0.8483318514703964,0.6533333333333333,0.0,20
B,StaticGCN,2,892,tue,1.0,0.25314220786094666,0.0,0.9107406866331982,0.75,0.0,20
B,StaticGCN,2,893,tue,1.0,0.2707846760749817,0.0,0.9187791298222003,0.7058823529411766,0.0,20
B,StaticGCN,2,894,tue,1.0,0.3167463541030884,0.0,0.9942982456140352,0.9444444444444444,0.0,20
B,StaticGCN,2,895,tue,1.0,0.2926575243473053,0.0,0.997299168975069,0.9473684210526315,0.0,20
B,StaticGCN,2,896,tue,1.0,0.21191537380218506,0.0,1.0000000000000002,,0.0,20
B,StaticGCN,2,897,tue,1.0,0.23023134469985962,0.0,1.0000000000000002,,0.0,20
B,StaticGCN,2,898,tue,1.0,0.23020172119140625,0.0,1.0000000000000002,,0.0,20
B,StaticGCN,2,899,tue,1.0,0.3631201386451721,0.0,1.0000000000000002,,0.0,20
B,StaticGCN,2,900,tue,1.0,0.30878809094429016,0.0,1.0000000000000002,,0.0,20
B,StaticGCN,2,901,tue,1.0,0.44168153405189514,0.0,1.0000000000000002,,0.0,20
B,StaticGCN,2,902,tue,1.0,0.25927868485450745,0.0,1.0000000000000002,,0.0,20
B,StaticGCN,2,903,tue,1.0,0.30903390049934387,0.0,1.0000000000000002,,0.0,20
B,StaticGCN,2,904,tue,1.0,0.30153152346611023,0.0,1.0000000000000002,,0.0,20
B,StaticGCN,2,905,tue,1.0,0.2603244185447693,0.0,1.0000000000000002,,0.0,20
B,StaticGCN,2,906,tue,1.0,0.23436173796653748,0.0,1.0000000000000002,,0.0,20
B,StaticGCN,2,907,tue,1.0,0.2337159663438797,0.0,1.0000000000000002,,0.0,20
B,StaticGCN,2,908,tue,1.0,0.2035433053970337,0.0,1.0000000000000002,,0.0,20
B,StaticGCN,2,909,tue,1.0,0.25274360179901123,0.0,1.0000000000000002,,0.0,20
B,StaticGCN,2,910,tue,1.0,0.3262304365634918,0.0,1.0000000000000002,,0.0,20
B,StaticGCN,2,911,tue,1.0,0.21331705152988434,0.0,1.0000000000000002,,0.0,20
B,StaticGCN,2,912,tue,1.0,0.22995208203792572,0.0,1.0000000000000002,,0.0,20
B,StaticGCN,2,913,tue,1.0,0.23490774631500244,0.0,1.0000000000000002,,0.0,20
B,StaticGCN,2,914,tue,1.0,0.3483421802520752,0.0,1.0000000000000002,,0.0,20
B,StaticGCN,2,915,tue,1.0,0.22983551025390625,0.0,1.0000000000000002,,0.0,20
B,StaticGCN,2,916,tue,1.0,0.20424550771713257,0.0,1.0000000000000002,,0.0,20
B,StaticGCN,2,917,tue,1.0,0.192304790019989,0.0,1.0000000000000002,,0.0,20
B,StaticGCN,2,918,tue,1.0,0.2196224182844162,0.0,1.0000000000000002,,0.0,20
B,StaticGCN,2,919,tue,1.0,0.2692893147468567,0.0,1.0000000000000002,,0.0,20
B,StaticGCN,2,920,tue,1.0,0.27483895421028137,0.0,1.0000000000000002,,0.0,20
B,StaticGCN,2,921,tue,1.0,0.22134530544281006,0.0,1.0000000000000002,,0.0,20
B,StaticGCN,2,922,tue,1.0,0.20676948130130768,0.0,1.0000000000000002,,0.0,20
B,StaticGCN,2,923,tue,1.0,0.2619852125644684,0.0,1.0000000000000002,,0.0,20
B,StaticGCN,2,924,tue,1.0,0.15515413880348206,0.0,1.0000000000000002,,0.0,20
B,StaticGCN,2,925,tue,1.0,0.2166266292333603,0.0,1.0000000000000002,,0.0,20
B,StaticGCN,2,926,tue,1.0,0.30923396348953247,0.0,1.0000000000000002,,0.0,20
B,StaticGCN,2,927,tue,1.0,0.31869810819625854,0.0,1.0000000000000002,,0.0,20
B,StaticGCN,2,928,tue,1.0,0.3294318616390228,0.0,1.0000000000000002,,0.0,20
B,StaticGCN,2,929,tue,1.0,0.24374066293239594,0.0,1.0000000000000002,,0.0,20
B,StaticGCN,2,930,tue,1.0,0.24086114764213562,0.0,1.0000000000000002,,0.0,20
B,StaticGCN,2,931,tue,1.0,0.2785191535949707,0.0,1.0000000000000002,,0.0,20
B,StaticGCN,2,932,tue,1.0,0.25281479954719543,0.0,1.0000000000000002,,0.0,20
B,StaticGCN,2,933,tue,1.0,0.18241183459758759,0.0,1.0000000000000002,,0.0,20
B,StaticGCN,2,934,tue,1.0,0.24106797575950623,0.0,1.0000000000000002,,0.0,20
B,StaticGCN,2,935,tue,1.0,0.2290647029876709,0.0,1.0000000000000002,,0.0,20
B,StaticGCN,2,936,tue,1.0,0.24731114506721497,0.0,1.0000000000000002,,0.0,20
B,StaticGCN,2,937,tue,1.0,0.22962529957294464,0.0,1.0000000000000002,,0.0,20
B,StaticGCN,2,938,tue,1.0,0.20764489471912384,0.0,1.0000000000000002,,0.0,20
B,StaticGCN,2,939,tue,1.0,0.2785938084125519,0.0,1.0000000000000002,,0.0,20
B,StaticGCN,2,940,tue,1.0,0.24433332681655884,0.0,1.0000000000000002,,0.0,20
B,StaticGCN,2,941,tue,1.0,0.24791714549064636,0.0,1.0000000000000002,,0.0,20
B,StaticGCN,2,942,tue,1.0,0.24118390679359436,0.0,1.0000000000000002,,0.0,20
B,StaticGCN,2,943,tue,1.0,0.22443407773971558,0.0,1.0000000000000002,,0.0,20
B,StaticGCN,2,944,tue,1.0,0.24989937245845795,0.0,1.0000000000000002,,0.0,20
B,StaticGCN,2,945,tue,1.0,0.23820653557777405,0.0,1.0000000000000002,,0.0,20
B,StaticGCN,2,946,tue,1.0,0.22808299958705902,0.0,1.0000000000000002,,0.0,20
B,StaticGCN,2,947,tue,1.0,0.21959355473518372,0.0,1.0000000000000002,,0.0,20
B,StaticGCN,2,948,tue,1.0,0.21848642826080322,0.0,1.0000000000000002,,0.0,20
B,StaticGCN,2,949,tue,1.0,0.2610274851322174,0.0,1.0000000000000002,,0.0,20
B,StaticGCN,2,950,tue,1.0,0.2650769054889679,0.0,1.0000000000000002,,0.0,20
B,StaticGCN,2,951,tue,1.0,0.22812442481517792,0.0,1.0000000000000002,,0.0,20
B,StaticGCN,2,952,tue,1.0,0.2923625707626343,0.0,1.0000000000000002,,0.0,20
B,StaticGCN,2,953,tue,1.0,0.21635659039020538,0.0,1.0000000000000002,,0.0,20
B,StaticGCN,2,954,tue,1.0,0.3004613518714905,0.0,1.0000000000000002,,0.0,20
B,StaticGCN,2,955,tue,1.0,0.30923211574554443,0.0,1.0000000000000002,,0.0,20
B,StaticGCN,2,956,tue,1.0,0.23248490691184998,0.0,1.0000000000000002,,0.0,20
B,StaticGCN,2,957,tue,1.0,0.26578885316848755,0.0,1.0000000000000002,,0.0,20
B,StaticGCN,2,958,tue,1.0,0.20355066657066345,0.0,1.0000000000000002,,0.0,20
B,StaticGCN,2,959,tue,1.0,0.28338372707366943,0.0,1.0000000000000002,,0.0,20
B,StaticGCN,2,960,tue,1.0,0.24454213678836823,0.0,1.0000000000000002,,0.0,20
B,StaticGCN,2,961,tue,1.0,0.26179853081703186,0.0,1.0000000000000002,,0.0,20
B,StaticGCN,2,962,tue,1.0,0.2682110369205475,0.0,1.0000000000000002,,0.0,20
B,StaticGCN,2,963,tue,1.0,0.2156897634267807,0.0,1.0000000000000002,,0.0,20
B,StaticGCN,2,964,tue,1.0,0.24375072121620178,0.0,1.0000000000000002,,0.0,20
B,StaticGCN,2,965,tue,1.0,0.2547237277030945,0.0,1.0000000000000002,,0.0,20
B,StaticGCN,2,966,tue,1.0,0.30606311559677124,0.0,1.0000000000000002,,0.0,20
B,StaticGCN,2,967,tue,1.0,0.2100418210029602,0.0,1.0000000000000002,,0.0,20
B,StaticGCN,2,968,tue,1.0,0.2692945897579193,0.0,1.0000000000000002,,0.0,20
B,StaticGCN,2,969,tue,1.0,0.23306719958782196,0.0,1.0000000000000002,,0.0,20
B,StaticGCN,2,970,tue,1.0,0.540004551410675,0.09523809523809523,1.0000000000000002,,0.0,20
B,StaticGCN,2,971,tue,1.0,0.2440362125635147,0.09523809523809523,1.0000000000000002,,0.0,20
B,StaticGCN,2,972,tue,1.0,0.2792809307575226,0.09523809523809523,1.0000000000000002,,0.0,20
B,StaticGCN,2,973,tue,1.0,0.22401368618011475,0.09523809523809523,1.0000000000000002,,0.0,20
B,StaticGCN,2,974,tue,1.0,0.3214907646179199,0.09523809523809523,1.0000000000000002,,0.0,20
B,StaticGCN,2,975,tue,1.0,0.2008865624666214,0.09523809523809523,1.0000000000000002,,0.0,20
B,StaticGCN,2,976,tue,1.0,0.2205900400876999,0.09523809523809523,1.0000000000000002,,0.0,20
B,StaticGCN,2,977,tue,1.0,0.2785559296607971,0.09523809523809523,1.0000000000000002,,0.0,20
B,StaticGCN,2,978,tue,1.0,0.2340065836906433,0.09523809523809523,1.0000000000000002,,0.0,20
B,StaticGCN,2,979,tue,1.0,0.2742205262184143,0.09523809523809523,1.0000000000000002,,0.0,20
B,StaticGCN,2,980,tue,1.0,0.3550390899181366,0.09523809523809523,1.0000000000000002,,0.0,20
B,StaticGCN,2,981,tue,1.0,0.2790108025074005,0.09523809523809523,1.0000000000000002,,0.0,20
B,StaticGCN,2,982,tue,1.0,0.2146395891904831,0.09523809523809523,1.0000000000000002,,0.0,20
B,StaticGCN,2,983,tue,1.0,0.17002950608730316,0.09523809523809523,1.0000000000000002,,0.0,20
B,StaticGCN,2,984,tue,1.0,0.21526114642620087,0.09523809523809523,1.0000000000000002,,0.0,20
B,StaticGCN,2,985,tue,1.0,0.2967364490032196,0.09523809523809523,1.0000000000000002,,0.0,20
B,StaticGCN,2,986,tue,1.0,0.19164350628852844,0.09523809523809523,1.0000000000000002,,0.0,20
B,StaticGCN,2,987,tue,1.0,0.1913699060678482,0.09523809523809523,1.0000000000000002,,0.0,20
B,StaticGCN,2,988,tue,1.0,0.248308464884758,0.09523809523809523,1.0000000000000002,,0.0,20
B,StaticGCN,2,989,tue,1.0,0.24529188871383667,0.09523809523809523,1.0000000000000002,,0.0,20
B,StaticGCN,2,990,tue,1.0,0.3357621431350708,0.0,1.0000000000000002,,0.0,20
B,StaticGCN,2,991,tue,1.0,0.19099900126457214,0.0,1.0000000000000002,,0.0,20
B,StaticGCN,2,992,tue,1.0,0.2953014075756073,0.0,1.0000000000000002,,0.0,20
B,StaticGCN,2,993,tue,1.0,0.18075904250144958,0.0,1.0000000000000002,,0.0,20
B,StaticGCN,2,994,tue,1.0,0.20332634449005127,0.0,1.0000000000000002,,0.0,20
B,StaticGCN,2,995,tue,1.0,0.2848464250564575,0.0,1.0000000000000002,,0.0,20
B,StaticGCN,2,996,tue,1.0,0.19675377011299133,0.0,1.0000000000000002,,0.0,20
B,StaticGCN,2,997,tue,1.0,0.26320767402648926,0.0,1.0000000000000002,,0.0,20
B,StaticGCN,2,998,tue,1.0,0.21690256893634796,0.0,1.0000000000000002,,0.0,20
B,StaticGCN,2,999,tue,1.0,0.22547051310539246,0.0,1.0000000000000002,,0.0,20
B,StaticGCN,2,1000,tue,1.0,0.20939156413078308,0.0,1.0000000000000002,,0.0,20
B,StaticGCN,2,1001,tue,1.0,0.21748067438602448,0.0,1.0000000000000002,,0.0,20
B,StaticGCN,2,1002,tue,1.0,0.22611339390277863,0.0,1.0000000000000002,,0.0,20
B,StaticGCN,2,1003,tue,1.0,0.2104397863149643,0.0,1.0000000000000002,,0.0,20
B,StaticGCN,2,1004,tue,1.0,0.1828448474407196,0.0,1.0000000000000002,,0.0,20
B,StaticGCN,2,1005,tue,1.0,0.27262118458747864,0.0,1.0000000000000002,,0.0,20
B,StaticGCN,2,1006,tue,1.0,0.3045337200164795,0.0,1.0000000000000002,,0.0,20
B,StaticGCN,2,1007,tue,1.0,0.27276989817619324,0.0,1.0000000000000002,,0.0,20
B,StaticGCN,2,1008,tue,1.0,0.2647406756877899,0.0,1.0000000000000002,,0.0,20
B,StaticGCN,2,1009,tue,1.0,0.3304228186607361,0.0,1.0000000000000002,,0.0,20
B,StaticGCN,2,1010,tue,1.0,0.3070729374885559,0.0,1.0000000000000002,,0.0,20
B,StaticGCN,2,1011,tue,1.0,0.2696949541568756,0.0,1.0000000000000002,,0.0,20
B,StaticGCN,2,1012,tue,1.0,0.3601730167865753,0.0,1.0000000000000002,,0.0,20
B,StaticGCN,2,1013,tue,1.0,0.23429203033447266,0.0,1.0000000000000002,,0.0,20
B,StaticGCN,2,1014,tue,1.0,0.22874151170253754,0.0,1.0000000000000002,,0.0,20
B,StaticGCN,2,1015,tue,1.0,0.30546945333480835,0.0,1.0000000000000002,,0.0,20
B,StaticGCN,2,1016,tue,1.0,0.2234351485967636,0.0,1.0000000000000002,,0.0,20
B,StaticGCN,2,1017,tue,1.0,0.24134156107902527,0.0,1.0000000000000002,,0.0,20
B,StaticGCN,2,1018,tue,1.0,0.17735309898853302,0.0,1.0000000000000002,,0.0,20
B,StaticGCN,2,1019,tue,1.0,0.18212872743606567,0.0,1.0000000000000002,,0.0,20
B,StaticGCN,2,1020,tue,1.0,0.19058498740196228,0.0,1.0000000000000002,,0.0,20
B,StaticGCN,2,1021,tue,1.0,0.16199040412902832,0.0,1.0000000000000002,,0.0,20
B,StaticGCN,2,1022,tue,1.0,0.3293381929397583,0.0,1.0000000000000002,,0.0,20
B,StaticGCN,2,1023,tue,1.0,0.24423429369926453,0.0,1.0000000000000002,,0.0,20
B,StaticGCN,2,1024,tue,1.0,0.2729603350162506,0.0,1.0000000000000002,,0.0,20
B,StaticGCN,2,1025,tue,1.0,0.2958933115005493,0.0,1.0000000000000002,,0.0,20
B,StaticGCN,2,1026,tue,1.0,0.2012365460395813,0.0,1.0000000000000002,,0.0,20
B,StaticGCN,2,1027,tue,1.0,0.24083930253982544,0.0,1.0000000000000002,,0.0,20
B,StaticGCN,2,1028,tue,1.0,0.3366042375564575,0.0,1.0000000000000002,,0.0,20
B,StaticGCN,2,1029,tue,1.0,0.3039320409297943,0.0,1.0000000000000002,,0.0,20
B,StaticGCN,2,1030,tue,1.0,0.257207453250885,0.0,1.0000000000000002,,0.0,20
B,StaticGCN,2,1031,tue,1.0,0.2528020143508911,0.0,1.0000000000000002,,0.0,20
B,StaticGCN,2,1032,tue,1.0,0.2611877918243408,0.0,1.0000000000000002,,0.0,20
B,StaticGCN,3,1222,wed,0.0,0.0027665074449032545,0.0,0.9999999999999998,1.0,0.0,20
B,StaticGCN,3,1223,wed,0.0,0.06958915293216705,0.0,1.0,1.0,0.0,20
B,StaticGCN,3,1224,wed,0.0,0.027870694175362587,0.0,1.0,1.0,0.0,20
B,StaticGCN,3,1225,wed,0.0,0.13077235221862793,0.0,1.0,1.0,0.0,20
B,StaticGCN,3,1226,wed,0.0,0.027903834357857704,0.0,1.0,1.0,0.0,20
B,StaticGCN,3,1227,wed,0.0,0.13037726283073425,0.0,0.9999999999999999,1.0,0.0,20
B,StaticGCN,3,1228,wed,1.0,0.018836623057723045,0.0,0.9806808688387635,0.9404761904761905,0.0,20
B,StaticGCN,3,1229,wed,0.0,0.13149672746658325,0.0,0.9750337381916327,0.9340659340659341,0.0,20
B,StaticGCN,3,1230,wed,0.0,0.22202615439891815,0.0,0.961185318093213,0.9166666666666666,0.0,20
B,StaticGCN,3,1231,wed,0.0,0.22106601297855377,0.0,0.9448190034314436,0.898989898989899,0.0,20
B,StaticGCN,3,1232,wed,0.0,0.10367116332054138,0.0,0.9322248803827752,0.89,0.0,20
B,StaticGCN,3,1233,wed,0.0,0.24118247628211975,0.0,0.8931969021881303,0.8585858585858587,0.0,20
B,StaticGCN,3,1234,wed,0.0,0.06822004914283752,0.0,0.8666927736006683,0.84375,0.0,20
B,StaticGCN,3,1235,wed,0.0,0.13022297620773315,0.0,0.8851593268886502,0.8571428571428572,0.0,20
B,StaticGCN,3,1236,wed,0.0,0.1848657876253128,0.0,0.8827972709551657,0.8452380952380952,0.0,20
B,StaticGCN,3,1237,wed,0.0,0.29028958082199097,0.0,0.6618713450292397,0.7733333333333333,0.0,20
B,StaticGCN,3,1238,wed,0.0,0.07429400086402893,0.0,0.4325657894736842,0.71875,0.0,20
B,StaticGCN,3,1239,wed,0.0,0.16641157865524292,0.0,0.32261208576998046,0.6470588235294117,0.0,20
B,StaticGCN,3,1240,wed,0.0,0.2275083065032959,0.0,0.1652046783625731,0.5,0.0,20
B,StaticGCN,3,1241,wed,0.0,0.2121761441230774,0.0,0.02631578947368421,0.052631578947368474,0.0,20
B,StaticGCN,3,1242,wed,0.0,0.3284550607204437,0.0,0.025,0.0,0.0,20
B,StaticGCN,3,1243,wed,0.0,0.22116173803806305,0.0,0.025,0.0,0.0,20
B,StaticGCN,3,1244,wed,0.0,0.23645633459091187,0.0,0.025,0.0,0.0,20
B,StaticGCN,3,1245,wed,0.0,0.24491050839424133,0.0,0.025,0.0,0.0,20
B,StaticGCN,3,1246,wed,0.0,0.19857744872570038,0.0,0.025,0.0,0.0,20
B,StaticGCN,3,1247,wed,0.0,0.364726722240448,0.0,0.025,0.0,0.0,20
B,StaticGCN,3,1248,wed,1.0,0.08233271539211273,0.0,0.027777777777777776,0.10526315789473684,0.0,20
B,StaticGCN,3,1249,wed,1.0,0.348260760307312,0.0,0.16748366013071897,0.5277777777777778,0.0,20
B,StaticGCN,3,1250,wed,1.0,0.03488769382238388,0.0,0.15590170278637772,0.3529411764705882,0.0,20
B,StaticGCN,3,1251,wed,1.0,0.23806022107601166,0.0,0.20146828468229397,0.4375,0.0,20
B,StaticGCN,3,1252,wed,1.0,0.08402255177497864,0.0,0.21565347191508183,0.37333333333333335,0.0,20
B,StaticGCN,3,1253,wed,1.0,0.45633286237716675,0.0,0.4571539141972578,0.4880952380952381,0.0,20
B,StaticGCN,3,1254,wed,1.0,0.441039115190506,0.0,0.5844711568838061,0.5384615384615384,0.0,20
B,StaticGCN,3,1255,wed,1.0,0.4450318217277527,0.0,0.673827990626075,0.59375,0.0,20
B,StaticGCN,3,1256,wed,1.0,0.31531623005867004,0.0,0.7000296902386687,0.6161616161616161,0.0,20
B,StaticGCN,3,1257,wed,1.0,0.3134612739086151,0.0,0.7307132721509656,0.64,0.0,20
B,StaticGCN,3,1258,wed,1.0,0.24745938181877136,0.0,0.7465231097513676,0.6262626262626263,0.0,20
B,StaticGCN,3,1259,wed,1.0,0.06292016804218292,0.0,0.740754915735566,0.5625,0.0,20
B,StaticGCN,3,1260,wed,1.0,0.2909444570541382,0.0,0.7635545032023359,0.5604395604395604,0.0,20
B,StaticGCN,3,1261,wed,1.0,0.17528881132602692,0.0,0.7687120861103611,0.5,0.0,20
B,StaticGCN,3,1262,wed,1.0,0.2512202262878418,0.0,0.8310601779255029,0.56,0.0,20
B,StaticGCN,3,1263,wed,1.0,0.014294344000518322,0.0,0.8423472618712556,0.5,0.0,20
B,StaticGCN,3,1264,wed,1.0,0.41063034534454346,0.0,0.8810576043980707,0.4901960784313726,0.0,20
B,StaticGCN,3,1265,wed,0.0,0.20435573160648346,0.0,0.8853596748766117,0.5098039215686275,0.0,20
B,StaticGCN,3,1266,wed,1.0,0.2743954062461853,0.0,0.9071043268927688,0.4444444444444444,0.0,20
B,StaticGCN,3,1267,wed,1.0,0.5172304511070251,0.1,0.9812162307212817,0.6842105263157895,0.0,20
B,StaticGCN,3,1268,wed,1.0,0.4721173644065857,0.1,0.9848503159343145,0.7368421052631579,0.0,20
B,StaticGCN,3,1269,wed,1.0,0.18002955615520477,0.1,0.9812162307212817,0.6842105263157895,0.0,20
B,StaticGCN,3,1270,wed,1.0,0.3812682032585144,0.1,0.9848503159343145,0.7368421052631579,0.0,20
B,StaticGCN,3,1271,wed,1.0,0.0019416623981669545,0.1,0.9812162307212817,0.6842105263157895,0.0,20
B,StaticGCN,3,1272,wed,1.0,0.23975986242294312,0.1,0.9848503159343145,0.7368421052631579,0.0,20
B,StaticGCN,3,1273,wed,1.0,0.18830955028533936,0.1,0.9812162307212817,0.6842105263157895,0.0,20
B,StaticGCN,3,1274,wed,1.0,0.6306317448616028,0.19047619047619047,0.9812162307212817,0.6842105263157895,0.0,20
B,StaticGCN,3,1275,wed,1.0,0.27418532967567444,0.19047619047619047,0.9812162307212817,0.6842105263157895,0.0,20
B,StaticGCN,3,1276,wed,1.0,0.3131413161754608,0.19047619047619047,0.9812162307212817,0.6842105263157895,0.0,20
B,StaticGCN,3,1277,wed,1.0,0.5234930515289307,0.2727272727272727,0.9812162307212817,0.6842105263157895,0.0,20
B,StaticGCN,3,1278,wed,1.0,0.6066756248474121,0.34782608695652173,0.9812162307212817,0.6842105263157895,0.0,20
B,StaticGCN,3,1279,wed,0.0,0.23898230493068695,0.36363636363636365,0.9680173336391087,0.7222222222222222,0.0,20
B,StaticGCN,3,1280,wed,1.0,0.35337767004966736,0.36363636363636365,0.9680173336391087,0.7222222222222222,0.0,20
B,StaticGCN,3,1281,wed,1.0,0.19423851370811462,0.36363636363636365,0.9680173336391087,0.7222222222222222,0.0,20
B,StaticGCN,3,1282,wed,1.0,0.027203161269426346,0.36363636363636365,0.9603453759671511,0.6666666666666666,0.0,20
B,StaticGCN,3,1283,wed,0.0,0.290322482585907,0.38095238095238093,0.9337508262089396,0.6470588235294119,0.0,20
B,StaticGCN,3,1284,wed,1.0,0.11505971848964691,0.38095238095238093,0.9200702257636332,0.5882352941176472,0.0,20
B,StaticGCN,3,1285,wed,0.0,0.2926572263240814,0.38095238095238093,0.9061127779826561,0.5294117647058824,0.0,20
B,StaticGCN,3,1286,wed,0.0,0.2076513171195984,0.4,0.88795512622912,0.5625,0.0,20
B,StaticGCN,3,1287,wed,0.0,0.33434510231018066,0.3333333333333333,0.83559240495773,0.5066666666666666,0.0,20
B,StaticGCN,3,1288,wed,1.0,0.31506505608558655,0.3333333333333333,0.8252749446402696,0.4933333333333333,0.0,20
B,StaticGCN,3,1289,wed,1.0,0.00128325039986521,0.3333333333333333,0.8252749446402696,0.4933333333333333,0.0,20
B,StaticGCN,3,1290,wed,1.0,0.0027314850594848394,0.3333333333333333,0.7935691504344754,0.4266666666666667,0.0,20
B,StaticGCN,3,1291,wed,1.0,0.0015553812263533473,0.3333333333333333,0.7935691504344754,0.4266666666666667,0.0,20
B,StaticGCN,3,1292,wed,1.0,0.0003687082207761705,0.3333333333333333,0.7859506578159828,0.4,0.0,20
B,StaticGCN,3,1293,wed,1.0,0.0009074739646166563,0.3333333333333333,0.7859506578159828,0.4,0.0,20
B,StaticGCN,3,1294,wed,1.0,0.0020955298095941544,0.23529411764705882,0.7497277140930392,0.33333333333333337,0.0,20
B,StaticGCN,3,1295,wed,1.0,0.00022501649800688028,0.23529411764705882,0.7415206433859685,0.30666666666666664,0.0,20
B,StaticGCN,3,1296,wed,1.0,4.8489246182725765e-06,0.23529411764705882,0.7185576804230054,0.25333333333333335,0.0,20
B,StaticGCN,3,1297,wed,1.0,1.4403409295482561e-05,0.125,0.6747613841267092,0.1866666666666667,0.0,20
B,StaticGCN,3,1298,wed,1.0,9.603879789210623e-07,0.0,0.6217851936505187,0.12000000000000001,0.0,20
B,StaticGCN,3,1299,wed,1.0,8.783430871517339e-07,0.0,0.6724400857140795,0.109375,0.0,20
B,StaticGCN,3,1300,wed,1.0,4.652002826333046e-05,0.0,0.6057734190474129,0.046875,0.0,20
B,StaticGCN,3,1301,wed,1.0,5.184036854188889e-05,0.0,0.6057734190474129,0.046875,0.0,20
B,StaticGCN,3,1302,wed,1.0,7.026852017588681e-06,0.0,0.6057734190474129,0.046875,0.0,20
B,StaticGCN,3,1303,wed,1.0,6.300366749201203e-06,0.0,0.6709871193275855,0.03921568627450981,0.0,20
B,StaticGCN,3,1304,wed,1.0,1.2364438362055807e-07,0.0,0.6709871193275855,0.03921568627450981,0.0,20
B,StaticGCN,3,1305,wed,1.0,1.8185575754614547e-05,0.0,0.7465474455025538,0.027777777777777776,0.0,20
B,StaticGCN,3,1306,wed,1.0,0.0003607392718549818,0.0,0.8382768601503324,0.0,0.0,20
B,StaticGCN,3,1307,wed,1.0,7.866567131031843e-08,0.0,1.0000000000000002,,0.0,20
B,StaticGCN,3,1308,wed,1.0,0.00022891904518473893,0.0,1.0000000000000002,,0.0,20
B,StaticGCN,3,1309,wed,1.0,1.397119575585748e-07,0.0,1.0000000000000002,,0.0,20
B,StaticGCN,3,1310,wed,1.0,1.814603592720232e-06,0.0,1.0000000000000002,,0.0,20
B,StaticGCN,3,1311,wed,1.0,0.0004018809995613992,0.0,1.0000000000000002,,0.0,20
B,StaticGCN,3,1312,wed,1.0,7.436438522745448e-07,0.0,1.0000000000000002,,0.0,20
B,StaticGCN,3,1313,wed,1.0,3.7937988963676617e-05,0.0,1.0000000000000002,,0.0,20
B,StaticGCN,3,1314,wed,1.0,1.2896060752609628e-06,0.0,1.0000000000000002,,0.0,20
B,StaticGCN,3,1315,wed,1.0,7.454850106114463e-07,0.0,1.0000000000000002,,0.0,20
B,StaticGCN,3,1316,wed,1.0,1.7924636267707683e-05,0.0,1.0000000000000002,,0.0,20
B,StaticGCN,3,1317,wed,1.0,2.237063745269552e-05,0.0,1.0000000000000002,,0.0,20
B,StaticGCN,3,1318,wed,1.0,2.7473824957269244e-06,0.0,1.0000000000000002,,0.0,20
B,StaticGCN,3,1319,wed,1.0,3.8460068026324734e-05,0.0,1.0000000000000002,,0.0,20
B,StaticGCN,3,1320,wed,1.0,5.1311390052433126e-06,0.0,1.0000000000000002,,0.0,20
B,StaticGCN,3,1321,wed,1.0,5.354486802389147e-06,0.0,1.0000000000000002,,0.0,20
B,StaticGCN,3,1322,wed,1.0,1.0916780411207583e-05,0.0,1.0000000000000002,,0.0,20
B,StaticGCN,3,1323,wed,1.0,1.7663584230831475e-06,0.0,1.0000000000000002,,0.0,20
B,StaticGCN,3,1324,wed,1.0,3.323222586004704e-08,0.0,1.0000000000000002,,0.0,20
B,StaticGCN,3,1325,wed,1.0,1.1762048188757035e-06,0.0,1.0000000000000002,,0.0,20
B,StaticGCN,3,1326,wed,1.0,4.4188755765617316e-08,0.0,1.0000000000000002,,0.0,20
B,StaticGCN,3,1327,wed,1.0,4.409319487308494e-08,0.0,1.0000000000000002,,0.0,20
B,StaticGCN,3,1328,wed,1.0,1.1516963240865152e-06,0.0,1.0000000000000002,,0.0,20
B,StaticGCN,3,1329,wed,1.0,5.2208687151278355e-08,0.0,1.0000000000000002,,0.0,20
B,StaticGCN,3,1330,wed,1.0,5.398086244667866e-08,0.0,1.0000000000000002,,0.0,20
B,StaticGCN,3,1331,wed,1.0,5.5375949159497395e-06,0.0,1.0000000000000002,,0.0,20
B,StaticGCN,3,1332,wed,1.0,4.854954482880203e-08,0.0,1.0000000000000002,,0.0,20
B,StaticGCN,3,1333,wed,1.0,6.187590173567514e-08,0.0,1.0000000000000002,,0.0,20
B,StaticGCN,3,1334,wed,1.0,1.8059096191791468e-06,0.0,1.0000000000000002,,0.0,20
B,StaticGCN,3,1335,wed,1.0,2.8303739796342597e-08,0.0,1.0000000000000002,,0.0,20
B,StaticGCN,3,1336,wed,1.0,8.447904775721327e-08,0.0,1.0000000000000002,,0.0,20
B,StaticGCN,3,1337,wed,1.0,2.6931800789498084e-07,0.0,1.0000000000000002,,0.0,20
B,StaticGCN,3,1338,wed,1.0,9.993476268732593e-09,0.0,1.0000000000000002,,0.0,20
B,StaticGCN,3,1339,wed,1.0,2.3671686903981026e-06,0.0,1.0000000000000002,,0.0,20
B,StaticGCN,3,1340,wed,1.0,8.334939849419243e-08,0.0,1.0000000000000002,,0.0,20
B,StaticGCN,3,1341,wed,1.0,1.7958004860929577e-08,0.0,1.0000000000000002,,0.0,20
B,StaticGCN,3,1342,wed,1.0,4.4876369997837173e-07,0.0,1.0000000000000002,,0.0,20
B,StaticGCN,3,1343,wed,1.0,3.8582868455705466e-08,0.0,1.0000000000000002,,0.0,20
B,StaticGCN,3,1344,wed,1.0,1.3041137059133234e-08,0.0,1.0000000000000002,,0.0,20
B,StaticGCN,3,1345,wed,1.0,5.633747605315875e-06,0.0,1.0000000000000002,,0.0,20
B,StaticGCN,3,1346,wed,1.0,2.272023635896403e-08,0.0,1.0000000000000002,,0.0,20
B,StaticGCN,3,1347,wed,1.0,6.987760770016394e-08,0.0,1.0000000000000002,,0.0,20
B,StaticGCN,3,1348,wed,1.0,2.3072399812917865e-07,0.0,1.0000000000000002,,0.0,20
B,StaticGCN,3,1349,wed,1.0,2.925856357194334e-08,0.0,1.0000000000000002,,0.0,20
B,StaticGCN,3,1350,wed,1.0,3.743362526620331e-07,0.0,1.0000000000000002,,0.0,20
B,StaticGCN,3,1351,wed,1.0,1.0614088807869848e-07,0.0,1.0000000000000002,,0.0,20
B,StaticGCN,3,1352,wed,1.0,1.0425559970883569e-08,0.0,1.0000000000000002,,0.0,20
B,StaticGCN,3,1353,wed,1.0,6.955056619517563e-07,0.0,1.0000000000000002,,0.0,20
B,StaticGCN,3,1354,wed,1.0,6.54148308854019e-08,0.0,1.0000000000000002,,0.0,20
B,StaticGCN,3,1355,wed,1.0,3.7120848617178126e-08,0.0,1.0000000000000002,,0.0,20
B,StaticGCN,3,1356,wed,1.0,2.478524265825399e-07,0.0,1.0000000000000002,,0.0,20
B,StaticGCN,3,1357,wed,1.0,1.3517020391873302e-08,0.0,1.0000000000000002,,0.0,20
B,StaticGCN,3,1358,wed,1.0,1.838182299707114e-07,0.0,1.0000000000000002,,0.0,20
B,StaticGCN,3,1359,wed,1.0,2.860947745375597e-08,0.0,1.0000000000000002,,0.0,20
B,StaticGCN,3,1360,wed,1.0,4.4502300511339854e-08,0.0,1.0000000000000002,,0.0,20
B,StaticGCN,3,1361,wed,1.0,3.2004362537918496e-07,0.0,1.0000000000000002,,0.0,20
B,StaticGCN,3,1362,wed,1.0,3.9139514740327286e-08,0.0,1.0000000000000002,,0.0,20
B,StaticGCN,3,1363,wed,1.0,3.779974733220115e-08,0.0,1.0000000000000002,,0.0,20
B,StaticGCN,3,1364,wed,1.0,0.0008646902278997004,0.0,1.0000000000000002,,0.0,20
B,StaticGCN,3,1365,wed,1.0,4.916015683420483e-08,0.0,1.0000000000000002,,0.0,20
B,StaticGCN,3,1366,wed,1.0,1.862982479394759e-08,0.0,1.0000000000000002,,0.0,20
B,StaticGCN,3,1367,wed,1.0,3.2505520266568055e-06,0.0,1.0000000000000002,,0.0,20
B,StaticGCN,3,1368,wed,1.0,5.8028444271940316e-08,0.0,1.0000000000000002,,0.0,20
B,StaticGCN,3,1369,wed,1.0,3.47656836652277e-08,0.0,1.0000000000000002,,0.0,20
B,StaticGCN,3,1370,wed,1.0,4.92574940835766e-07,0.0,1.0000000000000002,,0.0,20
B,StaticGCN,3,1371,wed,1.0,2.1480664358364265e-08,0.0,1.0000000000000002,,0.0,20
B,StaticGCN,3,1372,wed,1.0,7.229810421449656e-07,0.0,1.0000000000000002,,0.0,20
B,StaticGCN,3,1373,wed,1.0,2.321442735819801e-07,0.0,1.0000000000000002,,0.0,20
B,StaticGCN,3,1374,wed,1.0,1.3113520935803535e-08,0.0,1.0000000000000002,,0.0,20
B,StaticGCN,3,1375,wed,1.0,6.948890813873732e-07,0.0,1.0000000000000002,,0.0,20
B,StaticGCN,3,1376,wed,1.0,1.0873071687456104e-07,0.0,1.0000000000000002,,0.0,20
B,StaticGCN,3,1377,wed,1.0,1.5813974130196584e-08,0.0,1.0000000000000002,,0.0,20
B,StaticGCN,3,1378,wed,1.0,1.6131019719978212e-07,0.0,1.0000000000000002,,0.0,20
B,StaticGCN,3,1379,wed,1.0,2.6881654235921815e-08,0.0,1.0000000000000002,,0.0,20
B,StaticGCN,3,1380,wed,1.0,3.7268620189934154e-08,0.0,1.0000000000000002,,0.0,20
B,StaticGCN,3,1381,wed,1.0,5.698395398212597e-06,0.0,1.0000000000000002,,0.0,20
B,StaticGCN,3,1382,wed,1.0,1.542770888818268e-08,0.0,1.0000000000000002,,0.0,20
B,StaticGCN,3,1383,wed,1.0,3.49983878322746e-07,0.0,1.0000000000000002,,0.0,20
B,StaticGCN,3,1384,wed,1.0,2.288120185767184e-06,0.0,1.0000000000000002,,0.0,20
B,StaticGCN,3,1385,wed,1.0,2.2920936260106828e-08,0.0,1.0000000000000002,,0.0,20
B,StaticGCN,3,1386,wed,1.0,6.179045044518716e-07,0.0,1.0000000000000002,,0.0,20
B,StaticGCN,3,1387,wed,1.0,1.9929942141061474e-07,0.0,1.0000000000000002,,0.0,20
B,StaticGCN,3,1388,wed,1.0,1.697860696481257e-08,0.0,1.0000000000000002,,0.0,20
B,StaticGCN,3,1389,wed,1.0,2.2181971814916324e-07,0.0,1.0000000000000002,,0.0,20
B,StaticGCN,3,1390,wed,1.0,3.436452189475858e-08,0.0,1.0000000000000002,,0.0,20
B,StaticGCN,3,1391,wed,1.0,1.749536160389198e-08,0.0,1.0000000000000002,,0.0,20
B,StaticGCN,3,1392,wed,1.0,3.0872570278006606e-07,0.0,1.0000000000000002,,0.0,20
B,StaticGCN,3,1393,wed,1.0,3.3112897313003486e-08,0.0,1.0000000000000002,,0.0,20
B,StaticGCN,3,1394,wed,1.0,1.0119325111190847e-07,0.0,1.0000000000000002,,0.0,20
B,StaticGCN,3,1395,wed,1.0,8.530872719347826e-08,0.0,1.0000000000000002,,0.0,20
B,StaticGCN,3,1396,wed,1.0,4.2483755180455773e-08,0.0,1.0000000000000002,,0.0,20
B,StaticGCN,3,1397,wed,1.0,4.396305939735612e-06,0.0,1.0000000000000002,,0.0,20
B,StaticGCN,3,1398,wed,1.0,8.239359772233001e-08,0.0,1.0000000000000002,,0.0,20
B,StaticGCN,3,1399,wed,1.0,1.0437417152786566e-08,0.0,1.0000000000000002,,0.0,20
B,StaticGCN,3,1400,wed,1.0,2.551232967107353e-07,0.0,1.0000000000000002,,0.0,20
B,StaticGCN,3,1401,wed,1.0,4.3722451437133714e-08,0.0,1.0000000000000002,,0.0,20
B,StaticGCN,3,1402,wed,1.0,4.4071587268490475e-08,0.0,1.0000000000000002,,0.0,20
B,StaticGCN,3,1403,wed,1.0,3.0723617783223744e-06,0.0,1.0000000000000002,,0.0,20
B,StaticGCN,3,1404,wed,1.0,4.672410724992915e-08,0.0,1.0000000000000002,,0.0,20
B,StaticGCN,3,1405,wed,1.0,1.654173331644415e-08,0.0,1.0000000000000002,,0.0,20
B,StaticGCN,3,1406,wed,1.0,1.501908400314278e-06,0.0,1.0000000000000002,,0.0,20
B,StaticGCN,3,1407,wed,1.0,1.0743072209606908e-08,0.0,1.0000000000000002,,0.0,20
B,StaticGCN,3,1408,wed,1.0,3.0760600111534586e-07,0.0,1.0000000000000002,,0.0,20
B,StaticGCN,3,1409,wed,1.0,9.358382868640547e-08,0.0,1.0000000000000002,,0.0,20
B,StaticGCN,3,1410,wed,1.0,2.4759582828437487e-08,0.0,1.0000000000000002,,0.0,20
B,StaticGCN,3,1411,wed,1.0,7.880043426666816e-07,0.0,1.0000000000000002,,0.0,20
B,StaticGCN,3,1412,wed,1.0,1.7156905229853692e-08,0.0,1.0000000000000002,,0.0,20
B,StaticGCN,3,1413,wed,1.0,1.8467051887682828e-08,0.0,1.0000000000000002,,0.0,20
B,StaticGCN,3,1414,wed,1.0,5.105902346258517e-06,0.0,1.0000000000000002,,0.0,20
B,StaticGCN,3,1415,wed,1.0,3.3410564981295465e-08,0.0,1.0000000000000002,,0.0,20
B,StaticGCN,3,1416,wed,1.0,4.34171312235776e-08,0.0,1.0000000000000002,,0.0,20
B,StaticGCN,3,1417,wed,1.0,6.341408038679219e-07,0.0,1.0000000000000002,,0.0,20
B,StaticGCN,3,1418,wed,1.0,8.607934809390372e-09,0.0,1.0000000000000002,,0.0,20
B,StaticGCN,3,1419,wed,1.0,4.628399210560019e-07,0.0,1.0000000000000002,,0.0,20
B,StaticGCN,3,1420,wed,1.0,1.8900664144894108e-07,0.0,1.0000000000000002,,0.0,20
B,StaticGCN,3,1421,wed,1.0,1.656250425696726e-08,0.0,1.0000000000000002,,0.0,20
B,StaticGCN,3,1422,wed,1.0,1.7768184079614002e-07,0.0,1.0000000000000002,,0.0,20
B,StaticGCN,3,1423,wed,1.0,9.829838276687042e-09,0.0,1.0000000000000002,,0.0,20
B,StaticGCN,3,1424,wed,1.0,2.6209253434217317e-08,0.0,1.0000000000000002,,0.0,20
B,StaticGCN,3,1425,wed,1.0,2.867897705982614e-07,0.0,1.0000000000000002,,0.0,20
B,StaticGCN,3,1426,wed,1.0,7.79571962539194e-09,0.0,1.0000000000000002,,0.0,20
B,StaticGCN,3,1427,wed,1.0,1.4796461300647934e-07,0.0,1.0000000000000002,,0.0,20
B,StaticGCN,3,1428,wed,1.0,5.60734235932614e-07,0.0,1.0000000000000002,,0.0,20
B,StaticGCN,3,1429,wed,1.0,2.2243037633984386e-08,0.0,1.0000000000000002,,0.0,20
B,StaticGCN,3,1430,wed,1.0,2.790705821098527e-06,0.0,1.0000000000000002,,0.0,20
B,StaticGCN,3,1431,wed,1.0,1.2918644642923027e-07,0.0,1.0000000000000002,,0.0,20
B,StaticGCN,3,1432,wed,1.0,1.086562395613555e-08,0.0,1.0000000000000002,,0.0,20
B,StaticGCN,3,1433,wed,1.0,1.2420067832863424e-05,0.0,1.0000000000000002,,0.0,20
B,StaticGCN,3,1434,wed,1.0,1.9968709352724545e-08,0.0,1.0000000000000002,,0.0,20
B,StaticGCN,3,1435,wed,1.0,7.522063860676553e-09,0.0,1.0000000000000002,,0.0,20
B,StaticGCN,3,1436,wed,1.0,1.0203649253526237e-05,0.0,1.0000000000000002,,0.0,20
B,StaticGCN,3,1437,wed,1.0,1.1353163387184395e-07,0.0,1.0000000000000002,,0.0,20
B,StaticGCN,3,1438,wed,1.0,2.193413983775372e-08,0.0,1.0000000000000002,,0.0,20
B,StaticGCN,3,1439,wed,1.0,2.1436537736008177e-06,0.0,1.0000000000000002,,0.0,20
B,StaticGCN,3,1440,wed,1.0,9.020663327419243e-08,0.0,1.0000000000000002,,0.0,20
B,StaticGCN,3,1441,wed,1.0,1.5598882185940965e-08,0.0,1.0000000000000002,,0.0,20
B,StaticGCN,3,1442,wed,1.0,4.084246938873548e-06,0.0,1.0000000000000002,,0.0,20
B,StaticGCN,3,1443,wed,1.0,4.622426175160399e-08,0.0,1.0000000000000002,,0.0,20
B,StaticGCN,3,1444,wed,1.0,2.6689761511988763e-08,0.0,1.0000000000000002,,0.0,20
B,StaticGCN,3,1445,wed,1.0,4.731705871563463e-07,0.0,1.0000000000000002,,0.0,20
B,StaticGCN,3,1446,wed,1.0,2.3000465532163616e-08,0.0,1.0000000000000002,,0.0,20
B,StaticGCN,3,1447,wed,1.0,4.725000124494727e-08,0.0,1.0000000000000002,,0.0,20
B,StaticGCN,3,1448,wed,1.0,1.502862403413019e-07,0.0,1.0000000000000002,,0.0,20
B,StaticGCN,3,1449,wed,1.0,2.2537447463832905e-08,0.0,1.0000000000000002,,0.0,20
B,StaticGCN,3,1450,wed,1.0,3.9913530258672836e-07,0.0,1.0000000000000002,,0.0,20
B,StaticGCN,3,1451,wed,1.0,4.762849314943196e-08,0.0,1.0000000000000002,,0.0,20
B,StaticGCN,3,1452,wed,1.0,2.8094676807199903e-08,0.0,1.0000000000000002,,0.0,20
B,StaticGCN,3,1453,wed,1.0,7.665807061130181e-05,0.0,1.0000000000000002,,0.0,20
B,StaticGCN,3,1454,wed,1.0,3.994909093307797e-06,0.0,1.0000000000000002,,0.0,20
B,StaticGCN,3,1455,wed,1.0,3.479407695294867e-08,0.0,1.0000000000000002,,0.0,20
B,StaticGCN,3,1456,wed,1.0,2.9108607577654766e-06,0.0,1.0000000000000002,,0.0,20
B,StaticGCN,3,1457,wed,1.0,1.2612862576588668e-07,0.0,1.0000000000000002,,0.0,20
B,StaticGCN,3,1458,wed,1.0,1.0499354274884354e-08,0.0,1.0000000000000002,,0.0,20
B,StaticGCN,3,1459,wed,1.0,1.1890609812326147e-06,0.0,1.0000000000000002,,0.0,20
B,StaticGCN,3,1460,wed,1.0,2.932828913060348e-08,0.0,1.0000000000000002,,0.0,20
B,StaticGCN,3,1461,wed,1.0,1.4471694953499536e-08,0.0,1.0000000000000002,,0.0,20
B,StaticGCN,3,1462,wed,1.0,7.581780664622784e-06,0.0,1.0000000000000002,,0.0,20
B,StaticGCN,3,1463,wed,1.0,9.288601887647019e-08,0.0,1.0000000000000002,,0.0,20
B,StaticGCN,3,1464,wed,1.0,1.17795217136063e-07,0.0,1.0000000000000002,,0.0,20
B,StaticGCN,3,1465,wed,1.0,7.770989213895518e-06,0.0,1.0000000000000002,,0.0,20
B,StaticGCN,3,1466,wed,1.0,4.5511004742593286e-08,0.0,1.0000000000000002,,0.0,20
B,StaticGCN,3,1467,wed,1.0,2.537484000697532e-08,0.0,1.0000000000000002,,0.0,20
B,StaticGCN,3,1468,wed,1.0,7.424459454341559e-06,0.0,1.0000000000000002,,0.0,20
B,StaticGCN,3,1469,wed,1.0,1.231118460509606e-07,0.0,1.0000000000000002,,0.0,20
B,StaticGCN,3,1470,wed,1.0,0.023895135149359703,0.0,1.0000000000000002,,0.0,20
B,StaticGCN,3,1471,wed,1.0,0.05134247615933418,0.0,1.0000000000000002,,0.0,20
B,StaticGCN,3,1472,wed,1.0,0.11990223824977875,0.0,1.0000000000000002,,0.0,20
B,StaticGCN,3,1473,wed,1.0,0.10696639865636826,0.0,1.0000000000000002,,0.0,20
B,StaticGCN,3,1474,wed,0.0,0.18776120245456696,0.0,0.8382768601503324,0.0,0.0,20
B,StaticGCN,3,1475,wed,1.0,0.13346093893051147,0.0,0.8382768601503324,0.0,0.0,20
B,StaticGCN,3,1476,wed,0.0,0.2956501841545105,0.0,0.7419178158729243,0.0,0.0,20
B,StaticGCN,3,1477,wed,0.0,0.17967164516448975,0.0,0.6636341781511149,0.0,0.0,20
B,StaticGCN,3,1478,wed,1.0,0.09403244405984879,0.0,0.6636341781511149,0.0,0.0,20
B,StaticGCN,3,1479,wed,1.0,0.2954482436180115,0.0,0.6709871193275855,0.03921568627450981,0.0,20
B,StaticGCN,3,1480,wed,1.0,0.30538541078567505,0.0,0.7303008448177816,0.09803921568627452,0.0,20
B,StaticGCN,3,1481,wed,1.0,0.24416528642177582,0.0,0.7454969232491542,0.13725490196078433,0.0,20
B,StaticGCN,3,1482,wed,1.0,0.2196577936410904,0.0,0.759572553501255,0.17647058823529416,0.0,20
B,StaticGCN,3,1483,wed,1.0,0.3863968551158905,0.0,0.796932497478846,0.23529411764705885,0.0,20
B,StaticGCN,3,1484,wed,1.0,0.150096133351326,0.0,0.796932497478846,0.23529411764705885,0.0,20
B,StaticGCN,3,1485,wed,1.0,0.2099359929561615,0.0,0.8086621893555966,0.27450980392156865,0.0,20
B,StaticGCN,3,1486,wed,1.0,0.14908012747764587,0.0,0.8086621893555966,0.27450980392156865,0.0,20
B,StaticGCN,3,1487,wed,1.0,0.2372920960187912,0.0,0.8194114890754847,0.3137254901960784,0.0,20
B,StaticGCN,3,1488,wed,1.0,0.4083590507507324,0.0,0.8464688271622345,0.3725490196078432,0.0,20
B,StaticGCN,3,1489,wed,1.0,0.4390747845172882,0.0,0.8688693025038864,0.43137254901960786,0.0,20
B,StaticGCN,3,1490,wed,1.0,0.35491350293159485,0.0,0.8881789144605572,0.4901960784313726,0.0,20
B,StaticGCN,3,1491,wed,1.0,0.28738343715667725,0.0,0.8961439886021019,0.5294117647058825,0.0,20
B,StaticGCN,3,1492,wed,1.0,0.008262282237410545,0.0,0.8961439886021019,0.5294117647058825,0.0,20
B,StaticGCN,3,1493,wed,1.0,0.030684197321534157,0.0,0.8961439886021019,0.5294117647058825,0.0,20
B,StaticGCN,3,1494,wed,0.0,0.21886809170246124,0.0,0.8918419181235608,0.5098039215686275,0.0,20
B,StaticGCN,3,1495,wed,0.0,0.10112717002630234,0.0,0.8862936876880858,0.609375,0.0,20
B,StaticGCN,3,1496,wed,0.0,0.20024797320365906,0.0,0.9288493958687941,0.703125,0.0,20
B,StaticGCN,3,1497,wed,0.0,0.1848427951335907,0.0,0.9288493958687941,0.703125,0.0,20
B,StaticGCN,3,1498,wed,0.0,0.2206498384475708,0.0,0.9144174579004299,0.72,0.0,20
B,StaticGCN,3,1499,wed,0.0,0.37953636050224304,0.0,0.8210675212914265,0.6190476190476191,0.0,20
B,StaticGCN,3,1500,wed,0.0,0.14318884909152985,0.0,0.801883168001589,0.6373626373626373,0.0,20
B,StaticGCN,3,1501,wed,0.0,0.2290387600660324,0.0,0.7605577232221971,0.6041666666666667,0.0,20
B,StaticGCN,3,1502,wed,0.0,0.20007368922233582,0.0,0.7428168820812362,0.606060606060606,0.0,20
B,StaticGCN,3,1503,wed,0.0,0.2642090320587158,0.0,0.6573395610237714,0.55,0.0,20
B,StaticGCN,3,1504,wed,0.0,0.23416437208652496,0.0,0.6567032585672936,0.5858585858585859,0.0,20
B,StaticGCN,3,1505,wed,0.0,0.2621608376502991,0.0,0.6463502506265664,0.59375,0.0,20
B,StaticGCN,3,1506,wed,0.0,0.5115309953689575,0.0,0.4534461152882205,0.6043956043956045,0.07692307692307693,20
B,StaticGCN,3,1507,wed,0.0,0.10759196430444717,0.0,0.42348927875243664,0.5952380952380952,0.07142857142857142,20
B,StaticGCN,3,1508,wed,0.0,0.2088453620672226,0.0,0.3271052631578947,0.5333333333333333,0.06666666666666667,20
B,StaticGCN,3,1509,wed,0.0,0.26690930128097534,0.0,0.22419590643274853,0.4375,0.0625,20
B,StaticGCN,3,1510,wed,0.0,0.23148149251937866,0.0,0.12490253411306043,0.2941176470588235,0.058823529411764705,20
B,StaticGCN,3,1511,wed,0.0,0.20164810121059418,0.0,0.05131578947368421,0.0,0.05555555555555555,20
B,StaticGCN,3,1512,wed,0.0,0.20680569112300873,0.0,0.025,0.0,0.05263157894736842,20
B,StaticGCN,3,1513,wed,0.0,0.46473848819732666,0.0,0.5,,0.05,20
B,StaticGCN,3,1514,wed,0.0,0.18446491658687592,0.0,0.5,,0.05,20
B,StaticGCN,3,1515,wed,0.0,0.3661145269870758,0.0,0.5,,0.05,20
B,StaticGCN,3,1516,wed,0.0,0.30736467242240906,0.0,0.5,,0.05,20
B,StaticGCN,3,1517,wed,0.0,0.2450682520866394,0.0,0.5,,0.05,20
B,StaticGCN,3,1518,wed,0.0,0.22425667941570282,0.0,0.5,,0.05,20
B,StaticGCN,3,1519,wed,0.0,0.17874208092689514,0.0,0.5,,0.05,20
B,StaticGCN,3,1520,wed,0.0,0.3689562976360321,0.0,0.5,,0.05,20
B,StaticGCN,3,1521,wed,0.0,0.35463839769363403,0.0,0.5,,0.05,20
B,StaticGCN,3,1522,wed,0.0,0.2591007649898529,0.0,0.5,,0.05,20
B,StaticGCN,3,1523,wed,0.0,0.2910236716270447,0.0,0.5,,0.05,20
B,StaticGCN,3,1524,wed,0.0,0.29053762555122375,0.0,0.5,,0.05,20
B,StaticGCN,3,1525,wed,0.0,0.40408357977867126,0.0,0.5,,0.05,20
B,StaticGCN,3,1526,wed,0.0,0.20806953310966492,0.0,0.5,,0.0,20
B,StaticGCN,3,1527,wed,0.0,0.28911104798316956,0.0,0.5,,0.0,20
B,StaticGCN,3,1528,wed,0.0,0.19864176213741302,0.0,0.5,,0.0,20
B,StaticGCN,3,1529,wed,0.0,0.27345749735832214,0.0,0.5,,0.0,20
B,StaticGCN,3,1530,wed,0.0,0.23085491359233856,0.0,0.5,,0.0,20
B,StaticGCN,3,1531,wed,0.0,0.274318128824234,0.0,0.5,,0.0,20
B,StaticGCN,3,1532,wed,0.0,0.17510950565338135,0.0,0.5,,0.0,20
B,StaticGCN,3,1533,wed,0.0,0.1805211901664734,0.0,0.5,,0.0,20
B,StaticGCN,3,1534,wed,0.0,0.18005943298339844,0.0,0.5,,0.0,20
B,StaticGCN,3,1535,wed,0.0,0.22913861274719238,0.0,0.5,,0.0,20
B,StaticGCN,3,1536,wed,0.0,0.2591167092323303,0.0,0.5,,0.0,20
B,StaticGCN,3,1537,wed,0.0,0.09800221771001816,0.0,0.5,,0.0,20
B,StaticGCN,3,1538,wed,0.0,0.23469354212284088,0.0,0.5,,0.0,20
B,StaticGCN,3,1539,wed,0.0,0.21243782341480255,0.0,0.5,,0.0,20
B,StaticGCN,3,1540,wed,0.0,0.15253569185733795,0.0,0.5,,0.0,20
B,StaticGCN,3,1541,wed,0.0,0.24979661405086517,0.0,0.5,,0.0,20
B,StaticGCN,3,1542,wed,0.0,0.19119085371494293,0.0,0.5,,0.0,20
B,StaticGCN,3,1543,wed,0.0,0.24976228177547455,0.0,0.5,,0.0,20
B,StaticGCN,3,1544,wed,0.0,0.2103736698627472,0.0,0.5,,0.0,20
B,StaticGCN,3,1545,wed,0.0,0.13901588320732117,0.0,0.5,,0.0,20
B,StaticGCN,3,1546,wed,0.0,0.2784292697906494,0.0,0.5,,0.0,20
B,StaticGCN,3,1547,wed,0.0,0.19711314141750336,0.0,0.5,,0.0,20
B,StaticGCN,3,1548,wed,0.0,0.2246813178062439,0.0,0.5,,0.0,20
B,StaticGCN,3,1549,wed,0.0,0.20635773241519928,0.0,0.5,,0.0,20
B,StaticGCN,3,1550,wed,0.0,0.1853807121515274,0.0,0.5,,0.0,20
B,StaticGCN,3,1551,wed,0.0,0.1419060230255127,0.0,0.5,,0.0,20
B,StaticGCN,3,1552,wed,0.0,0.29473763704299927,0.0,0.5,,0.0,20
B,StaticGCN,3,1553,wed,0.0,0.22010624408721924,0.0,0.5,,0.0,20
B,StaticGCN,3,1554,wed,0.0,0.33969947695732117,0.0,0.5,,0.0,20
B,StaticGCN,3,1555,wed,0.0,0.3873436152935028,0.0,0.5,,0.0,20
B,StaticGCN,3,1556,wed,0.0,0.2363588660955429,0.0,0.5,,0.0,20
B,StaticGCN,3,1557,wed,0.0,0.22060450911521912,0.0,0.5,,0.0,20
B,StaticGCN,3,1558,wed,0.0,0.21154023706912994,0.0,0.5,,0.0,20
B,StaticGCN,3,1559,wed,0.0,0.14129818975925446,0.0,0.5,,0.0,20
B,StaticGCN,3,1560,wed,0.0,0.31169191002845764,0.0,0.5,,0.0,20
B,StaticGCN,3,1561,wed,0.0,0.25571417808532715,0.0,0.5,,0.0,20
B,StaticGCN,3,1562,wed,0.0,0.10293509811162949,0.0,0.5,,0.0,20
B,StaticGCN,3,1563,wed,0.0,0.2609960436820984,0.0,0.5,,0.0,20
B,StaticGCN,3,1564,wed,0.0,0.1592704802751541,0.0,0.5,,0.0,20
B,StaticGCN,3,1565,wed,0.0,0.14305292069911957,0.0,0.5,,0.0,20
B,StaticGCN,3,1566,wed,0.0,0.19212590157985687,0.0,0.5,,0.0,20
B,StaticGCN,3,1567,wed,0.0,0.1494808942079544,0.0,0.5,,0.0,20
B,StaticGCN,3,1568,wed,0.0,0.16443762183189392,0.0,0.5,,0.0,20
B,StaticGCN,3,1569,wed,0.0,0.18931134045124054,0.0,0.5,,0.0,20
B,StaticGCN,3,1570,wed,1.0,0.1829204261302948,0.0,0.038461538461538464,0.368421052631579,0.0,20
B,StaticGCN,3,1571,wed,0.0,0.1799103170633316,0.0,0.038461538461538464,0.368421052631579,0.0,20
B,StaticGCN,3,1572,wed,0.0,0.20186744630336761,0.0,0.038461538461538464,0.368421052631579,0.0,20
B,StaticGCN,3,1573,wed,0.0,0.9999774694442749,0.0,0.038461538461538464,0.368421052631579,0.05263157894736842,20
B,StaticGCN,3,1574,wed,0.0,0.290435791015625,0.0,0.038461538461538464,0.368421052631579,0.05263157894736842,20
B,StaticGCN,3,1575,wed,0.0,0.39759495854377747,0.0,0.038461538461538464,0.368421052631579,0.05263157894736842,20
B,StaticGCN,3,1576,wed,0.0,0.2710222899913788,0.0,0.038461538461538464,0.368421052631579,0.05263157894736842,20
B,StaticGCN,3,1577,wed,0.0,0.4328365623950958,0.0,0.038461538461538464,0.368421052631579,0.05263157894736842,20
B,StaticGCN,3,1578,wed,0.0,0.4423314929008484,0.0,0.038461538461538464,0.368421052631579,0.05263157894736842,20
B,StaticGCN,3,1579,wed,0.0,0.07245790213346481,0.0,0.038461538461538464,0.368421052631579,0.05263157894736842,20
B,StaticGCN,3,1580,wed,0.0,0.39328110218048096,0.0,0.038461538461538464,0.368421052631579,0.05263157894736842,20
B,StaticGCN,3,1581,wed,0.0,0.20277681946754456,0.0,0.038461538461538464,0.368421052631579,0.05263157894736842,20
B,StaticGCN,3,1582,wed,0.0,0.3646090030670166,0.0,0.03571428571428571,0.3157894736842105,0.05263157894736842,20
B,StaticGCN,3,1583,wed,0.0,0.3462919592857361,0.0,0.03571428571428571,0.3157894736842105,0.05263157894736842,20
B,StaticGCN,3,1584,wed,0.0,0.5489159226417542,0.0,0.03333333333333333,0.26315789473684215,0.10526315789473684,20
B,StaticGCN,3,1585,wed,0.0,0.7139414548873901,0.0,0.03125,0.21052631578947367,0.15789473684210525,20
B,StaticGCN,3,1586,wed,0.0,0.6388992667198181,0.0,0.03125,0.21052631578947367,0.21052631578947367,20
B,StaticGCN,3,1587,wed,0.0,0.5520556569099426,0.0,0.029411764705882353,0.1578947368421053,0.2631578947368421,20
B,StaticGCN,3,1588,wed,0.0,0.26212218403816223,0.0,0.027777777777777776,0.10526315789473684,0.2631578947368421,20
B,StaticGCN,3,1589,wed,0.0,0.4915179908275604,0.0,0.027777777777777776,0.10526315789473684,0.2631578947368421,20
B,StaticGCN,3,1590,wed,0.0,0.5833629965782166,0.0,0.5,,0.3,20
B,StaticGCN,3,1591,wed,0.0,0.608597993850708,0.0,0.5,,0.35,20
B,StaticGCN,3,1592,wed,0.0,0.5600603222846985,0.0,0.5,,0.4,20
B,StaticGCN,3,1593,wed,0.0,0.4792383313179016,0.0,0.5,,0.35,20
B,StaticGCN,3,1594,wed,0.0,0.5114099383354187,0.0,0.5,,0.4,20
B,StaticGCN,3,1595,wed,0.0,0.26629310846328735,0.0,0.5,,0.4,20
B,StaticGCN,3,1596,wed,0.0,0.1387966275215149,0.0,0.5,,0.4,20
B,StaticGCN,3,1597,wed,0.0,0.5369597673416138,0.0,0.5,,0.45,20
B,StaticGCN,3,1598,wed,0.0,0.41511645913124084,0.0,0.5,,0.45,20
B,StaticGCN,3,1599,wed,0.0,0.3308669328689575,0.0,0.5,,0.45,20
B,StaticGCN,3,1600,wed,0.0,0.26972857117652893,0.0,0.5,,0.45,20
B,StaticGCN,3,1601,wed,0.0,0.3130607008934021,0.0,0.5,,0.45,20
B,StaticGCN,3,1602,wed,0.0,0.2350461781024933,0.0,0.5,,0.45,20
B,StaticGCN,3,1603,wed,0.0,0.2579311430454254,0.0,0.5,,0.45,20
B,StaticGCN,3,1604,wed,0.0,0.32727304100990295,0.0,0.5,,0.4,20
B,StaticGCN,3,1605,wed,0.0,0.2650591731071472,0.0,0.5,,0.35,20
B,StaticGCN,3,1606,wed,0.0,0.39190274477005005,0.0,0.5,,0.3,20
B,StaticGCN,3,1607,wed,0.0,0.1685817390680313,0.0,0.5,,0.25,20
B,StaticGCN,3,1608,wed,0.0,0.2419620156288147,0.0,0.5,,0.25,20
B,StaticGCN,3,1609,wed,0.0,0.23397718369960785,0.0,0.5,,0.25,20
B,StaticGCN,3,1610,wed,0.0,0.3231976330280304,0.0,0.5,,0.2,20
B,StaticGCN,3,1611,wed,0.0,0.2749609649181366,0.0,0.5,,0.15,20
B,StaticGCN,3,1612,wed,0.0,0.3515673577785492,0.0,0.5,,0.1,20
B,StaticGCN,3,1613,wed,0.0,0.30682653188705444,0.0,0.5,,0.1,20
B,StaticGCN,3,1614,wed,0.0,0.24527190625667572,0.0,0.5,,0.05,20
B,StaticGCN,3,1615,wed,0.0,0.32507768273353577,0.0,0.5,,0.05,20
B,StaticGCN,3,1616,wed,0.0,0.3494260311126709,0.0,0.5,,0.05,20
B,StaticGCN,3,1617,wed,0.0,0.31028738617897034,0.0,0.5,,0.0,20
B,StaticGCN,3,1618,wed,0.0,0.4157331883907318,0.0,0.5,,0.0,20
B,StaticGCN,3,1619,wed,0.0,0.32937130331993103,0.0,0.5,,0.0,20
B,StaticGCN,3,1620,wed,0.0,0.24495647847652435,0.0,0.5,,0.0,20
B,StaticGCN,3,1621,wed,0.0,0.2677553594112396,0.0,0.5,,0.0,20
B,StaticGCN,3,1622,wed,0.0,0.44243815541267395,0.0,0.5,,0.0,20
B,StaticGCN,3,1623,wed,0.0,0.3412630259990692,0.0,0.5,,0.0,20
B,StaticGCN,3,1624,wed,0.0,0.317659854888916,0.0,0.5,,0.0,20
B,StaticGCN,3,1625,wed,0.0,0.4125259518623352,0.0,0.5,,0.0,20
B,StaticGCN,3,1626,wed,0.0,0.3098677396774292,0.0,0.5,,0.0,20
B,StaticGCN,3,1627,wed,0.0,0.34988027811050415,0.0,0.5,,0.0,20
B,StaticGCN,3,1628,wed,0.0,0.12269987910985947,0.0,0.5,,0.0,20
B,StaticGCN,3,1629,wed,0.0,0.1793859452009201,0.0,0.5,,0.0,20
B,StaticGCN,3,1630,wed,0.0,0.2417924553155899,0.0,0.5,,0.0,20
B,StaticGCN,3,1631,wed,0.0,0.29898568987846375,0.0,0.5,,0.0,20
B,StaticGCN,3,1632,wed,0.0,0.16295167803764343,0.0,0.5,,0.0,20
B,StaticGCN,3,1633,wed,0.0,0.19006578624248505,0.0,0.5,,0.0,20
B,StaticGCN,3,1634,wed,0.0,0.20430338382720947,0.0,0.5,,0.0,20
B,StaticGCN,3,1635,wed,0.0,0.02022155188024044,0.0,0.5,,0.0,20
B,StaticGCN,3,1636,wed,0.0,0.020495641976594925,0.0,0.5,,0.0,20
B,StaticGCN,3,1637,wed,0.0,0.12393658608198166,0.0,0.5,,0.0,20
B,StaticGCN,3,1638,wed,0.0,0.1799485832452774,0.0,0.5,,0.0,20
B,StaticGCN,3,1639,wed,0.0,0.1678973287343979,0.0,0.5,,0.0,20
B,StaticGCN,3,1640,wed,0.0,0.25683268904685974,0.0,0.5,,0.0,20
B,StaticGCN,3,1641,wed,0.0,0.3375976085662842,0.0,0.5,,0.0,20
B,StaticGCN,3,1642,wed,0.0,0.12276656925678253,0.0,0.5,,0.0,20
B,StaticGCN,3,1643,wed,0.0,0.24292251467704773,0.0,0.5,,0.0,20
B,StaticGCN,3,1644,wed,0.0,0.19522155821323395,0.0,0.5,,0.0,20
B,StaticGCN,3,1645,wed,0.0,0.19281317293643951,0.0,0.5,,0.0,20
B,StaticGCN,3,1646,wed,0.0,0.183324933052063,0.0,0.5,,0.0,20
B,StaticGCN,3,1647,wed,0.0,0.3457711935043335,0.0,0.5,,0.0,20
B,StaticGCN,3,1648,wed,0.0,0.1650400161743164,0.0,0.5,,0.0,20
B,StaticGCN,3,1649,wed,0.0,0.40064558386802673,0.0,0.5,,0.0,20
B,StaticGCN,3,1650,wed,0.0,0.32747963070869446,0.0,0.5,,0.0,20
B,StaticGCN,3,1651,wed,0.0,0.20774632692337036,0.0,0.5,,0.0,20
B,StaticGCN,3,1652,wed,0.0,0.2620256841182709,0.0,0.5,,0.0,20
B,StaticGCN,3,1653,wed,0.0,0.11530831456184387,0.0,0.5,,0.0,20
B,StaticGCN,3,1654,wed,0.0,0.3163473606109619,0.0,0.5,,0.0,20
B,StaticGCN,3,1655,wed,0.0,0.20235197246074677,0.0,0.5,,0.0,20
B,StaticGCN,3,1656,wed,0.0,0.21930286288261414,0.0,0.5,,0.0,20
B,StaticGCN,3,1657,wed,0.0,0.23494842648506165,0.0,0.5,,0.0,20
B,StaticGCN,3,1658,wed,0.0,0.18419763445854187,0.0,0.5,,0.0,20
B,StaticGCN,3,1659,wed,0.0,0.19203172624111176,0.0,0.5,,0.0,20
B,StaticGCN,3,1660,wed,0.0,0.19928297400474548,0.0,0.5,,0.0,20
B,StaticGCN,3,1661,wed,0.0,0.31534940004348755,0.0,0.5,,0.0,20
B,StaticGCN,3,1662,wed,0.0,0.18093661963939667,0.0,0.5,,0.0,20
B,StaticGCN,3,1663,wed,0.0,0.19446305930614471,0.0,0.5,,0.0,20
B,StaticGCN,3,1664,wed,0.0,0.2946246266365051,0.0,0.5,,0.0,20
B,StaticGCN,3,1665,wed,0.0,0.24977073073387146,0.0,0.5,,0.0,20
B,StaticGCN,3,1666,wed,0.0,0.2027968019247055,0.0,0.5,,0.0,20
B,StaticGCN,3,1667,wed,0.0,0.23769903182983398,0.0,0.5,,0.0,20
B,StaticGCN,3,1668,wed,1.0,0.09251175075769424,0.0,0.025,0.0,0.0,20
B,StaticGCN,3,1669,wed,1.0,0.12291499227285385,0.0,0.052046783625730994,0.02777777777777779,0.0,20
B,StaticGCN,3,1670,wed,1.0,0.17126649618148804,0.0,0.08067022130489623,0.03921568627450981,0.0,20
B,StaticGCN,3,1671,wed,1.0,0.15384235978126526,0.0,0.11060694014447885,0.046875,0.0,20
B,StaticGCN,3,1672,wed,1.0,0.1715824156999588,0.0,0.14190230478156174,0.05333333333333332,0.0,20
B,StaticGCN,3,1673,wed,1.0,0.14090876281261444,0.0,0.16725289531017087,0.0,0.0,20
B,StaticGCN,3,1674,wed,1.0,0.1240372285246849,0.0,0.19944618198156455,0.0,0.0,20
B,StaticGCN,3,1675,wed,1.0,0.11438647657632828,0.0,0.23320653160049445,0.0,0.0,20
B,StaticGCN,3,1676,wed,1.0,0.1738555133342743,0.0,0.26872384056336585,0.0,0.0,20
B,StaticGCN,3,1677,wed,1.0,0.08913689851760864,0.0,0.30622859682457204,0.0,0.0,20
B,StaticGCN,3,1678,wed,1.0,0.09794612973928452,0.0,0.34600521558374076,0.0,0.0,20
B,StaticGCN,3,1679,wed,1.0,0.09178505837917328,0.0,0.3884116571423073,0.0,0.0,20
B,StaticGCN,3,1680,wed,1.0,0.09108719229698181,0.0,0.43390941538417127,0.0,0.0,20
B,StaticGCN,3,1681,wed,1.0,0.136151984333992,0.0,0.4831115755098506,0.0,0.0,20
B,StaticGCN,3,1682,wed,1.0,0.10143227130174637,0.0,0.5368645587298837,0.0,0.0,20
B,StaticGCN,3,1683,wed,1.0,0.14294511079788208,0.0,0.5963984190474129,0.0,0.0,20
B,StaticGCN,3,1684,wed,1.0,0.10000170022249222,0.0,0.6636341781511149,0.0,0.0,20
B,StaticGCN,3,1685,wed,1.0,0.09178248047828674,0.0,0.7419178158729243,0.0,0.0,20
B,StaticGCN,3,1686,wed,1.0,0.11469798535108566,0.0,0.8382768601503324,0.0,0.0,20
B,StaticGCN,3,1687,wed,1.0,0.11886455118656158,0.0,1.0000000000000002,,0.0,20
B,StaticGCN,3,1688,wed,1.0,0.10406387597322464,0.0,1.0000000000000002,,0.0,20
B,StaticGCN,3,1689,wed,1.0,0.1286596804857254,0.0,1.0000000000000002,,0.0,20
B,StaticGCN,3,1690,wed,1.0,0.11343361437320709,0.0,1.0000000000000002,,0.0,20
B,StaticGCN,3,1691,wed,1.0,0.13425657153129578,0.0,1.0000000000000002,,0.0,20
B,StaticGCN,3,1692,wed,1.0,0.09431195259094238,0.0,1.0000000000000002,,0.0,20
B,StaticGCN,3,1693,wed,1.0,0.08952300995588303,0.0,1.0000000000000002,,0.0,20
B,StaticGCN,3,1694,wed,1.0,0.11402949690818787,0.0,1.0000000000000002,,0.0,20
B,StaticGCN,3,1695,wed,1.0,0.12668737769126892,0.0,1.0000000000000002,,0.0,20
B,StaticGCN,3,1696,wed,1.0,0.11303593963384628,0.0,1.0000000000000002,,0.0,20
B,StaticGCN,3,1697,wed,1.0,0.1122891753911972,0.0,1.0000000000000002,,0.0,20
B,StaticGCN,3,1698,wed,1.0,0.11130866408348083,0.0,1.0000000000000002,,0.0,20
B,StaticGCN,3,1699,wed,1.0,0.1078583374619484,0.0,1.0000000000000002,,0.0,20
B,StaticGCN,3,1700,wed,1.0,0.11699039489030838,0.0,1.0000000000000002,,0.0,20
B,StaticGCN,3,1701,wed,1.0,0.105379618704319,0.0,1.0000000000000002,,0.0,20
B,StaticGCN,3,1702,wed,1.0,0.10781481862068176,0.0,1.0000000000000002,,0.0,20
B,StaticGCN,3,1703,wed,1.0,0.09977525472640991,0.0,1.0000000000000002,,0.0,20
B,StaticGCN,3,1704,wed,1.0,0.09258891642093658,0.0,1.0000000000000002,,0.0,20
B,StaticGCN,3,1705,wed,1.0,0.0830933079123497,0.0,1.0000000000000002,,0.0,20
B,StaticGCN,3,1706,wed,1.0,0.09443804621696472,0.0,1.0000000000000002,,0.0,20
B,StaticGCN,3,1707,wed,1.0,0.12602296471595764,0.0,1.0000000000000002,,0.0,20
B,StaticGCN,3,1708,wed,1.0,0.14980831742286682,0.0,1.0000000000000002,,0.0,20
B,StaticGCN,3,1709,wed,1.0,0.12111949175596237,0.0,1.0000000000000002,,0.0,20
B,StaticGCN,3,1710,wed,1.0,0.1278550773859024,0.0,1.0000000000000002,,0.0,20
B,StaticGCN,3,1711,wed,1.0,0.14248989522457123,0.0,1.0000000000000002,,0.0,20
B,StaticGCN,3,1712,wed,1.0,0.09451282769441605,0.0,1.0000000000000002,,0.0,20
B,StaticGCN,3,1713,wed,1.0,0.1603890359401703,0.0,1.0000000000000002,,0.0,20
B,StaticGCN,3,1714,wed,1.0,0.12448294460773468,0.0,1.0000000000000002,,0.0,20
B,StaticGCN,3,1715,wed,1.0,0.1399821788072586,0.0,1.0000000000000002,,0.0,20
B,StaticGCN,3,1716,wed,1.0,0.1412016898393631,0.0,1.0000000000000002,,0.0,20
B,StaticGCN,3,1717,wed,1.0,0.12814466655254364,0.0,1.0000000000000002,,0.0,20
B,StaticGCN,3,1718,wed,1.0,0.12053517997264862,0.0,1.0000000000000002,,0.0,20
B,StaticGCN,3,1719,wed,1.0,0.07350585609674454,0.0,1.0000000000000002,,0.0,20
B,StaticGCN,3,1720,wed,1.0,0.12017188221216202,0.0,1.0000000000000002,,0.0,20
B,StaticGCN,3,1721,wed,1.0,0.10491973161697388,0.0,1.0000000000000002,,0.0,20
B,StaticGCN,3,1722,wed,1.0,0.1199282631278038,0.0,1.0000000000000002,,0.0,20
B,StaticGCN,3,1723,wed,1.0,0.14804181456565857,0.0,1.0000000000000002,,0.0,20
B,StaticGCN,3,1724,wed,1.0,0.09269038587808609,0.0,1.0000000000000002,,0.0,20
B,StaticGCN,3,1725,wed,1.0,0.10760439932346344,0.0,1.0000000000000002,,0.0,20
B,StaticGCN,3,1726,wed,1.0,0.10391677170991898,0.0,1.0000000000000002,,0.0,20
B,StaticGCN,3,1727,wed,1.0,0.12175514549016953,0.0,1.0000000000000002,,0.0,20
B,StaticGCN,3,1728,wed,1.0,0.11556577682495117,0.0,1.0000000000000002,,0.0,20
B,StaticGCN,3,1729,wed,1.0,0.10608160495758057,0.0,1.0000000000000002,,0.0,20
B,StaticGCN,3,1730,wed,1.0,0.13171575963497162,0.0,1.0000000000000002,,0.0,20
B,StaticGCN,3,1731,wed,1.0,0.16782154142856598,0.0,1.0000000000000002,,0.0,20
B,StaticGCN,3,1732,wed,1.0,0.10594148933887482,0.0,1.0000000000000002,,0.0,20
B,StaticGCN,3,1733,wed,1.0,0.12947256863117218,0.0,1.0000000000000002,,0.0,20
B,StaticGCN,3,1734,wed,1.0,0.1773768812417984,0.0,1.0000000000000002,,0.0,20
B,StaticGCN,3,1735,wed,1.0,0.1414414644241333,0.0,1.0000000000000002,,0.0,20
B,StaticGCN,3,1736,wed,1.0,0.16298897564411163,0.0,1.0000000000000002,,0.0,20
B,StaticGCN,3,1737,wed,1.0,0.12899227440357208,0.0,1.0000000000000002,,0.0,20
B,StaticGCN,3,1738,wed,1.0,0.12753178179264069,0.0,1.0000000000000002,,0.0,20
B,StaticGCN,3,1739,wed,1.0,0.15329203009605408,0.0,1.0000000000000002,,0.0,20
B,StaticGCN,3,1740,wed,1.0,0.13254588842391968,0.0,1.0000000000000002,,0.0,20
B,StaticGCN,3,1741,wed,1.0,0.12520837783813477,0.0,1.0000000000000002,,0.0,20
B,StaticGCN,3,1742,wed,1.0,0.15457658469676971,0.0,1.0000000000000002,,0.0,20
B,StaticGCN,3,1743,wed,1.0,0.16492871940135956,0.0,1.0000000000000002,,0.0,20
B,StaticGCN,3,1744,wed,1.0,0.15645082294940948,0.0,1.0000000000000002,,0.0,20
B,StaticGCN,3,1745,wed,1.0,0.1362539678812027,0.0,1.0000000000000002,,0.0,20
B,StaticGCN,3,1746,wed,1.0,0.11559752374887466,0.0,1.0000000000000002,,0.0,20
B,StaticGCN,3,1747,wed,1.0,0.104032963514328,0.0,1.0000000000000002,,0.0,20
B,StaticGCN,3,1748,wed,1.0,0.10555184632539749,0.0,1.0000000000000002,,0.0,20
B,StaticGCN,3,1749,wed,1.0,0.1364334225654602,0.0,1.0000000000000002,,0.0,20
B,StaticGCN,3,1750,wed,1.0,0.11084236949682236,0.0,1.0000000000000002,,0.0,20
B,StaticGCN,3,1751,wed,1.0,0.12340555340051651,0.0,1.0000000000000002,,0.0,20
B,StaticGCN,3,1752,wed,1.0,0.12925772368907928,0.0,1.0000000000000002,,0.0,20
B,StaticGCN,3,1753,wed,1.0,0.11939986795186996,0.0,1.0000000000000002,,0.0,20
B,StaticGCN,3,1754,wed,1.0,0.11394003033638,0.0,1.0000000000000002,,0.0,20
B,StaticGCN,3,1755,wed,1.0,0.13774989545345306,0.0,1.0000000000000002,,0.0,20
B,StaticGCN,3,1756,wed,1.0,0.13495714962482452,0.0,1.0000000000000002,,0.0,20
B,StaticGCN,3,1757,wed,1.0,0.15463042259216309,0.0,1.0000000000000002,,0.0,20
B,StaticGCN,3,1758,wed,1.0,0.1166766956448555,0.0,1.0000000000000002,,0.0,20
B,StaticGCN,3,1759,wed,1.0,0.11892571300268173,0.0,1.0000000000000002,,0.0,20
B,StaticGCN,3,1760,wed,1.0,0.13252022862434387,0.0,1.0000000000000002,,0.0,20
B,StaticGCN,3,1761,wed,1.0,0.1210583820939064,0.0,1.0000000000000002,,0.0,20
B,StaticGCN,3,1762,wed,1.0,0.1377033293247223,0.0,1.0000000000000002,,0.0,20
B,StaticGCN,3,1763,wed,1.0,0.11306080222129822,0.0,1.0000000000000002,,0.0,20
B,StaticGCN,3,1764,wed,1.0,0.13988497853279114,0.0,1.0000000000000002,,0.0,20
B,StaticGCN,3,1765,wed,1.0,0.1615845113992691,0.0,1.0000000000000002,,0.0,20
B,StaticGCN,3,1766,wed,1.0,0.13692165911197662,0.0,1.0000000000000002,,0.0,20
B,StaticGCN,3,1767,wed,1.0,0.11776462942361832,0.0,1.0000000000000002,,0.0,20
B,StaticGCN,3,1768,wed,1.0,0.11894814670085907,0.0,1.0000000000000002,,0.0,20
B,StaticGCN,3,1769,wed,1.0,0.13397060334682465,0.0,1.0000000000000002,,0.0,20
B,StaticGCN,3,1770,wed,1.0,0.13492731750011444,0.0,1.0000000000000002,,0.0,20
B,StaticGCN,3,1771,wed,1.0,0.10880398750305176,0.0,1.0000000000000002,,0.0,20
B,StaticGCN,3,1772,wed,1.0,0.11721616983413696,0.0,1.0000000000000002,,0.0,20
B,StaticGCN,3,1773,wed,1.0,0.11346980184316635,0.0,1.0000000000000002,,0.0,20
B,StaticGCN,3,1774,wed,1.0,0.11612612009048462,0.0,1.0000000000000002,,0.0,20
B,StaticGCN,3,1775,wed,1.0,0.11869754642248154,0.0,1.0000000000000002,,0.0,20
B,StaticGCN,3,1776,wed,1.0,0.16096383333206177,0.0,1.0000000000000002,,0.0,20
B,StaticGCN,3,1777,wed,1.0,0.1672123521566391,0.0,1.0000000000000002,,0.0,20
B,StaticGCN,3,1778,wed,1.0,0.13741153478622437,0.0,1.0000000000000002,,0.0,20
B,StaticGCN,3,1779,wed,1.0,0.10287528485059738,0.0,1.0000000000000002,,0.0,20
B,StaticGCN,3,1780,wed,1.0,0.15093787014484406,0.0,1.0000000000000002,,0.0,20
B,StaticGCN,3,1781,wed,1.0,0.14962857961654663,0.0,1.0000000000000002,,0.0,20
B,StaticGCN,3,1782,wed,1.0,0.15810365974903107,0.0,1.0000000000000002,,0.0,20
B,StaticGCN,3,1783,wed,1.0,0.12231872230768204,0.0,1.0000000000000002,,0.0,20
B,StaticGCN,3,1784,wed,1.0,0.11256222426891327,0.0,1.0000000000000002,,0.0,20
B,StaticGCN,3,1785,wed,1.0,0.15803495049476624,0.0,1.0000000000000002,,0.0,20
B,StaticGCN,3,1786,wed,1.0,0.17391474545001984,0.0,1.0000000000000002,,0.0,20
B,StaticGCN,3,1787,wed,1.0,0.17143172025680542,0.0,1.0000000000000002,,0.0,20
B,StaticGCN,3,1788,wed,1.0,0.13007798790931702,0.0,1.0000000000000002,,0.0,20
B,StaticGCN,3,1789,wed,1.0,0.14246878027915955,0.0,1.0000000000000002,,0.0,20
B,StaticGCN,3,1790,wed,1.0,0.15251824259757996,0.0,1.0000000000000002,,0.0,20
B,StaticGCN,3,1791,wed,1.0,0.16017167270183563,0.0,1.0000000000000002,,0.0,20
B,StaticGCN,3,1792,wed,1.0,0.11613541841506958,0.0,1.0000000000000002,,0.0,20
B,StaticGCN,3,1793,wed,1.0,0.10987522453069687,0.0,1.0000000000000002,,0.0,20
B,StaticGCN,3,1794,wed,1.0,0.160493403673172,0.0,1.0000000000000002,,0.0,20
B,StaticGCN,3,1795,wed,1.0,0.14761406183242798,0.0,1.0000000000000002,,0.0,20
B,StaticGCN,3,1796,wed,1.0,0.12900346517562866,0.0,1.0000000000000002,,0.0,20
B,StaticGCN,3,1797,wed,1.0,0.11401697248220444,0.0,1.0000000000000002,,0.0,20
B,StaticGCN,3,1798,wed,1.0,0.09091344475746155,0.0,1.0000000000000002,,0.0,20
B,StaticGCN,3,1799,wed,1.0,0.08703385293483734,0.0,1.0000000000000002,,0.0,20
B,StaticGCN,3,1800,wed,1.0,0.08522020280361176,0.0,1.0000000000000002,,0.0,20
B,StaticGCN,3,1801,wed,1.0,0.14282695949077606,0.0,1.0000000000000002,,0.0,20
B,StaticGCN,3,1802,wed,1.0,0.12529054284095764,0.0,1.0000000000000002,,0.0,20
B,StaticGCN,3,1803,wed,1.0,0.09106776863336563,0.0,1.0000000000000002,,0.0,20
B,StaticGCN,3,1804,wed,1.0,0.11108444631099701,0.0,1.0000000000000002,,0.0,20
B,StaticGCN,3,1805,wed,1.0,0.12200018763542175,0.0,1.0000000000000002,,0.0,20
B,StaticGCN,3,1806,wed,1.0,0.09407971799373627,0.0,1.0000000000000002,,0.0,20
B,StaticGCN,3,1807,wed,1.0,0.10848061740398407,0.0,1.0000000000000002,,0.0,20
B,StaticGCN,3,1808,wed,1.0,0.11351574957370758,0.0,1.0000000000000002,,0.0,20
B,StaticGCN,3,1809,wed,1.0,0.14096082746982574,0.0,1.0000000000000002,,0.0,20
B,StaticGCN,3,1810,wed,1.0,0.103171207010746,0.0,1.0000000000000002,,0.0,20
B,StaticGCN,3,1811,wed,1.0,0.11934294551610947,0.0,1.0000000000000002,,0.0,20
B,StaticGCN,3,1812,wed,1.0,0.15164904296398163,0.0,1.0000000000000002,,0.0,20
B,StaticGCN,3,1813,wed,1.0,0.10592114180326462,0.0,1.0000000000000002,,0.0,20
B,StaticGCN,3,1814,wed,1.0,0.12215861678123474,0.0,1.0000000000000002,,0.0,20
B,StaticGCN,3,1815,wed,1.0,0.13147155940532684,0.0,1.0000000000000002,,0.0,20
B,StaticGCN,3,1816,wed,1.0,0.08866949379444122,0.0,1.0000000000000002,,0.0,20
B,StaticGCN,3,1817,wed,1.0,0.10655117779970169,0.0,1.0000000000000002,,0.0,20
B,StaticGCN,3,1818,wed,1.0,0.09208953380584717,0.0,1.0000000000000002,,0.0,20
B,StaticGCN,3,1819,wed,1.0,0.12937459349632263,0.0,1.0000000000000002,,0.0,20
B,StaticGCN,3,1820,wed,1.0,0.12352758646011353,0.0,1.0000000000000002,,0.0,20
B,StaticGCN,3,1821,wed,1.0,0.1111072227358818,0.0,1.0000000000000002,,0.0,20
B,StaticGCN,3,1822,wed,1.0,0.09506964683532715,0.0,1.0000000000000002,,0.0,20
B,StaticGCN,3,1823,wed,1.0,0.10377516597509384,0.0,1.0000000000000002,,0.0,20
B,StaticGCN,3,1824,wed,1.0,0.1060347855091095,0.0,1.0000000000000002,,0.0,20
B,StaticGCN,3,1825,wed,1.0,0.13096880912780762,0.0,1.0000000000000002,,0.0,20
B,StaticGCN,3,1826,wed,1.0,0.10519733279943466,0.0,1.0000000000000002,,0.0,20
B,StaticGCN,3,1827,wed,1.0,0.1335633099079132,0.0,1.0000000000000002,,0.0,20
B,StaticGCN,3,1828,wed,1.0,0.10134781152009964,0.0,1.0000000000000002,,0.0,20
B,StaticGCN,3,1829,wed,1.0,0.1540953516960144,0.0,1.0000000000000002,,0.0,20
B,StaticGCN,3,1830,wed,1.0,0.11365470290184021,0.0,1.0000000000000002,,0.0,20
B,StaticGCN,3,1831,wed,1.0,0.1189100593328476,0.0,1.0000000000000002,,0.0,20
B,StaticGCN,3,1832,wed,1.0,0.12244615703821182,0.0,1.0000000000000002,,0.0,20
B,StaticGCN,4,1833,thu_am,0.0,0.13703593611717224,0.0,0.8777505443608586,0.05263157894736842,0.0,20
B,StaticGCN,4,1834,thu_am,0.0,0.09737781435251236,0.0,0.8652957337974109,0.4444444444444445,0.0,20
B,StaticGCN,4,1835,thu_am,0.0,0.03816196694970131,0.0,0.8600714465424899,0.6274509803921569,0.0,20
B,StaticGCN,4,1836,thu_am,0.0,0.10364246368408203,0.0,0.8481959977049954,0.6875,0.0,20
B,StaticGCN,4,1837,thu_am,0.0,0.2967166006565094,0.0,0.7008503208464509,0.5466666666666666,0.0,20
B,StaticGCN,4,1838,thu_am,0.0,0.029004428535699844,0.0,0.6949377915501866,0.6428571428571429,0.0,20
B,StaticGCN,4,1839,thu_am,0.0,0.15577788650989532,0.0,0.6038339614131468,0.5494505494505495,0.0,20
B,StaticGCN,4,1840,thu_am,0.0,0.061934828758239746,0.0,0.5864292264108439,0.6041666666666666,0.0,20
B,StaticGCN,4,1841,thu_am,0.0,0.16026656329631805,0.0,0.5074941621064616,0.5353535353535354,0.0,20
B,StaticGCN,4,1842,thu_am,0.0,0.08610508590936661,0.0,0.49464063714063716,0.6,0.0,20
B,StaticGCN,4,1843,thu_am,0.0,0.17991316318511963,0.0,0.4234096150762817,0.5454545454545454,0.0,20
B,StaticGCN,4,1844,thu_am,0.0,0.22371363639831543,0.0,0.35981726606726605,0.5,0.0,20
B,StaticGCN,4,1845,thu_am,1.0,0.08123008906841278,0.0,0.34718175513212274,0.46875,0.0,20
B,StaticGCN,4,1846,thu_am,0.0,0.18369151651859283,0.0,0.2897280357364391,0.4285714285714286,0.0,20
B,StaticGCN,4,1847,thu_am,1.0,0.11228921264410019,0.0,0.2897280357364391,0.4285714285714286,0.0,20
B,StaticGCN,4,1848,thu_am,1.0,0.17427246272563934,0.0,0.30171347093615997,0.4725274725274725,0.0,20
B,StaticGCN,4,1849,thu_am,0.0,0.12180512398481369,0.0,0.2507833329524506,0.45238095238095244,0.0,20
B,StaticGCN,4,1850,thu_am,0.0,0.22638599574565887,0.0,0.20114059143470908,0.4266666666666667,0.0,20
B,StaticGCN,4,1851,thu_am,1.0,0.20007887482643127,0.0,0.2276918179859356,0.5066666666666667,0.0,20
B,StaticGCN,4,1852,thu_am,1.0,0.3232443630695343,0.0,0.44125242404654175,0.6133333333333333,0.0,20
B,StaticGCN,4,1853,thu_am,1.0,0.23895521461963654,0.0,0.5224584171275347,0.6666666666666667,0.0,20
B,StaticGCN,4,1854,thu_am,1.0,0.18406875431537628,0.0,0.5487493715434891,0.6703296703296704,0.0,20
B,StaticGCN,4,1855,thu_am,1.0,0.2742908000946045,0.0,0.6030057667006196,0.6770833333333334,0.0,20
B,StaticGCN,4,1856,thu_am,1.0,0.15429486334323883,0.0,0.5997465769524593,0.6262626262626263,0.0,20
B,StaticGCN,4,1857,thu_am,1.0,0.4341394901275635,0.0,0.7686146247543306,0.71,0.0,20
B,StaticGCN,4,1858,thu_am,1.0,0.24300828576087952,0.0,0.8068982083916647,0.7070707070707071,0.0,20
B,StaticGCN,4,1859,thu_am,1.0,0.16066280007362366,0.0,0.8115975352333712,0.6875,0.0,20
B,StaticGCN,4,1860,thu_am,1.0,0.15257112681865692,0.0,0.8043485795316587,0.6153846153846154,0.0,20
B,StaticGCN,4,1861,thu_am,1.0,0.2724035382270813,0.0,0.8433711001269601,0.6309523809523809,0.0,20
B,StaticGCN,4,1862,thu_am,1.0,0.20847633481025696,0.0,0.8507298492128212,0.5733333333333334,0.0,20
B,StaticGCN,4,1863,thu_am,1.0,0.15509839355945587,0.0,0.8684025637997194,0.546875,0.0,20
B,StaticGCN,4,1864,thu_am,1.0,0.18103407323360443,0.0,0.9091056664859252,0.5882352941176471,0.0,20
B,StaticGCN,4,1865,thu_am,1.0,0.1913413554430008,0.0,0.9165579897550395,0.627450980392157,0.0,20
B,StaticGCN,4,1866,thu_am,1.0,0.1602228879928589,0.0,0.9417481495590372,0.6388888888888888,0.0,20
B,StaticGCN,4,1867,thu_am,1.0,0.1863533854484558,0.0,0.9444447057643653,0.6666666666666666,0.0,20
B,StaticGCN,4,1868,thu_am,1.0,0.16352958977222443,0.0,0.9444447057643653,0.6666666666666666,0.0,20
B,StaticGCN,4,1869,thu_am,1.0,0.15879157185554504,0.0,0.9446678375939412,0.3157894736842105,0.0,20
B,StaticGCN,4,1870,thu_am,1.0,0.1582966148853302,0.0,1.0000000000000002,,0.0,20
B,StaticGCN,4,1871,thu_am,1.0,0.1412225067615509,0.0,1.0000000000000002,,0.0,20
B,StaticGCN,4,1872,thu_am,1.0,0.08806122094392776,0.0,1.0000000000000002,,0.0,20
B,StaticGCN,4,1873,thu_am,1.0,0.201529860496521,0.0,1.0000000000000002,,0.0,20
B,StaticGCN,4,1874,thu_am,1.0,0.2047482132911682,0.0,1.0000000000000002,,0.0,20
B,StaticGCN,4,1875,thu_am,1.0,0.24271611869335175,0.0,1.0000000000000002,,0.0,20
B,StaticGCN,4,1876,thu_am,1.0,0.19301483035087585,0.0,1.0000000000000002,,0.0,20
B,StaticGCN,4,1877,thu_am,1.0,0.17570433020591736,0.0,1.0000000000000002,,0.0,20
B,StaticGCN,4,1878,thu_am,1.0,0.14429810643196106,0.0,1.0000000000000002,,0.0,20
B,StaticGCN,4,1879,thu_am,1.0,0.1959512084722519,0.0,1.0000000000000002,,0.0,20
B,StaticGCN,4,1880,thu_am,1.0,0.2016572654247284,0.0,1.0000000000000002,,0.0,20
B,StaticGCN,4,1881,thu_am,1.0,0.18466156721115112,0.0,1.0000000000000002,,0.0,20
B,StaticGCN,4,1882,thu_am,1.0,0.2781696915626526,0.0,1.0000000000000002,,0.0,20
B,StaticGCN,4,1883,thu_am,1.0,0.24565210938453674,0.0,1.0000000000000002,,0.0,20
B,StaticGCN,4,1884,thu_am,1.0,0.08241396397352219,0.0,1.0000000000000002,,0.0,20
B,StaticGCN,4,1885,thu_am,1.0,0.20831391215324402,0.0,1.0000000000000002,,0.0,20
B,StaticGCN,4,1886,thu_am,1.0,0.25444844365119934,0.0,1.0000000000000002,,0.0,20
B,StaticGCN,4,1887,thu_am,1.0,0.15231522917747498,0.0,1.0000000000000002,,0.0,20
B,StaticGCN,4,1888,thu_am,1.0,0.22838947176933289,0.0,1.0000000000000002,,0.0,20
B,StaticGCN,4,1889,thu_am,1.0,0.1141190454363823,0.0,1.0000000000000002,,0.0,20
B,StaticGCN,4,1890,thu_am,1.0,0.18874666094779968,0.0,1.0000000000000002,,0.0,20
B,StaticGCN,4,1891,thu_am,1.0,0.22026477754116058,0.0,1.0000000000000002,,0.0,20
B,StaticGCN,4,1892,thu_am,1.0,0.23618829250335693,0.0,1.0000000000000002,,0.0,20
B,StaticGCN,4,1893,thu_am,1.0,0.32797423005104065,0.0,1.0000000000000002,,0.0,20
B,StaticGCN,4,1894,thu_am,1.0,0.2299104481935501,0.0,1.0000000000000002,,0.0,20
B,StaticGCN,4,1895,thu_am,0.0,0.1965142786502838,0.0,0.9685096390673218,0.5263157894736842,0.0,20
B,StaticGCN,4,1896,thu_am,0.0,0.2885107696056366,0.0,0.8473992171876589,0.3055555555555556,0.0,20
B,StaticGCN,4,1897,thu_am,0.0,0.2518533170223236,0.0,0.7789437052253478,0.27450980392156865,0.0,20
B,StaticGCN,4,1898,thu_am,0.0,0.20294389128684998,0.0,0.7525960408700347,0.359375,0.0,20
B,StaticGCN,4,1899,thu_am,0.0,0.15904057025909424,0.0,0.7414389875690185,0.4666666666666666,0.0,20
B,StaticGCN,4,1900,thu_am,0.0,0.20848621428012848,0.0,0.7139489308482564,0.48809523809523814,0.0,20
B,StaticGCN,4,1901,thu_am,0.0,0.18497280776500702,0.0,0.7042771384102653,0.5494505494505495,0.0,20
B,StaticGCN,4,1902,thu_am,0.0,0.20588496327400208,0.0,0.6626445049045669,0.5416666666666667,0.0,20
B,StaticGCN,4,1903,thu_am,1.0,0.2869507372379303,0.0,0.6758389493490112,0.5520833333333334,0.0,20
B,StaticGCN,4,1904,thu_am,1.0,0.1673499047756195,0.0,0.67857928159302,0.5625,0.0,20
B,StaticGCN,4,1905,thu_am,1.0,0.2098739743232727,0.0,0.6848503253640638,0.5729166666666666,0.0,20
B,StaticGCN,4,1906,thu_am,1.0,0.1311875283718109,0.0,0.6462704275929897,0.5,0.0,20
B,StaticGCN,4,1907,thu_am,1.0,0.20584061741828918,0.0,0.6602080694718079,0.5416666666666666,0.0,20
B,StaticGCN,4,1908,thu_am,1.0,0.19472278654575348,0.0,0.640018305532044,0.5,0.0,20
B,StaticGCN,4,1909,thu_am,1.0,0.2515769600868225,0.0,0.6660042439357455,0.5625,0.0,20
B,StaticGCN,4,1910,thu_am,1.0,0.284487247467041,0.0,0.6984609076424092,0.6145833333333334,0.0,20
B,StaticGCN,4,1911,thu_am,1.0,0.19332259893417358,0.0,0.67919868838019,0.5729166666666667,0.0,20
B,StaticGCN,4,1912,thu_am,1.0,0.31657662987709045,0.0,0.7257264661579678,0.59375,0.0,20
B,StaticGCN,4,1913,thu_am,1.0,0.3428051769733429,0.0,0.7257264661579678,0.59375,0.0,20
B,StaticGCN,4,1914,thu_am,1.0,0.25071588158607483,0.0,0.7257264661579678,0.59375,0.0,20
B,StaticGCN,4,1915,thu_am,1.0,0.4480699598789215,0.0,0.783505533688613,0.6153846153846154,0.0,20
B,StaticGCN,4,1916,thu_am,1.0,0.21192018687725067,0.0,0.8656391098949701,0.6904761904761906,0.0,20
B,StaticGCN,4,1917,thu_am,0.0,0.14430604875087738,0.0,0.9175389607444007,0.7857142857142858,0.0,20
B,StaticGCN,4,1918,thu_am,0.0,0.20887942612171173,0.0,0.9128145185199585,0.773809523809524,0.0,20
B,StaticGCN,4,1919,thu_am,0.0,0.10637231916189194,0.0,0.9154878685617296,0.7857142857142857,0.0,20
B,StaticGCN,4,1920,thu_am,1.0,0.2958354949951172,0.0,0.9436624760115472,0.8266666666666667,0.0,20
B,StaticGCN,4,1921,thu_am,1.0,0.16770143806934357,0.0,0.9462828628414929,0.796875,0.0,20
B,StaticGCN,4,1922,thu_am,1.0,0.2532457709312439,0.0,0.9731303599474244,0.8627450980392157,0.0,20
B,StaticGCN,4,1923,thu_am,1.0,0.1287577897310257,0.0,0.9648457403955037,0.8235294117647058,0.0,20
B,StaticGCN,4,1924,thu_am,0.0,0.2345079928636551,0.0,0.9305794129009106,0.75,0.0,20
B,StaticGCN,4,1925,thu_am,0.0,0.31842443346977234,0.0,0.8262271662232963,0.6266666666666667,0.0,20
B,StaticGCN,4,1926,thu_am,0.0,0.22437025606632233,0.0,0.8062534521844561,0.6428571428571428,0.0,20
B,StaticGCN,4,1927,thu_am,0.0,0.3518006205558777,0.0,0.7019635140467482,0.5824175824175825,0.0,20
B,StaticGCN,4,1928,thu_am,0.0,0.2486753761768341,0.0,0.6867549010157369,0.6145833333333333,0.0,20
B,StaticGCN,4,1929,thu_am,0.0,0.2598620355129242,0.0,0.6392536685880339,0.5858585858585859,0.0,20
B,StaticGCN,4,1930,thu_am,0.0,0.17861561477184296,0.0,0.6074475498701505,0.59,0.0,20
B,StaticGCN,4,1931,thu_am,0.0,0.3183327615261078,0.0,0.5631645389449826,0.5858585858585859,0.0,20
B,StaticGCN,4,1932,thu_am,0.0,0.17211797833442688,0.0,0.5328565628343105,0.5833333333333334,0.0,20
B,StaticGCN,4,1933,thu_am,0.0,0.2761170268058777,0.0,0.44395021503878207,0.5164835164835164,0.0,20
B,StaticGCN,4,1934,thu_am,0.0,0.16442318260669708,0.0,0.42412573415862886,0.5238095238095238,0.0,20
B,StaticGCN,4,1935,thu_am,0.0,0.169300377368927,0.0,0.21104883420672893,0.44,0.0,20
B,StaticGCN,4,1936,thu_am,0.0,0.2109898328781128,0.0,0.17505090852130323,0.4375,0.0,20
B,StaticGCN,4,1937,thu_am,0.0,0.29570090770721436,0.0,0.16519008919357217,0.40625,0.0,20
B,StaticGCN,4,1938,thu_am,0.0,0.19216258823871613,0.0,0.16519008919357217,0.40625,0.0,20
B,StaticGCN,4,1939,thu_am,0.0,0.17025113105773926,0.0,0.16063320064868053,0.375,0.0,20
B,StaticGCN,4,1940,thu_am,0.0,0.19652213156223297,0.0,0.0946758235457926,0.2352941176470588,0.0,20
B,StaticGCN,4,1941,thu_am,0.0,0.1686229109764099,0.0,0.07387218045112781,0.33333333333333337,0.0,20
B,StaticGCN,4,1942,thu_am,0.0,0.18635396659374237,0.0,0.025,0.0,0.0,20
B,StaticGCN,4,1943,thu_am,0.0,0.1877862811088562,0.0,0.5,,0.0,20
B,StaticGCN,4,1944,thu_am,0.0,0.15799911320209503,0.0,0.5,,0.0,20
B,StaticGCN,4,1945,thu_am,0.0,0.369051992893219,0.0,0.5,,0.0,20
B,StaticGCN,4,1946,thu_am,0.0,0.12823930382728577,0.0,0.5,,0.0,20
B,StaticGCN,4,1947,thu_am,0.0,0.2763882875442505,0.0,0.5,,0.0,20
B,StaticGCN,4,1948,thu_am,0.0,0.2502693831920624,0.0,0.5,,0.0,20
B,StaticGCN,4,1949,thu_am,0.0,0.2687077522277832,0.0,0.5,,0.0,20
B,StaticGCN,4,1950,thu_am,0.0,0.16971102356910706,0.0,0.5,,0.0,20
B,StaticGCN,4,1951,thu_am,0.0,0.18820147216320038,0.0,0.5,,0.0,20
B,StaticGCN,4,1952,thu_am,0.0,0.2377355694770813,0.0,0.5,,0.0,20
B,StaticGCN,4,1953,thu_am,0.0,0.1576642245054245,0.0,0.5,,0.0,20
B,StaticGCN,4,1954,thu_am,0.0,0.26947832107543945,0.0,0.5,,0.0,20
B,StaticGCN,4,1955,thu_am,0.0,0.16073185205459595,0.0,0.5,,0.0,20
B,StaticGCN,4,1956,thu_am,0.0,0.13553336262702942,0.0,0.5,,0.0,20
B,StaticGCN,4,1957,thu_am,0.0,0.22100627422332764,0.0,0.5,,0.0,20
B,StaticGCN,4,1958,thu_am,0.0,0.1696031391620636,0.0,0.5,,0.0,20
B,StaticGCN,4,1959,thu_am,0.0,0.20672066509723663,0.0,0.5,,0.0,20
B,StaticGCN,4,1960,thu_am,0.0,0.27091631293296814,0.0,0.5,,0.0,20
B,StaticGCN,4,1961,thu_am,0.0,0.2541538178920746,0.0,0.5,,0.0,20
B,StaticGCN,4,1962,thu_am,0.0,0.12152279913425446,0.0,0.5,,0.0,20
B,StaticGCN,4,1963,thu_am,0.0,0.2374640852212906,0.0,0.5,,0.0,20
B,StaticGCN,4,1964,thu_am,0.0,0.2548061013221741,0.0,0.5,,0.0,20
B,StaticGCN,4,1965,thu_am,0.0,0.30042195320129395,0.0,0.5,,0.0,20
B,StaticGCN,4,1966,thu_am,0.0,0.20796509087085724,0.0,0.5,,0.0,20
B,StaticGCN,4,1967,thu_am,0.0,0.22662460803985596,0.0,0.5,,0.0,20
B,StaticGCN,4,1968,thu_am,0.0,0.24227474629878998,0.0,0.5,,0.0,20
B,StaticGCN,4,1969,thu_am,0.0,0.25724634528160095,0.0,0.5,,0.0,20
B,StaticGCN,4,1970,thu_am,0.0,0.21436907351016998,0.0,0.5,,0.0,20
B,StaticGCN,4,1971,thu_am,0.0,0.17746493220329285,0.0,0.5,,0.0,20
B,StaticGCN,4,1972,thu_am,0.0,0.1837722808122635,0.0,0.5,,0.0,20
B,StaticGCN,4,1973,thu_am,0.0,0.15765200555324554,0.0,0.5,,0.0,20
B,StaticGCN,4,1974,thu_am,0.0,0.1278485357761383,0.0,0.5,,0.0,20
B,StaticGCN,4,1975,thu_am,0.0,0.12795855104923248,0.0,0.5,,0.0,20
B,StaticGCN,4,1976,thu_am,0.0,0.25043588876724243,0.0,0.5,,0.0,20
B,StaticGCN,4,1977,thu_am,0.0,0.2214038223028183,0.0,0.5,,0.0,20
B,StaticGCN,4,1978,thu_am,0.0,0.19865752756595612,0.0,0.5,,0.0,20
B,StaticGCN,4,1979,thu_am,0.0,0.27421706914901733,0.0,0.5,,0.0,20
B,StaticGCN,4,1980,thu_am,0.0,0.11434285342693329,0.0,0.5,,0.0,20
B,StaticGCN,4,1981,thu_am,0.0,0.16727781295776367,0.0,0.5,,0.0,20
B,StaticGCN,4,1982,thu_am,0.0,0.17091777920722961,0.0,0.5,,0.0,20
B,StaticGCN,4,1983,thu_am,0.0,0.23458532989025116,0.0,0.5,,0.0,20
B,StaticGCN,4,1984,thu_am,0.0,0.27433985471725464,0.0,0.5,,0.0,20
B,StaticGCN,4,1985,thu_am,0.0,0.17711424827575684,0.0,0.5,,0.0,20
B,StaticGCN,4,1986,thu_am,0.0,0.17290019989013672,0.0,0.5,,0.0,20
B,StaticGCN,4,1987,thu_am,0.0,0.2042502760887146,0.0,0.5,,0.0,20
B,StaticGCN,4,1988,thu_am,0.0,0.27966123819351196,0.0,0.5,,0.0,20
B,StaticGCN,4,1989,thu_am,0.0,0.17279864847660065,0.0,0.5,,0.0,20
B,StaticGCN,4,1990,thu_am,0.0,0.24001707136631012,0.0,0.5,,0.0,20
B,StaticGCN,4,1991,thu_am,0.0,0.3822021484375,0.0,0.5,,0.0,20
B,StaticGCN,4,1992,thu_am,0.0,0.36277997493743896,0.0,0.5,,0.0,20
B,StaticGCN,4,1993,thu_am,0.0,0.2250298261642456,0.0,0.5,,0.0,20
B,StaticGCN,4,1994,thu_am,0.0,0.339221328496933,0.0,0.5,,0.0,20
B,StaticGCN,4,1995,thu_am,0.0,0.19637390971183777,0.0,0.5,,0.0,20
B,StaticGCN,4,1996,thu_am,0.0,0.2666669189929962,0.0,0.5,,0.0,20
B,StaticGCN,4,1997,thu_am,0.0,0.1466025859117508,0.0,0.5,,0.0,20
B,StaticGCN,4,2444,thu_pm,0.0,0.19467319548130035,0.0,0.5,,0.0,20
B,StaticGCN,4,2445,thu_pm,0.0,0.40743035078048706,0.0,0.5,,0.0,20
B,StaticGCN,4,2446,thu_pm,0.0,0.1634247601032257,0.0,0.5,,0.0,20
B,StaticGCN,4,2447,thu_pm,0.0,0.19993476569652557,0.0,0.5,,0.0,20
B,StaticGCN,4,2448,thu_pm,0.0,0.13872723281383514,0.0,0.5,,0.0,20
B,StaticGCN,4,2449,thu_pm,0.0,0.1574651598930359,0.0,0.5,,0.0,20
B,StaticGCN,4,2450,thu_pm,0.0,0.17672602832317352,0.0,0.5,,0.0,20
B,StaticGCN,4,2451,thu_pm,0.0,0.22826144099235535,0.0,0.5,,0.0,20
B,StaticGCN,4,2452,thu_pm,0.0,0.21035978198051453,0.0,0.5,,0.0,20
B,StaticGCN,4,2453,thu_pm,0.0,0.1832912564277649,0.0,0.5,,0.0,20
B,StaticGCN,4,2454,thu_pm,0.0,0.30730128288269043,0.0,0.5,,0.0,20
B,StaticGCN,4,2455,thu_pm,0.0,0.20305892825126648,0.0,0.5,,0.0,20
B,StaticGCN,4,2456,thu_pm,0.0,0.1992320716381073,0.0,0.5,,0.0,20
B,StaticGCN,4,2457,thu_pm,0.0,0.28013667464256287,0.0,0.5,,0.0,20
B,StaticGCN,4,2458,thu_pm,0.0,0.17329992353916168,0.0,0.5,,0.0,20
B,StaticGCN,4,2459,thu_pm,0.0,0.15564735233783722,0.0,0.5,,0.0,20
B,StaticGCN,4,2460,thu_pm,0.0,0.20941053330898285,0.0,0.5,,0.0,20
B,StaticGCN,4,2461,thu_pm,0.0,0.14297527074813843,0.0,0.5,,0.0,20
B,StaticGCN,4,2462,thu_pm,0.0,0.25642192363739014,0.0,0.5,,0.0,20
B,StaticGCN,4,2463,thu_pm,0.0,0.2504638731479645,0.0,0.5,,0.0,20
B,StaticGCN,4,2464,thu_pm,0.0,0.20520314574241638,0.0,0.5,,0.0,20
B,StaticGCN,4,2465,thu_pm,0.0,0.13936220109462738,0.0,0.5,,0.0,20
B,StaticGCN,4,2466,thu_pm,0.0,0.2523070275783539,0.0,0.5,,0.0,20
B,StaticGCN,4,2467,thu_pm,0.0,0.2400037944316864,0.0,0.5,,0.0,20
B,StaticGCN,4,2468,thu_pm,0.0,0.20149213075637817,0.0,0.5,,0.0,20
B,StaticGCN,4,2469,thu_pm,0.0,0.1879143863916397,0.0,0.5,,0.0,20
B,StaticGCN,4,2470,thu_pm,0.0,0.20330680906772614,0.0,0.5,,0.0,20
B,StaticGCN,4,2471,thu_pm,0.0,0.23606915771961212,0.0,0.5,,0.0,20
B,StaticGCN,4,2472,thu_pm,0.0,0.1518784612417221,0.0,0.5,,0.0,20
B,StaticGCN,4,2473,thu_pm,0.0,0.19732916355133057,0.0,0.5,,0.0,20
B,StaticGCN,4,2474,thu_pm,0.0,0.12773039937019348,0.0,0.5,,0.0,20
B,StaticGCN,4,2475,thu_pm,0.0,0.2048031985759735,0.0,0.5,,0.0,20
B,StaticGCN,4,2476,thu_pm,0.0,0.3387392461299896,0.0,0.5,,0.0,20
B,StaticGCN,4,2477,thu_pm,0.0,0.21255739033222198,0.0,0.5,,0.0,20
B,StaticGCN,4,2478,thu_pm,0.0,0.17586912214756012,0.0,0.5,,0.0,20
B,StaticGCN,4,2479,thu_pm,0.0,0.17780503630638123,0.0,0.5,,0.0,20
B,StaticGCN,4,2480,thu_pm,0.0,0.18298925459384918,0.0,0.5,,0.0,20
B,StaticGCN,4,2481,thu_pm,0.0,0.4028775990009308,0.0,0.5,,0.0,20
B,StaticGCN,4,2482,thu_pm,0.0,0.20752793550491333,0.0,0.5,,0.0,20
B,StaticGCN,4,2483,thu_pm,0.0,0.20549358427524567,0.0,0.5,,0.0,20
B,StaticGCN,4,2484,thu_pm,0.0,0.18380451202392578,0.0,0.5,,0.0,20
B,StaticGCN,4,2485,thu_pm,0.0,0.14949798583984375,0.0,0.5,,0.0,20
B,StaticGCN,4,2486,thu_pm,0.0,0.208794504404068,0.0,0.5,,0.0,20
B,StaticGCN,4,2487,thu_pm,0.0,0.22140096127986908,0.0,0.5,,0.0,20
B,StaticGCN,4,2488,thu_pm,0.0,0.23427559435367584,0.0,0.5,,0.0,20
B,StaticGCN,4,2489,thu_pm,0.0,0.13939373195171356,0.0,0.5,,0.0,20
B,StaticGCN,4,2490,thu_pm,0.0,0.17004206776618958,0.0,0.5,,0.0,20
B,StaticGCN,4,2491,thu_pm,0.0,0.18939533829689026,0.0,0.5,,0.0,20
B,StaticGCN,4,2492,thu_pm,0.0,0.18631982803344727,0.0,0.5,,0.0,20
B,StaticGCN,4,2493,thu_pm,0.0,1.0,0.0,0.5,,0.05,20
B,StaticGCN,4,2494,thu_pm,0.0,0.9999814033508301,0.0,0.5,,0.1,20
B,StaticGCN,4,2495,thu_pm,0.0,0.25858455896377563,0.0,0.5,,0.1,20
B,StaticGCN,4,2496,thu_pm,0.0,0.2516508996486664,0.0,0.5,,0.1,20
B,StaticGCN,4,2497,thu_pm,0.0,0.17914637923240662,0.0,0.5,,0.1,20
B,StaticGCN,4,2498,thu_pm,0.0,0.23447474837303162,0.0,0.5,,0.1,20
B,StaticGCN,4,2499,thu_pm,0.0,0.2370665967464447,0.0,0.5,,0.1,20
B,StaticGCN,4,2500,thu_pm,0.0,0.1749182641506195,0.0,0.5,,0.1,20
B,StaticGCN,4,2501,thu_pm,0.0,0.20739120244979858,0.0,0.5,,0.1,20
B,StaticGCN,4,2502,thu_pm,0.0,0.28164950013160706,0.0,0.5,,0.1,20
B,StaticGCN,4,2503,thu_pm,0.0,0.1489521712064743,0.0,0.5,,0.1,20
B,StaticGCN,4,2504,thu_pm,0.0,0.25453928112983704,0.0,0.5,,0.1,20
B,StaticGCN,4,2505,thu_pm,0.0,0.15936388075351715,0.0,0.5,,0.1,20
B,StaticGCN,4,2506,thu_pm,0.0,0.16740766167640686,0.0,0.5,,0.1,20
B,StaticGCN,4,2507,thu_pm,0.0,0.12385321408510208,0.0,0.5,,0.1,20
B,StaticGCN,4,2508,thu_pm,1.0,0.15838992595672607,0.0,0.029411764705882353,0.1578947368421053,0.10526315789473684,20
B,StaticGCN,4,2509,thu_pm,0.0,0.24211280047893524,0.0,0.027777777777777776,0.10526315789473684,0.10526315789473684,20
B,StaticGCN,4,2510,thu_pm,1.0,0.22846032679080963,0.0,0.06748366013071896,0.3055555555555556,0.1111111111111111,20
B,StaticGCN,4,2511,thu_pm,0.0,0.19021041691303253,0.0,0.06748366013071896,0.3055555555555556,0.1111111111111111,20
B,StaticGCN,4,2512,thu_pm,0.0,0.20423436164855957,0.0,0.06748366013071896,0.3055555555555556,0.1111111111111111,20
B,StaticGCN,4,2513,thu_pm,0.0,0.26116809248924255,0.0,0.06748366013071896,0.3055555555555556,0.05555555555555555,20
B,StaticGCN,4,2514,thu_pm,1.0,0.090046726167202,0.0,0.09108688797156289,0.21568627450980393,0.0,20
B,StaticGCN,4,2515,thu_pm,1.0,0.10860773921012878,0.0,0.11794590643274853,0.171875,0.0,20
B,StaticGCN,4,2516,thu_pm,1.0,0.16842976212501526,0.0,0.15385892616155772,0.2,0.0,20
B,StaticGCN,4,2517,thu_pm,0.0,0.2137770652770996,0.0,0.15385892616155772,0.2,0.0,20
B,StaticGCN,4,2518,thu_pm,0.0,0.130657359957695,0.0,0.16048188653451811,0.24,0.0,20
B,StaticGCN,4,2519,thu_pm,1.0,0.0005527536850422621,0.0,0.19143173934195606,0.21428571428571427,0.0,20
B,StaticGCN,4,2520,thu_pm,0.0,0.12351708114147186,0.0,0.19631481922503596,0.23809523809523808,0.0,20
B,StaticGCN,4,2521,thu_pm,0.0,0.9896634221076965,0.0,0.19353704144725817,0.22619047619047616,0.07142857142857142,20
B,StaticGCN,4,2522,thu_pm,0.0,0.005449393298476934,0.0,0.2065053593207618,0.28571428571428564,0.07142857142857142,20
B,StaticGCN,4,2523,thu_pm,1.0,0.0004977438948117197,0.0,0.23089391258895903,0.23076923076923075,0.07692307692307693,20
B,StaticGCN,4,2524,thu_pm,1.0,0.13721951842308044,0.0,0.277276768961173,0.2604166666666667,0.08333333333333333,20
B,StaticGCN,4,2525,thu_pm,1.0,0.21744750440120697,0.0,0.3390758288075109,0.31313131313131315,0.09090909090909091,20
B,StaticGCN,4,2526,thu_pm,1.0,0.17304018139839172,0.0,0.3831579338274385,0.32,0.1,20
B,StaticGCN,4,2527,thu_pm,0.0,0.22327269613742828,0.0,0.36325505892456356,0.27,0.1,20
B,StaticGCN,4,2528,thu_pm,1.0,0.2638309597969055,0.0,0.39357251924202385,0.32999999999999996,0.1,20
B,StaticGCN,4,2529,thu_pm,1.0,0.2937079071998596,0.0,0.49019807708943647,0.4040404040404041,0.1111111111111111,20
B,StaticGCN,4,2530,thu_pm,0.0,0.197111576795578,0.0,0.4263106144801191,0.36,0.1,20
B,StaticGCN,4,2531,thu_pm,0.0,0.1832524985074997,0.0,0.4263106144801191,0.36,0.1,20
B,StaticGCN,4,2532,thu_pm,0.0,0.24018189311027527,0.0,0.41940585257535723,0.35,0.1,20
B,StaticGCN,4,2533,thu_pm,0.0,0.09072714298963547,0.0,0.44021150525600994,0.3999999999999999,0.1,20
B,StaticGCN,4,2534,thu_pm,0.0,0.11834996938705444,0.0,0.4237547256187607,0.45454545454545453,0.09090909090909091,20
B,StaticGCN,4,2535,thu_pm,0.0,0.19163954257965088,0.0,0.39743666421297996,0.4791666666666667,0.08333333333333333,20
B,StaticGCN,4,2536,thu_pm,0.0,0.21068726480007172,0.0,0.36785947970158495,0.4835164835164835,0.07692307692307693,20
B,StaticGCN,4,2537,thu_pm,0.0,0.161198690533638,0.0,0.37197203381413907,0.4945054945054945,0.07692307692307693,20
B,StaticGCN,4,2538,thu_pm,0.0,0.1750420182943344,0.0,0.36406565447918826,0.4725274725274725,0.07692307692307693,20
B,StaticGCN,4,2539,thu_pm,0.0,0.21641375124454498,0.0,0.358880374011953,0.5476190476190477,0.07142857142857142,20
B,StaticGCN,4,2540,thu_pm,0.0,0.2060362994670868,0.0,0.35212289537947433,0.5238095238095238,0.07142857142857142,20
B,StaticGCN,4,2541,thu_pm,0.0,0.22625532746315002,0.0,0.5465673398239187,0.5476190476190477,0.0,20
B,StaticGCN,4,2542,thu_pm,0.0,0.2528197467327118,0.0,0.5291777237210673,0.511904761904762,0.0,20
B,StaticGCN,4,2543,thu_pm,0.0,0.13104425370693207,0.0,0.5786974789915966,0.64,0.0,20
B,StaticGCN,4,2544,thu_pm,0.0,0.0048395683988928795,0.0,0.6553571428571429,0.765625,0.0,20
B,StaticGCN,4,2545,thu_pm,0.0,0.305507630109787,0.0,0.3349206349206349,0.7254901960784313,0.0,20
B,StaticGCN,4,2546,thu_pm,0.0,0.13833002746105194,0.0,0.41666666666666663,0.9444444444444444,0.0,20
B,StaticGCN,4,2547,thu_pm,0.0,0.19590431451797485,0.0,0.41666666666666663,0.9444444444444444,0.0,20
B,StaticGCN,4,2548,thu_pm,0.0,0.2514582574367523,0.0,0.25,0.9473684210526316,0.0,20
B,StaticGCN,4,2549,thu_pm,0.0,0.19147486984729767,0.0,0.5,,0.0,20
B,StaticGCN,4,2550,thu_pm,0.0,0.2964176833629608,0.0,0.5,,0.0,20
B,StaticGCN,4,2551,thu_pm,0.0,0.2989138066768646,0.0,0.5,,0.0,20
B,StaticGCN,4,2552,thu_pm,0.0,0.22482621669769287,0.0,0.5,,0.0,20
B,StaticGCN,4,2553,thu_pm,0.0,0.3376036286354065,0.0,0.5,,0.0,20
B,StaticGCN,4,2554,thu_pm,1.0,0.45792704820632935,0.0,1.0,1.0,0.0,20
B,StaticGCN,4,2555,thu_pm,0.0,0.989525318145752,0.0,0.25,0.9473684210526316,0.05263157894736842,20
B,StaticGCN,4,2556,thu_pm,0.0,0.892960250377655,0.0,0.16666666666666666,0.8947368421052632,0.10526315789473684,20
B,StaticGCN,4,2557,thu_pm,0.0,0.23451074957847595,0.0,0.16666666666666666,0.8947368421052632,0.10526315789473684,20
B,StaticGCN,4,2558,thu_pm,0.0,0.20100805163383484,0.0,0.16666666666666666,0.8947368421052632,0.10526315789473684,20
B,StaticGCN,4,2559,thu_pm,1.0,1.0,0.4,0.7083333333333333,0.9444444444444444,0.1111111111111111,20
B,StaticGCN,4,2560,thu_pm,0.0,0.9999986886978149,0.3333333333333333,0.6625,0.9166666666666667,0.16666666666666666,20
B,StaticGCN,4,2561,thu_pm,0.0,0.29764533042907715,0.3333333333333333,0.6625,0.9166666666666667,0.16666666666666666,20
B,StaticGCN,4,2562,thu_pm,0.0,1.0,0.2857142857142857,0.5083333333333333,0.875,0.2222222222222222,20
B,StaticGCN,4,2563,thu_pm,1.0,0.9999996423721313,0.4444444444444444,0.5714285714285714,0.892156862745098,0.23529411764705882,20
B,StaticGCN,4,2564,thu_pm,0.0,0.989120602607727,0.4,0.5545634920634921,0.872549019607843,0.29411764705882354,20
B,StaticGCN,4,2565,thu_pm,0.0,1.0,0.36363636363636365,0.4583333333333333,0.8235294117647058,0.35294117647058826,20
B,StaticGCN,4,2566,thu_pm,0.0,1.0,0.3333333333333333,0.4037037037037037,0.7745098039215687,0.4117647058823529,20
B,StaticGCN,4,2567,thu_pm,0.0,0.2094108611345291,0.3333333333333333,0.4037037037037037,0.7745098039215687,0.4117647058823529,20
B,StaticGCN,4,2568,thu_pm,0.0,1.0,0.3076923076923077,0.36767676767676766,0.7254901960784313,0.47058823529411764,20
B,StaticGCN,4,2569,thu_pm,1.0,1.0,0.4,0.5043290043290043,0.75,0.5,20
B,StaticGCN,4,2570,thu_pm,0.0,1.0,0.375,0.4737293956043956,0.703125,0.5625,20
B,StaticGCN,4,2571,thu_pm,0.0,1.0,0.35294117647058826,0.4499771062271062,0.65625,0.625,20
B,StaticGCN,4,2572,thu_pm,0.0,1.0,0.3333333333333333,0.430952380952381,0.609375,0.6875,20
B,StaticGCN,4,2573,thu_pm,1.0,1.0,0.4,0.514280303030303,0.62,0.7333333333333333,20
B,StaticGCN,4,2574,thu_pm,0.0,1.0,0.4,0.553030303030303,0.6875,0.75,20
B,StaticGCN,4,2575,thu_pm,0.0,0.3649488389492035,0.42105263157894735,0.553030303030303,0.6875,0.6875,20
B,StaticGCN,4,2576,thu_pm,0.0,0.14881470799446106,0.4444444444444444,0.553030303030303,0.6875,0.625,20
B,StaticGCN,4,2577,thu_pm,1.0,1.0,0.5,0.6051282051282051,0.68,0.6666666666666666,20
B,StaticGCN,4,2578,thu_pm,0.0,0.997821569442749,0.47619047619047616,0.6051282051282051,0.68,0.7333333333333333,20
B,StaticGCN,4,2579,thu_pm,0.0,0.4529469311237335,0.42105263157894735,0.553030303030303,0.6875,0.6875,20
B,StaticGCN,4,2580,thu_pm,0.0,0.1799749732017517,0.4444444444444444,0.553030303030303,0.6875,0.625,20
B,StaticGCN,4,2581,thu_pm,0.0,1.0,0.42105263157894735,0.5384615384615384,0.6484375,0.6875,20
B,StaticGCN,4,2582,thu_pm,1.0,0.9999991655349731,0.5,0.5142191142191141,0.6266666666666667,0.6666666666666666,20
B,StaticGCN,4,2583,thu_pm,0.0,0.7456206679344177,0.42105263157894735,0.553030303030303,0.6875,0.6875,20
B,StaticGCN,4,2584,thu_pm,0.0,1.0,0.42105263157894735,0.5384615384615384,0.6484375,0.6875,20
B,StaticGCN,4,2585,thu_pm,0.0,1.0,0.42105263157894735,0.5384615384615384,0.6484375,0.6875,20
B,StaticGCN,4,2586,thu_pm,0.0,0.1751406341791153,0.4444444444444444,0.553030303030303,0.6875,0.625,20
B,StaticGCN,4,2587,thu_pm,0.0,1.0,0.42105263157894735,0.5384615384615384,0.6484375,0.6875,20
B,StaticGCN,4,2588,thu_pm,1.0,0.9999967813491821,0.5,0.5142191142191141,0.6266666666666667,0.6666666666666666,20
B,StaticGCN,4,2589,thu_pm,0.0,1.0,0.42105263157894735,0.41914335664335667,0.578125,0.6875,20
B,StaticGCN,4,2590,thu_pm,0.0,0.37035292387008667,0.4444444444444444,0.4348484848484848,0.625,0.625,20
B,StaticGCN,4,2591,thu_pm,0.0,1.0,0.4444444444444444,0.4348484848484848,0.625,0.625,20
B,StaticGCN,4,2592,thu_pm,0.0,1.0,0.4444444444444444,0.4348484848484848,0.625,0.625,20
B,StaticGCN,4,2593,thu_pm,0.0,0.9999982118606567,0.35294117647058826,0.309006734006734,0.5882352941176471,0.6470588235294118,20
B,StaticGCN,4,2594,thu_pm,1.0,1.0,0.4444444444444444,0.4465909090909091,0.65625,0.625,20
B,StaticGCN,4,2595,thu_pm,0.0,0.9999998807907104,0.42105263157894735,0.4343580031080031,0.625,0.6875,20
B,StaticGCN,4,2596,thu_pm,0.0,0.2083389163017273,0.42105263157894735,0.4343580031080031,0.625,0.6875,20
B,StaticGCN,4,2597,thu_pm,0.0,0.2880689799785614,0.35294117647058826,0.31132154882154883,0.5980392156862745,0.6470588235294118,20
B,StaticGCN,4,2598,thu_pm,1.0,1.0,0.4444444444444444,0.4343580031080031,0.625,0.625,20
B,StaticGCN,4,2599,thu_pm,0.0,1.0,0.42105263157894735,0.4185377122877123,0.578125,0.6875,20
B,StaticGCN,4,2600,thu_pm,0.0,1.0,0.4,0.40525308025308027,0.53125,0.75,20
B,StaticGCN,4,2601,thu_pm,1.0,1.0,0.47619047619047616,0.4994921744921744,0.5866666666666667,0.7333333333333333,20
B,StaticGCN,4,2602,thu_pm,0.0,0.9999998807907104,0.4,0.5373917748917749,0.640625,0.75,20
B,StaticGCN,4,2603,thu_pm,0.0,1.0,0.4,0.525,0.6015625,0.75,20
B,StaticGCN,4,2604,thu_pm,0.0,1.0,0.4,0.525,0.6015625,0.75,20
B,StaticGCN,4,2605,thu_pm,0.0,0.9999412298202515,0.4,0.5373917748917749,0.640625,0.75,20
B,StaticGCN,4,2606,thu_pm,1.0,0.9998304843902588,0.45454545454545453,0.48432518461930224,0.5333333333333333,0.8,20
B,StaticGCN,4,2607,thu_pm,0.0,1.0,0.45454545454545453,0.48432518461930224,0.5333333333333333,0.8,20
B,StaticGCN,4,2608,thu_pm,0.0,0.5601241588592529,0.38095238095238093,0.5335227272727273,0.625,0.8125,20
B,StaticGCN,4,2609,thu_pm,0.0,1.0,0.38095238095238093,0.5335227272727273,0.625,0.8125,20
B,StaticGCN,4,2610,thu_pm,0.0,1.0,0.36363636363636365,0.5215992647058824,0.5859375,0.875,20
B,StaticGCN,4,2611,thu_pm,1.0,1.0,0.43478260869565216,0.5877450980392157,0.6266666666666667,0.8666666666666667,20
B,StaticGCN,4,2612,thu_pm,0.0,0.9999997615814209,0.43478260869565216,0.5998663101604279,0.6533333333333333,0.8666666666666667,20
B,StaticGCN,4,2613,thu_pm,0.0,0.22502504289150238,0.45454545454545453,0.6033712121212121,0.6666666666666667,0.8,20
B,StaticGCN,4,2614,thu_pm,0.0,1.0,0.38095238095238093,0.5335227272727273,0.625,0.8125,20
B,StaticGCN,4,2615,thu_pm,0.0,0.9999902248382568,0.38095238095238093,0.5335227272727273,0.625,0.8125,20
B,StaticGCN,4,2616,thu_pm,1.0,0.9999940395355225,0.43478260869565216,0.4878782981724158,0.5466666666666666,0.8666666666666667,20
B,StaticGCN,4,2617,thu_pm,0.0,1.0,0.4166666666666667,0.4744024276377218,0.5,0.9333333333333333,20
B,StaticGCN,4,2618,thu_pm,0.0,0.1876586675643921,0.36363636363636365,0.39432029367691135,0.484375,0.875,20
B,StaticGCN,4,2619,thu_pm,0.0,0.3615228831768036,0.38095238095238093,0.4059294871794872,0.53125,0.8125,20
B,StaticGCN,4,2620,thu_pm,0.0,0.8251749277114868,0.38095238095238093,0.4196518759018759,0.578125,0.8125,20
B,StaticGCN,4,2621,thu_pm,0.0,1.0,0.3,0.28525733525733526,0.49019607843137253,0.8235294117647058,20
B,StaticGCN,4,2622,thu_pm,1.0,0.9966422319412231,0.38095238095238093,0.28025169275169276,0.453125,0.8125,20
B,StaticGCN,4,2623,thu_pm,0.0,1.0,0.38095238095238093,0.28025169275169276,0.453125,0.8125,20
B,StaticGCN,4,2624,thu_pm,0.0,1.0,0.38095238095238093,0.28025169275169276,0.453125,0.8125,20
B,StaticGCN,4,2625,thu_pm,0.0,0.9999998807907104,0.38095238095238093,0.2772213897213897,0.4375,0.8125,20
B,StaticGCN,4,2626,thu_pm,0.0,0.9999990463256836,0.3,0.28185795685795684,0.47058823529411764,0.8235294117647058,20
B,StaticGCN,4,2627,thu_pm,1.0,1.0,0.38095238095238093,0.4153540903540904,0.5625,0.8125,20
B,StaticGCN,4,2628,thu_pm,0.0,1.0,0.38095238095238093,0.40226648351648353,0.515625,0.8125,20
B,StaticGCN,4,2629,thu_pm,0.0,1.0,0.38095238095238093,0.40226648351648353,0.515625,0.8125,20
B,StaticGCN,4,2630,thu_pm,0.0,0.9999988079071045,0.38095238095238093,0.40782203907203907,0.53125,0.8125,20
B,StaticGCN,4,2631,thu_pm,0.0,0.1305939108133316,0.3157894736842105,0.28417277167277166,0.48039215686274506,0.7647058823529411,20
B,StaticGCN,4,2632,thu_pm,1.0,0.20811855792999268,0.3157894736842105,0.2686750545206428,0.3984375,0.75,20
B,StaticGCN,4,2633,thu_pm,0.0,1.0,0.3,0.2612300689506572,0.359375,0.8125,20
B,StaticGCN,4,2634,thu_pm,0.0,0.999998927116394,0.3,0.2629661800617683,0.3671875,0.8125,20
B,StaticGCN,4,2635,thu_pm,0.0,0.3189704716205597,0.3157894736842105,0.26612552072110895,0.3828125,0.75,20
B,StaticGCN,4,2636,thu_pm,1.0,0.4023851752281189,0.2222222222222222,0.2629661800617683,0.3671875,0.75,20
B,StaticGCN,4,2637,thu_pm,0.0,0.21033485233783722,0.23529411764705882,0.2709071973777856,0.40625,0.6875,20
B,StaticGCN,4,2638,thu_pm,0.0,0.18716923892498016,0.23529411764705882,0.2709071973777856,0.40625,0.6875,20
B,StaticGCN,4,2639,thu_pm,0.0,0.20551228523254395,0.23529411764705882,0.27391986077647845,0.421875,0.6875,20
B,StaticGCN,4,2640,thu_pm,0.0,0.1669270396232605,0.25,0.28098359973359976,0.453125,0.625,20
B,StaticGCN,4,2641,thu_pm,0.0,0.2017839401960373,0.26666666666666666,0.29515692640692637,0.5078125,0.5625,20
B,StaticGCN,4,2642,thu_pm,0.0,0.15795888006687164,0.15384615384615385,0.3027694527694528,0.5588235294117647,0.5294117647058824,20
B,StaticGCN,4,2643,thu_pm,0.0,0.254620760679245,0.16666666666666666,0.31320716320716324,0.5882352941176471,0.47058823529411764,20
B,StaticGCN,4,2644,thu_pm,0.0,0.19035100936889648,0.18181818181818182,0.33244301994301995,0.6372549019607843,0.4117647058823529,20
B,StaticGCN,4,2645,thu_pm,0.0,0.23743562400341034,0.2,0.34004884004884006,0.6568627450980392,0.35294117647058826,20
B,StaticGCN,4,2646,thu_pm,0.0,0.252981960773468,0.2222222222222222,0.34996947496947495,0.6764705882352942,0.29411764705882354,20
B,StaticGCN,4,2647,thu_pm,0.0,0.24535347521305084,0.0,0.10096153846153846,0.5555555555555556,0.2777777777777778,20
B,StaticGCN,4,2648,thu_pm,0.0,0.14988304674625397,0.0,0.1143939393939394,0.6111111111111112,0.2222222222222222,20
B,StaticGCN,4,2649,thu_pm,0.0,0.21206288039684296,0.0,0.1268939393939394,0.6388888888888888,0.16666666666666666,20
B,StaticGCN,4,2650,thu_pm,0.0,0.223749577999115,0.0,0.1477272727272727,0.6666666666666666,0.1111111111111111,20
B,StaticGCN,4,2651,thu_pm,0.0,0.3454056680202484,0.0,0.14262820512820512,0.6388888888888888,0.1111111111111111,20
B,StaticGCN,4,2652,thu_pm,0.0,0.24342788755893707,0.0,0.16666666666666666,0.8947368421052632,0.10526315789473684,20
B,StaticGCN,4,2653,thu_pm,0.0,0.2768499255180359,0.0,0.25,0.9473684210526316,0.05263157894736842,20
B,StaticGCN,4,2654,thu_pm,0.0,0.218299001455307,0.0,1.0,1.0,0.0,20
B,StaticGCN,4,2655,thu_pm,0.0,0.24280725419521332,0.0,1.0,1.0,0.0,20
B,StaticGCN,4,2656,thu_pm,0.0,0.2275746613740921,0.0,0.5,,0.0,20
B,StaticGCN,4,2657,thu_pm,0.0,0.21085679531097412,0.0,0.5,,0.0,20
B,StaticGCN,4,2658,thu_pm,0.0,0.16859151422977448,0.0,0.5,,0.0,20
B,StaticGCN,4,2659,thu_pm,0.0,0.1775665581226349,0.0,0.5,,0.0,20
B,StaticGCN,4,2660,thu_pm,0.0,0.28905221819877625,0.0,0.5,,0.0,20
B,StaticGCN,4,2661,thu_pm,0.0,0.30294668674468994,0.0,0.5,,0.0,20
B,StaticGCN,4,2662,thu_pm,0.0,0.281127005815506,0.0,0.5,,0.0,20
B,StaticGCN,4,2663,thu_pm,0.0,0.4331955313682556,0.0,0.5,,0.0,20
B,StaticGCN,4,2664,thu_pm,0.0,0.28175708651542664,0.0,0.5,,0.0,20
B,StaticGCN,4,2665,thu_pm,0.0,0.16283349692821503,0.0,0.5,,0.0,20
B,StaticGCN,4,2666,thu_pm,0.0,0.1629515439271927,0.0,0.5,,0.0,20
B,StaticGCN,4,2667,thu_pm,0.0,0.17224906384944916,0.0,0.5,,0.0,20
B,StaticGCN,4,2668,thu_pm,0.0,0.19968965649604797,0.0,0.5,,0.0,20
B,StaticGCN,4,2669,thu_pm,0.0,0.13981197774410248,0.0,0.5,,0.0,20
B,StaticGCN,4,2670,thu_pm,0.0,0.17069284617900848,0.0,0.5,,0.0,20
B,StaticGCN,4,2671,thu_pm,0.0,0.13887478411197662,0.0,0.5,,0.0,20
B,StaticGCN,4,2672,thu_pm,0.0,0.20315448939800262,0.0,0.5,,0.0,20
B,StaticGCN,4,2673,thu_pm,0.0,0.2126302272081375,0.0,0.5,,0.0,20
B,StaticGCN,4,2674,thu_pm,0.0,0.1743304282426834,0.0,0.5,,0.0,20
B,StaticGCN,4,2675,thu_pm,0.0,0.18071164190769196,0.0,0.5,,0.0,20
B,StaticGCN,4,2676,thu_pm,0.0,0.2762466073036194,0.0,0.5,,0.0,20
B,StaticGCN,4,2677,thu_pm,0.0,0.21170175075531006,0.0,0.5,,0.0,20
B,StaticGCN,4,2678,thu_pm,0.0,0.19918295741081238,0.0,0.5,,0.0,20
B,StaticGCN,4,2679,thu_pm,0.0,0.2911798655986786,0.0,0.5,,0.0,20
B,StaticGCN,4,2680,thu_pm,0.0,0.17216840386390686,0.0,0.5,,0.0,20
B,StaticGCN,4,2681,thu_pm,0.0,0.23766781389713287,0.0,0.5,,0.0,20
B,StaticGCN,4,2682,thu_pm,0.0,0.15701882541179657,0.0,0.5,,0.0,20
B,StaticGCN,4,2683,thu_pm,0.0,0.2155763804912567,0.0,0.5,,0.0,20
B,StaticGCN,4,2684,thu_pm,0.0,0.20824089646339417,0.0,0.5,,0.0,20
B,StaticGCN,4,2685,thu_pm,0.0,0.15460456907749176,0.0,0.5,,0.0,20
B,StaticGCN,4,2686,thu_pm,0.0,0.17416974902153015,0.0,0.5,,0.0,20
B,StaticGCN,4,2687,thu_pm,0.0,0.5250331163406372,0.0,0.5,,0.05,20
B,StaticGCN,4,2688,thu_pm,0.0,0.2904812693595886,0.0,0.5,,0.05,20
B,StaticGCN,4,2689,thu_pm,0.0,0.16974249482154846,0.0,0.5,,0.05,20
B,StaticGCN,4,2690,thu_pm,0.0,0.19882240891456604,0.0,0.5,,0.05,20
B,StaticGCN,4,2691,thu_pm,0.0,0.2666488289833069,0.0,0.5,,0.05,20
B,StaticGCN,4,2692,thu_pm,0.0,0.195040762424469,0.0,0.5,,0.05,20
B,StaticGCN,4,2693,thu_pm,0.0,0.19325189292430878,0.0,0.5,,0.05,20
B,StaticGCN,4,2694,thu_pm,0.0,0.2297149896621704,0.0,0.5,,0.05,20
B,StaticGCN,4,2695,thu_pm,0.0,0.21421918272972107,0.0,0.5,,0.05,20
B,StaticGCN,4,2696,thu_pm,0.0,0.3688403367996216,0.0,0.5,,0.05,20
B,StaticGCN,5,3055,fri_am,0.0,0.08184932917356491,0.0,0.5,,0.05,20
B,StaticGCN,5,3056,fri_am,0.0,0.08207245916128159,0.0,0.5,,0.05,20
B,StaticGCN,5,3057,fri_am,0.0,0.24893216788768768,0.0,0.5,,0.05,20
B,StaticGCN,5,3058,fri_am,0.0,0.08775411546230316,0.0,0.5,,0.05,20
B,StaticGCN,5,3059,fri_am,0.0,0.045457251369953156,0.0,0.5,,0.05,20
B,StaticGCN,5,3060,fri_am,0.0,0.2971477806568146,0.0,0.5,,0.05,20
B,StaticGCN,5,3061,fri_am,0.0,0.16176635026931763,0.0,0.5,,0.05,20
B,StaticGCN,5,3062,fri_am,0.0,0.12172170728445053,0.0,0.5,,0.05,20
B,StaticGCN,5,3063,fri_am,0.0,0.06597167998552322,0.0,0.5,,0.05,20
B,StaticGCN,5,3064,fri_am,0.0,0.07701581716537476,0.0,0.5,,0.05,20
B,StaticGCN,5,3065,fri_am,0.0,0.12067622691392899,0.0,0.5,,0.0,20
B,StaticGCN,5,3066,fri_am,0.0,0.09314436465501785,0.0,0.5,,0.0,20
B,StaticGCN,5,3067,fri_am,0.0,0.034962065517902374,0.0,0.5,,0.0,20
B,StaticGCN,5,3068,fri_am,0.0,0.2139725685119629,0.0,0.5,,0.0,20
B,StaticGCN,5,3069,fri_am,0.0,0.03329043835401535,0.0,0.5,,0.0,20
B,StaticGCN,5,3070,fri_am,0.0,0.2983996868133545,0.0,0.5,,0.0,20
B,StaticGCN,5,3071,fri_am,0.0,0.24207507073879242,0.0,0.5,,0.0,20
B,StaticGCN,5,3072,fri_am,0.0,0.1962795853614807,0.0,0.5,,0.0,20
B,StaticGCN,5,3073,fri_am,0.0,0.05586118996143341,0.0,0.5,,0.0,20
B,StaticGCN,5,3074,fri_am,0.0,0.14210805296897888,0.0,0.5,,0.0,20
B,StaticGCN,5,3075,fri_am,0.0,0.11956615000963211,0.0,0.5,,0.0,20
B,StaticGCN,5,3076,fri_am,0.0,0.20620135962963104,0.0,0.5,,0.0,20
B,StaticGCN,5,3077,fri_am,0.0,0.11535689979791641,0.0,0.5,,0.0,20
B,StaticGCN,5,3078,fri_am,1.0,0.11990788578987122,0.0,0.045454545454545456,0.4736842105263158,0.0,20
B,StaticGCN,5,3079,fri_am,1.0,0.06853938102722168,0.0,0.0706439393939394,0.3333333333333333,0.0,20
B,StaticGCN,5,3080,fri_am,0.0,0.2425895780324936,0.0,0.0706439393939394,0.3333333333333333,0.0,20
B,StaticGCN,5,3081,fri_am,0.0,0.4487465023994446,0.0,0.0706439393939394,0.3333333333333333,0.0,20
B,StaticGCN,5,3082,fri_am,0.0,0.14685365557670593,0.0,0.0706439393939394,0.3333333333333333,0.0,20
B,StaticGCN,5,3083,fri_am,0.0,0.19509221613407135,0.0,0.06587009803921569,0.27777777777777773,0.0,20
B,StaticGCN,5,3084,fri_am,0.0,0.18566280603408813,0.0,0.06426753393665158,0.25,0.0,20
B,StaticGCN,5,3085,fri_am,0.0,0.09087743610143661,0.0,0.06587009803921569,0.27777777777777773,0.0,20
B,StaticGCN,5,3086,fri_am,0.0,0.2133270800113678,0.0,0.06426753393665158,0.25,0.0,20
B,StaticGCN,5,3087,fri_am,0.0,0.23944824934005737,0.0,0.06034080298786181,0.19444444444444448,0.0,20
B,StaticGCN,5,3088,fri_am,0.0,0.08712436258792877,0.0,0.06171442936148819,0.22222222222222227,0.0,20
B,StaticGCN,5,3089,fri_am,0.0,0.1229821965098381,0.0,0.05806182121971595,0.16666666666666669,0.0,20
B,StaticGCN,5,3090,fri_am,0.0,0.19054241478443146,0.0,0.05806182121971595,0.16666666666666669,0.0,20
B,StaticGCN,5,3091,fri_am,0.0,0.25928816199302673,0.0,0.05806182121971595,0.16666666666666669,0.0,20
B,StaticGCN,5,3092,fri_am,0.0,0.21111705899238586,0.0,0.05806182121971595,0.16666666666666669,0.0,20
B,StaticGCN,5,3093,fri_am,0.0,0.16082973778247833,0.0,0.054824561403508776,0.1111111111111111,0.0,20
B,StaticGCN,5,3094,fri_am,0.0,0.23868314921855927,0.0,0.054824561403508776,0.1111111111111111,0.0,20
B,StaticGCN,5,3095,fri_am,0.0,0.18983639776706696,0.0,0.053782894736842106,0.08333333333333331,0.0,20
B,StaticGCN,5,3096,fri_am,0.0,0.2082185298204422,0.0,0.053782894736842106,0.08333333333333331,0.0,20
B,StaticGCN,5,3097,fri_am,0.0,0.2507130801677704,0.0,0.05286377708978328,0.05555555555555558,0.0,20
B,StaticGCN,5,3098,fri_am,0.0,0.10531977564096451,0.0,0.025,0.0,0.0,20
B,StaticGCN,5,3099,fri_am,0.0,0.20690211653709412,0.0,0.5,,0.0,20
B,StaticGCN,5,3100,fri_am,0.0,0.199886292219162,0.0,0.5,,0.0,20
B,StaticGCN,5,3101,fri_am,0.0,0.1572631150484085,0.0,0.5,,0.0,20
B,StaticGCN,5,3102,fri_am,0.0,0.17405307292938232,0.0,0.5,,0.0,20
B,StaticGCN,5,3103,fri_am,0.0,0.2168141007423401,0.0,0.5,,0.0,20
B,StaticGCN,5,3104,fri_am,0.0,0.15232552587985992,0.0,0.5,,0.0,20
B,StaticGCN,5,3105,fri_am,0.0,0.13749146461486816,0.0,0.5,,0.0,20
B,StaticGCN,5,3106,fri_am,0.0,0.14500199258327484,0.0,0.5,,0.0,20
B,StaticGCN,5,3107,fri_am,0.0,0.15930487215518951,0.0,0.5,,0.0,20
B,StaticGCN,5,3108,fri_am,0.0,0.12106305360794067,0.0,0.5,,0.0,20
B,StaticGCN,5,3109,fri_am,0.0,0.1930791139602661,0.0,0.5,,0.0,20
B,StaticGCN,5,3110,fri_am,1.0,0.2283991426229477,0.0,0.125,0.8421052631578947,0.0,20
B,StaticGCN,5,3111,fri_am,1.0,0.2205987274646759,0.0,0.29166666666666663,0.8888888888888888,0.0,20
B,StaticGCN,5,3112,fri_am,1.0,0.18343456089496613,0.0,0.2732323232323232,0.7647058823529411,0.0,20
B,StaticGCN,5,3113,fri_am,1.0,0.19983668625354767,0.0,0.29450757575757575,0.71875,0.0,20
B,StaticGCN,5,3114,fri_am,1.0,0.14701645076274872,0.0,0.3570183982683982,0.6666666666666667,0.0,20
B,StaticGCN,5,3115,fri_am,1.0,0.1536794900894165,0.0,0.369490231990232,0.6190476190476191,0.0,20
B,StaticGCN,5,3116,fri_am,1.0,0.18549472093582153,0.0,0.41736765218908073,0.6373626373626373,0.0,20
B,StaticGCN,5,3117,fri_am,1.0,0.19416576623916626,0.0,0.6319215506715506,0.6979166666666667,0.0,20
B,StaticGCN,5,3118,fri_am,1.0,0.2552293539047241,0.0,0.7068067462675305,0.7070707070707071,0.0,20
B,StaticGCN,5,3119,fri_am,1.0,0.22594381868839264,0.0,0.7980670677361854,0.77,0.0,20
B,StaticGCN,5,3120,fri_am,1.0,0.1690060943365097,0.0,0.8403736563495923,0.797979797979798,0.0,20
B,StaticGCN,5,3121,fri_am,1.0,0.11840841174125671,0.0,0.826931052013289,0.7291666666666667,0.0,20
B,StaticGCN,5,3122,fri_am,1.0,0.2580423057079315,0.0,0.8688442742592539,0.7582417582417582,0.0,20
B,StaticGCN,5,3123,fri_am,1.0,0.19026273488998413,0.0,0.9245583390085268,0.8214285714285714,0.0,20
B,StaticGCN,5,3124,fri_am,1.0,0.3608699440956116,0.0,0.9405266419740104,0.8266666666666667,0.0,20
B,StaticGCN,5,3125,fri_am,1.0,0.2557055652141571,0.0,0.9504604286966903,0.8125,0.0,20
B,StaticGCN,5,3126,fri_am,1.0,0.2410183995962143,0.0,0.9588163033368826,0.7843137254901961,0.0,20
B,StaticGCN,5,3127,fri_am,1.0,0.22743794322013855,0.0,0.9717545628987838,0.7777777777777778,0.0,20
B,StaticGCN,5,3128,fri_am,1.0,0.18824298679828644,0.0,0.9730949660210697,0.5789473684210527,0.0,20
B,StaticGCN,5,3129,fri_am,1.0,0.12801554799079895,0.0,1.0000000000000002,,0.0,20
B,StaticGCN,5,3130,fri_am,0.0,0.23814262449741364,0.0,0.9365224741854201,0.2631578947368421,0.0,20
B,StaticGCN,5,3131,fri_am,1.0,0.3111453354358673,0.0,0.9446678375939412,0.3157894736842105,0.0,20
B,StaticGCN,5,3132,fri_am,0.0,0.2222641408443451,0.0,0.9089151703702788,0.38888888888888884,0.0,20
B,StaticGCN,5,3133,fri_am,0.0,0.19359730184078217,0.0,0.8837364614886924,0.4509803921568628,0.0,20
B,StaticGCN,5,3134,fri_am,1.0,0.12680259346961975,0.0,0.8837364614886924,0.4509803921568628,0.0,20
B,StaticGCN,5,3135,fri_am,1.0,0.15892724692821503,0.0,0.8837364614886924,0.4509803921568628,0.0,20
B,StaticGCN,5,3136,fri_am,1.0,0.2359982281923294,0.0,0.8926479748119704,0.4901960784313726,0.0,20
B,StaticGCN,5,3137,fri_am,1.0,0.13753560185432434,0.0,0.8887572576859593,0.47058823529411764,0.0,20
B,StaticGCN,5,3138,fri_am,1.0,0.1823383867740631,0.0,0.8704884350053719,0.411764705882353,0.0,20
B,StaticGCN,5,3139,fri_am,1.0,0.18175630271434784,0.0,0.86058795966372,0.37254901960784315,0.0,20
B,StaticGCN,5,3140,fri_am,1.0,0.12207779288291931,0.0,0.86058795966372,0.37254901960784315,0.0,20
B,StaticGCN,5,3141,fri_am,1.0,0.1613810956478119,0.0,0.86058795966372,0.37254901960784315,0.0,20
B,StaticGCN,5,3142,fri_am,1.0,0.1319015771150589,0.0,0.839054346218342,0.3137254901960785,0.0,20
B,StaticGCN,5,3143,fri_am,1.0,0.19276858866214752,0.0,0.839054346218342,0.3137254901960785,0.0,20
B,StaticGCN,5,3144,fri_am,1.0,0.5278096199035645,0.1111111111111111,0.839054346218342,0.3137254901960785,0.0,20
B,StaticGCN,5,3145,fri_am,1.0,0.19322919845581055,0.1111111111111111,0.8140893602239441,0.25490196078431376,0.0,20
B,StaticGCN,5,3146,fri_am,1.0,0.14032812416553497,0.1111111111111111,0.7840823574228236,0.19607843137254904,0.0,20
B,StaticGCN,5,3147,fri_am,1.0,0.190119206905365,0.1111111111111111,0.7700067271707228,0.15686274509803924,0.0,20
B,StaticGCN,5,3148,fri_am,1.0,0.17492082715034485,0.1111111111111111,0.7700067271707228,0.15686274509803924,0.0,20
B,StaticGCN,5,3149,fri_am,1.0,0.20424838364124298,0.1111111111111111,0.7757490240894903,0.17647058823529413,0.0,20
B,StaticGCN,5,3150,fri_am,1.0,0.2433663159608841,0.10526315789473684,0.8730024719575804,0.25,0.0,20
B,StaticGCN,5,3151,fri_am,1.0,0.13563841581344604,0.10526315789473684,0.8534918899469983,0.19444444444444442,0.0,20
B,StaticGCN,5,3152,fri_am,1.0,0.19281654059886932,0.1,0.9268733513784024,0.21052631578947367,0.0,20
B,StaticGCN,5,3153,fri_am,1.0,0.3056812286376953,0.09523809523809523,1.0000000000000002,,0.0,20
B,StaticGCN,5,3154,fri_am,1.0,0.2728629410266876,0.09523809523809523,1.0000000000000002,,0.0,20
B,StaticGCN,5,3155,fri_am,1.0,0.25019216537475586,0.09523809523809523,1.0000000000000002,,0.0,20
B,StaticGCN,5,3156,fri_am,1.0,0.14762280881404877,0.09523809523809523,1.0000000000000002,,0.0,20
B,StaticGCN,5,3157,fri_am,1.0,0.17805956304073334,0.09523809523809523,1.0000000000000002,,0.0,20
B,StaticGCN,5,3158,fri_am,1.0,0.16073955595493317,0.09523809523809523,1.0000000000000002,,0.0,20
B,StaticGCN,5,3159,fri_am,1.0,0.2073291391134262,0.09523809523809523,1.0000000000000002,,0.0,20
B,StaticGCN,5,3160,fri_am,1.0,0.18342988193035126,0.09523809523809523,1.0000000000000002,,0.0,20
B,StaticGCN,5,3161,fri_am,1.0,0.23022033274173737,0.09523809523809523,1.0000000000000002,,0.0,20
B,StaticGCN,5,3162,fri_am,1.0,0.1717940717935562,0.09523809523809523,1.0000000000000002,,0.0,20
B,StaticGCN,5,3163,fri_am,1.0,0.14314624667167664,0.09523809523809523,1.0000000000000002,,0.0,20
B,StaticGCN,5,3164,fri_am,1.0,0.19249868392944336,0.0,1.0000000000000002,,0.0,20
B,StaticGCN,5,3165,fri_am,1.0,0.05704221501946449,0.0,1.0000000000000002,,0.0,20
B,StaticGCN,5,3166,fri_am,1.0,0.18064773082733154,0.0,1.0000000000000002,,0.0,20
B,StaticGCN,5,3167,fri_am,1.0,0.14500239491462708,0.0,1.0000000000000002,,0.0,20
B,StaticGCN,5,3168,fri_am,1.0,0.19573882222175598,0.0,1.0000000000000002,,0.0,20
B,StaticGCN,5,3169,fri_am,1.0,0.15912184119224548,0.0,1.0000000000000002,,0.0,20
B,StaticGCN,5,3170,fri_am,1.0,0.2387353926897049,0.0,1.0000000000000002,,0.0,20
B,StaticGCN,5,3171,fri_am,1.0,0.22002223134040833,0.0,1.0000000000000002,,0.0,20
B,StaticGCN,5,3172,fri_am,1.0,0.2838488519191742,0.0,1.0000000000000002,,0.0,20
B,StaticGCN,5,3173,fri_am,1.0,0.1423272341489792,0.0,1.0000000000000002,,0.0,20
B,StaticGCN,5,3174,fri_am,1.0,0.30278512835502625,0.0,1.0000000000000002,,0.0,20
B,StaticGCN,5,3175,fri_am,0.0,0.11403395980596542,0.0,0.997299168975069,0.9473684210526315,0.0,20
B,StaticGCN,5,3176,fri_am,1.0,0.3622843325138092,0.0,0.997299168975069,0.9473684210526315,0.0,20
B,StaticGCN,5,3177,fri_am,1.0,0.16112592816352844,0.0,0.997299168975069,0.9473684210526315,0.0,20
B,StaticGCN,5,3178,fri_am,1.0,0.31381362676620483,0.0,0.997299168975069,0.9473684210526315,0.0,20
B,StaticGCN,5,3179,fri_am,1.0,0.22116705775260925,0.0,0.997299168975069,0.9473684210526315,0.0,20
B,StaticGCN,5,3180,fri_am,1.0,0.21213315427303314,0.0,0.997299168975069,0.9473684210526315,0.0,20
B,StaticGCN,5,3181,fri_am,1.0,0.3237330913543701,0.0,0.997299168975069,0.9473684210526315,0.0,20
B,StaticGCN,5,3182,fri_am,1.0,0.3579784035682678,0.0,0.997299168975069,0.9473684210526315,0.0,20
B,StaticGCN,5,3183,fri_am,1.0,0.21422138810157776,0.0,0.997299168975069,0.9473684210526315,0.0,20
B,StaticGCN,5,3184,fri_am,1.0,0.3178197741508484,0.0,0.997299168975069,0.9473684210526315,0.0,20
B,StaticGCN,5,3185,fri_am,1.0,0.2856215834617615,0.0,0.9999999999999998,1.0,0.0,20
B,StaticGCN,5,3186,fri_am,1.0,0.29642561078071594,0.0,0.9999999999999998,1.0,0.0,20
B,StaticGCN,5,3187,fri_am,0.0,0.29478156566619873,0.0,0.9518851819548415,0.6944444444444444,0.0,20
B,StaticGCN,5,3188,fri_am,1.0,0.21644937992095947,0.0,0.9518851819548415,0.6944444444444444,0.0,20
B,StaticGCN,5,3189,fri_am,1.0,0.4436202049255371,0.0,0.9584438239301503,0.7222222222222222,0.0,20
B,StaticGCN,5,3190,fri_am,1.0,0.25691062211990356,0.0,0.9584438239301503,0.7222222222222222,0.0,20
B,StaticGCN,5,3191,fri_am,1.0,0.29048600792884827,0.0,0.9584438239301503,0.7222222222222222,0.0,20
B,StaticGCN,5,3192,fri_am,1.0,0.30925750732421875,0.0,0.9643080214610145,0.75,0.0,20
B,StaticGCN,5,3193,fri_am,1.0,0.2529204785823822,0.0,0.9643080214610145,0.75,0.0,20
B,StaticGCN,5,3194,fri_am,1.0,0.2994716763496399,0.0,0.9643080214610145,0.75,0.0,20
B,StaticGCN,5,3195,fri_am,0.0,0.2708643674850464,0.0,0.9419605200822952,0.5555555555555556,0.0,20
B,StaticGCN,5,3196,fri_am,0.0,0.3444260358810425,0.0,0.8373470665698857,0.3921568627450981,0.0,20
B,StaticGCN,5,3197,fri_am,0.0,0.3431817889213562,0.0,0.764338465112459,0.34375,0.0,20
B,StaticGCN,5,3198,fri_am,1.0,0.2238822877407074,0.0,0.7561152647017585,0.3125,0.0,20
B,StaticGCN,5,3199,fri_am,0.0,0.2547417879104614,0.0,0.739079380944706,0.39999999999999997,0.0,20
B,StaticGCN,5,3200,fri_am,1.0,0.21361896395683289,0.0,0.739079380944706,0.39999999999999997,0.0,20
B,StaticGCN,5,3201,fri_am,0.0,0.16417303681373596,0.0,0.7253235802356766,0.4880952380952381,0.0,20
B,StaticGCN,5,3202,fri_am,1.0,0.2467324137687683,0.0,0.6694571252620788,0.4285714285714286,0.0,20
B,StaticGCN,5,3203,fri_am,0.0,0.2780298888683319,0.0,0.6450420669669301,0.46153846153846156,0.0,20
B,StaticGCN,5,3204,fri_am,1.0,0.2504858076572418,0.0,0.625379357881144,0.4175824175824176,0.0,20
B,StaticGCN,5,3205,fri_am,1.0,0.20475560426712036,0.0,0.6124355708988956,0.38461538461538464,0.0,20
B,StaticGCN,5,3206,fri_am,1.0,0.3128969073295593,0.0,0.6124355708988956,0.38461538461538464,0.0,20
B,StaticGCN,5,3207,fri_am,1.0,0.41394704580307007,0.0,0.7089096370360191,0.44047619047619047,0.0,20
B,StaticGCN,5,3208,fri_am,0.0,0.26806139945983887,0.0,0.6839874164892026,0.46153846153846156,0.0,20
B,StaticGCN,5,3209,fri_am,1.0,0.21818695962429047,0.0,0.6195326404959651,0.39560439560439564,0.0,20
B,StaticGCN,5,3210,fri_am,1.0,0.284341961145401,0.0,0.6356415316048563,0.4285714285714286,0.0,20
B,StaticGCN,5,3211,fri_am,1.0,0.23485799133777618,0.0,0.6160361369994616,0.3846153846153847,0.0,20
B,StaticGCN,5,3212,fri_am,1.0,0.18656331300735474,0.0,0.5957897167530413,0.3406593406593407,0.0,20
B,StaticGCN,5,3213,fri_am,1.0,0.20689155161380768,0.0,0.5957897167530413,0.3406593406593407,0.0,20
B,StaticGCN,5,3214,fri_am,1.0,0.23116225004196167,0.0,0.5752768962402208,0.29670329670329676,0.0,20
B,StaticGCN,5,3215,fri_am,0.0,0.22009630501270294,0.0,0.5924335643584273,0.3516483516483517,0.0,20
B,StaticGCN,5,3216,fri_am,1.0,0.2613772451877594,0.0,0.6681601087864909,0.40476190476190477,0.0,20
B,StaticGCN,5,3217,fri_am,1.0,0.31855443120002747,0.0,0.8006151774495427,0.5066666666666666,0.0,20
B,StaticGCN,5,3218,fri_am,1.0,0.2458043396472931,0.0,0.8006151774495427,0.5066666666666666,0.0,20
B,StaticGCN,5,3219,fri_am,1.0,0.23746062815189362,0.0,0.8458288387201893,0.546875,0.0,20
B,StaticGCN,5,3220,fri_am,1.0,0.3273698687553406,0.0,0.868848527364878,0.59375,0.0,20
B,StaticGCN,5,3221,fri_am,1.0,0.27347955107688904,0.0,0.8774340629068821,0.47058823529411764,0.0,20
B,StaticGCN,5,3222,fri_am,1.0,0.2678716480731964,0.0,0.8774340629068821,0.47058823529411764,0.0,20
B,StaticGCN,5,3223,fri_am,0.0,0.16229240596294403,0.0,0.9313249479430503,0.7058823529411765,0.0,20
B,StaticGCN,5,3224,fri_am,0.0,0.2663693130016327,0.0,0.8919760075236082,0.640625,0.0,20
B,StaticGCN,5,3225,fri_am,1.0,0.2646356523036957,0.0,0.8954544301426557,0.65625,0.0,20
B,StaticGCN,5,3226,fri_am,1.0,0.20647621154785156,0.0,0.8759169797458304,0.609375,0.0,20
B,StaticGCN,5,3227,fri_am,1.0,0.20094166696071625,0.0,0.8537157434820941,0.5625,0.0,20
B,StaticGCN,5,3228,fri_am,1.0,0.7037436962127686,0.1111111111111111,0.9275649824183789,0.6862745098039216,0.0,20
B,StaticGCN,5,3229,fri_am,1.0,0.3524087965488434,0.1111111111111111,0.9392030992035545,0.7254901960784313,0.0,20
B,StaticGCN,5,3230,fri_am,1.0,0.18881696462631226,0.1111111111111111,0.9275649824183789,0.6862745098039216,0.0,20
B,StaticGCN,5,3231,fri_am,1.0,0.28381118178367615,0.1111111111111111,0.9354431336788831,0.7058823529411765,0.0,20
B,StaticGCN,5,3232,fri_am,1.0,0.19830286502838135,0.1111111111111111,0.9354431336788831,0.7058823529411765,0.0,20
B,StaticGCN,5,3233,fri_am,1.0,0.22411461174488068,0.1111111111111111,0.9392030992035545,0.7254901960784313,0.0,20
B,StaticGCN,5,3234,fri_am,1.0,0.38635554909706116,0.1111111111111111,0.9461475436479989,0.7450980392156863,0.0,20
B,StaticGCN,5,3235,fri_am,1.0,0.6578782796859741,0.2,0.9643080214610145,0.75,0.0,20
B,StaticGCN,5,3236,fri_am,1.0,0.7702651619911194,0.2857142857142857,0.9696110517640446,0.7777777777777778,0.0,20
B,StaticGCN,5,3237,fri_am,1.0,0.9756573438644409,0.36363636363636365,0.9696110517640446,0.7777777777777778,0.0,20
B,StaticGCN,5,3238,fri_am,1.0,0.6294879913330078,0.43478260869565216,0.9744511191041121,0.8055555555555556,0.0,20
B,StaticGCN,5,3239,fri_am,1.0,0.9996100068092346,0.5,0.978902686055679,0.8333333333333333,0.0,20
B,StaticGCN,5,3666,fri_pm_scan,0.0,0.6042088866233826,0.5,0.9235518386993529,0.6666666666666667,0.3333333333333333,20
B,StaticGCN,5,3667,fri_pm_scan,1.0,0.44370412826538086,0.5,0.9235518386993529,0.6666666666666667,0.3333333333333333,20
B,StaticGCN,5,3668,fri_pm_scan,0.0,0.22277864813804626,0.5217391304347826,0.9080508181296688,0.6875,0.25,20
B,StaticGCN,5,3669,fri_pm_scan,0.0,0.3405851721763611,0.5217391304347826,0.8840940567430505,0.578125,0.25,20
B,StaticGCN,5,3670,fri_pm_scan,0.0,0.3812650740146637,0.5217391304347826,0.8746255738370676,0.546875,0.25,20
B,StaticGCN,5,3671,fri_pm_scan,0.0,0.41955333948135376,0.5454545454545454,0.8469599725752976,0.5466666666666666,0.2,20
B,StaticGCN,5,3672,fri_pm_scan,0.0,0.2843380272388458,0.5714285714285714,0.8392748945670772,0.5952380952380952,0.16666666666666666,20
B,StaticGCN,5,3673,fri_pm_scan,0.0,0.4337109327316284,0.6,0.8284506835679732,0.6263736263736264,0.14285714285714285,20
B,StaticGCN,5,3674,fri_pm_scan,0.0,0.3803606331348419,0.5555555555555556,0.7839949885712271,0.59375,0.125,20
B,StaticGCN,5,3675,fri_pm_scan,0.0,0.27192750573158264,0.5882352941176471,0.7828417970058836,0.6262626262626262,0.1111111111111111,20
B,StaticGCN,5,3676,fri_pm_scan,0.0,0.24964864552021027,0.625,0.801737431814831,0.7,0.1,20
B,StaticGCN,5,3677,fri_pm_scan,0.0,0.35977378487586975,0.6666666666666666,0.8213558132804779,0.7474747474747474,0.09090909090909091,20
B,StaticGCN,5,3678,fri_pm_scan,0.0,0.2752637267112732,0.7142857142857143,0.8666927736006683,0.84375,0.08333333333333333,20
B,StaticGCN,5,3679,fri_pm_scan,0.0,0.36226150393486023,0.7692307692307693,0.9326530612244897,0.956043956043956,0.07692307692307693,20
B,StaticGCN,5,3680,fri_pm_scan,0.0,0.06523998826742172,0.8333333333333334,0.9742063492063491,0.9880952380952381,0.07142857142857142,20
B,StaticGCN,5,3681,fri_pm_scan,0.0,0.17890198528766632,0.8,0.9633333333333334,0.9866666666666667,0.06666666666666667,20
B,StaticGCN,5,3682,fri_pm_scan,0.0,0.09818871319293976,0.75,0.94375,0.984375,0.0625,20
B,StaticGCN,5,3683,fri_pm_scan,0.0,0.19739899039268494,0.6666666666666666,0.9027777777777777,0.9803921568627451,0.058823529411764705,20
B,StaticGCN,5,3684,fri_pm_scan,0.0,0.14012175798416138,0.5,0.7916666666666666,0.9722222222222222,0.05555555555555555,20
B,StaticGCN,5,3685,fri_pm_scan,0.0,0.2300257682800293,0.0,0.25,0.9473684210526316,0.05263157894736842,20
B,StaticGCN,5,3686,fri_pm_scan,0.0,0.10268883407115936,0.0,1.0,1.0,0.0,20
B,StaticGCN,5,3687,fri_pm_scan,0.0,0.06546904891729355,0.0,0.5,,0.0,20
B,StaticGCN,5,3688,fri_pm_scan,0.0,0.07387072592973709,0.0,0.5,,0.0,20
B,StaticGCN,5,3689,fri_pm_scan,0.0,0.16010047495365143,0.0,0.5,,0.0,20
B,StaticGCN,5,3690,fri_pm_scan,0.0,0.2014855593442917,0.0,0.5,,0.0,20
B,StaticGCN,5,3691,fri_pm_scan,0.0,0.23450130224227905,0.0,0.5,,0.0,20
B,StaticGCN,5,3692,fri_pm_scan,0.0,0.2701200246810913,0.0,0.5,,0.0,20
B,StaticGCN,5,3693,fri_pm_scan,0.0,0.1825982928276062,0.0,0.5,,0.0,20
B,StaticGCN,5,3694,fri_pm_scan,0.0,0.2637089192867279,0.0,0.5,,0.0,20
B,StaticGCN,5,3695,fri_pm_scan,0.0,0.48668208718299866,0.0,0.5,,0.0,20
B,StaticGCN,5,3696,fri_pm_scan,0.0,0.4379144310951233,0.0,0.5,,0.0,20
B,StaticGCN,5,3697,fri_pm_scan,0.0,0.4788934588432312,0.0,0.5,,0.0,20
B,StaticGCN,5,3698,fri_pm_scan,0.0,0.26089170575141907,0.0,0.5,,0.0,20
B,StaticGCN,5,3699,fri_pm_scan,0.0,0.2521972358226776,0.0,0.5,,0.0,20
B,StaticGCN,5,3700,fri_pm_scan,0.0,0.28974637389183044,0.0,0.5,,0.0,20
B,StaticGCN,5,3701,fri_pm_scan,1.0,0.38546222448349,0.0,0.125,0.8421052631578947,0.0,20
B,StaticGCN,5,3702,fri_pm_scan,0.0,0.28306636214256287,0.0,0.125,0.8421052631578947,0.0,20
B,StaticGCN,5,3703,fri_pm_scan,1.0,0.4137438237667084,0.0,0.225,0.8333333333333334,0.0,20
B,StaticGCN,5,3704,fri_pm_scan,1.0,0.5675731897354126,0.5,0.5916666666666667,0.8823529411764706,0.0,20
B,StaticGCN,5,3705,fri_pm_scan,1.0,0.27432993054389954,0.4,0.5461805555555556,0.828125,0.0,20
B,StaticGCN,5,3706,fri_pm_scan,1.0,0.39492446184158325,0.3333333333333333,0.5565873015873015,0.8133333333333335,0.0,20
B,StaticGCN,5,3707,fri_pm_scan,1.0,0.3290809094905853,0.2857142857142857,0.5719426406926407,0.7976190476190476,0.0,20
B,StaticGCN,5,3708,fri_pm_scan,1.0,0.49683111906051636,0.25,0.6848794063079777,0.8131868131868132,0.0,20
B,StaticGCN,5,3709,fri_pm_scan,0.0,0.3492121994495392,0.25,0.6687053026338741,0.7912087912087912,0.0,20
B,StaticGCN,5,3710,fri_pm_scan,0.0,0.29136452078819275,0.25,0.6632107971393686,0.7802197802197802,0.0,20
B,StaticGCN,5,3711,fri_pm_scan,0.0,0.21694040298461914,0.25,0.6632107971393686,0.7802197802197802,0.0,20
B,StaticGCN,5,3712,fri_pm_scan,0.0,0.2720126509666443,0.25,0.6632107971393686,0.7802197802197802,0.0,20
B,StaticGCN,5,3713,fri_pm_scan,0.0,0.25467124581336975,0.25,0.6632107971393686,0.7802197802197802,0.0,20
B,StaticGCN,5,3714,fri_pm_scan,0.0,0.16642506420612335,0.25,0.6632107971393686,0.7802197802197802,0.0,20
B,StaticGCN,5,3715,fri_pm_scan,0.0,0.2864016592502594,0.25,0.7143445839874412,0.8241758241758241,0.0,20
B,StaticGCN,5,3716,fri_pm_scan,0.0,0.17519141733646393,0.25,0.7930533751962323,0.8791208791208791,0.0,20
B,StaticGCN,5,3717,fri_pm_scan,0.0,0.23614585399627686,0.25,0.9156617192331478,0.9340659340659341,0.0,20
B,StaticGCN,5,3718,fri_pm_scan,0.0,0.2985246479511261,0.25,0.9092098377812663,0.9230769230769231,0.0,20
B,StaticGCN,5,3719,fri_pm_scan,1.0,0.278131902217865,0.2222222222222222,0.86492673992674,0.8645833333333333,0.0,20
B,StaticGCN,5,3720,fri_pm_scan,1.0,0.31483957171440125,0.2,0.88219881969882,0.8787878787878787,0.0,20
B,StaticGCN,5,3721,fri_pm_scan,1.0,0.34842270612716675,0.2,0.8618284493284496,0.8686868686868686,0.0,20
B,StaticGCN,5,3722,fri_pm_scan,0.0,0.37606051564216614,0.2,0.8238875322208656,0.8383838383838383,0.0,20
B,StaticGCN,5,3723,fri_pm_scan,0.0,0.3117118775844574,0.2222222222222222,0.7662660256410256,0.8125,0.0,20
B,StaticGCN,5,3724,fri_pm_scan,0.0,0.22235512733459473,0.0,0.6957590029018599,0.8021978021978022,0.0,20
B,StaticGCN,5,3725,fri_pm_scan,0.0,0.2007647007703781,0.0,0.7251803751803751,0.8571428571428571,0.0,20
B,StaticGCN,5,3726,fri_pm_scan,0.0,0.33208438754081726,0.0,0.5585064935064935,0.8,0.0,20
B,StaticGCN,5,3727,fri_pm_scan,0.0,0.239888995885849,0.0,0.5496212121212121,0.8125,0.0,20
B,StaticGCN,5,3728,fri_pm_scan,0.0,0.448628306388855,0.0,0.20934343434343433,0.7058823529411765,0.0,20
B,StaticGCN,5,3729,fri_pm_scan,0.0,0.25627514719963074,0.0,0.2509259259259259,0.7647058823529412,0.0,20
B,StaticGCN,5,3730,fri_pm_scan,0.0,0.4400330185890198,0.0,0.2175925925925926,0.7254901960784315,0.0,20
B,StaticGCN,5,3731,fri_pm_scan,0.0,0.20948249101638794,0.0,0.2175925925925926,0.7254901960784315,0.0,20
B,StaticGCN,5,3732,fri_pm_scan,0.0,0.22822658717632294,0.0,0.2175925925925926,0.7254901960784315,0.0,20
B,StaticGCN,5,3733,fri_pm_scan,0.0,0.29962560534477234,0.0,0.20934343434343433,0.7058823529411765,0.0,20
B,StaticGCN,5,3734,fri_pm_scan,0.0,0.17949962615966797,0.0,0.20934343434343433,0.7058823529411765,0.0,20
B,StaticGCN,5,3735,fri_pm_scan,0.0,0.29935142397880554,0.0,0.20934343434343433,0.7058823529411765,0.0,20
B,StaticGCN,5,3736,fri_pm_scan,0.0,0.287628173828125,0.0,0.20252525252525252,0.6862745098039216,0.0,20
B,StaticGCN,5,3737,fri_pm_scan,0.0,0.3020893931388855,0.0,0.1967948717948718,0.6666666666666666,0.0,20
B,StaticGCN,5,3738,fri_pm_scan,0.0,0.24792131781578064,0.0,0.20252525252525252,0.6862745098039216,0.0,20
B,StaticGCN,5,3739,fri_pm_scan,0.0,0.33212658762931824,0.0,0.17559523809523808,0.7777777777777778,0.0,20
B,StaticGCN,5,3740,fri_pm_scan,0.0,0.18052658438682556,0.0,0.125,0.8421052631578947,0.0,20
B,StaticGCN,5,3741,fri_pm_scan,0.0,0.2349749654531479,0.0,0.5,,0.0,20
B,StaticGCN,5,3742,fri_pm_scan,0.0,0.2921355664730072,0.0,0.5,,0.0,20
B,StaticGCN,5,3743,fri_pm_scan,0.0,0.21724729239940643,0.0,0.5,,0.0,20
B,StaticGCN,5,3744,fri_pm_scan,0.0,0.23642177879810333,0.0,0.5,,0.0,20
B,StaticGCN,5,3745,fri_pm_scan,0.0,0.714580237865448,0.0,0.5,,0.05,20
B,StaticGCN,5,3746,fri_pm_scan,0.0,0.2883773148059845,0.0,0.5,,0.05,20
B,StaticGCN,5,3747,fri_pm_scan,0.0,0.3710290789604187,0.0,0.5,,0.05,20
B,StaticGCN,5,3748,fri_pm_scan,0.0,0.26117390394210815,0.0,0.5,,0.05,20
B,StaticGCN,5,3749,fri_pm_scan,0.0,0.2721104323863983,0.0,0.5,,0.05,20
B,StaticGCN,5,3750,fri_pm_scan,0.0,0.27090051770210266,0.0,0.5,,0.05,20
B,StaticGCN,5,3751,fri_pm_scan,1.0,1.0,0.6666666666666666,1.0,1.0,0.05263157894736842,20
B,StaticGCN,5,3752,fri_pm_scan,1.0,1.0,0.8,1.0,1.0,0.05555555555555555,20
B,StaticGCN,5,3753,fri_pm_scan,1.0,1.0,0.8571428571428571,1.0,1.0,0.058823529411764705,20
B,StaticGCN,5,3754,fri_pm_scan,1.0,1.0,0.8888888888888888,1.0,1.0,0.0625,20
B,StaticGCN,5,3755,fri_pm_scan,1.0,1.0,0.9090909090909091,1.0,1.0,0.06666666666666667,20
B,StaticGCN,5,3756,fri_pm_scan,1.0,1.0,0.9230769230769231,1.0,1.0,0.07142857142857142,20
B,StaticGCN,5,3757,fri_pm_scan,1.0,1.0,0.9333333333333333,1.0,1.0,0.07692307692307693,20
B,StaticGCN,5,3758,fri_pm_scan,1.0,1.0,0.9411764705882353,1.0,1.0,0.08333333333333333,20
B,StaticGCN,5,3759,fri_pm_scan,1.0,1.0,0.9473684210526315,1.0,1.0,0.09090909090909091,20
B,StaticGCN,5,3760,fri_pm_scan,1.0,1.0,0.9523809523809523,1.0,1.0,0.1,20
B,StaticGCN,5,3761,fri_pm_scan,1.0,1.0,0.9565217391304348,1.0,1.0,0.1111111111111111,20
B,StaticGCN,5,3762,fri_pm_scan,1.0,1.0,0.96,1.0,1.0,0.125,20
B,StaticGCN,5,3763,fri_pm_scan,1.0,1.0,0.9629629629629629,1.0,1.0,0.14285714285714285,20
B,StaticGCN,5,3764,fri_pm_scan,1.0,1.0,0.9655172413793104,1.0,1.0,0.16666666666666666,20
B,StaticGCN,5,3765,fri_pm_scan,1.0,1.0,1.0,1.0,1.0,0.0,20
B,StaticGCN,5,3766,fri_pm_scan,1.0,1.0,1.0,1.0,1.0,0.0,20
B,StaticGCN,5,3767,fri_pm_scan,1.0,1.0,1.0,1.0,1.0,0.0,20
B,StaticGCN,5,3768,fri_pm_scan,1.0,1.0,1.0,1.0,1.0,0.0,20
B,StaticGCN,5,3769,fri_pm_scan,1.0,1.0,1.0,1.0,1.0,0.0,20
B,StaticGCN,5,3770,fri_pm_scan,1.0,1.0,1.0,1.0,,0.0,20
B,StaticGCN,5,3771,fri_pm_scan,1.0,1.0,1.0,1.0,,0.0,20
B,StaticGCN,5,3772,fri_pm_scan,1.0,1.0,1.0,1.0,,0.0,20
B,StaticGCN,5,3773,fri_pm_scan,1.0,1.0,1.0,1.0,,0.0,20
B,StaticGCN,5,3774,fri_pm_scan,1.0,1.0,1.0,1.0,,0.0,20
B,StaticGCN,5,3775,fri_pm_scan,1.0,1.0,1.0,1.0,,0.0,20
B,StaticGCN,5,3776,fri_pm_scan,1.0,1.0,1.0,1.0,,0.0,20
B,StaticGCN,5,3777,fri_pm_scan,1.0,1.0,1.0,1.0,,0.0,20
B,StaticGCN,5,3778,fri_pm_scan,1.0,1.0,1.0,1.0,,0.0,20
B,StaticGCN,5,3779,fri_pm_scan,1.0,1.0,1.0,1.0,,0.0,20
B,StaticGCN,5,3780,fri_pm_scan,1.0,1.0,1.0,1.0,,0.0,20
B,StaticGCN,5,3781,fri_pm_scan,1.0,1.0,1.0,1.0,,0.0,20
B,StaticGCN,5,3782,fri_pm_scan,1.0,1.0,1.0,1.0,,0.0,20
B,StaticGCN,5,3783,fri_pm_scan,1.0,1.0,1.0,1.0,,0.0,20
B,StaticGCN,5,3784,fri_pm_scan,1.0,1.0,1.0,1.0,,0.0,20
B,StaticGCN,5,3785,fri_pm_scan,1.0,1.0,1.0,1.0,,0.0,20
B,StaticGCN,5,3786,fri_pm_scan,1.0,1.0,1.0,1.0,,0.0,20
B,StaticGCN,5,3787,fri_pm_scan,1.0,1.0,1.0,1.0,,0.0,20
B,StaticGCN,5,3788,fri_pm_scan,1.0,1.0,1.0,1.0,,0.0,20
B,StaticGCN,5,3789,fri_pm_scan,1.0,0.9999963045120239,1.0,1.0,,0.0,20
B,StaticGCN,5,3790,fri_pm_scan,1.0,1.0,1.0,1.0,,0.0,20
B,StaticGCN,5,3791,fri_pm_scan,1.0,1.0,1.0,1.0,,0.0,20
B,StaticGCN,5,3792,fri_pm_scan,1.0,1.0,1.0,1.0,,0.0,20
B,StaticGCN,5,3793,fri_pm_scan,1.0,1.0,1.0,1.0,,0.0,20
B,StaticGCN,5,3794,fri_pm_scan,1.0,1.0,1.0,1.0,,0.0,20
B,StaticGCN,5,3795,fri_pm_scan,1.0,1.0,1.0,1.0,,0.0,20
B,StaticGCN,5,3796,fri_pm_scan,1.0,1.0,1.0,1.0,,0.0,20
B,StaticGCN,5,3797,fri_pm_scan,1.0,1.0,1.0,1.0,,0.0,20
B,StaticGCN,5,3798,fri_pm_scan,1.0,1.0,1.0,1.0,,0.0,20
B,StaticGCN,5,3799,fri_pm_scan,1.0,1.0,1.0,1.0,,0.0,20
B,StaticGCN,5,3800,fri_pm_scan,1.0,1.0,1.0,1.0,,0.0,20
B,StaticGCN,5,3801,fri_pm_scan,1.0,1.0,1.0,1.0,,0.0,20
B,StaticGCN,5,3802,fri_pm_scan,1.0,1.0,1.0,1.0,,0.0,20
B,StaticGCN,5,3803,fri_pm_scan,1.0,1.0,1.0,1.0,,0.0,20
B,StaticGCN,5,3804,fri_pm_scan,1.0,1.0,1.0,1.0,,0.0,20
B,StaticGCN,5,3805,fri_pm_scan,1.0,1.0,1.0,1.0,,0.0,20
B,StaticGCN,5,3806,fri_pm_scan,1.0,1.0,1.0,1.0,,0.0,20
B,StaticGCN,5,3807,fri_pm_scan,1.0,1.0,1.0,1.0,,0.0,20
B,StaticGCN,5,3808,fri_pm_scan,1.0,1.0,1.0,1.0,,0.0,20
B,StaticGCN,5,3809,fri_pm_scan,1.0,1.0,1.0,1.0,,0.0,20
B,StaticGCN,5,3810,fri_pm_scan,1.0,1.0,1.0,1.0,,0.0,20
B,StaticGCN,5,3811,fri_pm_scan,1.0,1.0,1.0,1.0,,0.0,20
B,StaticGCN,5,3812,fri_pm_scan,1.0,1.0,1.0,1.0,,0.0,20
B,StaticGCN,5,3813,fri_pm_scan,1.0,1.0,1.0,1.0,,0.0,20
B,StaticGCN,5,3814,fri_pm_scan,1.0,1.0,1.0,1.0,,0.0,20
B,StaticGCN,5,3815,fri_pm_scan,1.0,1.0,1.0,1.0,,0.0,20
B,StaticGCN,5,3816,fri_pm_scan,1.0,1.0,1.0,1.0,,0.0,20
B,StaticGCN,5,3817,fri_pm_scan,1.0,1.0,1.0,1.0,,0.0,20
B,StaticGCN,5,3818,fri_pm_scan,1.0,1.0,1.0,1.0,,0.0,20
B,StaticGCN,5,3819,fri_pm_scan,1.0,1.0,1.0,1.0,,0.0,20
B,StaticGCN,5,3820,fri_pm_scan,1.0,1.0,1.0,1.0,,0.0,20
B,StaticGCN,5,3821,fri_pm_scan,1.0,1.0,1.0,1.0,,0.0,20
B,StaticGCN,5,3822,fri_pm_scan,1.0,1.0,1.0,1.0,,0.0,20
B,StaticGCN,5,3823,fri_pm_scan,1.0,1.0,1.0,1.0,,0.0,20
B,StaticGCN,5,3824,fri_pm_scan,1.0,1.0,1.0,1.0,,0.0,20
B,StaticGCN,5,3825,fri_pm_scan,1.0,1.0,1.0,1.0,,0.0,20
B,StaticGCN,5,3826,fri_pm_scan,1.0,1.0,1.0,1.0,,0.0,20
B,StaticGCN,5,3827,fri_pm_scan,1.0,1.0,1.0,1.0,,0.0,20
B,StaticGCN,5,3828,fri_pm_scan,1.0,1.0,1.0,1.0,,0.0,20
B,StaticGCN,5,3829,fri_pm_scan,1.0,1.0,1.0,1.0,,0.0,20
B,StaticGCN,5,3830,fri_pm_scan,1.0,1.0,1.0,1.0,,0.0,20
B,StaticGCN,5,3831,fri_pm_scan,1.0,1.0,1.0,1.0,,0.0,20
B,StaticGCN,5,3832,fri_pm_scan,1.0,1.0,1.0,1.0,,0.0,20
B,StaticGCN,5,3833,fri_pm_scan,1.0,1.0,1.0,1.0,,0.0,20
B,StaticGCN,5,3834,fri_pm_scan,1.0,1.0,1.0,1.0,,0.0,20
B,StaticGCN,5,3835,fri_pm_scan,1.0,1.0,1.0,1.0,,0.0,20
B,StaticGCN,5,3836,fri_pm_scan,1.0,1.0,1.0,1.0,,0.0,20
B,StaticGCN,5,3837,fri_pm_scan,1.0,1.0,1.0,1.0,,0.0,20
B,StaticGCN,5,3838,fri_pm_scan,0.0,0.17819905281066895,1.0,1.0,1.0,0.0,20
B,StaticGCN,5,3839,fri_pm_scan,0.0,0.31925955414772034,1.0,1.0,1.0,0.0,20
B,StaticGCN,5,3840,fri_pm_scan,0.0,0.24875232577323914,1.0,1.0,1.0,0.0,20
B,StaticGCN,5,3841,fri_pm_scan,0.0,0.23175106942653656,1.0,1.0,1.0,0.0,20
B,StaticGCN,5,3842,fri_pm_scan,0.0,0.24205192923545837,1.0,1.0,1.0,0.0,20
B,StaticGCN,5,3843,fri_pm_scan,1.0,0.29970815777778625,0.9655172413793104,0.9956944444444444,0.9866666666666667,0.0,20
B,StaticGCN,5,3844,fri_pm_scan,0.0,0.25745871663093567,0.9629629629629629,0.9950680272108844,0.9880952380952381,0.0,20
B,StaticGCN,5,3845,fri_pm_scan,0.0,0.1761562079191208,0.96,0.9942941673710904,0.989010989010989,0.0,20
B,StaticGCN,5,3846,fri_pm_scan,0.0,0.2155187726020813,0.9565217391304348,0.9933226495726496,0.9895833333333334,0.0,20
B,StaticGCN,5,3847,fri_pm_scan,1.0,0.9999990463256836,0.9565217391304348,0.9933226495726496,0.9895833333333334,0.0,20
B,StaticGCN,5,3848,fri_pm_scan,1.0,1.0,0.9565217391304348,0.9933226495726496,0.9895833333333334,0.0,20
B,StaticGCN,5,3849,fri_pm_scan,1.0,1.0,0.9565217391304348,0.9933226495726496,0.9895833333333334,0.0,20
B,StaticGCN,5,3850,fri_pm_scan,1.0,1.0,0.9565217391304348,0.9933226495726496,0.9895833333333334,0.0,20
B,StaticGCN,5,3851,fri_pm_scan,1.0,1.0,0.9565217391304348,0.9933226495726496,0.9895833333333334,0.0,20
B,StaticGCN,5,3852,fri_pm_scan,1.0,1.0,0.9565217391304348,0.9933226495726496,0.9895833333333334,0.0,20
B,StaticGCN,5,3853,fri_pm_scan,1.0,1.0,0.9565217391304348,0.9933226495726496,0.9895833333333334,0.0,20
B,StaticGCN,5,3854,fri_pm_scan,1.0,0.9999998807907104,0.9565217391304348,0.9933226495726496,0.9895833333333334,0.0,20
B,StaticGCN,5,3855,fri_pm_scan,0.0,0.4486357867717743,0.9523809523809523,0.9854312354312355,0.9797979797979798,0.0,20
B,StaticGCN,5,3856,fri_pm_scan,0.0,0.9968696236610413,0.9,0.9759615384615384,0.97,0.1,20
B,StaticGCN,5,3857,fri_pm_scan,1.0,0.24619123339653015,0.8421052631578947,0.9393398268398269,0.92,0.1,20
B,StaticGCN,5,3858,fri_pm_scan,0.0,0.20833273231983185,0.8421052631578947,0.9393398268398269,0.92,0.1,20
B,StaticGCN,5,3859,fri_pm_scan,1.0,0.2922947406768799,0.8,0.9416961826052735,0.9191919191919191,0.1111111111111111,20
B,StaticGCN,5,3860,fri_pm_scan,0.0,0.21520163118839264,0.8,0.9465746374837284,0.9292929292929293,0.1111111111111111,20
B,StaticGCN,5,3861,fri_pm_scan,0.0,0.3232647180557251,0.8,0.9292782974601157,0.898989898989899,0.1111111111111111,20
B,StaticGCN,5,3862,fri_pm_scan,0.0,0.1864265501499176,0.8,0.9292782974601157,0.898989898989899,0.1111111111111111,20
B,StaticGCN,5,3863,fri_pm_scan,0.0,0.3159061074256897,0.8421052631578947,0.9334249084249084,0.91,0.1,20
B,StaticGCN,5,3864,fri_pm_scan,0.0,0.10988705605268478,0.8421052631578947,0.9382783882783883,0.92,0.1,20
B,StaticGCN,5,3865,fri_pm_scan,1.0,0.23481236398220062,0.8,0.9187812187812188,0.8787878787878788,0.1111111111111111,20
B,StaticGCN,5,3866,fri_pm_scan,1.0,0.9999995231628418,0.8181818181818182,0.9307310744810745,0.875,0.125,20
B,StaticGCN,5,3867,fri_pm_scan,1.0,1.0,0.8181818181818182,0.9307310744810745,0.875,0.125,20
B,StaticGCN,5,3868,fri_pm_scan,1.0,1.0,0.8181818181818182,0.9307310744810745,0.875,0.125,20
B,StaticGCN,5,3869,fri_pm_scan,1.0,1.0,0.8181818181818182,0.9307310744810745,0.875,0.125,20
B,StaticGCN,5,3870,fri_pm_scan,1.0,1.0,0.8181818181818182,0.9307310744810745,0.875,0.125,20
B,StaticGCN,5,3871,fri_pm_scan,1.0,0.9999995231628418,0.8181818181818182,0.9307310744810745,0.875,0.125,20
B,StaticGCN,5,3872,fri_pm_scan,1.0,1.0,0.8181818181818182,0.9307310744810745,0.875,0.125,20
B,StaticGCN,5,3873,fri_pm_scan,0.0,0.25876137614250183,0.8,0.9101211288711288,0.8585858585858586,0.1111111111111111,20
B,StaticGCN,5,3874,fri_pm_scan,0.0,0.2431928962469101,0.7777777777777778,0.8893136030636031,0.85,0.1,20
B,StaticGCN,5,3875,fri_pm_scan,0.0,0.19298221170902252,0.7777777777777778,0.9047885447885448,0.88,0.1,20
B,StaticGCN,5,3876,fri_pm_scan,0.0,0.24010302126407623,0.8235294117647058,0.9182287157287157,0.9,0.0,20
B,StaticGCN,5,3877,fri_pm_scan,0.0,0.174056738615036,0.875,0.935334418667752,0.9292929292929293,0.0,20
B,StaticGCN,5,3878,fri_pm_scan,0.0,0.24849000573158264,0.875,0.9305114638447971,0.9191919191919191,0.0,20
B,StaticGCN,5,3879,fri_pm_scan,0.0,0.08361799269914627,0.9333333333333333,0.9443681318681318,0.9375,0.0,20
B,StaticGCN,5,4277,fri_pm_ddos,0.0,0.17555269598960876,0.9333333333333333,0.9443681318681318,0.9375,0.0,20
B,StaticGCN,5,4278,fri_pm_ddos,0.0,0.10538943856954575,0.9333333333333333,0.9499198717948718,0.9479166666666666,0.0,20
B,StaticGCN,5,4279,fri_pm_ddos,0.0,0.1716354340314865,0.9333333333333333,0.9499198717948718,0.9479166666666666,0.0,20
B,StaticGCN,5,4280,fri_pm_ddos,0.0,0.17589692771434784,0.9333333333333333,0.9564393939393939,0.9583333333333334,0.0,20
B,StaticGCN,5,4281,fri_pm_ddos,0.0,0.22456231713294983,0.9333333333333333,0.9564393939393939,0.9583333333333334,0.0,20
B,StaticGCN,5,4282,fri_pm_ddos,0.0,0.24608227610588074,1.0,1.0,1.0,0.0,20
B,StaticGCN,5,4283,fri_pm_ddos,0.0,0.19571150839328766,1.0,1.0,1.0,0.0,20
B,StaticGCN,5,4284,fri_pm_ddos,0.0,0.3166719377040863,1.0,1.0,1.0,0.0,20
B,StaticGCN,5,4285,fri_pm_ddos,0.0,0.2619166672229767,1.0,1.0,1.0,0.0,20
B,StaticGCN,5,4286,fri_pm_ddos,0.0,0.24110865592956543,1.0,1.0,1.0,0.0,20
B,StaticGCN,5,4287,fri_pm_ddos,0.0,0.15312565863132477,1.0,1.0,1.0,0.0,20
B,StaticGCN,5,4288,fri_pm_ddos,0.0,0.26174741983413696,1.0,1.0,1.0,0.0,20
B,StaticGCN,5,4289,fri_pm_ddos,0.0,0.3182561993598938,0.0,0.5,,0.0,20
B,StaticGCN,5,4290,fri_pm_ddos,0.0,0.4670913815498352,0.0,0.5,,0.0,20
B,StaticGCN,5,4291,fri_pm_ddos,0.0,0.4646242558956146,0.0,0.5,,0.0,20
B,StaticGCN,5,4292,fri_pm_ddos,0.0,0.2419128268957138,0.0,0.5,,0.0,20
B,StaticGCN,5,4293,fri_pm_ddos,0.0,0.40635445713996887,0.0,0.5,,0.0,20
B,StaticGCN,5,4294,fri_pm_ddos,0.0,0.47142133116722107,0.0,0.5,,0.0,20
B,StaticGCN,5,4295,fri_pm_ddos,1.0,0.09101059287786484,0.0,0.02631578947368421,0.052631578947368474,0.0,20
B,StaticGCN,5,4296,fri_pm_ddos,1.0,0.005308553110808134,0.0,0.05131578947368421,0.0,0.0,20
B,StaticGCN,5,4297,fri_pm_ddos,1.0,4.909550170850707e-06,0.0,0.07860623781676414,0.0,0.0,20
B,StaticGCN,5,4298,fri_pm_ddos,1.0,0.01977912150323391,0.0,0.10695734434124526,0.0,0.0,20
B,StaticGCN,5,4299,fri_pm_ddos,1.0,0.004268667660653591,0.0,0.13646800825593394,0.0,0.0,20
B,StaticGCN,5,4300,fri_pm_ddos,1.0,0.002284499118104577,0.0,0.16725289531017087,0.0,0.0,20
B,StaticGCN,5,4301,fri_pm_ddos,1.0,0.0030170741956681013,0.0,0.19944618198156455,0.0,0.0,20
B,StaticGCN,5,4302,fri_pm_ddos,1.0,0.0037159493658691645,0.0,0.23320653160049445,0.0,0.0,20
B,StaticGCN,5,4303,fri_pm_ddos,1.0,0.004136786330491304,0.0,0.26872384056336585,0.0,0.0,20
B,StaticGCN,5,4304,fri_pm_ddos,1.0,0.0012425860622897744,0.0,0.30622859682457204,0.0,0.0,20
B,StaticGCN,5,4305,fri_pm_ddos,1.0,3.1586935165250907e-06,0.0,0.34600521558374076,0.0,0.0,20
B,StaticGCN,5,4306,fri_pm_ddos,1.0,3.1723175197839737e-06,0.0,0.3884116571423073,0.0,0.0,20
B,StaticGCN,5,4307,fri_pm_ddos,1.0,0.0017682607285678387,0.0,0.43390941538417127,0.0,0.0,20
B,StaticGCN,5,4308,fri_pm_ddos,0.0,0.00022420805180445313,0.0,0.4588410573972612,0.10989010989010993,0.0,20
B,StaticGCN,5,4309,fri_pm_ddos,1.0,7.3708492891455535e-06,0.0,0.5109017416928738,0.11904761904761903,0.0,20
B,StaticGCN,5,4310,fri_pm_ddos,1.0,0.002881531370803714,0.0,0.5718298249451501,0.1466666666666666,0.0,20
B,StaticGCN,5,4311,fri_pm_ddos,1.0,0.003937667701393366,0.0,0.6407668977908916,0.1875,0.0,20
B,StaticGCN,5,4312,fri_pm_ddos,1.0,0.027480807155370712,0.0,0.7212015699096831,0.25490196078431376,0.0,20
B,StaticGCN,5,4313,fri_pm_ddos,1.0,0.061986666172742844,0.0,0.8204768340152757,0.3888888888888889,0.0,20
B,StaticGCN,5,4314,fri_pm_ddos,1.0,4.1115172280115075e-06,0.0,0.9848503159343145,0.7368421052631579,0.0,20
B,StaticGCN,5,4315,fri_pm_ddos,1.0,5.42210045750835e-06,0.0,0.9812162307212817,0.6842105263157895,0.0,20
B,StaticGCN,5,4316,fri_pm_ddos,1.0,0.0004900579806417227,0.0,0.9812162307212817,0.6842105263157895,0.0,20
B,StaticGCN,5,4317,fri_pm_ddos,0.0,0.4594482481479645,0.0,0.8171368869253286,0.3611111111111111,0.0,20
B,StaticGCN,5,4318,fri_pm_ddos,0.0,5.974087713411791e-08,0.0,0.8086574193931686,0.5686274509803921,0.0,20
B,StaticGCN,5,4319,fri_pm_ddos,1.0,8.625960617791861e-06,0.0,0.8046442756741425,0.5490196078431373,0.0,20
B,StaticGCN,5,4320,fri_pm_ddos,1.0,0.003758147591724992,0.0,0.8046442756741425,0.5490196078431373,0.0,20
B,StaticGCN,5,4321,fri_pm_ddos,1.0,0.0029011599253863096,0.0,0.8046442756741425,0.5490196078431373,0.0,20
B,StaticGCN,5,4322,fri_pm_ddos,1.0,0.2138187736272812,0.0,0.8046442756741425,0.5490196078431373,0.0,20
B,StaticGCN,5,4323,fri_pm_ddos,1.0,0.0002934754884336144,0.0,0.8046442756741425,0.5490196078431373,0.0,20
B,StaticGCN,5,4324,fri_pm_ddos,1.0,3.1302706702263094e-06,0.0,0.8003422051956015,0.5294117647058824,0.0,20
B,StaticGCN,5,4325,fri_pm_ddos,1.0,2.847735004252172e-06,0.0,0.8003422051956015,0.5294117647058824,0.0,20
B,StaticGCN,5,4326,fri_pm_ddos,1.0,0.014246928505599499,0.0,0.8046442756741425,0.5490196078431373,0.0,20
B,StaticGCN,5,4327,fri_pm_ddos,0.0,2.4003815269679762e-05,0.0,0.7741451404739912,0.5625,0.0,20
B,StaticGCN,5,4328,fri_pm_ddos,0.0,4.375354819785571e-06,0.0,0.7851899550344308,0.609375,0.0,20
B,StaticGCN,5,4329,fri_pm_ddos,1.0,0.003970202524214983,0.0,0.7897609049178806,0.625,0.0,20
B,StaticGCN,5,4330,fri_pm_ddos,1.0,0.0031144842505455017,0.0,0.7897609049178806,0.625,0.0,20
B,StaticGCN,5,4331,fri_pm_ddos,1.0,0.02913561277091503,0.0,0.7897609049178806,0.625,0.0,20
B,StaticGCN,5,4332,fri_pm_ddos,1.0,0.05311049520969391,0.0,0.7897609049178806,0.625,0.0,20
B,StaticGCN,5,4333,fri_pm_ddos,1.0,3.1347608455689624e-06,0.0,0.7817115324153832,0.59375,0.0,20
B,StaticGCN,5,4334,fri_pm_ddos,1.0,2.704804046516074e-06,0.0,0.7817115324153832,0.59375,0.0,20
B,StaticGCN,5,4335,fri_pm_ddos,1.0,0.0003911229141522199,0.0,0.786282482298833,0.609375,0.0,20
B,StaticGCN,5,4336,fri_pm_ddos,0.0,9.560243779560551e-05,0.0,0.7571291264634918,0.6133333333333333,0.0,20
B,StaticGCN,5,4337,fri_pm_ddos,0.0,2.7418161074876934e-09,0.0,0.9390197874021403,0.8133333333333332,0.0,20
B,StaticGCN,5,4338,fri_pm_ddos,1.0,0.006320612039417028,0.0,0.9463789830203336,0.78125,0.0,20
B,StaticGCN,5,4339,fri_pm_ddos,1.0,0.005286584608256817,0.0,0.9556509610423116,0.8125,0.0,20
B,StaticGCN,5,4340,fri_pm_ddos,1.0,0.0037195596378296614,0.0,0.9556509610423116,0.8125,0.0,20
B,StaticGCN,5,4341,fri_pm_ddos,1.0,0.42945772409439087,0.0,0.9556509610423116,0.8125,0.0,20
B,StaticGCN,5,4342,fri_pm_ddos,1.0,1.50843725350569e-05,0.0,0.9463789830203336,0.78125,0.0,20
B,StaticGCN,5,4343,fri_pm_ddos,1.0,2.242154778286931e-06,0.0,0.9326885068298574,0.734375,0.0,20
B,StaticGCN,5,4344,fri_pm_ddos,1.0,2.154288267774973e-06,0.0,0.9326885068298574,0.734375,0.0,20
B,StaticGCN,5,4345,fri_pm_ddos,1.0,0.031506750732660294,0.0,0.9463789830203336,0.78125,0.0,20
B,StaticGCN,5,4346,fri_pm_ddos,0.0,3.095977518796644e-08,0.0,0.9390197874021403,0.8133333333333332,0.0,20
B,StaticGCN,5,4347,fri_pm_ddos,1.0,0.0008836282650008798,0.0,0.9635567047331752,0.859375,0.0,20
B,StaticGCN,5,4348,fri_pm_ddos,1.0,0.006028685253113508,0.0,0.9808436421325695,0.9019607843137256,0.0,20
B,StaticGCN,5,4349,fri_pm_ddos,1.0,0.004624552559107542,0.0,0.9808436421325695,0.9019607843137256,0.0,20
B,StaticGCN,5,4350,fri_pm_ddos,1.0,0.28170663118362427,0.0,0.9808436421325695,0.9019607843137256,0.0,20
B,StaticGCN,5,4351,fri_pm_ddos,1.0,9.900497389025986e-05,0.0,0.9808436421325695,0.9019607843137256,0.0,20
B,StaticGCN,5,4352,fri_pm_ddos,1.0,2.9844911750842584e-06,0.0,0.9761302183014986,0.8823529411764707,0.0,20
B,StaticGCN,5,4353,fri_pm_ddos,1.0,1.4784316135774134e-06,0.0,0.9761302183014986,0.8823529411764707,0.0,20
B,StaticGCN,5,4354,fri_pm_ddos,1.0,1.4031644468559534e-07,0.0,0.9761302183014986,0.8823529411764707,0.0,20
B,StaticGCN,5,4355,fri_pm_ddos,1.0,9.714866791910026e-06,0.0,0.9710054411178979,0.8627450980392157,0.0,20
B,StaticGCN,5,4356,fri_pm_ddos,1.0,0.0034035728313028812,0.0,1.0,1.0,0.0,20
B,StaticGCN,5,4357,fri_pm_ddos,1.0,0.0031014038249850273,0.0,0.9999999999999998,1.0,0.0,20
B,StaticGCN,5,4358,fri_pm_ddos,1.0,0.16181199252605438,0.0,0.9999999999999998,1.0,0.0,20
B,StaticGCN,5,4359,fri_pm_ddos,1.0,0.000908802670892328,0.0,0.9999999999999998,1.0,0.0,20
B,StaticGCN,5,4360,fri_pm_ddos,1.0,1.4016092109159217e-06,0.0,0.9999999999999998,1.0,0.0,20
B,StaticGCN,5,4361,fri_pm_ddos,1.0,1.5431793372044922e-06,0.0,0.9999999999999998,1.0,0.0,20
B,StaticGCN,5,4362,fri_pm_ddos,1.0,0.001638052868656814,0.0,0.9999999999999998,1.0,0.0,20
B,StaticGCN,5,4363,fri_pm_ddos,0.0,1.3320308411834958e-08,0.0,1.0,1.0,0.0,20
B,StaticGCN,5,4364,fri_pm_ddos,1.0,0.00014885381096974015,0.0,1.0,1.0,0.0,20
B,StaticGCN,5,4365,fri_pm_ddos,1.0,0.004367591813206673,0.0,1.0,1.0,0.0,20
B,StaticGCN,5,4366,fri_pm_ddos,1.0,0.011946916580200195,0.0,0.9999999999999998,1.0,0.0,20
B,StaticGCN,5,4367,fri_pm_ddos,1.0,0.17496570944786072,0.0,0.9999999999999998,1.0,0.0,20
B,StaticGCN,5,4368,fri_pm_ddos,1.0,1.8876252170230146e-06,0.0,0.9999999999999998,1.0,0.0,20
B,StaticGCN,5,4369,fri_pm_ddos,1.0,1.628315544621728e-06,0.0,0.9999999999999998,1.0,0.0,20
B,StaticGCN,5,4370,fri_pm_ddos,1.0,2.0462583051994443e-05,0.0,0.9999999999999998,1.0,0.0,20
B,StaticGCN,5,4371,fri_pm_ddos,0.0,5.505156885909912e-10,0.0,1.0,1.0,0.0,20
B,StaticGCN,5,4372,fri_pm_ddos,1.0,7.389968459392549e-07,0.0,1.0,1.0,0.0,20
B,StaticGCN,5,4373,fri_pm_ddos,1.0,1.32321702039917e-06,0.0,1.0,1.0,0.0,20
B,StaticGCN,5,4374,fri_pm_ddos,1.0,1.0533223075981368e-06,0.0,1.0,1.0,0.0,20
B,StaticGCN,5,4375,fri_pm_ddos,1.0,0.184748113155365,0.0,1.0,1.0,0.0,20
B,StaticGCN,5,4376,fri_pm_ddos,1.0,0.0045862337574362755,0.0,1.0,1.0,0.0,20
B,StaticGCN,5,4377,fri_pm_ddos,1.0,0.004313022829592228,0.0,1.0,1.0,0.0,20
B,StaticGCN,5,4378,fri_pm_ddos,1.0,0.015133571811020374,0.0,1.0,1.0,0.0,20
B,StaticGCN,5,4379,fri_pm_ddos,0.0,1.6280965553505666e-07,0.0,1.0,1.0,0.0,20
B,StaticGCN,5,4380,fri_pm_ddos,1.0,3.2756816703560787e-10,0.0,0.9909442724458204,0.9411764705882353,0.0,20
B,StaticGCN,5,4381,fri_pm_ddos,1.0,0.0022602342069149017,0.0,0.9909442724458204,0.9411764705882353,0.0,20
B,StaticGCN,5,4382,fri_pm_ddos,1.0,6.593580224034667e-07,0.0,0.9909442724458204,0.9411764705882353,0.0,20
B,StaticGCN,5,4383,fri_pm_ddos,1.0,9.711724260341725e-07,0.0,0.9942982456140352,0.9444444444444444,0.0,20
B,StaticGCN,5,4384,fri_pm_ddos,1.0,0.021929055452346802,0.0,0.9942982456140352,0.9444444444444444,0.0,20
B,StaticGCN,5,4385,fri_pm_ddos,1.0,0.00413878820836544,0.0,0.9942982456140352,0.9444444444444444,0.0,20
B,StaticGCN,5,4386,fri_pm_ddos,1.0,0.007537350989878178,0.0,0.9942982456140352,0.9444444444444444,0.0,20
B,StaticGCN,5,4387,fri_pm_ddos,1.0,1.2114949321517798e-10,0.0,0.9882878492527616,0.8888888888888888,0.0,20
B,StaticGCN,5,4388,fri_pm_ddos,0.0,5.919351814265283e-11,0.0,0.9869078694429269,0.9215686274509803,0.0,20
B,StaticGCN,5,4389,fri_pm_ddos,1.0,0.160399928689003,0.0,0.9869078694429269,0.9215686274509803,0.0,20
B,StaticGCN,5,4390,fri_pm_ddos,1.0,0.0005719297332689166,0.0,0.9869078694429269,0.9215686274509803,0.0,20
B,StaticGCN,5,4391,fri_pm_ddos,1.0,6.538258503496763e-07,0.0,0.9938176050147156,0.9444444444444444,0.0,20
B,StaticGCN,5,4392,fri_pm_ddos,1.0,7.057242328301072e-07,0.0,0.9938176050147156,0.9444444444444444,0.0,20
B,StaticGCN,5,4393,fri_pm_ddos,1.0,0.002697175135836005,0.0,0.9938176050147156,0.9444444444444444,0.0,20
B,StaticGCN,5,4394,fri_pm_ddos,1.0,0.003951705992221832,0.0,0.9938176050147156,0.9444444444444444,0.0,20
B,StaticGCN,5,4395,fri_pm_ddos,1.0,0.007165844552218914,0.0,0.9938176050147156,0.9444444444444444,0.0,20
B,StaticGCN,5,4396,fri_pm_ddos,0.0,1.4771280865133463e-09,0.0,0.9869078694429269,0.9215686274509803,0.0,20
B,StaticGCN,5,4397,fri_pm_ddos,1.0,1.1390241638764564e-07,0.0,0.9831088498350837,0.9019607843137255,0.0,20
B,StaticGCN,5,4398,fri_pm_ddos,1.0,0.3205740749835968,0.0,0.9831088498350837,0.9019607843137255,0.0,20
B,StaticGCN,5,4399,fri_pm_ddos,1.0,1.307040633946599e-06,0.0,0.9938176050147156,0.9444444444444444,0.0,20
B,StaticGCN,5,4400,fri_pm_ddos,1.0,3.024900649961637e-07,0.0,0.9969948018193633,0.9722222222222222,0.0,20
B,StaticGCN,5,4401,fri_pm_ddos,1.0,3.0492312362184748e-05,0.0,0.9969948018193633,0.9722222222222222,0.0,20
B,StaticGCN,5,4402,fri_pm_ddos,1.0,0.0034668268635869026,0.0,0.9969948018193633,0.9722222222222222,0.0,20
B,StaticGCN,5,4403,fri_pm_ddos,1.0,0.003914814442396164,0.0,0.9969948018193633,0.9722222222222222,0.0,20
B,StaticGCN,5,4404,fri_pm_ddos,1.0,2.077629623897792e-08,0.0,0.9969948018193633,0.9722222222222222,0.0,20
B,StaticGCN,5,4405,fri_pm_ddos,0.0,7.299389892523322e-08,0.0,0.9900677118112468,0.9411764705882353,0.0,20
B,StaticGCN,5,4406,fri_pm_ddos,1.0,0.326080322265625,0.0,0.9900677118112468,0.9411764705882353,0.0,20
B,StaticGCN,5,4407,fri_pm_ddos,1.0,0.032908592373132706,0.0,0.9966359092656671,0.9803921568627452,0.0,20
B,StaticGCN,5,4408,fri_pm_ddos,1.0,3.986506555975211e-07,0.0,0.9969948018193633,0.9722222222222222,0.0,20
B,StaticGCN,5,4409,fri_pm_ddos,1.0,5.031957925893948e-07,0.0,0.9969948018193633,0.9722222222222222,0.0,20
B,StaticGCN,5,4410,fri_pm_ddos,1.0,0.00028036354342475533,0.0,0.9969948018193633,0.9722222222222222,0.0,20
B,StaticGCN,5,4411,fri_pm_ddos,1.0,0.004236466716974974,0.0,0.9969948018193633,0.9722222222222222,0.0,20
B,StaticGCN,5,4412,fri_pm_ddos,1.0,0.003827033331617713,0.0,0.9969948018193633,0.9722222222222222,0.0,20
B,StaticGCN,5,4413,fri_pm_ddos,1.0,0.018173493444919586,0.0,0.9969948018193633,0.9722222222222222,0.0,20
B,StaticGCN,5,4414,fri_pm_ddos,0.0,1.4051289021210778e-09,0.0,0.9966359092656671,0.9803921568627452,0.0,20
B,StaticGCN,5,4415,fri_pm_ddos,1.0,5.726194558519637e-06,0.0,0.9966359092656671,0.9803921568627452,0.0,20
B,StaticGCN,5,4416,fri_pm_ddos,1.0,0.03587723895907402,0.0,0.9969948018193633,0.9722222222222222,0.0,20
B,StaticGCN,5,4417,fri_pm_ddos,1.0,2.5003231485243305e-07,0.0,0.9969948018193633,0.9722222222222222,0.0,20
B,StaticGCN,5,4418,fri_pm_ddos,1.0,2.999240109602397e-07,0.0,0.9969948018193633,0.9722222222222222,0.0,20
B,StaticGCN,5,4419,fri_pm_ddos,1.0,0.0009929470252245665,0.0,0.9969948018193633,0.9722222222222222,0.0,20
B,StaticGCN,5,4420,fri_pm_ddos,1.0,0.002935327123850584,0.0,0.9969948018193633,0.9722222222222222,0.0,20
B,StaticGCN,5,4421,fri_pm_ddos,1.0,0.004283962771296501,0.0,0.9969948018193633,0.9722222222222222,0.0,20
B,StaticGCN,5,4422,fri_pm_ddos,0.0,4.8274810815485125e-09,0.0,0.9966359092656671,0.9803921568627452,0.0,20
B,StaticGCN,5,4423,fri_pm_ddos,0.0,1.2733851473267777e-10,0.0,0.9962086397058824,0.984375,0.0,20
B,StaticGCN,5,4424,fri_pm_ddos,1.0,0.13672979176044464,0.0,1.0,1.0,0.0,20
B,StaticGCN,5,4425,fri_pm_ddos,1.0,3.131017365376465e-05,0.0,1.0,1.0,0.0,20
B,StaticGCN,5,4426,fri_pm_ddos,1.0,1.727148344343732e-07,0.0,1.0,1.0,0.0,20
B,StaticGCN,5,4427,fri_pm_ddos,1.0,3.37018627760699e-06,0.0,1.0,1.0,0.0,20
B,StaticGCN,5,4428,fri_pm_ddos,1.0,0.003101739566773176,0.0,1.0,1.0,0.0,20
B,StaticGCN,5,4429,fri_pm_ddos,1.0,0.0031252154149115086,0.0,1.0,1.0,0.0,20
B,StaticGCN,5,4430,fri_pm_ddos,1.0,0.04034709185361862,0.0,1.0,1.0,0.0,20
B,StaticGCN,5,4431,fri_pm_ddos,0.0,1.0734923307609279e-05,0.0,0.978212703350571,0.921875,0.0,20
B,StaticGCN,5,4432,fri_pm_ddos,0.0,3.2443431274842283e-10,0.0,0.9749962537462536,0.9333333333333333,0.0,20
B,StaticGCN,5,4433,fri_pm_ddos,1.0,0.00013064080849289894,0.0,0.9749962537462536,0.9333333333333333,0.0,20
B,StaticGCN,5,4434,fri_pm_ddos,1.0,0.006495324429124594,0.0,0.978212703350571,0.921875,0.0,20
B,StaticGCN,5,4435,fri_pm_ddos,1.0,1.2461698872812121e-07,0.0,0.978212703350571,0.921875,0.0,20
B,StaticGCN,5,4436,fri_pm_ddos,1.0,2.568395132129808e-07,0.0,0.9727676275929953,0.90625,0.0,20
B,StaticGCN,5,4437,fri_pm_ddos,1.0,0.0015692755114287138,0.0,0.978212703350571,0.921875,0.0,20
B,StaticGCN,5,4438,fri_pm_ddos,1.0,0.0049806274473667145,0.0,0.9832207161710839,0.9375,0.0,20
B,StaticGCN,5,4439,fri_pm_ddos,1.0,0.004600014537572861,0.0,0.9832207161710839,0.9375,0.0,20
B,StaticGCN,5,4440,fri_pm_ddos,1.0,2.2421579615183873e-07,0.0,0.978212703350571,0.921875,0.0,20
B,StaticGCN,5,4441,fri_pm_ddos,0.0,3.6476713316524467e-10,0.0,0.9749962537462536,0.9333333333333333,0.0,20
B,StaticGCN,5,4442,fri_pm_ddos,1.0,0.0033696715254336596,0.0,0.978212703350571,0.921875,0.0,20
B,StaticGCN,5,4443,fri_pm_ddos,1.0,0.0008536823443137109,0.0,0.9808436421325695,0.9019607843137256,0.0,20
B,StaticGCN,5,4444,fri_pm_ddos,1.0,1.6258887569620128e-07,0.0,0.9761302183014986,0.8823529411764707,0.0,20
B,StaticGCN,5,4445,fri_pm_ddos,1.0,2.1819356277319457e-07,0.0,0.9710054411178979,0.8627450980392157,0.0,20
B,StaticGCN,5,4446,fri_pm_ddos,1.0,0.004231688100844622,0.0,0.9761302183014986,0.8823529411764707,0.0,20
B,StaticGCN,5,4447,fri_pm_ddos,1.0,0.004267148207873106,0.0,0.9808436421325695,0.9019607843137256,0.0,20
B,StaticGCN,5,4448,fri_pm_ddos,1.0,0.011251242831349373,0.0,0.9808436421325695,0.9019607843137256,0.0,20
B,StaticGCN,5,4449,fri_pm_ddos,0.0,0.34410718083381653,0.0,0.7991962388102094,0.671875,0.0,20
B,StaticGCN,5,4450,fri_pm_ddos,0.0,0.21694932878017426,0.0,0.6933291817115347,0.5333333333333333,0.0,20
B,StaticGCN,5,4451,fri_pm_ddos,0.0,2.1499262370383576e-09,0.0,0.7119812322753499,0.6,0.0,20
B,StaticGCN,5,4452,fri_pm_ddos,0.0,1.67539523920901e-10,0.0,0.7119812322753499,0.6,0.0,20
B,StaticGCN,5,4453,fri_pm_ddos,1.0,0.06835348904132843,0.0,0.7119812322753499,0.6,0.0,20
B,StaticGCN,5,4454,fri_pm_ddos,1.0,0.04970389977097511,0.0,0.7119812322753499,0.6,0.0,20
B,StaticGCN,5,4455,fri_pm_ddos,1.0,1.1427201229707862e-07,0.0,0.7119812322753499,0.6,0.0,20
B,StaticGCN,5,4456,fri_pm_ddos,1.0,0.0001689274940872565,0.0,0.7119812322753499,0.6,0.0,20
B,StaticGCN,5,4457,fri_pm_ddos,1.0,0.004469622857868671,0.0,0.7119812322753499,0.6,0.0,20
B,StaticGCN,5,4458,fri_pm_ddos,1.0,0.003924672491848469,0.0,0.7119812322753499,0.6,0.0,20
B,StaticGCN,5,4459,fri_pm_ddos,1.0,0.020487722009420395,0.0,0.7119812322753499,0.6,0.0,20
B,StaticGCN,5,4460,fri_pm_ddos,0.0,1.9847539078909904e-05,0.0,0.6881269582425044,0.6309523809523809,0.0,20
B,StaticGCN,5,4461,fri_pm_ddos,0.0,1.1025750090709607e-08,0.0,0.6881269582425044,0.6309523809523809,0.0,20
B,StaticGCN,5,4462,fri_pm_ddos,1.0,0.044935572892427444,0.0,0.6881269582425044,0.6309523809523809,0.0,20
B,StaticGCN,5,4463,fri_pm_ddos,1.0,0.1904200166463852,0.0,0.6881269582425044,0.6309523809523809,0.0,20
B,StaticGCN,5,4464,fri_pm_ddos,1.0,0.007256303448230028,0.0,0.6923263302990194,0.6428571428571429,0.0,20
B,StaticGCN,5,4465,fri_pm_ddos,1.0,0.006516952533274889,0.0,0.6963016704350737,0.6547619047619048,0.0,20
B,StaticGCN,5,4466,fri_pm_ddos,1.0,0.004000232554972172,0.0,0.6963016704350737,0.6547619047619048,0.0,20
B,StaticGCN,5,4467,fri_pm_ddos,1.0,0.00295294844545424,0.0,0.6963016704350737,0.6547619047619048,0.0,20
B,StaticGCN,5,4468,fri_pm_ddos,1.0,0.0060700662434101105,0.0,0.6963016704350737,0.6547619047619048,0.0,20
B,StaticGCN,5,4469,fri_pm_ddos,0.0,0.0013698817929252982,0.0,0.7884462322224928,0.7976190476190477,0.0,20
B,StaticGCN,5,4470,fri_pm_ddos,0.0,0.00030873253126628697,0.0,0.9771371048419366,0.9404761904761905,0.0,20
B,StaticGCN,5,4471,fri_pm_ddos,1.0,0.04471919313073158,0.0,0.9799509803921568,0.9333333333333333,0.0,20
B,StaticGCN,5,4472,fri_pm_ddos,1.0,0.025034597143530846,0.0,0.9822747355521155,0.921875,0.0,20
B,StaticGCN,5,4473,fri_pm_ddos,0.0,0.1472301036119461,0.0,0.842386159735231,0.7466666666666666,0.0,20
B,StaticGCN,5,4474,fri_pm_ddos,0.0,0.23648512363433838,0.0,0.6884658826111724,0.6190476190476191,0.0,20
B,StaticGCN,5,4475,fri_pm_ddos,0.0,0.24739347398281097,0.0,0.6077716903508757,0.5604395604395604,0.0,20
B,StaticGCN,5,4476,fri_pm_ddos,0.0,0.24960793554782867,0.0,0.5383681133681134,0.5104166666666666,0.0,20
B,StaticGCN,5,4477,fri_pm_ddos,0.0,0.30704283714294434,0.0,0.4714489424716698,0.45454545454545453,0.0,20
B,StaticGCN,5,4478,fri_pm_ddos,0.0,0.1787729412317276,0.0,0.4131697469197469,0.42000000000000004,0.0,20
B,StaticGCN,5,4479,fri_pm_ddos,0.0,0.2388879656791687,0.0,0.35827559785893115,0.38383838383838387,0.0,20
B,StaticGCN,5,4480,fri_pm_ddos,0.0,0.3065964877605438,0.0,0.33084489947235046,0.29292929292929293,0.0,20
B,StaticGCN,5,4481,fri_pm_ddos,0.0,0.24381740391254425,0.0,0.3074712868830516,0.202020202020202,0.0,20
B,StaticGCN,5,4482,fri_pm_ddos,0.0,0.11614251881837845,0.0,0.2666781237553296,0.19791666666666663,0.0,20
B,StaticGCN,5,4483,fri_pm_ddos,0.0,0.31434065103530884,0.0,0.22543106986384298,0.15384615384615385,0.0,20
B,StaticGCN,5,4484,fri_pm_ddos,0.0,0.25558388233184814,0.0,0.18842742225095166,0.1428571428571429,0.0,20
B,StaticGCN,5,4485,fri_pm_ddos,0.0,0.45257696509361267,0.0,0.1532889822595705,0.1333333333333333,0.0,20
B,StaticGCN,5,4486,fri_pm_ddos,0.0,0.18979452550411224,0.0,0.11981209150326798,0.125,0.0,20
B,StaticGCN,5,4487,fri_pm_ddos,0.0,0.2526012659072876,0.0,0.08782679738562092,0.11764705882352944,0.0,20
B,StaticGCN,5,4488,fri_pm_ddos,0.0,0.21236376464366913,0.0,0.057189542483660136,0.11111111111111116,0.0,20
B,StaticGCN,5,4489,fri_pm_ddos,0.0,0.20180238783359528,0.0,0.054093567251461985,0.05555555555555558,0.0,20
B,StaticGCN,5,4490,fri_pm_ddos,0.0,0.47150734066963196,0.0,0.05131578947368421,0.0,0.0,20
B,StaticGCN,5,4491,fri_pm_ddos,0.0,0.32272616028785706,0.0,0.025,0.0,0.0,20
B,StaticGCN,5,4492,fri_pm_ddos,0.0,0.40591663122177124,0.0,0.5,,0.0,20
B,StaticGCN,5,4493,fri_pm_ddos,0.0,0.22757521271705627,0.0,0.5,,0.0,20
B,StaticGCN,5,4494,fri_pm_ddos,0.0,0.17580148577690125,0.0,0.5,,0.0,20
B,StaticGCN,5,4495,fri_pm_ddos,0.0,0.19699065387248993,0.0,0.5,,0.0,20
B,StaticGCN,5,4496,fri_pm_ddos,0.0,0.2175961434841156,0.0,0.5,,0.0,20
B,StaticGCN,5,4497,fri_pm_ddos,0.0,0.19169266521930695,0.0,0.5,,0.0,20
B,StaticGCN,5,4498,fri_pm_ddos,0.0,0.14320656657218933,0.0,0.5,,0.0,20
B,StaticGCN,5,4499,fri_pm_ddos,0.0,0.19875073432922363,0.0,0.5,,0.0,20
B,StaticGCN,5,4500,fri_pm_ddos,0.0,0.1186465173959732,0.0,0.5,,0.0,20
B,GAT+LSTM,1,6,mon,0.0,0.00029727519722655416,0.0,0.5,,0.0,1
B,GAT+LSTM,1,7,mon,0.0,0.000955468334723264,0.0,0.5,,0.0,2
B,GAT+LSTM,1,8,mon,0.0,0.000989758875221014,0.0,0.5,,0.0,3
B,GAT+LSTM,1,9,mon,0.0,0.0003420895372983068,0.0,0.5,,0.0,4
B,GAT+LSTM,1,10,mon,0.0,0.00018979956803377718,0.0,0.5,,0.0,5
B,GAT+LSTM,1,11,mon,0.0,0.00034275397774763405,0.0,0.5,,0.0,6
B,GAT+LSTM,1,12,mon,0.0,0.00019160789088346064,0.0,0.5,,0.0,7
B,GAT+LSTM,1,13,mon,0.0,0.00017582955479156226,0.0,0.5,,0.0,8
B,GAT+LSTM,1,14,mon,0.0,0.00015086216444615275,0.0,0.5,,0.0,9
B,GAT+LSTM,1,15,mon,0.0,0.0001498642668593675,0.0,0.5,,0.0,10
B,GAT+LSTM,1,16,mon,0.0,0.00014545867452397943,0.0,0.5,,0.0,11
B,GAT+LSTM,1,17,mon,0.0,0.00039065693272277713,0.0,0.5,,0.0,12
B,GAT+LSTM,1,18,mon,0.0,0.0005132833612151444,0.0,0.5,,0.0,13
B,GAT+LSTM,1,19,mon,0.0,0.00028366531478241086,0.0,0.5,,0.0,14
B,GAT+LSTM,1,20,mon,0.0,0.000600577041041106,0.0,0.5,,0.0,15
B,GAT+LSTM,1,21,mon,0.0,0.00023667654022574425,0.0,0.5,,0.0,16
B,GAT+LSTM,1,22,mon,0.0,0.0006714346236549318,0.0,0.5,,0.0,17
B,GAT+LSTM,1,23,mon,0.0,0.00023668761423323303,0.0,0.5,,0.0,18
B,GAT+LSTM,1,24,mon,0.0,0.00015864134184084833,0.0,0.5,,0.0,19
B,GAT+LSTM,1,25,mon,0.0,0.00018428133626002818,0.0,0.5,,0.0,20
B,GAT+LSTM,1,26,mon,0.0,0.000168996601132676,0.0,0.5,,0.0,20
B,GAT+LSTM,1,27,mon,0.0,0.0001455385790904984,0.0,0.5,,0.0,20
B,GAT+LSTM,1,28,mon,0.0,0.00014875576016493142,0.0,0.5,,0.0,20
B,GAT+LSTM,1,29,mon,0.0,0.00015900300059001893,0.0,0.5,,0.0,20
B,GAT+LSTM,1,30,mon,0.0,0.0001899157650768757,0.0,0.5,,0.0,20
B,GAT+LSTM,1,31,mon,0.0,0.00015077099669724703,0.0,0.5,,0.0,20
B,GAT+LSTM,1,32,mon,0.0,0.0003778293030336499,0.0,0.5,,0.0,20
B,GAT+LSTM,1,33,mon,0.0,0.00017853597819339484,0.0,0.5,,0.0,20
B,GAT+LSTM,1,34,mon,0.0,0.00025002914480865,0.0,0.5,,0.0,20
B,GAT+LSTM,1,35,mon,0.0,0.00016189167217817158,0.0,0.5,,0.0,20
B,GAT+LSTM,1,36,mon,0.0,0.0001748815120663494,0.0,0.5,,0.0,20
B,GAT+LSTM,1,37,mon,0.0,0.00015904757310636342,0.0,0.5,,0.0,20
B,GAT+LSTM,1,38,mon,0.0,0.00016580669034738094,0.0,0.5,,0.0,20
B,GAT+LSTM,1,39,mon,0.0,0.00018890693900175393,0.0,0.5,,0.0,20
B,GAT+LSTM,1,40,mon,0.0,0.00019488150428514928,0.0,0.5,,0.0,20
B,GAT+LSTM,1,41,mon,0.0,0.00018593849381431937,0.0,0.5,,0.0,20
B,GAT+LSTM,1,42,mon,0.0,0.00015847021131776273,0.0,0.5,,0.0,20
B,GAT+LSTM,1,43,mon,0.0,0.00017303868662565947,0.0,0.5,,0.0,20
B,GAT+LSTM,1,44,mon,0.0,0.00017875384946819395,0.0,0.5,,0.0,20
B,GAT+LSTM,1,45,mon,0.0,0.00017403597303200513,0.0,0.5,,0.0,20
B,GAT+LSTM,1,46,mon,0.0,0.00020268101070541888,0.0,0.5,,0.0,20
B,GAT+LSTM,1,47,mon,0.0,0.00020891854364890605,0.0,0.5,,0.0,20
B,GAT+LSTM,1,48,mon,0.0,0.00020576555107254535,0.0,0.5,,0.0,20
B,GAT+LSTM,1,49,mon,0.0,0.0001479029015172273,0.0,0.5,,0.0,20
B,GAT+LSTM,1,50,mon,0.0,0.00015109451487660408,0.0,0.5,,0.0,20
B,GAT+LSTM,1,51,mon,0.0,0.00013900677731726319,0.0,0.5,,0.0,20
B,GAT+LSTM,1,52,mon,0.0,0.00013517581101041287,0.0,0.5,,0.0,20
B,GAT+LSTM,1,53,mon,0.0,0.00013729793136008084,0.0,0.5,,0.0,20
B,GAT+LSTM,1,54,mon,0.0,0.00019044690998271108,0.0,0.5,,0.0,20
B,GAT+LSTM,1,55,mon,0.0,0.00015730586892459542,0.0,0.5,,0.0,20
B,GAT+LSTM,1,56,mon,0.0,0.0001397294399794191,0.0,0.5,,0.0,20
B,GAT+LSTM,1,57,mon,0.0,0.00015794328646734357,0.0,0.5,,0.0,20
B,GAT+LSTM,1,58,mon,0.0,0.00014343851944431663,0.0,0.5,,0.0,20
B,GAT+LSTM,1,59,mon,0.0,0.00014862148964311928,0.0,0.5,,0.0,20
B,GAT+LSTM,1,60,mon,0.0,0.00013695783854927868,0.0,0.5,,0.0,20
B,GAT+LSTM,1,61,mon,0.0,0.00015851433272473514,0.0,0.5,,0.0,20
B,GAT+LSTM,1,62,mon,0.0,0.00014491377805825323,0.0,0.5,,0.0,20
B,GAT+LSTM,1,63,mon,0.0,0.00017837263294495642,0.0,0.5,,0.0,20
B,GAT+LSTM,1,64,mon,0.0,0.0001621917326701805,0.0,0.5,,0.0,20
B,GAT+LSTM,1,65,mon,0.0,0.00013567140558734536,0.0,0.5,,0.0,20
B,GAT+LSTM,1,66,mon,0.0,0.0001959779328899458,0.0,0.5,,0.0,20
B,GAT+LSTM,1,67,mon,0.0,0.00020247066277079284,0.0,0.5,,0.0,20
B,GAT+LSTM,1,68,mon,0.0,0.00014416745398193598,0.0,0.5,,0.0,20
B,GAT+LSTM,1,69,mon,0.0,0.00014469159941654652,0.0,0.5,,0.0,20
B,GAT+LSTM,1,70,mon,0.0,0.00016422521730419248,0.0,0.5,,0.0,20
B,GAT+LSTM,1,71,mon,0.0,0.00018769520102068782,0.0,0.5,,0.0,20
B,GAT+LSTM,1,72,mon,0.0,0.00015681644435971975,0.0,0.5,,0.0,20
B,GAT+LSTM,1,73,mon,0.0,0.0001484226668253541,0.0,0.5,,0.0,20
B,GAT+LSTM,1,74,mon,0.0,0.00817951187491417,0.0,0.5,,0.0,20
B,GAT+LSTM,1,75,mon,0.0,0.00026417814660817385,0.0,0.5,,0.0,20
B,GAT+LSTM,1,76,mon,0.0,0.00026332263951189816,0.0,0.5,,0.0,20
B,GAT+LSTM,1,77,mon,0.0,0.00022199685918167233,0.0,0.5,,0.0,20
B,GAT+LSTM,1,78,mon,0.0,0.00021908621420152485,0.0,0.5,,0.0,20
B,GAT+LSTM,1,79,mon,0.0,0.00022761190484743565,0.0,0.5,,0.0,20
B,GAT+LSTM,1,80,mon,0.0,0.00021463935263454914,0.0,0.5,,0.0,20
B,GAT+LSTM,1,81,mon,0.0,0.00013953066081739962,0.0,0.5,,0.0,20
B,GAT+LSTM,1,82,mon,0.0,0.00013997133646626025,0.0,0.5,,0.0,20
B,GAT+LSTM,1,83,mon,0.0,0.0001433512952644378,0.0,0.5,,0.0,20
B,GAT+LSTM,1,84,mon,0.0,0.0001402695634169504,0.0,0.5,,0.0,20
B,GAT+LSTM,1,85,mon,0.0,0.0001559197553433478,0.0,0.5,,0.0,20
B,GAT+LSTM,1,86,mon,0.0,0.00015636387979611754,0.0,0.5,,0.0,20
B,GAT+LSTM,1,87,mon,0.0,0.0001432207936886698,0.0,0.5,,0.0,20
B,GAT+LSTM,1,88,mon,0.0,0.0001418467436451465,0.0,0.5,,0.0,20
B,GAT+LSTM,1,89,mon,0.0,0.00047249466297216713,0.0,0.5,,0.0,20
B,GAT+LSTM,1,90,mon,0.0,0.00015800174151081592,0.0,0.5,,0.0,20
B,GAT+LSTM,1,91,mon,0.0,0.00016893989231903106,0.0,0.5,,0.0,20
B,GAT+LSTM,1,92,mon,0.0,0.00015504607290495187,0.0,0.5,,0.0,20
B,GAT+LSTM,1,93,mon,0.0,0.00013905132072977722,0.0,0.5,,0.0,20
B,GAT+LSTM,1,94,mon,0.0,0.0001367034128634259,0.0,0.5,,0.0,20
B,GAT+LSTM,1,95,mon,0.0,0.00017367259715683758,0.0,0.5,,0.0,20
B,GAT+LSTM,1,96,mon,0.0,0.00015232179430313408,0.0,0.5,,0.0,20
B,GAT+LSTM,1,97,mon,0.0,0.00017602463776711375,0.0,0.5,,0.0,20
B,GAT+LSTM,1,98,mon,0.0,0.00022126951080281287,0.0,0.5,,0.0,20
B,GAT+LSTM,1,99,mon,0.0,0.0001478786434745416,0.0,0.5,,0.0,20
B,GAT+LSTM,1,100,mon,0.0,0.00016576526104472578,0.0,0.5,,0.0,20
B,GAT+LSTM,1,101,mon,0.0,0.0001520963996881619,0.0,0.5,,0.0,20
B,GAT+LSTM,1,102,mon,0.0,0.00014645126066170633,0.0,0.5,,0.0,20
B,GAT+LSTM,1,103,mon,0.0,0.0001572121400386095,0.0,0.5,,0.0,20
B,GAT+LSTM,1,104,mon,0.0,0.00016415132267866284,0.0,0.5,,0.0,20
B,GAT+LSTM,1,105,mon,0.0,0.0001461679203202948,0.0,0.5,,0.0,20
B,GAT+LSTM,1,106,mon,0.0,0.00013865900109522045,0.0,0.5,,0.0,20
B,GAT+LSTM,1,107,mon,0.0,0.00014416374324355274,0.0,0.5,,0.0,20
B,GAT+LSTM,1,108,mon,0.0,0.0001469495182391256,0.0,0.5,,0.0,20
B,GAT+LSTM,1,109,mon,0.0,0.00020211481023579836,0.0,0.5,,0.0,20
B,GAT+LSTM,1,110,mon,0.0,0.0001663638249738142,0.0,0.5,,0.0,20
B,GAT+LSTM,1,111,mon,0.0,0.0003027046041097492,0.0,0.5,,0.0,20
B,GAT+LSTM,1,112,mon,0.0,0.00015695765614509583,0.0,0.5,,0.0,20
B,GAT+LSTM,1,113,mon,0.0,0.00013718735135626048,0.0,0.5,,0.0,20
B,GAT+LSTM,1,114,mon,0.0,0.00013502867659553885,0.0,0.5,,0.0,20
B,GAT+LSTM,1,115,mon,0.0,0.00014240076416172087,0.0,0.5,,0.0,20
B,GAT+LSTM,1,116,mon,0.0,0.00014561243006028235,0.0,0.5,,0.0,20
B,GAT+LSTM,1,117,mon,0.0,0.00017820265202317387,0.0,0.5,,0.0,20
B,GAT+LSTM,1,118,mon,0.0,0.00024382353876717389,0.0,0.5,,0.0,20
B,GAT+LSTM,1,119,mon,0.0,0.00019930719281546772,0.0,0.5,,0.0,20
B,GAT+LSTM,1,120,mon,0.0,0.00015569703828077763,0.0,0.5,,0.0,20
B,GAT+LSTM,1,121,mon,0.0,0.00013875396689400077,0.0,0.5,,0.0,20
B,GAT+LSTM,1,122,mon,0.0,0.000134989561047405,0.0,0.5,,0.0,20
B,GAT+LSTM,1,123,mon,0.0,0.00016036847955547273,0.0,0.5,,0.0,20
B,GAT+LSTM,1,124,mon,0.0,0.0001552443136461079,0.0,0.5,,0.0,20
B,GAT+LSTM,1,125,mon,0.0,0.00015862940927036107,0.0,0.5,,0.0,20
B,GAT+LSTM,1,126,mon,0.0,0.00017817392654251307,0.0,0.5,,0.0,20
B,GAT+LSTM,1,127,mon,0.0,0.0001470790448365733,0.0,0.5,,0.0,20
B,GAT+LSTM,1,128,mon,0.0,0.0001493055751780048,0.0,0.5,,0.0,20
B,GAT+LSTM,1,129,mon,0.0,0.0001712903758743778,0.0,0.5,,0.0,20
B,GAT+LSTM,1,130,mon,0.0,0.00018486914632376283,0.0,0.5,,0.0,20
B,GAT+LSTM,1,131,mon,0.0,0.00016818271251395345,0.0,0.5,,0.0,20
B,GAT+LSTM,1,132,mon,0.0,0.00013443628267850727,0.0,0.5,,0.0,20
B,GAT+LSTM,1,133,mon,0.0,0.00014238079893402755,0.0,0.5,,0.0,20
B,GAT+LSTM,1,134,mon,0.0,0.00014336290769279003,0.0,0.5,,0.0,20
B,GAT+LSTM,1,135,mon,0.0,0.00022120789799373597,0.0,0.5,,0.0,20
B,GAT+LSTM,1,136,mon,0.0,0.00016874828725121915,0.0,0.5,,0.0,20
B,GAT+LSTM,1,137,mon,0.0,0.00023999078257475048,0.0,0.5,,0.0,20
B,GAT+LSTM,1,138,mon,0.0,0.00016602990217506886,0.0,0.5,,0.0,20
B,GAT+LSTM,1,139,mon,0.0,0.0002669047680683434,0.0,0.5,,0.0,20
B,GAT+LSTM,1,140,mon,0.0,0.0002049664471996948,0.0,0.5,,0.0,20
B,GAT+LSTM,1,141,mon,0.0,0.00036096578696742654,0.0,0.5,,0.0,20
B,GAT+LSTM,1,142,mon,0.0,0.00014795438619330525,0.0,0.5,,0.0,20
B,GAT+LSTM,1,143,mon,0.0,0.00014396346523426473,0.0,0.5,,0.0,20
B,GAT+LSTM,1,144,mon,0.0,0.00014578443369828165,0.0,0.5,,0.0,20
B,GAT+LSTM,1,145,mon,0.0,0.00015714485198259354,0.0,0.5,,0.0,20
B,GAT+LSTM,1,146,mon,0.0,0.00017241119348909706,0.0,0.5,,0.0,20
B,GAT+LSTM,1,147,mon,0.0,0.00014795847528148443,0.0,0.5,,0.0,20
B,GAT+LSTM,1,148,mon,0.0,0.00017334980657324195,0.0,0.5,,0.0,20
B,GAT+LSTM,1,149,mon,0.0,0.00017209698853548616,0.0,0.5,,0.0,20
B,GAT+LSTM,1,150,mon,0.0,0.00015762762632220984,0.0,0.5,,0.0,20
B,GAT+LSTM,1,151,mon,0.0,0.00015486714255530387,0.0,0.5,,0.0,20
B,GAT+LSTM,1,152,mon,0.0,0.00014163024025037885,0.0,0.5,,0.0,20
B,GAT+LSTM,1,153,mon,0.0,0.00014627946075052023,0.0,0.5,,0.0,20
B,GAT+LSTM,1,154,mon,0.0,0.0001853773428592831,0.0,0.5,,0.0,20
B,GAT+LSTM,1,155,mon,0.0,0.0001459151681046933,0.0,0.5,,0.0,20
B,GAT+LSTM,1,156,mon,0.0,0.00027198056341148913,0.0,0.5,,0.0,20
B,GAT+LSTM,1,157,mon,0.0,0.000159943345352076,0.0,0.5,,0.0,20
B,GAT+LSTM,1,158,mon,0.0,0.00014295693836174905,0.0,0.5,,0.0,20
B,GAT+LSTM,1,159,mon,0.0,0.00014984825975261629,0.0,0.5,,0.0,20
B,GAT+LSTM,1,160,mon,0.0,0.00013748697529081255,0.0,0.5,,0.0,20
B,GAT+LSTM,1,161,mon,0.0,0.00015587813686579466,0.0,0.5,,0.0,20
B,GAT+LSTM,1,162,mon,0.0,0.0001388478121953085,0.0,0.5,,0.0,20
B,GAT+LSTM,1,163,mon,0.0,0.00015623973740730435,0.0,0.5,,0.0,20
B,GAT+LSTM,1,164,mon,0.0,0.00014407937123905867,0.0,0.5,,0.0,20
B,GAT+LSTM,1,165,mon,0.0,0.00017219352594111115,0.0,0.5,,0.0,20
B,GAT+LSTM,1,166,mon,0.0,0.00014043149712961167,0.0,0.5,,0.0,20
B,GAT+LSTM,1,167,mon,0.0,0.0004584706330206245,0.0,0.5,,0.0,20
B,GAT+LSTM,1,168,mon,0.0,0.00019486255769152194,0.0,0.5,,0.0,20
B,GAT+LSTM,1,169,mon,0.0,0.00014289819227997214,0.0,0.5,,0.0,20
B,GAT+LSTM,1,170,mon,0.0,0.00014456156350206584,0.0,0.5,,0.0,20
B,GAT+LSTM,1,171,mon,0.0,0.0001650099002290517,0.0,0.5,,0.0,20
B,GAT+LSTM,1,172,mon,0.0,0.00014372507575899363,0.0,0.5,,0.0,20
B,GAT+LSTM,1,173,mon,0.0,0.0002493468637112528,0.0,0.5,,0.0,20
B,GAT+LSTM,1,174,mon,0.0,0.00016487542598042637,0.0,0.5,,0.0,20
B,GAT+LSTM,1,175,mon,0.0,0.00014072023623157293,0.0,0.5,,0.0,20
B,GAT+LSTM,1,176,mon,0.0,0.00014070038741920143,0.0,0.5,,0.0,20
B,GAT+LSTM,1,177,mon,0.0,0.00014015217311680317,0.0,0.5,,0.0,20
B,GAT+LSTM,1,178,mon,0.0,0.00015903118764981627,0.0,0.5,,0.0,20
B,GAT+LSTM,1,179,mon,0.0,0.0001535016344860196,0.0,0.5,,0.0,20
B,GAT+LSTM,1,180,mon,0.0,0.000151119296788238,0.0,0.5,,0.0,20
B,GAT+LSTM,1,181,mon,0.0,0.00013814761769026518,0.0,0.5,,0.0,20
B,GAT+LSTM,1,182,mon,0.0,0.0001493162417318672,0.0,0.5,,0.0,20
B,GAT+LSTM,1,183,mon,0.0,0.00014202838065102696,0.0,0.5,,0.0,20
B,GAT+LSTM,1,184,mon,0.0,0.00015610155242029577,0.0,0.5,,0.0,20
B,GAT+LSTM,1,185,mon,0.0,0.00015175393491517752,0.0,0.5,,0.0,20
B,GAT+LSTM,1,186,mon,0.0,0.00015179965703282505,0.0,0.5,,0.0,20
B,GAT+LSTM,1,187,mon,0.0,0.00017069120076484978,0.0,0.5,,0.0,20
B,GAT+LSTM,1,188,mon,0.0,0.00014246160571929067,0.0,0.5,,0.0,20
B,GAT+LSTM,1,189,mon,0.0,0.00014376592298503965,0.0,0.5,,0.0,20
B,GAT+LSTM,1,190,mon,0.0,0.0001430312404409051,0.0,0.5,,0.0,20
B,GAT+LSTM,1,191,mon,0.0,0.00014821179502177984,0.0,0.5,,0.0,20
B,GAT+LSTM,1,192,mon,0.0,0.00017777511675376445,0.0,0.5,,0.0,20
B,GAT+LSTM,1,193,mon,0.0,0.0001638040557736531,0.0,0.5,,0.0,20
B,GAT+LSTM,1,194,mon,0.0,0.0004431082052178681,0.0,0.5,,0.0,20
B,GAT+LSTM,1,195,mon,0.0,0.00020142510766163468,0.0,0.5,,0.0,20
B,GAT+LSTM,1,196,mon,0.0,0.00016733954544179142,0.0,0.5,,0.0,20
B,GAT+LSTM,1,197,mon,0.0,0.00013707359903492033,0.0,0.5,,0.0,20
B,GAT+LSTM,1,198,mon,0.0,0.0001822758640628308,0.0,0.5,,0.0,20
B,GAT+LSTM,1,199,mon,0.0,0.0001597074297023937,0.0,0.5,,0.0,20
B,GAT+LSTM,1,200,mon,0.0,0.00015122423064894974,0.0,0.5,,0.0,20
B,GAT+LSTM,1,201,mon,0.0,0.00015058247663546354,0.0,0.5,,0.0,20
B,GAT+LSTM,1,202,mon,0.0,0.00014002874377183616,0.0,0.5,,0.0,20
B,GAT+LSTM,1,203,mon,0.0,0.0001351273531327024,0.0,0.5,,0.0,20
B,GAT+LSTM,1,204,mon,0.0,0.00021289709548000246,0.0,0.5,,0.0,20
B,GAT+LSTM,1,205,mon,0.0,0.0001503825915278867,0.0,0.5,,0.0,20
B,GAT+LSTM,1,206,mon,0.0,0.00019892462296411395,0.0,0.5,,0.0,20
B,GAT+LSTM,1,207,mon,0.0,0.00013873768330086023,0.0,0.5,,0.0,20
B,GAT+LSTM,1,208,mon,0.0,0.00014841347001492977,0.0,0.5,,0.0,20
B,GAT+LSTM,1,209,mon,0.0,0.0001440255146007985,0.0,0.5,,0.0,20
B,GAT+LSTM,1,210,mon,0.0,0.0001734086690703407,0.0,0.5,,0.0,20
B,GAT+LSTM,1,211,mon,0.0,0.0001424641814082861,0.0,0.5,,0.0,20
B,GAT+LSTM,1,212,mon,0.0,0.00017353369912598282,0.0,0.5,,0.0,20
B,GAT+LSTM,1,213,mon,0.0,0.00019575045735109597,0.0,0.5,,0.0,20
B,GAT+LSTM,1,214,mon,0.0,0.00013926760584581643,0.0,0.5,,0.0,20
B,GAT+LSTM,1,215,mon,0.0,0.00014350377023220062,0.0,0.5,,0.0,20
B,GAT+LSTM,1,216,mon,0.0,0.0001404188951710239,0.0,0.5,,0.0,20
B,GAT+LSTM,1,217,mon,0.0,0.00014331219426821917,0.0,0.5,,0.0,20
B,GAT+LSTM,1,218,mon,0.0,0.00014351306890603155,0.0,0.5,,0.0,20
B,GAT+LSTM,1,219,mon,0.0,0.00036408103187568486,0.0,0.5,,0.0,20
B,GAT+LSTM,1,220,mon,0.0,0.00015751810860820115,0.0,0.5,,0.0,20
B,GAT+LSTM,1,221,mon,0.0,0.00027660824707709253,0.0,0.5,,0.0,20
B,GAT+LSTM,1,222,mon,0.0,0.00018855350208468735,0.0,0.5,,0.0,20
B,GAT+LSTM,1,223,mon,0.0,0.00020144220616202801,0.0,0.5,,0.0,20
B,GAT+LSTM,1,224,mon,0.0,0.0001373215054627508,0.0,0.5,,0.0,20
B,GAT+LSTM,1,225,mon,0.0,0.00013554275210481137,0.0,0.5,,0.0,20
B,GAT+LSTM,1,226,mon,0.0,0.0001444761292077601,0.0,0.5,,0.0,20
B,GAT+LSTM,1,227,mon,0.0,0.00015542989422101527,0.0,0.5,,0.0,20
B,GAT+LSTM,1,228,mon,0.0,0.00016586804122198373,0.0,0.5,,0.0,20
B,GAT+LSTM,1,229,mon,0.0,0.00017911267059389502,0.0,0.5,,0.0,20
B,GAT+LSTM,1,230,mon,0.0,0.0001524822146166116,0.0,0.5,,0.0,20
B,GAT+LSTM,1,231,mon,0.0,0.00015611016715411097,0.0,0.5,,0.0,20
B,GAT+LSTM,1,232,mon,0.0,0.00014272292901296169,0.0,0.5,,0.0,20
B,GAT+LSTM,1,233,mon,0.0,0.00016031406994443387,0.0,0.5,,0.0,20
B,GAT+LSTM,1,234,mon,0.0,0.00020190812938380986,0.0,0.5,,0.0,20
B,GAT+LSTM,1,235,mon,0.0,0.00014612289669457823,0.0,0.5,,0.0,20
B,GAT+LSTM,1,236,mon,0.0,0.00014225798076950014,0.0,0.5,,0.0,20
B,GAT+LSTM,1,237,mon,0.0,0.00013634761853609234,0.0,0.5,,0.0,20
B,GAT+LSTM,1,238,mon,0.0,0.00014512561028823256,0.0,0.5,,0.0,20
B,GAT+LSTM,1,239,mon,0.0,0.00016697455430403352,0.0,0.5,,0.0,20
B,GAT+LSTM,1,240,mon,0.0,0.00037489121314138174,0.0,0.5,,0.0,20
B,GAT+LSTM,1,241,mon,0.0,0.0006220336654223502,0.0,0.5,,0.0,20
B,GAT+LSTM,1,242,mon,0.0,0.00038372777635231614,0.0,0.5,,0.0,20
B,GAT+LSTM,1,243,mon,0.0,0.00021828929311595857,0.0,0.5,,0.0,20
B,GAT+LSTM,1,244,mon,0.0,0.00015194606385193765,0.0,0.5,,0.0,20
B,GAT+LSTM,1,245,mon,0.0,0.0001398501917719841,0.0,0.5,,0.0,20
B,GAT+LSTM,1,246,mon,0.0,0.00014257658040151,0.0,0.5,,0.0,20
B,GAT+LSTM,1,247,mon,0.0,0.0001347973884548992,0.0,0.5,,0.0,20
B,GAT+LSTM,1,248,mon,0.0,0.0001587269944138825,0.0,0.5,,0.0,20
B,GAT+LSTM,1,249,mon,0.0,0.0001428126561222598,0.0,0.5,,0.0,20
B,GAT+LSTM,1,250,mon,0.0,0.00016303679149132222,0.0,0.5,,0.0,20
B,GAT+LSTM,1,251,mon,0.0,0.00016306943143717945,0.0,0.5,,0.0,20
B,GAT+LSTM,1,252,mon,0.0,0.0001360386813757941,0.0,0.5,,0.0,20
B,GAT+LSTM,1,253,mon,0.0,0.00014410189760383219,0.0,0.5,,0.0,20
B,GAT+LSTM,1,254,mon,0.0,0.00015841008280403912,0.0,0.5,,0.0,20
B,GAT+LSTM,1,255,mon,0.0,0.00013991209561936557,0.0,0.5,,0.0,20
B,GAT+LSTM,1,256,mon,0.0,0.000145541358506307,0.0,0.5,,0.0,20
B,GAT+LSTM,1,257,mon,0.0,0.0001502904196968302,0.0,0.5,,0.0,20
B,GAT+LSTM,1,258,mon,0.0,0.00013872564886696637,0.0,0.5,,0.0,20
B,GAT+LSTM,1,259,mon,0.0,0.00013824485358782113,0.0,0.5,,0.0,20
B,GAT+LSTM,1,260,mon,0.0,0.00014134260709397495,0.0,0.5,,0.0,20
B,GAT+LSTM,1,261,mon,0.0,0.00014828643179498613,0.0,0.5,,0.0,20
B,GAT+LSTM,1,262,mon,0.0,0.00014371027646120638,0.0,0.5,,0.0,20
B,GAT+LSTM,1,263,mon,0.0,0.00017855028272606432,0.0,0.5,,0.0,20
B,GAT+LSTM,1,264,mon,0.0,0.00014937946980353445,0.0,0.5,,0.0,20
B,GAT+LSTM,1,265,mon,0.0,0.0001437956525478512,0.0,0.5,,0.0,20
B,GAT+LSTM,1,266,mon,0.0,0.0001541631791042164,0.0,0.5,,0.0,20
B,GAT+LSTM,1,267,mon,0.0,0.00013762274465989321,0.0,0.5,,0.0,20
B,GAT+LSTM,1,268,mon,0.0,0.00014277575246524066,0.0,0.5,,0.0,20
B,GAT+LSTM,1,269,mon,0.0,0.00014754525909665972,0.0,0.5,,0.0,20
B,GAT+LSTM,1,270,mon,0.0,0.0001469167327741161,0.0,0.5,,0.0,20
B,GAT+LSTM,1,271,mon,0.0,0.00014635492698289454,0.0,0.5,,0.0,20
B,GAT+LSTM,1,272,mon,0.0,0.00017139330157078803,0.0,0.5,,0.0,20
B,GAT+LSTM,1,273,mon,0.0,0.00014478035154752433,0.0,0.5,,0.0,20
B,GAT+LSTM,1,274,mon,0.0,0.00015457886911462992,0.0,0.5,,0.0,20
B,GAT+LSTM,1,275,mon,0.0,0.0001657655811868608,0.0,0.5,,0.0,20
B,GAT+LSTM,1,276,mon,0.0,0.00016684405272826552,0.0,0.5,,0.0,20
B,GAT+LSTM,1,277,mon,0.0,0.00013613456394523382,0.0,0.5,,0.0,20
B,GAT+LSTM,1,278,mon,0.0,0.0001452446886105463,0.0,0.5,,0.0,20
B,GAT+LSTM,1,279,mon,0.0,0.0001816585281630978,0.0,0.5,,0.0,20
B,GAT+LSTM,1,280,mon,0.0,0.00016312387015204877,0.0,0.5,,0.0,20
B,GAT+LSTM,1,281,mon,0.0,0.0001415547594660893,0.0,0.5,,0.0,20
B,GAT+LSTM,1,282,mon,0.0,0.00014026487770024687,0.0,0.5,,0.0,20
B,GAT+LSTM,1,283,mon,0.0,0.0001360040478175506,0.0,0.5,,0.0,20
B,GAT+LSTM,1,284,mon,0.0,0.00017014473269227892,0.0,0.5,,0.0,20
B,GAT+LSTM,1,285,mon,0.0,0.0001386982767144218,0.0,0.5,,0.0,20
B,GAT+LSTM,1,286,mon,0.0,0.0001408102980349213,0.0,0.5,,0.0,20
B,GAT+LSTM,1,287,mon,0.0,0.00015625180094502866,0.0,0.5,,0.0,20
B,GAT+LSTM,1,288,mon,0.0,0.00014103429566603154,0.0,0.5,,0.0,20
B,GAT+LSTM,1,289,mon,0.0,0.00014215383271221071,0.0,0.5,,0.0,20
B,GAT+LSTM,1,290,mon,0.0,0.00014315498992800713,0.0,0.5,,0.0,20
B,GAT+LSTM,1,291,mon,0.0,0.00014324949006550014,0.0,0.5,,0.0,20
B,GAT+LSTM,1,292,mon,0.0,0.0001644758158363402,0.0,0.5,,0.0,20
B,GAT+LSTM,1,293,mon,0.0,0.00014335689775180072,0.0,0.5,,0.0,20
B,GAT+LSTM,1,294,mon,0.0,0.00014154329255688936,0.0,0.5,,0.0,20
B,GAT+LSTM,1,295,mon,0.0,0.00014236329298000783,0.0,0.5,,0.0,20
B,GAT+LSTM,1,296,mon,0.0,0.0001576149952597916,0.0,0.5,,0.0,20
B,GAT+LSTM,1,297,mon,0.0,0.00014082306006457657,0.0,0.5,,0.0,20
B,GAT+LSTM,1,298,mon,0.0,0.0001444196532247588,0.0,0.5,,0.0,20
B,GAT+LSTM,1,299,mon,0.0,0.0003405065799597651,0.0,0.5,,0.0,20
B,GAT+LSTM,1,300,mon,0.0,0.00018184258078690618,0.0,0.5,,0.0,20
B,GAT+LSTM,1,301,mon,0.0,0.00013856581063009799,0.0,0.5,,0.0,20
B,GAT+LSTM,1,302,mon,0.0,0.0001379297609673813,0.0,0.5,,0.0,20
B,GAT+LSTM,1,303,mon,0.0,0.00014795198512729257,0.0,0.5,,0.0,20
B,GAT+LSTM,1,304,mon,0.0,0.00019957397307734936,0.0,0.5,,0.0,20
B,GAT+LSTM,1,305,mon,0.0,0.00014439404185395688,0.0,0.5,,0.0,20
B,GAT+LSTM,1,306,mon,0.0,0.0001716726692393422,0.0,0.5,,0.0,20
B,GAT+LSTM,1,307,mon,0.0,0.0001636526285437867,0.0,0.5,,0.0,20
B,GAT+LSTM,1,308,mon,0.0,0.00013642759586218745,0.0,0.5,,0.0,20
B,GAT+LSTM,1,309,mon,0.0,0.00013370988017413765,0.0,0.5,,0.0,20
B,GAT+LSTM,1,310,mon,0.0,0.0001561872923048213,0.0,0.5,,0.0,20
B,GAT+LSTM,1,311,mon,0.0,0.0001390574179822579,0.0,0.5,,0.0,20
B,GAT+LSTM,1,312,mon,0.0,0.0001758585567586124,0.0,0.5,,0.0,20
B,GAT+LSTM,1,313,mon,0.0,0.00017151724023278803,0.0,0.5,,0.0,20
B,GAT+LSTM,1,314,mon,0.0,0.00015053825336508453,0.0,0.5,,0.0,20
B,GAT+LSTM,1,315,mon,0.0,0.0004012396093457937,0.0,0.5,,0.0,20
B,GAT+LSTM,1,316,mon,0.0,0.0001787197688827291,0.0,0.5,,0.0,20
B,GAT+LSTM,1,317,mon,0.0,0.00018357405497226864,0.0,0.5,,0.0,20
B,GAT+LSTM,1,318,mon,0.0,0.00014415523037314415,0.0,0.5,,0.0,20
B,GAT+LSTM,1,319,mon,0.0,0.00014001726231072098,0.0,0.5,,0.0,20
B,GAT+LSTM,1,320,mon,0.0,0.0001442309730919078,0.0,0.5,,0.0,20
B,GAT+LSTM,1,321,mon,0.0,0.00022016193543095142,0.0,0.5,,0.0,20
B,GAT+LSTM,1,322,mon,0.0,0.00014930286852177233,0.0,0.5,,0.0,20
B,GAT+LSTM,1,323,mon,0.0,0.00013591043534688652,0.0,0.5,,0.0,20
B,GAT+LSTM,1,324,mon,0.0,0.0001396838779328391,0.0,0.5,,0.0,20
B,GAT+LSTM,1,325,mon,0.0,0.00018885903409682214,0.0,0.5,,0.0,20
B,GAT+LSTM,1,326,mon,0.0,0.00017212833336088806,0.0,0.5,,0.0,20
B,GAT+LSTM,1,327,mon,0.0,0.0001895602763397619,0.0,0.5,,0.0,20
B,GAT+LSTM,1,328,mon,0.0,0.0001451073621865362,0.0,0.5,,0.0,20
B,GAT+LSTM,1,329,mon,0.0,0.0001468607079004869,0.0,0.5,,0.0,20
B,GAT+LSTM,1,330,mon,0.0,0.0001542388927191496,0.0,0.5,,0.0,20
B,GAT+LSTM,1,331,mon,0.0,0.0001800794998416677,0.0,0.5,,0.0,20
B,GAT+LSTM,1,332,mon,0.0,0.00019982112280558795,0.0,0.5,,0.0,20
B,GAT+LSTM,1,333,mon,0.0,0.00019622773106675595,0.0,0.5,,0.0,20
B,GAT+LSTM,1,334,mon,0.0,0.00021424943406600505,0.0,0.5,,0.0,20
B,GAT+LSTM,1,335,mon,0.0,0.00018513445684220642,0.0,0.5,,0.0,20
B,GAT+LSTM,1,336,mon,0.0,0.00016764075553510338,0.0,0.5,,0.0,20
B,GAT+LSTM,1,337,mon,0.0,0.00015582464402541518,0.0,0.5,,0.0,20
B,GAT+LSTM,1,338,mon,0.0,0.00015374259965028614,0.0,0.5,,0.0,20
B,GAT+LSTM,1,339,mon,0.0,0.00017565779853612185,0.0,0.5,,0.0,20
B,GAT+LSTM,1,340,mon,0.0,0.00017740242765285075,0.0,0.5,,0.0,20
B,GAT+LSTM,1,341,mon,0.0,0.00018409447511658072,0.0,0.5,,0.0,20
B,GAT+LSTM,1,342,mon,0.0,0.0002540434943512082,0.0,0.5,,0.0,20
B,GAT+LSTM,1,343,mon,0.0,0.00023035358753986657,0.0,0.5,,0.0,20
B,GAT+LSTM,1,344,mon,0.0,0.0003013983659911901,0.0,0.5,,0.0,20
B,GAT+LSTM,1,345,mon,0.0,0.00039740398642607033,0.0,0.5,,0.0,20
B,GAT+LSTM,1,346,mon,0.0,0.00030043438891880214,0.0,0.5,,0.0,20
B,GAT+LSTM,1,347,mon,0.0,0.00041462210356257856,0.0,0.5,,0.0,20
B,GAT+LSTM,1,348,mon,0.0,0.00023470645828638226,0.0,0.5,,0.0,20
B,GAT+LSTM,1,349,mon,0.0,0.00035547622246667743,0.0,0.5,,0.0,20
B,GAT+LSTM,1,350,mon,0.0,0.00029935623751953244,0.0,0.5,,0.0,20
B,GAT+LSTM,1,351,mon,0.0,0.00024069796199910343,0.0,0.5,,0.0,20
B,GAT+LSTM,1,352,mon,0.0,0.00027114219847135246,0.0,0.5,,0.0,20
B,GAT+LSTM,1,353,mon,0.0,0.00021289545111358166,0.0,0.5,,0.0,20
B,GAT+LSTM,1,354,mon,0.0,0.00018355496285948902,0.0,0.5,,0.0,20
B,GAT+LSTM,1,355,mon,0.0,0.0001593283814145252,0.0,0.5,,0.0,20
B,GAT+LSTM,1,356,mon,0.0,0.0001485517859691754,0.0,0.5,,0.0,20
B,GAT+LSTM,1,357,mon,0.0,0.00015345041174441576,0.0,0.5,,0.0,20
B,GAT+LSTM,1,358,mon,0.0,0.000163607532158494,0.0,0.5,,0.0,20
B,GAT+LSTM,1,359,mon,0.0,0.0001784386404324323,0.0,0.5,,0.0,20
B,GAT+LSTM,1,360,mon,0.0,0.0001764785556588322,0.0,0.5,,0.0,20
B,GAT+LSTM,1,361,mon,0.0,0.00018410570919513702,0.0,0.5,,0.0,20
B,GAT+LSTM,1,362,mon,0.0,0.00020755136210937053,0.0,0.5,,0.0,20
B,GAT+LSTM,1,363,mon,0.0,0.0002066775195999071,0.0,0.5,,0.0,20
B,GAT+LSTM,1,364,mon,0.0,0.00018543055921327323,0.0,0.5,,0.0,20
B,GAT+LSTM,1,365,mon,0.0,0.0001742588065098971,0.0,0.5,,0.0,20
B,GAT+LSTM,1,366,mon,0.0,0.0001755943230818957,0.0,0.5,,0.0,20
B,GAT+LSTM,1,367,mon,0.0,0.00018228054977953434,0.0,0.5,,0.0,20
B,GAT+LSTM,1,368,mon,0.0,0.00016377578140236437,0.0,0.5,,0.0,20
B,GAT+LSTM,1,369,mon,0.0,0.00019652207265608013,0.0,0.5,,0.0,20
B,GAT+LSTM,1,370,mon,0.0,0.00021960490266792476,0.0,0.5,,0.0,20
B,GAT+LSTM,1,371,mon,0.0,0.0002858355001080781,0.0,0.5,,0.0,20
B,GAT+LSTM,1,372,mon,0.0,0.00033124073524959385,0.0,0.5,,0.0,20
B,GAT+LSTM,1,373,mon,0.0,0.0003858800046145916,0.0,0.5,,0.0,20
B,GAT+LSTM,1,374,mon,0.0,0.00038003557710908353,0.0,0.5,,0.0,20
B,GAT+LSTM,1,375,mon,0.0,0.0004911698051728308,0.0,0.5,,0.0,20
B,GAT+LSTM,1,376,mon,0.0,0.000572553719393909,0.0,0.5,,0.0,20
B,GAT+LSTM,1,377,mon,0.0,0.0005329768173396587,0.0,0.5,,0.0,20
B,GAT+LSTM,1,378,mon,0.0,0.00028711865888908505,0.0,0.5,,0.0,20
B,GAT+LSTM,1,379,mon,0.0,0.00021438387921079993,0.0,0.5,,0.0,20
B,GAT+LSTM,1,380,mon,0.0,0.00019276823149994016,0.0,0.5,,0.0,20
B,GAT+LSTM,1,381,mon,0.0,0.00018694112077355385,0.0,0.5,,0.0,20
B,GAT+LSTM,1,382,mon,0.0,0.00018372938211541623,0.0,0.5,,0.0,20
B,GAT+LSTM,1,383,mon,0.0,0.00017301394836977124,0.0,0.5,,0.0,20
B,GAT+LSTM,1,384,mon,0.0,0.00016421364853158593,0.0,0.5,,0.0,20
B,GAT+LSTM,1,385,mon,0.0,0.0001619980757823214,0.0,0.5,,0.0,20
B,GAT+LSTM,1,386,mon,0.0,0.00015332640032283962,0.0,0.5,,0.0,20
B,GAT+LSTM,1,387,mon,0.0,0.0001576806971570477,0.0,0.5,,0.0,20
B,GAT+LSTM,1,388,mon,0.0,0.00020121029228903353,0.0,0.5,,0.0,20
B,GAT+LSTM,1,389,mon,0.0,0.0003115999570582062,0.0,0.5,,0.0,20
B,GAT+LSTM,1,390,mon,0.0,0.000463142991065979,0.0,0.5,,0.0,20
B,GAT+LSTM,1,391,mon,0.0,0.0006414757226593792,0.0,0.5,,0.0,20
B,GAT+LSTM,1,392,mon,0.0,0.0004463510704226792,0.0,0.5,,0.0,20
B,GAT+LSTM,1,393,mon,0.0,0.0003526575455907732,0.0,0.5,,0.0,20
B,GAT+LSTM,1,394,mon,0.0,0.00033313361927866936,0.0,0.5,,0.0,20
B,GAT+LSTM,1,395,mon,0.0,0.0002341746585443616,0.0,0.5,,0.0,20
B,GAT+LSTM,1,396,mon,0.0,0.00021375725918915123,0.0,0.5,,0.0,20
B,GAT+LSTM,1,397,mon,0.0,0.00019006687216460705,0.0,0.5,,0.0,20
B,GAT+LSTM,1,398,mon,0.0,0.0002221166796516627,0.0,0.5,,0.0,20
B,GAT+LSTM,1,399,mon,0.0,0.0002601784944999963,0.0,0.5,,0.0,20
B,GAT+LSTM,1,400,mon,0.0,0.00019948113185819238,0.0,0.5,,0.0,20
B,GAT+LSTM,1,401,mon,0.0,0.00021065957844257355,0.0,0.5,,0.0,20
B,GAT+LSTM,1,402,mon,0.0,0.00017915877106133848,0.0,0.5,,0.0,20
B,GAT+LSTM,1,403,mon,0.0,0.00016116793267428875,0.0,0.5,,0.0,20
B,GAT+LSTM,1,404,mon,0.0,0.00015666070976294577,0.0,0.5,,0.0,20
B,GAT+LSTM,1,405,mon,0.0,0.0001594542118255049,0.0,0.5,,0.0,20
B,GAT+LSTM,1,406,mon,0.0,0.00015417655231431127,0.0,0.5,,0.0,20
B,GAT+LSTM,1,407,mon,0.0,0.00015159700706135482,0.0,0.5,,0.0,20
B,GAT+LSTM,1,408,mon,0.0,0.0001580329262651503,0.0,0.5,,0.0,20
B,GAT+LSTM,1,409,mon,0.0,0.00016167215653695166,0.0,0.5,,0.0,20
B,GAT+LSTM,1,410,mon,0.0,0.00018816415104083717,0.0,0.5,,0.0,20
B,GAT+LSTM,1,411,mon,0.0,0.000185959434020333,0.0,0.5,,0.0,20
B,GAT+LSTM,1,412,mon,0.0,0.00020759945618920028,0.0,0.5,,0.0,20
B,GAT+LSTM,1,413,mon,0.0,0.00019940678612329066,0.0,0.5,,0.0,20
B,GAT+LSTM,1,414,mon,0.0,0.00026761111803352833,0.0,0.5,,0.0,20
B,GAT+LSTM,1,415,mon,0.0,0.00030243201763369143,0.0,0.5,,0.0,20
B,GAT+LSTM,1,416,mon,0.0,0.00023127191525418311,0.0,0.5,,0.0,20
B,GAT+LSTM,1,417,mon,0.0,0.00019455362053122371,0.0,0.5,,0.0,20
B,GAT+LSTM,1,418,mon,0.0,0.0001791297399904579,0.0,0.5,,0.0,20
B,GAT+LSTM,1,419,mon,0.0,0.00016381281602662057,0.0,0.5,,0.0,20
B,GAT+LSTM,1,420,mon,0.0,0.0001763900654623285,0.0,0.5,,0.0,20
B,GAT+LSTM,1,421,mon,0.0,0.00022644302225671709,0.0,0.5,,0.0,20
B,GAT+LSTM,1,422,mon,0.0,0.00033405108842998743,0.0,0.5,,0.0,20
B,GAT+LSTM,1,423,mon,0.0,0.00035071015008725226,0.0,0.5,,0.0,20
B,GAT+LSTM,1,424,mon,0.0,0.00037609165883623064,0.0,0.5,,0.0,20
B,GAT+LSTM,1,425,mon,0.0,0.00023043133842293173,0.0,0.5,,0.0,20
B,GAT+LSTM,1,426,mon,0.0,0.0001928430428961292,0.0,0.5,,0.0,20
B,GAT+LSTM,1,427,mon,0.0,0.0001643618306843564,0.0,0.5,,0.0,20
B,GAT+LSTM,1,428,mon,0.0,0.00015188190445769578,0.0,0.5,,0.0,20
B,GAT+LSTM,1,429,mon,0.0,0.00014689977979287505,0.0,0.5,,0.0,20
B,GAT+LSTM,1,430,mon,0.0,0.00014383529196493328,0.0,0.5,,0.0,20
B,GAT+LSTM,1,431,mon,0.0,0.00017215560365002602,0.0,0.5,,0.0,20
B,GAT+LSTM,1,432,mon,0.0,0.00016099789354484528,0.0,0.5,,0.0,20
B,GAT+LSTM,1,433,mon,0.0,0.0001681185676716268,0.0,0.5,,0.0,20
B,GAT+LSTM,1,434,mon,0.0,0.00017117822426371276,0.0,0.5,,0.0,20
B,GAT+LSTM,1,435,mon,0.0,0.00018191940034739673,0.0,0.5,,0.0,20
B,GAT+LSTM,1,436,mon,0.0,0.00015199418703559786,0.0,0.5,,0.0,20
B,GAT+LSTM,1,437,mon,0.0,0.00014863410615362227,0.0,0.5,,0.0,20
B,GAT+LSTM,1,438,mon,0.0,0.0001458342158002779,0.0,0.5,,0.0,20
B,GAT+LSTM,1,439,mon,0.0,0.000146913094795309,0.0,0.5,,0.0,20
B,GAT+LSTM,1,440,mon,0.0,0.00016160619270522147,0.0,0.5,,0.0,20
B,GAT+LSTM,1,441,mon,0.0,0.00018294446635991335,0.0,0.5,,0.0,20
B,GAT+LSTM,1,442,mon,0.0,0.00018211151473224163,0.0,0.5,,0.0,20
B,GAT+LSTM,1,443,mon,0.0,0.00019411781977396458,0.0,0.5,,0.0,20
B,GAT+LSTM,1,444,mon,0.0,0.0001812571135815233,0.0,0.5,,0.0,20
B,GAT+LSTM,1,445,mon,0.0,0.00017198167915921658,0.0,0.5,,0.0,20
B,GAT+LSTM,1,446,mon,0.0,0.0001865113154053688,0.0,0.5,,0.0,20
B,GAT+LSTM,1,447,mon,0.0,0.00018819213437382132,0.0,0.5,,0.0,20
B,GAT+LSTM,1,448,mon,0.0,0.00019366339256521314,0.0,0.5,,0.0,20
B,GAT+LSTM,1,449,mon,0.0,0.00019580665684770793,0.0,0.5,,0.0,20
B,GAT+LSTM,1,450,mon,0.0,0.00020598834089469165,0.0,0.5,,0.0,20
B,GAT+LSTM,1,451,mon,0.0,0.0001801968173822388,0.0,0.5,,0.0,20
B,GAT+LSTM,1,452,mon,0.0,0.00016181003593374044,0.0,0.5,,0.0,20
B,GAT+LSTM,1,453,mon,0.0,0.00015255216567311436,0.0,0.5,,0.0,20
B,GAT+LSTM,1,454,mon,0.0,0.00015282414096873254,0.0,0.5,,0.0,20
B,GAT+LSTM,1,455,mon,0.0,0.0001545663399156183,0.0,0.5,,0.0,20
B,GAT+LSTM,1,456,mon,0.0,0.0001516280899522826,0.0,0.5,,0.0,20
B,GAT+LSTM,1,457,mon,0.0,0.0001460042258258909,0.0,0.5,,0.0,20
B,GAT+LSTM,1,458,mon,0.0,0.00014661556633654982,0.0,0.5,,0.0,20
B,GAT+LSTM,1,459,mon,0.0,0.0001437576866010204,0.0,0.5,,0.0,20
B,GAT+LSTM,1,460,mon,0.0,0.00014382295194081962,0.0,0.5,,0.0,20
B,GAT+LSTM,1,461,mon,0.0,0.00014452461618930101,0.0,0.5,,0.0,20
B,GAT+LSTM,1,462,mon,0.0,0.0001822593476390466,0.0,0.5,,0.0,20
B,GAT+LSTM,1,463,mon,0.0,0.00017362473590765148,0.0,0.5,,0.0,20
B,GAT+LSTM,1,464,mon,0.0,0.00017598217527847737,0.0,0.5,,0.0,20
B,GAT+LSTM,1,465,mon,0.0,0.00017055211355909705,0.0,0.5,,0.0,20
B,GAT+LSTM,1,466,mon,0.0,0.00017315454897470772,0.0,0.5,,0.0,20
B,GAT+LSTM,1,467,mon,0.0,0.00017891106836032122,0.0,0.5,,0.0,20
B,GAT+LSTM,1,468,mon,0.0,0.0001633866340853274,0.0,0.5,,0.0,20
B,GAT+LSTM,1,469,mon,0.0,0.00016106899420265108,0.0,0.5,,0.0,20
B,GAT+LSTM,1,470,mon,0.0,0.00014994415687397122,0.0,0.5,,0.0,20
B,GAT+LSTM,1,471,mon,0.0,0.0001587398728588596,0.0,0.5,,0.0,20
B,GAT+LSTM,1,472,mon,0.0,0.00015055692347232252,0.0,0.5,,0.0,20
B,GAT+LSTM,1,473,mon,0.0,0.00015774100029375404,0.0,0.5,,0.0,20
B,GAT+LSTM,1,474,mon,0.0,0.00017918850062415004,0.0,0.5,,0.0,20
B,GAT+LSTM,1,475,mon,0.0,0.00019778551359195262,0.0,0.5,,0.0,20
B,GAT+LSTM,1,476,mon,0.0,0.00017806065443437546,0.0,0.5,,0.0,20
B,GAT+LSTM,1,477,mon,0.0,0.00017142240540124476,0.0,0.5,,0.0,20
B,GAT+LSTM,1,478,mon,0.0,0.0001624374999664724,0.0,0.5,,0.0,20
B,GAT+LSTM,1,479,mon,0.0,0.00015219315537251532,0.0,0.5,,0.0,20
B,GAT+LSTM,1,480,mon,0.0,0.00014734068827237934,0.0,0.5,,0.0,20
B,GAT+LSTM,1,481,mon,0.0,0.00014602678129449487,0.0,0.5,,0.0,20
B,GAT+LSTM,1,482,mon,0.0,0.00014833650493528694,0.0,0.5,,0.0,20
B,GAT+LSTM,1,483,mon,0.0,0.00014990914496593177,0.0,0.5,,0.0,20
B,GAT+LSTM,1,484,mon,0.0,0.00014875207853037864,0.0,0.5,,0.0,20
B,GAT+LSTM,1,485,mon,0.0,0.00015414583322126418,0.0,0.5,,0.0,20
B,GAT+LSTM,1,486,mon,0.0,0.0001448270195396617,0.0,0.5,,0.0,20
B,GAT+LSTM,1,487,mon,0.0,0.00014233464025892317,0.0,0.5,,0.0,20
B,GAT+LSTM,1,488,mon,0.0,0.0001455100136809051,0.0,0.5,,0.0,20
B,GAT+LSTM,1,489,mon,0.0,0.00014245780766941607,0.0,0.5,,0.0,20
B,GAT+LSTM,1,490,mon,0.0,0.0001460262283217162,0.0,0.5,,0.0,20
B,GAT+LSTM,1,491,mon,0.0,0.00015488662756979465,0.0,0.5,,0.0,20
B,GAT+LSTM,1,492,mon,0.0,0.00015738057845737785,0.0,0.5,,0.0,20
B,GAT+LSTM,1,493,mon,0.0,0.00017184905300382525,0.0,0.5,,0.0,20
B,GAT+LSTM,1,494,mon,0.0,0.00016455580771435052,0.0,0.5,,0.0,20
B,GAT+LSTM,1,495,mon,0.0,0.0001583785196999088,0.0,0.5,,0.0,20
B,GAT+LSTM,1,496,mon,0.0,0.00038887676782906055,0.0,0.5,,0.0,20
B,GAT+LSTM,1,497,mon,0.0,0.00023166810569819063,0.0,0.5,,0.0,20
B,GAT+LSTM,1,498,mon,0.0,0.00022109615383669734,0.0,0.5,,0.0,20
B,GAT+LSTM,1,499,mon,0.0,0.0003730654716491699,0.0,0.5,,0.0,20
B,GAT+LSTM,1,500,mon,0.0,0.00032604296575300395,0.0,0.5,,0.0,20
B,GAT+LSTM,1,501,mon,0.0,0.00026557999080978334,0.0,0.5,,0.0,20
B,GAT+LSTM,1,502,mon,0.0,0.0001965520641533658,0.0,0.5,,0.0,20
B,GAT+LSTM,2,611,tue,0.0,0.0001547847641631961,0.0,0.5,,0.0,20
B,GAT+LSTM,2,612,tue,0.0,0.0001610608451301232,0.0,0.5,,0.0,20
B,GAT+LSTM,2,613,tue,0.0,0.0001715232792776078,0.0,0.5,,0.0,20
B,GAT+LSTM,2,614,tue,0.0,0.00015660753706470132,0.0,0.5,,0.0,20
B,GAT+LSTM,2,615,tue,0.0,0.00015558040468022227,0.0,0.5,,0.0,20
B,GAT+LSTM,2,616,tue,0.0,0.00018052614177577198,0.0,0.5,,0.0,20
B,GAT+LSTM,2,617,tue,0.0,0.0001336215646006167,0.0,0.5,,0.0,20
B,GAT+LSTM,2,618,tue,0.0,0.0001866029342636466,0.0,0.5,,0.0,20
B,GAT+LSTM,2,619,tue,0.0,0.0006372288917191327,0.0,0.5,,0.0,20
B,GAT+LSTM,2,620,tue,0.0,0.0001987448922591284,0.0,0.5,,0.0,20
B,GAT+LSTM,2,621,tue,0.0,0.00023934226192068309,0.0,0.5,,0.0,20
B,GAT+LSTM,2,622,tue,1.0,0.014640592969954014,0.0,1.0,1.0,0.0,20
B,GAT+LSTM,2,623,tue,1.0,0.980961263179779,0.6666666666666666,1.0,1.0,0.0,20
B,GAT+LSTM,2,624,tue,1.0,0.9947063326835632,0.8,1.0,1.0,0.0,20
B,GAT+LSTM,2,625,tue,1.0,0.9974269270896912,0.8571428571428571,1.0,1.0,0.0,20
B,GAT+LSTM,2,626,tue,1.0,0.9990050196647644,0.8888888888888888,1.0,1.0,0.0,20
B,GAT+LSTM,2,627,tue,1.0,0.9921671748161316,0.9090909090909091,1.0,1.0,0.0,20
B,GAT+LSTM,2,628,tue,1.0,0.9945893287658691,0.9230769230769231,0.9999999999999998,1.0,0.0,20
B,GAT+LSTM,2,629,tue,1.0,0.9985306262969971,0.9333333333333333,1.0,1.0,0.0,20
B,GAT+LSTM,2,630,tue,1.0,0.9974936246871948,0.9411764705882353,1.0000000000000002,1.0,0.0,20
B,GAT+LSTM,2,631,tue,1.0,0.9985660910606384,0.9473684210526315,0.9999999999999999,1.0,0.0,20
B,GAT+LSTM,2,632,tue,1.0,0.9982830286026001,0.9523809523809523,1.0,1.0,0.0,20
B,GAT+LSTM,2,633,tue,1.0,0.9987553358078003,0.9565217391304348,1.0,1.0,0.0,20
B,GAT+LSTM,2,634,tue,1.0,0.9946286082267761,0.96,0.9999999999999998,1.0,0.0,20
B,GAT+LSTM,2,635,tue,1.0,0.9943568110466003,0.9629629629629629,0.9999999999999999,1.0,0.0,20
B,GAT+LSTM,2,636,tue,1.0,0.9965481162071228,0.9655172413793104,1.0,1.0,0.0,20
B,GAT+LSTM,2,637,tue,1.0,0.991248369216919,0.967741935483871,1.0,1.0,0.0,20
B,GAT+LSTM,2,638,tue,1.0,0.9963350296020508,0.9696969696969697,1.0,1.0,0.0,20
B,GAT+LSTM,2,639,tue,1.0,0.9961234927177429,0.9714285714285714,1.0,1.0,0.0,20
B,GAT+LSTM,2,640,tue,1.0,0.9978006482124329,0.972972972972973,0.9999999999999998,1.0,0.0,20
B,GAT+LSTM,2,641,tue,1.0,0.9982989430427551,0.9743589743589743,1.0000000000000002,,0.0,20
B,GAT+LSTM,2,642,tue,1.0,0.9879941940307617,1.0,1.0000000000000002,,0.0,20
B,GAT+LSTM,2,643,tue,1.0,0.9896848201751709,1.0,1.0000000000000002,,0.0,20
B,GAT+LSTM,2,644,tue,1.0,0.996371865272522,1.0,1.0000000000000002,,0.0,20
B,GAT+LSTM,2,645,tue,1.0,0.9976063966751099,1.0,1.0000000000000002,,0.0,20
B,GAT+LSTM,2,646,tue,1.0,0.9939642548561096,1.0,1.0000000000000002,,0.0,20
B,GAT+LSTM,2,647,tue,1.0,0.9688985347747803,1.0,1.0000000000000002,,0.0,20
B,GAT+LSTM,2,648,tue,1.0,0.9503487944602966,1.0,1.0000000000000002,,0.0,20
B,GAT+LSTM,2,649,tue,1.0,0.9953008890151978,1.0,1.0000000000000002,,0.0,20
B,GAT+LSTM,2,650,tue,1.0,0.9859194755554199,1.0,1.0000000000000002,,0.0,20
B,GAT+LSTM,2,651,tue,1.0,0.9470507502555847,1.0,1.0000000000000002,,0.0,20
B,GAT+LSTM,2,652,tue,1.0,0.9930785298347473,1.0,1.0000000000000002,,0.0,20
B,GAT+LSTM,2,653,tue,1.0,0.9977738261222839,1.0,1.0000000000000002,,0.0,20
B,GAT+LSTM,2,654,tue,1.0,0.9962730407714844,1.0,1.0000000000000002,,0.0,20
B,GAT+LSTM,2,655,tue,1.0,0.9981541037559509,1.0,1.0000000000000002,,0.0,20
B,GAT+LSTM,2,656,tue,1.0,0.9969350099563599,1.0,1.0000000000000002,,0.0,20
B,GAT+LSTM,2,657,tue,1.0,0.9968570470809937,1.0,1.0000000000000002,,0.0,20
B,GAT+LSTM,2,658,tue,1.0,0.9983524084091187,1.0,1.0000000000000002,,0.0,20
B,GAT+LSTM,2,659,tue,1.0,0.9984048008918762,1.0,1.0000000000000002,,0.0,20
B,GAT+LSTM,2,660,tue,1.0,0.998656153678894,1.0,1.0000000000000002,,0.0,20
B,GAT+LSTM,2,661,tue,1.0,0.998803973197937,1.0,1.0000000000000002,,0.0,20
B,GAT+LSTM,2,662,tue,1.0,0.9961812496185303,1.0,1.0000000000000002,,0.0,20
B,GAT+LSTM,2,663,tue,1.0,0.9907292723655701,1.0,1.0000000000000002,,0.0,20
B,GAT+LSTM,2,664,tue,1.0,0.9936324954032898,1.0,1.0000000000000002,,0.0,20
B,GAT+LSTM,2,665,tue,1.0,0.982067883014679,1.0,1.0000000000000002,,0.0,20
B,GAT+LSTM,2,666,tue,1.0,0.9854390621185303,1.0,1.0000000000000002,,0.0,20
B,GAT+LSTM,2,667,tue,1.0,0.9151546955108643,1.0,1.0000000000000002,,0.0,20
B,GAT+LSTM,2,668,tue,1.0,0.7676313519477844,1.0,1.0000000000000002,,0.0,20
B,GAT+LSTM,2,669,tue,1.0,0.9943144917488098,1.0,1.0000000000000002,,0.0,20
B,GAT+LSTM,2,670,tue,1.0,0.9963816404342651,1.0,1.0000000000000002,,0.0,20
B,GAT+LSTM,2,671,tue,1.0,0.9975861310958862,1.0,1.0000000000000002,,0.0,20
B,GAT+LSTM,2,672,tue,1.0,0.9446125626564026,1.0,1.0000000000000002,,0.0,20
B,GAT+LSTM,2,673,tue,1.0,0.7182125449180603,1.0,1.0000000000000002,,0.0,20
B,GAT+LSTM,2,674,tue,0.0,0.052815765142440796,1.0,0.9999999999999998,1.0,0.0,20
B,GAT+LSTM,2,675,tue,0.0,0.00892835482954979,1.0,1.0,1.0,0.0,20
B,GAT+LSTM,2,676,tue,0.0,0.0034866800997406244,1.0,1.0,1.0,0.0,20
B,GAT+LSTM,2,677,tue,0.0,0.0003772953641600907,1.0,1.0,1.0,0.0,20
B,GAT+LSTM,2,678,tue,1.0,0.006369564216583967,0.967741935483871,0.9928513071895425,0.96875,0.0,20
B,GAT+LSTM,2,679,tue,0.0,0.00031440527527593076,0.9655172413793104,0.9919117647058824,0.9733333333333334,0.0,20
B,GAT+LSTM,2,680,tue,0.0,0.00017452103202231228,0.9629629629629629,0.9907738095238094,0.9761904761904763,0.0,20
B,GAT+LSTM,2,681,tue,0.0,0.00020730886899400502,0.96,0.9893772893772892,0.9780219780219781,0.0,20
B,GAT+LSTM,2,682,tue,0.0,0.0001707548653939739,0.9565217391304348,0.9876373626373628,0.9791666666666666,0.0,20
B,GAT+LSTM,2,683,tue,0.0,0.00015953421825543046,0.9523809523809523,0.9854312354312356,0.9797979797979798,0.0,20
B,GAT+LSTM,2,684,tue,0.0,0.00014540764095727354,0.9473684210526315,0.9825757575757575,0.9800000000000001,0.0,20
B,GAT+LSTM,2,685,tue,0.0,0.00013533057062886655,0.9411764705882353,0.978787878787879,0.9797979797979797,0.0,20
B,GAT+LSTM,2,686,tue,0.0,0.00013443718489725143,0.9333333333333333,0.9736111111111111,0.9791666666666667,0.0,20
B,GAT+LSTM,2,687,tue,0.0,0.0001499954960308969,0.9230769230769231,0.9662698412698412,0.978021978021978,0.0,20
B,GAT+LSTM,2,688,tue,0.0,0.00014184160681907088,0.9090909090909091,0.9553571428571428,0.9761904761904763,0.0,20
B,GAT+LSTM,2,689,tue,0.0,0.0001413279096595943,0.8888888888888888,0.9380952380952381,0.9733333333333334,0.0,20
B,GAT+LSTM,2,690,tue,0.0,0.00016382234753109515,0.8571428571428571,0.9083333333333333,0.96875,0.0,20
B,GAT+LSTM,2,691,tue,0.0,0.00014676412683911622,0.8,0.8500000000000001,0.9607843137254901,0.0,20
B,GAT+LSTM,2,692,tue,0.0,0.0001395180297549814,0.6666666666666666,0.7083333333333333,0.9444444444444444,0.0,20
B,GAT+LSTM,2,693,tue,0.0,0.0001445045054424554,0.0,0.16666666666666666,0.8947368421052632,0.0,20
B,GAT+LSTM,2,694,tue,0.0,0.00014050515892449766,0.0,0.25,0.9473684210526316,0.0,20
B,GAT+LSTM,2,695,tue,0.0,0.0001396973239025101,0.0,1.0,1.0,0.0,20
B,GAT+LSTM,2,696,tue,0.0,0.00023083000269252807,0.0,1.0,1.0,0.0,20
B,GAT+LSTM,2,697,tue,0.0,0.00013783917529508471,0.0,1.0,1.0,0.0,20
B,GAT+LSTM,2,698,tue,0.0,0.00015097728464752436,0.0,0.5,,0.0,20
B,GAT+LSTM,2,699,tue,0.0,0.00013790279626846313,0.0,0.5,,0.0,20
B,GAT+LSTM,2,700,tue,0.0,0.00019624645938165486,0.0,0.5,,0.0,20
B,GAT+LSTM,2,701,tue,0.0,0.00025000242749229074,0.0,0.5,,0.0,20
B,GAT+LSTM,2,702,tue,0.0,0.0001428686227882281,0.0,0.5,,0.0,20
B,GAT+LSTM,2,703,tue,0.0,0.00013878202298656106,0.0,0.5,,0.0,20
B,GAT+LSTM,2,704,tue,0.0,0.00014668548828922212,0.0,0.5,,0.0,20
B,GAT+LSTM,2,705,tue,0.0,0.0001767479843692854,0.0,0.5,,0.0,20
B,GAT+LSTM,2,706,tue,0.0,0.0001556223869556561,0.0,0.5,,0.0,20
B,GAT+LSTM,2,707,tue,0.0,0.00014041677059140056,0.0,0.5,,0.0,20
B,GAT+LSTM,2,708,tue,0.0,0.00013503950322046876,0.0,0.5,,0.0,20
B,GAT+LSTM,2,709,tue,0.0,0.00016276480164378881,0.0,0.5,,0.0,20
B,GAT+LSTM,2,710,tue,0.0,0.0001405724324285984,0.0,0.5,,0.0,20
B,GAT+LSTM,2,711,tue,0.0,0.00026040629018098116,0.0,0.5,,0.0,20
B,GAT+LSTM,2,712,tue,0.0,0.00016008249076548964,0.0,0.5,,0.0,20
B,GAT+LSTM,2,713,tue,0.0,0.00015602982603013515,0.0,0.5,,0.0,20
B,GAT+LSTM,2,714,tue,0.0,0.00017720057803671807,0.0,0.5,,0.0,20
B,GAT+LSTM,2,715,tue,0.0,0.00016661510744597763,0.0,0.5,,0.0,20
B,GAT+LSTM,2,716,tue,0.0,0.0001760704763000831,0.0,0.5,,0.0,20
B,GAT+LSTM,2,717,tue,0.0,0.00015270133735612035,0.0,0.5,,0.0,20
B,GAT+LSTM,2,718,tue,0.0,0.0006236417684704065,0.0,0.5,,0.0,20
B,GAT+LSTM,2,719,tue,0.0,0.00016592940664850175,0.0,0.5,,0.0,20
B,GAT+LSTM,2,720,tue,0.0,0.0001718189159873873,0.0,0.5,,0.0,20
B,GAT+LSTM,2,721,tue,0.0,0.00014238202129490674,0.0,0.5,,0.0,20
B,GAT+LSTM,2,722,tue,0.0,0.0001841885969042778,0.0,0.5,,0.0,20
B,GAT+LSTM,2,723,tue,0.0,0.00015787854499649256,0.0,0.5,,0.0,20
B,GAT+LSTM,2,724,tue,0.0,0.00022182990505825728,0.0,0.5,,0.0,20
B,GAT+LSTM,2,725,tue,0.0,0.00017080274119507521,0.0,0.5,,0.0,20
B,GAT+LSTM,2,726,tue,0.0,0.00014658957661595196,0.0,0.5,,0.0,20
B,GAT+LSTM,2,727,tue,0.0,0.00014257819566410035,0.0,0.5,,0.0,20
B,GAT+LSTM,2,728,tue,0.0,0.00016283232253044844,0.0,0.5,,0.0,20
B,GAT+LSTM,2,729,tue,0.0,0.00013401175965555012,0.0,0.5,,0.0,20
B,GAT+LSTM,2,730,tue,0.0,0.00013912557915318757,0.0,0.5,,0.0,20
B,GAT+LSTM,2,731,tue,0.0,0.00014844771067146212,0.0,0.5,,0.0,20
B,GAT+LSTM,2,732,tue,0.0,0.00023591931676492095,0.0,0.5,,0.0,20
B,GAT+LSTM,2,733,tue,0.0,0.0001409172109561041,0.0,0.5,,0.0,20
B,GAT+LSTM,2,734,tue,0.0,0.00015570373216178268,0.0,0.5,,0.0,20
B,GAT+LSTM,2,735,tue,0.0,0.00021936047414783388,0.0,0.5,,0.0,20
B,GAT+LSTM,2,736,tue,0.0,0.0001622619602130726,0.0,0.5,,0.0,20
B,GAT+LSTM,2,737,tue,0.0,0.00015321181854233146,0.0,0.5,,0.0,20
B,GAT+LSTM,2,738,tue,0.0,0.00019988440908491611,0.0,0.5,,0.0,20
B,GAT+LSTM,2,739,tue,0.0,0.0001350333186564967,0.0,0.5,,0.0,20
B,GAT+LSTM,2,740,tue,0.0,0.0001679324050201103,0.0,0.5,,0.0,20
B,GAT+LSTM,2,741,tue,0.0,0.00013934492017142475,0.0,0.5,,0.0,20
B,GAT+LSTM,2,742,tue,0.0,0.00016286494792439044,0.0,0.5,,0.0,20
B,GAT+LSTM,2,743,tue,0.0,0.00017187379125971347,0.0,0.5,,0.0,20
B,GAT+LSTM,2,744,tue,0.0,0.00017340634076390415,0.0,0.5,,0.0,20
B,GAT+LSTM,2,745,tue,0.0,0.0001659469708101824,0.0,0.5,,0.0,20
B,GAT+LSTM,2,746,tue,0.0,0.00013954195310361683,0.0,0.5,,0.0,20
B,GAT+LSTM,2,747,tue,0.0,0.00019410077948123217,0.0,0.5,,0.0,20
B,GAT+LSTM,2,748,tue,0.0,0.00013930957356933504,0.0,0.5,,0.0,20
B,GAT+LSTM,2,749,tue,0.0,0.00013377198774833232,0.0,0.5,,0.0,20
B,GAT+LSTM,2,750,tue,0.0,0.00016180741658899933,0.0,0.5,,0.0,20
B,GAT+LSTM,2,751,tue,0.0,0.00014276934962254018,0.0,0.5,,0.0,20
B,GAT+LSTM,2,752,tue,0.0,0.0001431092678103596,0.0,0.5,,0.0,20
B,GAT+LSTM,2,753,tue,0.0,0.00020102199050597847,0.0,0.5,,0.0,20
B,GAT+LSTM,2,754,tue,0.0,0.0001652158098295331,0.0,0.5,,0.0,20
B,GAT+LSTM,2,755,tue,0.0,0.00013645140279550105,0.0,0.5,,0.0,20
B,GAT+LSTM,2,756,tue,0.0,0.00013385748025029898,0.0,0.5,,0.0,20
B,GAT+LSTM,2,757,tue,0.0,0.0002077204262604937,0.0,0.5,,0.0,20
B,GAT+LSTM,2,758,tue,0.0,0.0001713145466055721,0.0,0.5,,0.0,20
B,GAT+LSTM,2,759,tue,0.0,0.000199687056010589,0.0,0.5,,0.0,20
B,GAT+LSTM,2,760,tue,0.0,0.00017155156820081174,0.0,0.5,,0.0,20
B,GAT+LSTM,2,761,tue,0.0,0.00017016890342347324,0.0,0.5,,0.0,20
B,GAT+LSTM,2,762,tue,0.0,0.00013361555465962738,0.0,0.5,,0.0,20
B,GAT+LSTM,2,763,tue,0.0,0.00013041526835877448,0.0,0.5,,0.0,20
B,GAT+LSTM,2,764,tue,0.0,0.00014605185424443334,0.0,0.5,,0.0,20
B,GAT+LSTM,2,765,tue,0.0,0.0003853965608868748,0.0,0.5,,0.0,20
B,GAT+LSTM,2,766,tue,1.0,0.0008028169977478683,0.0,1.0,1.0,0.0,20
B,GAT+LSTM,2,767,tue,1.0,0.021166063845157623,0.0,1.0,1.0,0.0,20
B,GAT+LSTM,2,768,tue,1.0,0.4248015880584717,0.0,1.0,1.0,0.0,20
B,GAT+LSTM,2,769,tue,1.0,0.8516783118247986,0.4,1.0,1.0,0.0,20
B,GAT+LSTM,2,770,tue,1.0,0.963854193687439,0.5714285714285714,1.0,1.0,0.0,20
B,GAT+LSTM,2,771,tue,1.0,0.9930418729782104,0.6666666666666666,1.0,1.0,0.0,20
B,GAT+LSTM,2,772,tue,1.0,0.9886592030525208,0.7272727272727273,0.9999999999999998,1.0,0.0,20
B,GAT+LSTM,2,773,tue,1.0,0.9615619778633118,0.7692307692307693,1.0,1.0,0.0,20
B,GAT+LSTM,2,774,tue,1.0,0.9063709378242493,0.8,1.0000000000000002,1.0,0.0,20
B,GAT+LSTM,2,775,tue,1.0,0.9723439812660217,0.8235294117647058,0.9999999999999999,1.0,0.0,20
B,GAT+LSTM,2,776,tue,1.0,0.9954778552055359,0.8421052631578947,1.0,1.0,0.0,20
B,GAT+LSTM,2,777,tue,1.0,0.9748095870018005,0.8571428571428571,1.0,1.0,0.0,20
B,GAT+LSTM,2,778,tue,1.0,0.9075818061828613,0.8695652173913043,0.9999999999999998,1.0,0.0,20
B,GAT+LSTM,2,779,tue,1.0,0.9835531711578369,0.88,0.9999999999999999,1.0,0.0,20
B,GAT+LSTM,2,780,tue,1.0,0.9927242398262024,0.8888888888888888,1.0,1.0,0.0,20
B,GAT+LSTM,2,781,tue,1.0,0.979631245136261,0.896551724137931,1.0,1.0,0.0,20
B,GAT+LSTM,2,782,tue,1.0,0.9488883018493652,0.9032258064516129,1.0,1.0,0.0,20
B,GAT+LSTM,2,783,tue,1.0,0.9679712057113647,0.9090909090909091,1.0,1.0,0.0,20
B,GAT+LSTM,2,784,tue,1.0,0.9748585224151611,0.9142857142857143,0.9999999999999998,1.0,0.0,20
B,GAT+LSTM,2,785,tue,1.0,0.9566527605056763,0.918918918918919,1.0000000000000002,,0.0,20
B,GAT+LSTM,2,786,tue,1.0,0.869968056678772,0.9473684210526315,1.0000000000000002,,0.0,20
B,GAT+LSTM,2,787,tue,1.0,0.7702033519744873,0.9743589743589743,1.0000000000000002,,0.0,20
B,GAT+LSTM,2,788,tue,1.0,0.7701029181480408,1.0,1.0000000000000002,,0.0,20
B,GAT+LSTM,2,789,tue,1.0,0.7603926658630371,1.0,1.0000000000000002,,0.0,20
B,GAT+LSTM,2,790,tue,1.0,0.48130592703819275,0.9743589743589743,1.0000000000000002,,0.0,20
B,GAT+LSTM,2,791,tue,1.0,0.9459130764007568,0.9743589743589743,1.0000000000000002,,0.0,20
B,GAT+LSTM,2,792,tue,1.0,0.6124962568283081,0.9743589743589743,1.0000000000000002,,0.0,20
B,GAT+LSTM,2,793,tue,1.0,0.9810556769371033,0.9743589743589743,1.0000000000000002,,0.0,20
B,GAT+LSTM,2,794,tue,1.0,0.9965466856956482,0.9743589743589743,1.0000000000000002,,0.0,20
B,GAT+LSTM,2,795,tue,1.0,0.9957771301269531,0.9743589743589743,1.0000000000000002,,0.0,20
B,GAT+LSTM,2,796,tue,1.0,0.9979033470153809,0.9743589743589743,1.0000000000000002,,0.0,20
B,GAT+LSTM,2,797,tue,1.0,0.9883196353912354,0.9743589743589743,1.0000000000000002,,0.0,20
B,GAT+LSTM,2,798,tue,1.0,0.9899609088897705,0.9743589743589743,1.0000000000000002,,0.0,20
B,GAT+LSTM,2,799,tue,1.0,0.9954788088798523,0.9743589743589743,1.0000000000000002,,0.0,20
B,GAT+LSTM,2,800,tue,1.0,0.9970754384994507,0.9743589743589743,1.0000000000000002,,0.0,20
B,GAT+LSTM,2,801,tue,1.0,0.9939756989479065,0.9743589743589743,1.0000000000000002,,0.0,20
B,GAT+LSTM,2,802,tue,1.0,0.9849321246147156,0.9743589743589743,1.0000000000000002,,0.0,20
B,GAT+LSTM,2,803,tue,1.0,0.9842235445976257,0.9743589743589743,1.0000000000000002,,0.0,20
B,GAT+LSTM,2,804,tue,1.0,0.9493832588195801,0.9743589743589743,1.0000000000000002,,0.0,20
B,GAT+LSTM,2,805,tue,1.0,0.8290789723396301,0.9743589743589743,1.0000000000000002,,0.0,20
B,GAT+LSTM,2,806,tue,1.0,0.9815559983253479,0.9743589743589743,1.0000000000000002,,0.0,20
B,GAT+LSTM,2,807,tue,1.0,0.6462641358375549,0.9743589743589743,1.0000000000000002,,0.0,20
B,GAT+LSTM,2,808,tue,1.0,0.9002817273139954,0.9743589743589743,1.0000000000000002,,0.0,20
B,GAT+LSTM,2,809,tue,1.0,0.9656726121902466,0.9743589743589743,1.0000000000000002,,0.0,20
B,GAT+LSTM,2,810,tue,1.0,0.8635249137878418,1.0,1.0000000000000002,,0.0,20
B,GAT+LSTM,2,811,tue,1.0,0.871929943561554,1.0,1.0000000000000002,,0.0,20
B,GAT+LSTM,2,812,tue,0.0,0.730779230594635,0.9743589743589743,0.997299168975069,0.9473684210526315,1.0,20
B,GAT+LSTM,2,813,tue,0.0,0.00026062887627631426,0.972972972972973,0.9969948018193633,0.9722222222222222,0.5,20
B,GAT+LSTM,2,814,tue,0.0,0.00017482682596892118,0.9714285714285714,0.9966359092656671,0.9803921568627452,0.3333333333333333,20
B,GAT+LSTM,2,815,tue,0.0,0.00015722263196948916,0.9696969696969697,0.9962086397058824,0.984375,0.25,20
B,GAT+LSTM,2,816,tue,0.0,0.0004001139895990491,0.967741935483871,0.9956944444444444,0.9866666666666667,0.2,20
B,GAT+LSTM,2,817,tue,0.0,0.00023351448180619627,0.9655172413793104,0.9950680272108843,0.9880952380952381,0.16666666666666666,20
B,GAT+LSTM,2,818,tue,0.0,0.00014880711387377232,0.9629629629629629,0.9942941673710903,0.989010989010989,0.14285714285714285,20
B,GAT+LSTM,2,819,tue,0.0,0.00013712405052501708,0.96,0.9933226495726496,0.9895833333333334,0.125,20
B,GAT+LSTM,2,820,tue,0.0,0.0001588008744874969,0.9565217391304348,0.9920798898071626,0.9898989898989898,0.1111111111111111,20
B,GAT+LSTM,2,821,tue,0.0,0.00016184106061700732,0.9523809523809523,0.9904545454545454,0.99,0.1,20
B,GAT+LSTM,2,822,tue,0.0,0.00018319794617127627,0.9473684210526315,0.9882716049382718,0.9898989898989898,0.09090909090909091,20
B,GAT+LSTM,2,823,tue,0.0,0.0001378912420477718,0.9411764705882353,0.9852430555555556,0.9895833333333333,0.08333333333333333,20
B,GAT+LSTM,2,824,tue,0.0,0.00017345893138553947,0.9333333333333333,0.9808673469387754,0.989010989010989,0.07692307692307693,20
B,GAT+LSTM,2,825,tue,0.0,0.0003081743489019573,0.9230769230769231,0.9742063492063491,0.9880952380952381,0.07142857142857142,20
B,GAT+LSTM,2,826,tue,0.0,0.0001424838847015053,0.9090909090909091,0.9633333333333334,0.9866666666666667,0.06666666666666667,20
B,GAT+LSTM,2,827,tue,0.0,0.00014983740402385592,0.8888888888888888,1.0,1.0,0.0625,20
B,GAT+LSTM,2,828,tue,0.0,0.0001550544984638691,0.8571428571428571,1.0,1.0,0.058823529411764705,20
B,GAT+LSTM,2,829,tue,0.0,0.00015810526383575052,0.8,1.0,1.0,0.05555555555555555,20
B,GAT+LSTM,2,830,tue,0.0,0.00014593130617868155,0.6666666666666666,1.0,1.0,0.05263157894736842,20
B,GAT+LSTM,2,831,tue,0.0,0.00013409509847406298,0.0,0.5,,0.05,20
B,GAT+LSTM,2,832,tue,0.0,0.00013413320994004607,0.0,0.5,,0.0,20
B,GAT+LSTM,2,833,tue,0.0,0.00017036485951393843,0.0,0.5,,0.0,20
B,GAT+LSTM,2,834,tue,0.0,0.00014089395699556917,0.0,0.5,,0.0,20
B,GAT+LSTM,2,835,tue,0.0,0.00014517434465233237,0.0,0.5,,0.0,20
B,GAT+LSTM,2,836,tue,0.0,0.00016645077266730368,0.0,0.5,,0.0,20
B,GAT+LSTM,2,837,tue,0.0,0.00013610199675895274,0.0,0.5,,0.0,20
B,GAT+LSTM,2,838,tue,0.0,0.00016503225197084248,0.0,0.5,,0.0,20
B,GAT+LSTM,2,839,tue,0.0,0.00017337790632154793,0.0,0.5,,0.0,20
B,GAT+LSTM,2,840,tue,0.0,0.0001383425696985796,0.0,0.5,,0.0,20
B,GAT+LSTM,2,841,tue,0.0,0.0001644678122829646,0.0,0.5,,0.0,20
B,GAT+LSTM,2,842,tue,0.0,0.00013467532698996365,0.0,0.5,,0.0,20
B,GAT+LSTM,2,843,tue,0.0,0.00013837225560564548,0.0,0.5,,0.0,20
B,GAT+LSTM,2,844,tue,0.0,0.000152804161189124,0.0,0.5,,0.0,20
B,GAT+LSTM,2,845,tue,0.0,0.00013893588038627058,0.0,0.5,,0.0,20
B,GAT+LSTM,2,846,tue,0.0,0.0001442663196939975,0.0,0.5,,0.0,20
B,GAT+LSTM,2,847,tue,0.0,0.00014092004857957363,0.0,0.5,,0.0,20
B,GAT+LSTM,2,848,tue,0.0,0.0002545194001868367,0.0,0.5,,0.0,20
B,GAT+LSTM,2,849,tue,0.0,0.00021189343533478677,0.0,0.5,,0.0,20
B,GAT+LSTM,2,850,tue,0.0,0.00030851183691993356,0.0,0.5,,0.0,20
B,GAT+LSTM,2,851,tue,0.0,0.0008628568612039089,0.0,0.5,,0.0,20
B,GAT+LSTM,2,852,tue,0.0,0.0022470431867986917,0.0,0.5,,0.0,20
B,GAT+LSTM,2,853,tue,0.0,0.00397485913708806,0.0,0.5,,0.0,20
B,GAT+LSTM,2,854,tue,0.0,0.005535923410207033,0.0,0.5,,0.0,20
B,GAT+LSTM,2,855,tue,0.0,0.0008280893671326339,0.0,0.5,,0.0,20
B,GAT+LSTM,2,856,tue,0.0,0.0014451266033574939,0.0,0.5,,0.0,20
B,GAT+LSTM,2,857,tue,0.0,0.00105452467687428,0.0,0.5,,0.0,20
B,GAT+LSTM,2,858,tue,0.0,0.00029065978014841676,0.0,0.5,,0.0,20
B,GAT+LSTM,2,859,tue,0.0,0.00020961569680366665,0.0,0.5,,0.0,20
B,GAT+LSTM,2,860,tue,0.0,0.0023097379598766565,0.0,0.5,,0.0,20
B,GAT+LSTM,2,861,tue,0.0,0.0002274396683787927,0.0,0.5,,0.0,20
B,GAT+LSTM,2,862,tue,0.0,0.03912128880620003,0.0,0.5,,0.0,20
B,GAT+LSTM,2,863,tue,0.0,0.0006370242335833609,0.0,0.5,,0.0,20
B,GAT+LSTM,2,864,tue,0.0,0.0007980193477123976,0.0,0.5,,0.0,20
B,GAT+LSTM,2,865,tue,0.0,0.008290331810712814,0.0,0.5,,0.0,20
B,GAT+LSTM,2,866,tue,0.0,0.001984906382858753,0.0,0.5,,0.0,20
B,GAT+LSTM,2,867,tue,0.0,0.17393335700035095,0.0,0.5,,0.0,20
B,GAT+LSTM,2,868,tue,0.0,0.006132129114121199,0.0,0.5,,0.0,20
B,GAT+LSTM,2,869,tue,0.0,0.00018314991029910743,0.0,0.5,,0.0,20
B,GAT+LSTM,2,870,tue,0.0,0.00021634201402775943,0.0,0.5,,0.0,20
B,GAT+LSTM,2,871,tue,0.0,0.00026632167282514274,0.0,0.5,,0.0,20
B,GAT+LSTM,2,872,tue,0.0,0.00031470938120037317,0.0,0.5,,0.0,20
B,GAT+LSTM,2,873,tue,0.0,0.000463100615888834,0.0,0.5,,0.0,20
B,GAT+LSTM,2,874,tue,0.0,0.00018423935398459435,0.0,0.5,,0.0,20
B,GAT+LSTM,2,875,tue,0.0,0.00019023075583390892,0.0,0.5,,0.0,20
B,GAT+LSTM,2,876,tue,0.0,0.00027243109070695937,0.0,0.5,,0.0,20
B,GAT+LSTM,2,877,tue,1.0,0.00013485703675542027,0.0,0.025,0.0,0.0,20
B,GAT+LSTM,2,878,tue,1.0,0.00013253797078505158,0.0,0.05131578947368421,0.0,0.0,20
B,GAT+LSTM,2,879,tue,1.0,0.00013756396947428584,0.0,0.07860623781676414,0.0,0.0,20
B,GAT+LSTM,2,880,tue,1.0,0.00013790819502901286,0.0,0.10695734434124526,0.0,0.0,20
B,GAT+LSTM,2,881,tue,1.0,0.00017893170297611505,0.0,0.13646800825593394,0.0,0.0,20
B,GAT+LSTM,2,882,tue,1.0,0.0001854301808634773,0.0,0.16810759616487173,0.023809523809523815,0.0,20
B,GAT+LSTM,2,883,tue,1.0,0.00020897849753964692,0.0,0.20315318926000042,0.054945054945054944,0.0,20
B,GAT+LSTM,2,884,tue,1.0,0.000188198231626302,0.0,0.2404222325661954,0.07291666666666666,0.0,20
B,GAT+LSTM,2,885,tue,1.0,0.0001525950792711228,0.0,0.2762851064579651,0.07070707070707069,0.0,20
B,GAT+LSTM,2,886,tue,1.0,0.00016388874792028219,0.0,0.31437447872045393,0.06999999999999999,0.0,20
B,GAT+LSTM,2,887,tue,1.0,0.0001863828074419871,0.0,0.3598510919296171,0.09090909090909091,0.0,20
B,GAT+LSTM,2,888,tue,1.0,0.00018627868848852813,0.0,0.40973570346635363,0.11458333333333334,0.0,20
B,GAT+LSTM,2,889,tue,1.0,0.00027875846717506647,0.0,0.4567895267258211,0.1208791208791209,0.0,20
B,GAT+LSTM,2,890,tue,1.0,0.0002836331259459257,0.0,0.5247819091444699,0.16666666666666666,0.0,20
B,GAT+LSTM,2,891,tue,1.0,0.00018597945745568722,0.0,0.581168958034283,0.17333333333333334,0.0,20
B,GAT+LSTM,2,892,tue,1.0,0.00019608055299613625,0.0,0.6670031615271553,0.234375,0.0,20
B,GAT+LSTM,2,893,tue,1.0,0.00016466176020912826,0.0,0.8078961253542386,0.2941176470588235,0.0,20
B,GAT+LSTM,2,894,tue,1.0,0.00017006979032885283,0.0,0.8372881862432946,0.16666666666666666,0.0,20
B,GAT+LSTM,2,895,tue,1.0,0.00017966788436751813,0.0,0.8996803689222621,0.10526315789473684,0.0,20
B,GAT+LSTM,2,896,tue,1.0,0.0002497441601008177,0.0,1.0000000000000002,,0.0,20
B,GAT+LSTM,2,897,tue,1.0,0.00026587743195705116,0.0,1.0000000000000002,,0.0,20
B,GAT+LSTM,2,898,tue,1.0,0.00030102417804300785,0.0,1.0000000000000002,,0.0,20
B,GAT+LSTM,2,899,tue,1.0,0.00021823603310622275,0.0,1.0000000000000002,,0.0,20
B,GAT+LSTM,2,900,tue,1.0,0.00019714141672011465,0.0,1.0000000000000002,,0.0,20
B,GAT+LSTM,2,901,tue,1.0,0.00016206032887566835,0.0,1.0000000000000002,,0.0,20
B,GAT+LSTM,2,902,tue,1.0,0.00015610689297318459,0.0,1.0000000000000002,,0.0,20
B,GAT+LSTM,2,903,tue,1.0,0.00015865617024246603,0.0,1.0000000000000002,,0.0,20
B,GAT+LSTM,2,904,tue,1.0,0.00019044746295548975,0.0,1.0000000000000002,,0.0,20
B,GAT+LSTM,2,905,tue,1.0,0.0001938322529895231,0.0,1.0000000000000002,,0.0,20
B,GAT+LSTM,2,906,tue,1.0,0.00021231386926956475,0.0,1.0000000000000002,,0.0,20
B,GAT+LSTM,2,907,tue,1.0,0.00030560902087017894,0.0,1.0000000000000002,,0.0,20
B,GAT+LSTM,2,908,tue,1.0,0.0004075405013281852,0.0,1.0000000000000002,,0.0,20
B,GAT+LSTM,2,909,tue,1.0,0.00031754240626469254,0.0,1.0000000000000002,,0.0,20
B,GAT+LSTM,2,910,tue,1.0,0.00023218906426336616,0.0,1.0000000000000002,,0.0,20
B,GAT+LSTM,2,911,tue,1.0,0.0001647881872486323,0.0,1.0000000000000002,,0.0,20
B,GAT+LSTM,2,912,tue,1.0,0.00015437352703884244,0.0,1.0000000000000002,,0.0,20
B,GAT+LSTM,2,913,tue,1.0,0.0001500727521488443,0.0,1.0000000000000002,,0.0,20
B,GAT+LSTM,2,914,tue,1.0,0.0001399547909386456,0.0,1.0000000000000002,,0.0,20
B,GAT+LSTM,2,915,tue,1.0,0.00015546473150607198,0.0,1.0000000000000002,,0.0,20
B,GAT+LSTM,2,916,tue,1.0,0.00020988348114769906,0.0,1.0000000000000002,,0.0,20
B,GAT+LSTM,2,917,tue,1.0,0.00022335116227623075,0.0,1.0000000000000002,,0.0,20
B,GAT+LSTM,2,918,tue,1.0,0.00021339437807910144,0.0,1.0000000000000002,,0.0,20
B,GAT+LSTM,2,919,tue,1.0,0.00028660448151640594,0.0,1.0000000000000002,,0.0,20
B,GAT+LSTM,2,920,tue,1.0,0.00023707743093837053,0.0,1.0000000000000002,,0.0,20
B,GAT+LSTM,2,921,tue,1.0,0.0002640225284267217,0.0,1.0000000000000002,,0.0,20
B,GAT+LSTM,2,922,tue,1.0,0.00021159846801310778,0.0,1.0000000000000002,,0.0,20
B,GAT+LSTM,2,923,tue,1.0,0.00018262308731209487,0.0,1.0000000000000002,,0.0,20
B,GAT+LSTM,2,924,tue,1.0,0.00017385916726198047,0.0,1.0000000000000002,,0.0,20
B,GAT+LSTM,2,925,tue,1.0,0.00016646440781187266,0.0,1.0000000000000002,,0.0,20
B,GAT+LSTM,2,926,tue,1.0,0.00015303149120882154,0.0,1.0000000000000002,,0.0,20
B,GAT+LSTM,2,927,tue,1.0,0.00015770280151627958,0.0,1.0000000000000002,,0.0,20
B,GAT+LSTM,2,928,tue,1.0,0.00015856271784286946,0.0,1.0000000000000002,,0.0,20
B,GAT+LSTM,2,929,tue,1.0,0.00015186220116447657,0.0,1.0000000000000002,,0.0,20
B,GAT+LSTM,2,930,tue,1.0,0.00014993002696428448,0.0,1.0000000000000002,,0.0,20
B,GAT+LSTM,2,931,tue,1.0,0.00017268101510126144,0.0,1.0000000000000002,,0.0,20
B,GAT+LSTM,2,932,tue,1.0,0.00017023138934746385,0.0,1.0000000000000002,,0.0,20
B,GAT+LSTM,2,933,tue,1.0,0.00018831240595318377,0.0,1.0000000000000002,,0.0,20
B,GAT+LSTM,2,934,tue,1.0,0.00021469296189025044,0.0,1.0000000000000002,,0.0,20
B,GAT+LSTM,2,935,tue,1.0,0.00021064913016743958,0.0,1.0000000000000002,,0.0,20
B,GAT+LSTM,2,936,tue,1.0,0.0002465455327183008,0.0,1.0000000000000002,,0.0,20
B,GAT+LSTM,2,937,tue,1.0,0.00020634297106880695,0.0,1.0000000000000002,,0.0,20
B,GAT+LSTM,2,938,tue,1.0,0.00019512060680426657,0.0,1.0000000000000002,,0.0,20
B,GAT+LSTM,2,939,tue,1.0,0.00017458561342209578,0.0,1.0000000000000002,,0.0,20
B,GAT+LSTM,2,940,tue,1.0,0.0001649951154831797,0.0,1.0000000000000002,,0.0,20
B,GAT+LSTM,2,941,tue,1.0,0.00021006105816923082,0.0,1.0000000000000002,,0.0,20
B,GAT+LSTM,2,942,tue,1.0,0.00021749464212916791,0.0,1.0000000000000002,,0.0,20
B,GAT+LSTM,2,943,tue,1.0,0.0001966051058843732,0.0,1.0000000000000002,,0.0,20
B,GAT+LSTM,2,944,tue,1.0,0.00018006267782766372,0.0,1.0000000000000002,,0.0,20
B,GAT+LSTM,2,945,tue,1.0,0.0001655169908190146,0.0,1.0000000000000002,,0.0,20
B,GAT+LSTM,2,946,tue,1.0,0.00015382397396024317,0.0,1.0000000000000002,,0.0,20
B,GAT+LSTM,2,947,tue,1.0,0.0001428765244781971,0.0,1.0000000000000002,,0.0,20
B,GAT+LSTM,2,948,tue,1.0,0.0001581830729264766,0.0,1.0000000000000002,,0.0,20
B,GAT+LSTM,2,949,tue,1.0,0.00018158422608394176,0.0,1.0000000000000002,,0.0,20
B,GAT+LSTM,2,950,tue,1.0,0.00018726081179920584,0.0,1.0000000000000002,,0.0,20
B,GAT+LSTM,2,951,tue,1.0,0.0002443553239572793,0.0,1.0000000000000002,,0.0,20
B,GAT+LSTM,2,952,tue,1.0,0.00021116675634402782,0.0,1.0000000000000002,,0.0,20
B,GAT+LSTM,2,953,tue,1.0,0.0001623006392037496,0.0,1.0000000000000002,,0.0,20
B,GAT+LSTM,2,954,tue,1.0,0.00014948350144550204,0.0,1.0000000000000002,,0.0,20
B,GAT+LSTM,2,955,tue,1.0,0.00015164182696025819,0.0,1.0000000000000002,,0.0,20
B,GAT+LSTM,2,956,tue,1.0,0.00014665724302176386,0.0,1.0000000000000002,,0.0,20
B,GAT+LSTM,2,957,tue,1.0,0.00016460727783851326,0.0,1.0000000000000002,,0.0,20
B,GAT+LSTM,2,958,tue,1.0,0.00014620610454585403,0.0,1.0000000000000002,,0.0,20
B,GAT+LSTM,2,959,tue,1.0,0.00014569076301995665,0.0,1.0000000000000002,,0.0,20
B,GAT+LSTM,2,960,tue,1.0,0.00015146580699365586,0.0,1.0000000000000002,,0.0,20
B,GAT+LSTM,2,961,tue,1.0,0.00014247396029531956,0.0,1.0000000000000002,,0.0,20
B,GAT+LSTM,2,962,tue,1.0,0.0001565630518598482,0.0,1.0000000000000002,,0.0,20
B,GAT+LSTM,2,963,tue,1.0,0.00018727529095485806,0.0,1.0000000000000002,,0.0,20
B,GAT+LSTM,2,964,tue,1.0,0.0001751720701577142,0.0,1.0000000000000002,,0.0,20
B,GAT+LSTM,2,965,tue,1.0,0.0001811078400351107,0.0,1.0000000000000002,,0.0,20
B,GAT+LSTM,2,966,tue,1.0,0.00017727847443893552,0.0,1.0000000000000002,,0.0,20
B,GAT+LSTM,2,967,tue,1.0,0.00016235884686466306,0.0,1.0000000000000002,,0.0,20
B,GAT+LSTM,2,968,tue,1.0,0.00016456161392852664,0.0,1.0000000000000002,,0.0,20
B,GAT+LSTM,2,969,tue,1.0,0.00019202489056624472,0.0,1.0000000000000002,,0.0,20
B,GAT+LSTM,2,970,tue,1.0,0.00024204907822422683,0.0,1.0000000000000002,,0.0,20
B,GAT+LSTM,2,971,tue,1.0,0.00017250525706913322,0.0,1.0000000000000002,,0.0,20
B,GAT+LSTM,2,972,tue,1.0,0.00018529975204728544,0.0,1.0000000000000002,,0.0,20
B,GAT+LSTM,2,973,tue,1.0,0.0001936813205247745,0.0,1.0000000000000002,,0.0,20
B,GAT+LSTM,2,974,tue,1.0,0.00017061879043467343,0.0,1.0000000000000002,,0.0,20
B,GAT+LSTM,2,975,tue,1.0,0.00015799555694684386,0.0,1.0000000000000002,,0.0,20
B,GAT+LSTM,2,976,tue,1.0,0.00017287426453549415,0.0,1.0000000000000002,,0.0,20
B,GAT+LSTM,2,977,tue,1.0,0.00024096912238746881,0.0,1.0000000000000002,,0.0,20
B,GAT+LSTM,2,978,tue,1.0,0.00020127746392972767,0.0,1.0000000000000002,,0.0,20
B,GAT+LSTM,2,979,tue,1.0,0.00022855811403132975,0.0,1.0000000000000002,,0.0,20
B,GAT+LSTM,2,980,tue,1.0,0.0002784397511277348,0.0,1.0000000000000002,,0.0,20
B,GAT+LSTM,2,981,tue,1.0,0.00021941233717370778,0.0,1.0000000000000002,,0.0,20
B,GAT+LSTM,2,982,tue,1.0,0.00018618172907736152,0.0,1.0000000000000002,,0.0,20
B,GAT+LSTM,2,983,tue,1.0,0.00016740035789553076,0.0,1.0000000000000002,,0.0,20
B,GAT+LSTM,2,984,tue,1.0,0.00019131050794385374,0.0,1.0000000000000002,,0.0,20
B,GAT+LSTM,2,985,tue,1.0,0.0002064602740574628,0.0,1.0000000000000002,,0.0,20
B,GAT+LSTM,2,986,tue,1.0,0.000186900666449219,0.0,1.0000000000000002,,0.0,20
B,GAT+LSTM,2,987,tue,1.0,0.00017279993335250765,0.0,1.0000000000000002,,0.0,20
B,GAT+LSTM,2,988,tue,1.0,0.00018716139311436564,0.0,1.0000000000000002,,0.0,20
B,GAT+LSTM,2,989,tue,1.0,0.00019043328939005733,0.0,1.0000000000000002,,0.0,20
B,GAT+LSTM,2,990,tue,1.0,0.00017624111205805093,0.0,1.0000000000000002,,0.0,20
B,GAT+LSTM,2,991,tue,1.0,0.0001703359594102949,0.0,1.0000000000000002,,0.0,20
B,GAT+LSTM,2,992,tue,1.0,0.00016772837261669338,0.0,1.0000000000000002,,0.0,20
B,GAT+LSTM,2,993,tue,1.0,0.0001520594087196514,0.0,1.0000000000000002,,0.0,20
B,GAT+LSTM,2,994,tue,1.0,0.00014299864415079355,0.0,1.0000000000000002,,0.0,20
B,GAT+LSTM,2,995,tue,1.0,0.00014971043856348842,0.0,1.0000000000000002,,0.0,20
B,GAT+LSTM,2,996,tue,1.0,0.00013952466542832553,0.0,1.0000000000000002,,0.0,20
B,GAT+LSTM,2,997,tue,1.0,0.0001495224132668227,0.0,1.0000000000000002,,0.0,20
B,GAT+LSTM,2,998,tue,1.0,0.00015462280134670436,0.0,1.0000000000000002,,0.0,20
B,GAT+LSTM,2,999,tue,1.0,0.00015341136895585805,0.0,1.0000000000000002,,0.0,20
B,GAT+LSTM,2,1000,tue,1.0,0.0001572200853843242,0.0,1.0000000000000002,,0.0,20
B,GAT+LSTM,2,1001,tue,1.0,0.00015887554036453366,0.0,1.0000000000000002,,0.0,20
B,GAT+LSTM,2,1002,tue,1.0,0.00016028364188969135,0.0,1.0000000000000002,,0.0,20
B,GAT+LSTM,2,1003,tue,1.0,0.00016932499420363456,0.0,1.0000000000000002,,0.0,20
B,GAT+LSTM,2,1004,tue,1.0,0.0002010415482800454,0.0,1.0000000000000002,,0.0,20
B,GAT+LSTM,2,1005,tue,1.0,0.00018726223788689822,0.0,1.0000000000000002,,0.0,20
B,GAT+LSTM,2,1006,tue,1.0,0.00017100822879001498,0.0,1.0000000000000002,,0.0,20
B,GAT+LSTM,2,1007,tue,1.0,0.00014852019376121461,0.0,1.0000000000000002,,0.0,20
B,GAT+LSTM,2,1008,tue,1.0,0.0001447626855224371,0.0,1.0000000000000002,,0.0,20
B,GAT+LSTM,2,1009,tue,1.0,0.00014465478307101876,0.0,1.0000000000000002,,0.0,20
B,GAT+LSTM,2,1010,tue,1.0,0.00014610255311708897,0.0,1.0000000000000002,,0.0,20
B,GAT+LSTM,2,1011,tue,1.0,0.00014883281255606562,0.0,1.0000000000000002,,0.0,20
B,GAT+LSTM,2,1012,tue,1.0,0.00015158270252868533,0.0,1.0000000000000002,,0.0,20
B,GAT+LSTM,2,1013,tue,1.0,0.0001531713642179966,0.0,1.0000000000000002,,0.0,20
B,GAT+LSTM,2,1014,tue,1.0,0.0001556951174279675,0.0,1.0000000000000002,,0.0,20
B,GAT+LSTM,2,1015,tue,1.0,0.0001545190461911261,0.0,1.0000000000000002,,0.0,20
B,GAT+LSTM,2,1016,tue,1.0,0.0001465493260184303,0.0,1.0000000000000002,,0.0,20
B,GAT+LSTM,2,1017,tue,1.0,0.00015097598952706903,0.0,1.0000000000000002,,0.0,20
B,GAT+LSTM,2,1018,tue,1.0,0.00014354086306411773,0.0,1.0000000000000002,,0.0,20
B,GAT+LSTM,2,1019,tue,1.0,0.00014626940537709743,0.0,1.0000000000000002,,0.0,20
B,GAT+LSTM,2,1020,tue,1.0,0.0001477253099437803,0.0,1.0000000000000002,,0.0,20
B,GAT+LSTM,2,1021,tue,1.0,0.00014731695409864187,0.0,1.0000000000000002,,0.0,20
B,GAT+LSTM,2,1022,tue,1.0,0.00015301820531021804,0.0,1.0000000000000002,,0.0,20
B,GAT+LSTM,2,1023,tue,1.0,0.0001590486353961751,0.0,1.0000000000000002,,0.0,20
B,GAT+LSTM,2,1024,tue,1.0,0.00016241721459664404,0.0,1.0000000000000002,,0.0,20
B,GAT+LSTM,2,1025,tue,1.0,0.00016014065477065742,0.0,1.0000000000000002,,0.0,20
B,GAT+LSTM,2,1026,tue,1.0,0.0001598761009518057,0.0,1.0000000000000002,,0.0,20
B,GAT+LSTM,2,1027,tue,1.0,0.00015942001482471824,0.0,1.0000000000000002,,0.0,20
B,GAT+LSTM,2,1028,tue,1.0,0.0001482751249568537,0.0,1.0000000000000002,,0.0,20
B,GAT+LSTM,2,1029,tue,1.0,0.00016336046974174678,0.0,1.0000000000000002,,0.0,20
B,GAT+LSTM,2,1030,tue,1.0,0.00015673063171561807,0.0,1.0000000000000002,,0.0,20
B,GAT+LSTM,2,1031,tue,1.0,0.000159866496687755,0.0,1.0000000000000002,,0.0,20
B,GAT+LSTM,2,1032,tue,1.0,0.00017792521975934505,0.0,1.0000000000000002,,0.0,20
B,GAT+LSTM,3,1222,wed,0.0,0.0006240163347683847,0.0,0.8382768601503324,0.0,0.0,20
B,GAT+LSTM,3,1223,wed,0.0,0.0008451926405541599,0.0,0.7419178158729243,0.0,0.0,20
B,GAT+LSTM,3,1224,wed,0.0,0.0014461101964116096,0.0,0.6636341781511149,0.0,0.0,20
B,GAT+LSTM,3,1225,wed,0.0,0.0004906132235191762,0.0,0.5963984190474129,0.0,0.0,20
B,GAT+LSTM,3,1226,wed,0.0,0.0014837592607364058,0.0,0.5368645587298837,0.0,0.0,20
B,GAT+LSTM,3,1227,wed,0.0,0.002365951891988516,0.0,0.4831115755098506,0.0,0.0,20
B,GAT+LSTM,3,1228,wed,1.0,0.0030606118962168694,0.0,0.5494381061220955,0.07142857142857142,0.0,20
B,GAT+LSTM,3,1229,wed,0.0,0.003154318081215024,0.0,0.4483324923072482,0.06593406593406594,0.0,20
B,GAT+LSTM,3,1230,wed,0.0,0.0028429515659809113,0.0,0.40461536084601096,0.07291666666666666,0.0,20
B,GAT+LSTM,3,1231,wed,0.0,0.007591004949063063,0.0,0.3566112761898014,0.0707070707070707,0.0,20
B,GAT+LSTM,3,1232,wed,0.0,0.0011313450522720814,0.0,0.3183498089457842,0.08000000000000002,0.0,20
B,GAT+LSTM,3,1233,wed,0.0,0.00031470818794332445,0.0,0.2826127294522548,0.0909090909090909,0.0,20
B,GAT+LSTM,3,1234,wed,0.0,0.0007095570908859372,0.0,0.24923217262613548,0.10416666666666667,0.0,20
B,GAT+LSTM,3,1235,wed,0.0,0.0002551601210143417,0.0,0.21815366497476185,0.12087912087912087,0.0,20
B,GAT+LSTM,3,1236,wed,0.0,0.00019233330385759473,0.0,0.1894751175323931,0.14285714285714285,0.0,20
B,GAT+LSTM,3,1237,wed,0.0,0.00014498730888590217,0.0,0.17105435156518747,0.22666666666666668,0.0,20
B,GAT+LSTM,3,1238,wed,0.0,0.00020796219178009778,0.0,0.14687338751289988,0.265625,0.0,20
B,GAT+LSTM,3,1239,wed,0.0,0.00015405927842948586,0.0,0.1329656862745098,0.37254901960784315,0.0,20
B,GAT+LSTM,3,1240,wed,0.0,0.00015129780513234437,0.0,0.12837009803921567,0.5277777777777778,0.0,20
B,GAT+LSTM,3,1241,wed,0.0,0.0017731914995238185,0.0,0.16666666666666666,0.8947368421052632,0.0,20
B,GAT+LSTM,3,1242,wed,0.0,0.00023873418103903532,0.0,0.16666666666666666,0.8947368421052632,0.0,20
B,GAT+LSTM,3,1243,wed,0.0,0.007453422527760267,0.0,0.125,0.8421052631578947,0.0,20
B,GAT+LSTM,3,1244,wed,0.0,0.0002907759044319391,0.0,0.125,0.8421052631578947,0.0,20
B,GAT+LSTM,3,1245,wed,0.0,0.00023104735009837896,0.0,0.125,0.8421052631578947,0.0,20
B,GAT+LSTM,3,1246,wed,0.0,0.00026039115618914366,0.0,0.125,0.8421052631578947,0.0,20
B,GAT+LSTM,3,1247,wed,0.0,0.00038083799881860614,0.0,0.125,0.8421052631578947,0.0,20
B,GAT+LSTM,3,1248,wed,1.0,0.00028533616568893194,0.0,0.045454545454545456,0.4736842105263158,0.0,20
B,GAT+LSTM,3,1249,wed,1.0,0.00035251406370662153,0.0,0.10170454545454546,0.5555555555555556,0.0,20
B,GAT+LSTM,3,1250,wed,1.0,0.00027811445761471987,0.0,0.15444925444925445,0.5686274509803921,0.0,20
B,GAT+LSTM,3,1251,wed,1.0,0.00018776948854792863,0.0,0.18236315359477123,0.5,0.0,20
B,GAT+LSTM,3,1252,wed,1.0,0.00017638855206314474,0.0,0.21703081232492996,0.4666666666666666,0.0,20
B,GAT+LSTM,3,1253,wed,1.0,0.00022189950686879456,0.0,0.2596162824104,0.4642857142857143,0.0,20
B,GAT+LSTM,3,1254,wed,1.0,0.00017817580373957753,0.0,0.3046745971115719,0.46153846153846145,0.0,20
B,GAT+LSTM,3,1255,wed,1.0,0.0001640852860873565,0.0,0.3360275447591624,0.4375,0.0,20
B,GAT+LSTM,3,1256,wed,1.0,0.00013887004752177745,0.0,0.3596092990829833,0.38383838383838387,0.0,20
B,GAT+LSTM,3,1257,wed,1.0,0.00017947182641364634,0.0,0.38025053635734746,0.31999999999999995,0.0,20
B,GAT+LSTM,3,1258,wed,1.0,0.00021559842571150512,0.0,0.41750631041723074,0.30303030303030304,0.0,20
B,GAT+LSTM,3,1259,wed,1.0,0.00014575551904272288,0.0,0.43426138883762727,0.20833333333333334,0.0,20
B,GAT+LSTM,3,1260,wed,1.0,0.00021604889479931444,0.0,0.4550937865685425,0.1098901098901099,0.0,20
B,GAT+LSTM,3,1261,wed,1.0,0.0001432221761206165,0.0,0.5104074938771975,0.11904761904761904,0.0,20
B,GAT+LSTM,3,1262,wed,1.0,0.00029773128335364163,0.0,0.5714941883595134,0.13333333333333333,0.0,20
B,GAT+LSTM,3,1263,wed,1.0,0.00020470726303756237,0.0,0.646696038095032,0.15625,0.0,20
B,GAT+LSTM,3,1264,wed,1.0,0.00016572733875364065,0.0,0.7154549064424314,0.15686274509803924,0.0,20
B,GAT+LSTM,3,1265,wed,0.0,0.0001465385576011613,0.0,0.7566614891715054,0.35294117647058826,0.0,20
B,GAT+LSTM,3,1266,wed,1.0,0.00014019561058375984,0.0,0.8204768340152757,0.3888888888888889,0.0,20
B,GAT+LSTM,3,1267,wed,1.0,0.00016147234418895096,0.0,0.9882494387413319,0.7894736842105263,0.0,20
B,GAT+LSTM,3,1268,wed,1.0,0.0001401758345309645,0.0,0.9848503159343145,0.7368421052631579,0.0,20
B,GAT+LSTM,3,1269,wed,1.0,0.00019849379896186292,0.0,0.9848503159343145,0.7368421052631579,0.0,20
B,GAT+LSTM,3,1270,wed,1.0,0.0002030853065662086,0.0,0.9848503159343145,0.7368421052631579,0.0,20
B,GAT+LSTM,3,1271,wed,1.0,0.0002157726266887039,0.0,0.9848503159343145,0.7368421052631579,0.0,20
B,GAT+LSTM,3,1272,wed,1.0,0.0001995665516005829,0.0,0.9848503159343145,0.7368421052631579,0.0,20
B,GAT+LSTM,3,1273,wed,1.0,0.0005034123314544559,0.0,0.9848503159343145,0.7368421052631579,0.0,20
B,GAT+LSTM,3,1274,wed,1.0,0.00026587743195705116,0.0,0.9848503159343145,0.7368421052631579,0.0,20
B,GAT+LSTM,3,1275,wed,1.0,0.0002631469687912613,0.0,0.9848503159343145,0.7368421052631579,0.0,20
B,GAT+LSTM,3,1276,wed,1.0,0.0004597763472702354,0.0,0.9882494387413319,0.7894736842105263,0.0,20
B,GAT+LSTM,3,1277,wed,1.0,0.00032010566792450845,0.0,0.9882494387413319,0.7894736842105263,0.0,20
B,GAT+LSTM,3,1278,wed,1.0,0.00047369013191200793,0.0,0.9882494387413319,0.7894736842105263,0.0,20
B,GAT+LSTM,3,1279,wed,0.0,0.0008592709782533348,0.0,0.8236290671307441,0.4166666666666667,0.0,20
B,GAT+LSTM,3,1280,wed,1.0,0.0004559085064101964,0.0,0.8236290671307441,0.4166666666666667,0.0,20
B,GAT+LSTM,3,1281,wed,1.0,0.00038685256731696427,0.0,0.826613362700824,0.4444444444444444,0.0,20
B,GAT+LSTM,3,1282,wed,1.0,0.0004129974404349923,0.0,0.826613362700824,0.4444444444444444,0.0,20
B,GAT+LSTM,3,1283,wed,0.0,0.00026546078152023256,0.0,0.785177307263448,0.45098039215686275,0.0,20
B,GAT+LSTM,3,1284,wed,1.0,0.0005124965100549161,0.0,0.7901981034607148,0.47058823529411764,0.0,20
B,GAT+LSTM,3,1285,wed,0.0,0.0006539230816997588,0.0,0.7069157331973758,0.17647058823529413,0.0,20
B,GAT+LSTM,3,1286,wed,0.0,0.000449844024842605,0.0,0.6571445305747743,0.21875,0.0,20
B,GAT+LSTM,3,1287,wed,0.0,0.0008063025306910276,0.0,0.5850954944608195,0.18666666666666665,0.0,20
B,GAT+LSTM,3,1288,wed,1.0,0.0009735873900353909,0.0,0.6512015180668431,0.2533333333333333,0.0,20
B,GAT+LSTM,3,1289,wed,1.0,0.000885965651832521,0.0,0.7036600317753567,0.32,0.0,20
B,GAT+LSTM,3,1290,wed,1.0,0.0007991052698343992,0.0,0.7174664785965095,0.36,0.0,20
B,GAT+LSTM,3,1291,wed,1.0,0.0010360496817156672,0.0,0.7608044042873763,0.42666666666666675,0.0,20
B,GAT+LSTM,3,1292,wed,1.0,0.0011743170907720923,0.0,0.7979348655587045,0.4933333333333333,0.0,20
B,GAT+LSTM,3,1293,wed,1.0,0.0023136946838349104,0.0,0.8243237544475934,0.5333333333333333,0.0,20
B,GAT+LSTM,3,1294,wed,1.0,0.006057062651962042,0.0,0.8511288012526401,0.5866666666666667,0.0,20
B,GAT+LSTM,3,1295,wed,1.0,0.9830166697502136,0.125,0.8779793873137527,0.6533333333333333,0.0,20
B,GAT+LSTM,3,1296,wed,1.0,0.9799495339393616,0.23529411764705882,0.8967504310847964,0.6933333333333334,0.0,20
B,GAT+LSTM,3,1297,wed,1.0,0.9675019979476929,0.3333333333333333,0.917146987143117,0.7466666666666666,0.0,20
B,GAT+LSTM,3,1298,wed,1.0,0.7244224548339844,0.42105263157894735,0.9329145529106828,0.7866666666666666,0.0,20
B,GAT+LSTM,3,1299,wed,1.0,0.41016629338264465,0.4,0.9574225350565326,0.828125,0.0,20
B,GAT+LSTM,3,1300,wed,1.0,0.9896718263626099,0.47619047619047616,0.9664255112470089,0.859375,0.0,20
B,GAT+LSTM,3,1301,wed,1.0,0.9979748129844666,0.5454545454545454,0.9779592593616394,0.90625,0.0,20
B,GAT+LSTM,3,1302,wed,1.0,0.9937227368354797,0.6086956521739131,0.9888148488562092,0.953125,0.0,20
B,GAT+LSTM,3,1303,wed,1.0,0.9840776920318604,0.64,0.9900677118112468,0.9411764705882353,0.0,20
B,GAT+LSTM,3,1304,wed,1.0,0.8908109068870544,0.6923076923076923,0.9966359092656671,0.9803921568627452,0.0,20
B,GAT+LSTM,3,1305,wed,1.0,0.9703996181488037,0.7142857142857143,0.9969948018193633,0.9722222222222222,0.0,20
B,GAT+LSTM,3,1306,wed,1.0,0.996333122253418,0.7333333333333333,0.997299168975069,0.9473684210526315,0.0,20
B,GAT+LSTM,3,1307,wed,1.0,0.8629828095436096,0.75,1.0000000000000002,,0.0,20
B,GAT+LSTM,3,1308,wed,1.0,0.9923517107963562,0.7878787878787878,1.0000000000000002,,0.0,20
B,GAT+LSTM,3,1309,wed,1.0,0.7026093602180481,0.8235294117647058,1.0000000000000002,,0.0,20
B,GAT+LSTM,3,1310,wed,1.0,0.7397491931915283,0.8571428571428571,1.0000000000000002,,0.0,20
B,GAT+LSTM,3,1311,wed,1.0,0.9939249157905579,0.8888888888888888,1.0000000000000002,,0.0,20
B,GAT+LSTM,3,1312,wed,1.0,0.8005970120429993,0.918918918918919,1.0000000000000002,,0.0,20
B,GAT+LSTM,3,1313,wed,1.0,0.9687801003456116,0.9473684210526315,1.0000000000000002,,0.0,20
B,GAT+LSTM,3,1314,wed,1.0,0.7747187614440918,0.9743589743589743,1.0000000000000002,,0.0,20
B,GAT+LSTM,3,1315,wed,1.0,0.36609137058258057,0.9473684210526315,1.0000000000000002,,0.0,20
B,GAT+LSTM,3,1316,wed,1.0,0.6072457432746887,0.9473684210526315,1.0000000000000002,,0.0,20
B,GAT+LSTM,3,1317,wed,1.0,0.9924213290214539,0.9473684210526315,1.0000000000000002,,0.0,20
B,GAT+LSTM,3,1318,wed,1.0,0.9909942746162415,0.9473684210526315,1.0000000000000002,,0.0,20
B,GAT+LSTM,3,1319,wed,1.0,0.7182501554489136,0.9743589743589743,1.0000000000000002,,0.0,20
B,GAT+LSTM,3,1320,wed,1.0,0.36702868342399597,0.9473684210526315,1.0000000000000002,,0.0,20
B,GAT+LSTM,3,1321,wed,1.0,0.4100491404533386,0.918918918918919,1.0000000000000002,,0.0,20
B,GAT+LSTM,3,1322,wed,1.0,0.9673098921775818,0.918918918918919,1.0000000000000002,,0.0,20
B,GAT+LSTM,3,1323,wed,1.0,0.8546429872512817,0.918918918918919,1.0000000000000002,,0.0,20
B,GAT+LSTM,3,1324,wed,1.0,0.016132643446326256,0.8888888888888888,1.0000000000000002,,0.0,20
B,GAT+LSTM,3,1325,wed,1.0,0.019197318702936172,0.8571428571428571,1.0000000000000002,,0.0,20
B,GAT+LSTM,3,1326,wed,1.0,0.08645685017108917,0.8235294117647058,1.0000000000000002,,0.0,20
B,GAT+LSTM,3,1327,wed,1.0,0.14483113586902618,0.7878787878787878,1.0000000000000002,,0.0,20
B,GAT+LSTM,3,1328,wed,1.0,0.14283107221126556,0.75,1.0000000000000002,,0.0,20
B,GAT+LSTM,3,1329,wed,1.0,0.010528688319027424,0.7096774193548387,1.0000000000000002,,0.0,20
B,GAT+LSTM,3,1330,wed,1.0,0.013438194990158081,0.6666666666666666,1.0000000000000002,,0.0,20
B,GAT+LSTM,3,1331,wed,1.0,0.012487518601119518,0.6206896551724138,1.0000000000000002,,0.0,20
B,GAT+LSTM,3,1332,wed,1.0,0.013230563141405582,0.5714285714285714,1.0000000000000002,,0.0,20
B,GAT+LSTM,3,1333,wed,1.0,0.013199616223573685,0.5185185185185185,1.0000000000000002,,0.0,20
B,GAT+LSTM,3,1334,wed,1.0,0.013581926003098488,0.46153846153846156,1.0000000000000002,,0.0,20
B,GAT+LSTM,3,1335,wed,1.0,0.01292918436229229,0.46153846153846156,1.0000000000000002,,0.0,20
B,GAT+LSTM,3,1336,wed,1.0,0.016008440405130386,0.4,1.0000000000000002,,0.0,20
B,GAT+LSTM,3,1337,wed,1.0,0.015682348981499672,0.3333333333333333,1.0000000000000002,,0.0,20
B,GAT+LSTM,3,1338,wed,1.0,0.01352903712540865,0.2608695652173913,1.0000000000000002,,0.0,20
B,GAT+LSTM,3,1339,wed,1.0,0.011414577253162861,0.18181818181818182,1.0000000000000002,,0.0,20
B,GAT+LSTM,3,1340,wed,1.0,0.012275767512619495,0.18181818181818182,1.0000000000000002,,0.0,20
B,GAT+LSTM,3,1341,wed,1.0,0.012326553463935852,0.18181818181818182,1.0000000000000002,,0.0,20
B,GAT+LSTM,3,1342,wed,1.0,0.01232142187654972,0.09523809523809523,1.0000000000000002,,0.0,20
B,GAT+LSTM,3,1343,wed,1.0,0.013897293247282505,0.0,1.0000000000000002,,0.0,20
B,GAT+LSTM,3,1344,wed,1.0,0.016013916581869125,0.0,1.0000000000000002,,0.0,20
B,GAT+LSTM,3,1345,wed,1.0,0.015883566811680794,0.0,1.0000000000000002,,0.0,20
B,GAT+LSTM,3,1346,wed,1.0,0.015203763730823994,0.0,1.0000000000000002,,0.0,20
B,GAT+LSTM,3,1347,wed,1.0,0.01849077083170414,0.0,1.0000000000000002,,0.0,20
B,GAT+LSTM,3,1348,wed,1.0,0.01677078753709793,0.0,1.0000000000000002,,0.0,20
B,GAT+LSTM,3,1349,wed,1.0,0.015514620579779148,0.0,1.0000000000000002,,0.0,20
B,GAT+LSTM,3,1350,wed,1.0,0.010963210836052895,0.0,1.0000000000000002,,0.0,20
B,GAT+LSTM,3,1351,wed,1.0,0.014553499408066273,0.0,1.0000000000000002,,0.0,20
B,GAT+LSTM,3,1352,wed,1.0,0.015931354835629463,0.0,1.0000000000000002,,0.0,20
B,GAT+LSTM,3,1353,wed,1.0,0.014500608667731285,0.0,1.0000000000000002,,0.0,20
B,GAT+LSTM,3,1354,wed,1.0,0.01428120955824852,0.0,1.0000000000000002,,0.0,20
B,GAT+LSTM,3,1355,wed,1.0,0.012871681712567806,0.0,1.0000000000000002,,0.0,20
B,GAT+LSTM,3,1356,wed,1.0,0.015001087449491024,0.0,1.0000000000000002,,0.0,20
B,GAT+LSTM,3,1357,wed,1.0,0.016691716387867928,0.0,1.0000000000000002,,0.0,20
B,GAT+LSTM,3,1358,wed,1.0,0.014960221014916897,0.0,1.0000000000000002,,0.0,20
B,GAT+LSTM,3,1359,wed,1.0,0.01692519336938858,0.0,1.0000000000000002,,0.0,20
B,GAT+LSTM,3,1360,wed,1.0,0.01974508725106716,0.0,1.0000000000000002,,0.0,20
B,GAT+LSTM,3,1361,wed,1.0,0.018715864047408104,0.0,1.0000000000000002,,0.0,20
B,GAT+LSTM,3,1362,wed,1.0,0.02007606253027916,0.0,1.0000000000000002,,0.0,20
B,GAT+LSTM,3,1363,wed,1.0,0.02028214931488037,0.0,1.0000000000000002,,0.0,20
B,GAT+LSTM,3,1364,wed,1.0,0.014099217019975185,0.0,1.0000000000000002,,0.0,20
B,GAT+LSTM,3,1365,wed,1.0,0.016781948506832123,0.0,1.0000000000000002,,0.0,20
B,GAT+LSTM,3,1366,wed,1.0,0.017689721658825874,0.0,1.0000000000000002,,0.0,20
B,GAT+LSTM,3,1367,wed,1.0,0.012245070189237595,0.0,1.0000000000000002,,0.0,20
B,GAT+LSTM,3,1368,wed,1.0,0.011368121951818466,0.0,1.0000000000000002,,0.0,20
B,GAT+LSTM,3,1369,wed,1.0,0.011266079731285572,0.0,1.0000000000000002,,0.0,20
B,GAT+LSTM,3,1370,wed,1.0,0.01378635037690401,0.0,1.0000000000000002,,0.0,20
B,GAT+LSTM,3,1371,wed,1.0,0.01697739027440548,0.0,1.0000000000000002,,0.0,20
B,GAT+LSTM,3,1372,wed,1.0,0.012363407760858536,0.0,1.0000000000000002,,0.0,20
B,GAT+LSTM,3,1373,wed,1.0,0.015182801522314548,0.0,1.0000000000000002,,0.0,20
B,GAT+LSTM,3,1374,wed,1.0,0.015674298629164696,0.0,1.0000000000000002,,0.0,20
B,GAT+LSTM,3,1375,wed,1.0,0.013439643196761608,0.0,1.0000000000000002,,0.0,20
B,GAT+LSTM,3,1376,wed,1.0,0.015022882260382175,0.0,1.0000000000000002,,0.0,20
B,GAT+LSTM,3,1377,wed,1.0,0.014442788437008858,0.0,1.0000000000000002,,0.0,20
B,GAT+LSTM,3,1378,wed,1.0,0.01595844142138958,0.0,1.0000000000000002,,0.0,20
B,GAT+LSTM,3,1379,wed,1.0,0.02011306770145893,0.0,1.0000000000000002,,0.0,20
B,GAT+LSTM,3,1380,wed,1.0,0.01949373632669449,0.0,1.0000000000000002,,0.0,20
B,GAT+LSTM,3,1381,wed,1.0,0.016594834625720978,0.0,1.0000000000000002,,0.0,20
B,GAT+LSTM,3,1382,wed,1.0,0.01728004217147827,0.0,1.0000000000000002,,0.0,20
B,GAT+LSTM,3,1383,wed,1.0,0.017553793266415596,0.0,1.0000000000000002,,0.0,20
B,GAT+LSTM,3,1384,wed,1.0,0.014151195995509624,0.0,1.0000000000000002,,0.0,20
B,GAT+LSTM,3,1385,wed,1.0,0.0141506502404809,0.0,1.0000000000000002,,0.0,20
B,GAT+LSTM,3,1386,wed,1.0,0.011362185701727867,0.0,1.0000000000000002,,0.0,20
B,GAT+LSTM,3,1387,wed,1.0,0.014058207161724567,0.0,1.0000000000000002,,0.0,20
B,GAT+LSTM,3,1388,wed,1.0,0.016047388315200806,0.0,1.0000000000000002,,0.0,20
B,GAT+LSTM,3,1389,wed,1.0,0.015492611564695835,0.0,1.0000000000000002,,0.0,20
B,GAT+LSTM,3,1390,wed,1.0,0.01617133617401123,0.0,1.0000000000000002,,0.0,20
B,GAT+LSTM,3,1391,wed,1.0,0.01883780024945736,0.0,1.0000000000000002,,0.0,20
B,GAT+LSTM,3,1392,wed,1.0,0.01730307936668396,0.0,1.0000000000000002,,0.0,20
B,GAT+LSTM,3,1393,wed,1.0,0.019644569605588913,0.0,1.0000000000000002,,0.0,20
B,GAT+LSTM,3,1394,wed,1.0,0.018707966431975365,0.0,1.0000000000000002,,0.0,20
B,GAT+LSTM,3,1395,wed,1.0,0.019159870222210884,0.0,1.0000000000000002,,0.0,20
B,GAT+LSTM,3,1396,wed,1.0,0.020626498386263847,0.0,1.0000000000000002,,0.0,20
B,GAT+LSTM,3,1397,wed,1.0,0.01730402745306492,0.0,1.0000000000000002,,0.0,20
B,GAT+LSTM,3,1398,wed,1.0,0.017582327127456665,0.0,1.0000000000000002,,0.0,20
B,GAT+LSTM,3,1399,wed,1.0,0.016455089673399925,0.0,1.0000000000000002,,0.0,20
B,GAT+LSTM,3,1400,wed,1.0,0.01335316151380539,0.0,1.0000000000000002,,0.0,20
B,GAT+LSTM,3,1401,wed,1.0,0.012134412303566933,0.0,1.0000000000000002,,0.0,20
B,GAT+LSTM,3,1402,wed,1.0,0.013039181008934975,0.0,1.0000000000000002,,0.0,20
B,GAT+LSTM,3,1403,wed,1.0,0.012236075475811958,0.0,1.0000000000000002,,0.0,20
B,GAT+LSTM,3,1404,wed,1.0,0.01622772216796875,0.0,1.0000000000000002,,0.0,20
B,GAT+LSTM,3,1405,wed,1.0,0.015145800076425076,0.0,1.0000000000000002,,0.0,20
B,GAT+LSTM,3,1406,wed,1.0,0.013251353986561298,0.0,1.0000000000000002,,0.0,20
B,GAT+LSTM,3,1407,wed,1.0,0.01376336719840765,0.0,1.0000000000000002,,0.0,20
B,GAT+LSTM,3,1408,wed,1.0,0.014817669987678528,0.0,1.0000000000000002,,0.0,20
B,GAT+LSTM,3,1409,wed,1.0,0.01482449471950531,0.0,1.0000000000000002,,0.0,20
B,GAT+LSTM,3,1410,wed,1.0,0.017134731635451317,0.0,1.0000000000000002,,0.0,20
B,GAT+LSTM,3,1411,wed,1.0,0.012760316953063011,0.0,1.0000000000000002,,0.0,20
B,GAT+LSTM,3,1412,wed,1.0,0.016778448596596718,0.0,1.0000000000000002,,0.0,20
B,GAT+LSTM,3,1413,wed,1.0,0.019987935200333595,0.0,1.0000000000000002,,0.0,20
B,GAT+LSTM,3,1414,wed,1.0,0.01553078182041645,0.0,1.0000000000000002,,0.0,20
B,GAT+LSTM,3,1415,wed,1.0,0.014214291237294674,0.0,1.0000000000000002,,0.0,20
B,GAT+LSTM,3,1416,wed,1.0,0.015226061455905437,0.0,1.0000000000000002,,0.0,20
B,GAT+LSTM,3,1417,wed,1.0,0.0173320472240448,0.0,1.0000000000000002,,0.0,20
B,GAT+LSTM,3,1418,wed,1.0,0.017939493060112,0.0,1.0000000000000002,,0.0,20
B,GAT+LSTM,3,1419,wed,1.0,0.015612105838954449,0.0,1.0000000000000002,,0.0,20
B,GAT+LSTM,3,1420,wed,1.0,0.01685967855155468,0.0,1.0000000000000002,,0.0,20
B,GAT+LSTM,3,1421,wed,1.0,0.016977524384856224,0.0,1.0000000000000002,,0.0,20
B,GAT+LSTM,3,1422,wed,1.0,0.01652413234114647,0.0,1.0000000000000002,,0.0,20
B,GAT+LSTM,3,1423,wed,1.0,0.01465571392327547,0.0,1.0000000000000002,,0.0,20
B,GAT+LSTM,3,1424,wed,1.0,0.016644297167658806,0.0,1.0000000000000002,,0.0,20
B,GAT+LSTM,3,1425,wed,1.0,0.01837831176817417,0.0,1.0000000000000002,,0.0,20
B,GAT+LSTM,3,1426,wed,1.0,0.019375931471586227,0.0,1.0000000000000002,,0.0,20
B,GAT+LSTM,3,1427,wed,1.0,0.01962832175195217,0.0,1.0000000000000002,,0.0,20
B,GAT+LSTM,3,1428,wed,1.0,0.017905401065945625,0.0,1.0000000000000002,,0.0,20
B,GAT+LSTM,3,1429,wed,1.0,0.018779750913381577,0.0,1.0000000000000002,,0.0,20
B,GAT+LSTM,3,1430,wed,1.0,0.016634413972496986,0.0,1.0000000000000002,,0.0,20
B,GAT+LSTM,3,1431,wed,1.0,0.015443515032529831,0.0,1.0000000000000002,,0.0,20
B,GAT+LSTM,3,1432,wed,1.0,0.016067519783973694,0.0,1.0000000000000002,,0.0,20
B,GAT+LSTM,3,1433,wed,1.0,0.01164196152240038,0.0,1.0000000000000002,,0.0,20
B,GAT+LSTM,3,1434,wed,1.0,0.01308607216924429,0.0,1.0000000000000002,,0.0,20
B,GAT+LSTM,3,1435,wed,1.0,0.01558005716651678,0.0,1.0000000000000002,,0.0,20
B,GAT+LSTM,3,1436,wed,1.0,0.011592607013881207,0.0,1.0000000000000002,,0.0,20
B,GAT+LSTM,3,1437,wed,1.0,0.01003278512507677,0.0,1.0000000000000002,,0.0,20
B,GAT+LSTM,3,1438,wed,1.0,0.009407903999090195,0.0,1.0000000000000002,,0.0,20
B,GAT+LSTM,3,1439,wed,1.0,0.009326061233878136,0.0,1.0000000000000002,,0.0,20
B,GAT+LSTM,3,1440,wed,1.0,0.010472049936652184,0.0,1.0000000000000002,,0.0,20
B,GAT+LSTM,3,1441,wed,1.0,0.010851964354515076,0.0,1.0000000000000002,,0.0,20
B,GAT+LSTM,3,1442,wed,1.0,0.010713070631027222,0.0,1.0000000000000002,,0.0,20
B,GAT+LSTM,3,1443,wed,1.0,0.012858329340815544,0.0,1.0000000000000002,,0.0,20
B,GAT+LSTM,3,1444,wed,1.0,0.014387053437530994,0.0,1.0000000000000002,,0.0,20
B,GAT+LSTM,3,1445,wed,1.0,0.01620085909962654,0.0,1.0000000000000002,,0.0,20
B,GAT+LSTM,3,1446,wed,1.0,0.017315156757831573,0.0,1.0000000000000002,,0.0,20
B,GAT+LSTM,3,1447,wed,1.0,0.013547166250646114,0.0,1.0000000000000002,,0.0,20
B,GAT+LSTM,3,1448,wed,1.0,0.016790669411420822,0.0,1.0000000000000002,,0.0,20
B,GAT+LSTM,3,1449,wed,1.0,0.020056068897247314,0.0,1.0000000000000002,,0.0,20
B,GAT+LSTM,3,1450,wed,1.0,0.019499951973557472,0.0,1.0000000000000002,,0.0,20
B,GAT+LSTM,3,1451,wed,1.0,0.017252588644623756,0.0,1.0000000000000002,,0.0,20
B,GAT+LSTM,3,1452,wed,1.0,0.01959346979856491,0.0,1.0000000000000002,,0.0,20
B,GAT+LSTM,3,1453,wed,1.0,0.012456297874450684,0.0,1.0000000000000002,,0.0,20
B,GAT+LSTM,3,1454,wed,1.0,0.011533302254974842,0.0,1.0000000000000002,,0.0,20
B,GAT+LSTM,3,1455,wed,1.0,0.01200440339744091,0.0,1.0000000000000002,,0.0,20
B,GAT+LSTM,3,1456,wed,1.0,0.009910281747579575,0.0,1.0000000000000002,,0.0,20
B,GAT+LSTM,3,1457,wed,1.0,0.0093508530408144,0.0,1.0000000000000002,,0.0,20
B,GAT+LSTM,3,1458,wed,1.0,0.009683605283498764,0.0,1.0000000000000002,,0.0,20
B,GAT+LSTM,3,1459,wed,1.0,0.010526900179684162,0.0,1.0000000000000002,,0.0,20
B,GAT+LSTM,3,1460,wed,1.0,0.014455274678766727,0.0,1.0000000000000002,,0.0,20
B,GAT+LSTM,3,1461,wed,1.0,0.015951942652463913,0.0,1.0000000000000002,,0.0,20
B,GAT+LSTM,3,1462,wed,1.0,0.013298103585839272,0.0,1.0000000000000002,,0.0,20
B,GAT+LSTM,3,1463,wed,1.0,0.01562555879354477,0.0,1.0000000000000002,,0.0,20
B,GAT+LSTM,3,1464,wed,1.0,0.013100958429276943,0.0,1.0000000000000002,,0.0,20
B,GAT+LSTM,3,1465,wed,1.0,0.010263296775519848,0.0,1.0000000000000002,,0.0,20
B,GAT+LSTM,3,1466,wed,1.0,0.010823624208569527,0.0,1.0000000000000002,,0.0,20
B,GAT+LSTM,3,1467,wed,1.0,0.011500881984829903,0.0,1.0000000000000002,,0.0,20
B,GAT+LSTM,3,1468,wed,1.0,0.009199172258377075,0.0,1.0000000000000002,,0.0,20
B,GAT+LSTM,3,1469,wed,1.0,0.011271227151155472,0.0,1.0000000000000002,,0.0,20
B,GAT+LSTM,3,1470,wed,1.0,0.006827766075730324,0.0,1.0000000000000002,,0.0,20
B,GAT+LSTM,3,1471,wed,1.0,0.006208199542015791,0.0,1.0000000000000002,,0.0,20
B,GAT+LSTM,3,1472,wed,1.0,0.00413444684818387,0.0,1.0000000000000002,,0.0,20
B,GAT+LSTM,3,1473,wed,1.0,0.00232887570746243,0.0,1.0000000000000002,,0.0,20
B,GAT+LSTM,3,1474,wed,0.0,0.0019625243730843067,0.0,0.9999999999999998,1.0,0.0,20
B,GAT+LSTM,3,1475,wed,1.0,0.0011338654439896345,0.0,0.997299168975069,0.9473684210526315,0.0,20
B,GAT+LSTM,3,1476,wed,0.0,0.0009391973144374788,0.0,0.9969948018193633,0.9722222222222222,0.0,20
B,GAT+LSTM,3,1477,wed,0.0,0.000373105111066252,0.0,0.9966359092656671,0.9803921568627452,0.0,20
B,GAT+LSTM,3,1478,wed,1.0,0.000488374731503427,0.0,0.9900677118112468,0.9411764705882353,0.0,20
B,GAT+LSTM,3,1479,wed,1.0,0.000355211814166978,0.0,0.9804170713693114,0.8823529411764706,0.0,20
B,GAT+LSTM,3,1480,wed,1.0,0.0004071868897881359,0.0,0.9730177881266027,0.8431372549019608,0.0,20
B,GAT+LSTM,3,1481,wed,1.0,0.0005754732992500067,0.0,0.9651180897857278,0.803921568627451,0.0,20
B,GAT+LSTM,3,1482,wed,1.0,0.00033635133877396584,0.0,0.9538269582660405,0.7450980392156863,0.0,20
B,GAT+LSTM,3,1483,wed,1.0,0.00048109612544067204,0.0,0.9446890373634137,0.7058823529411764,0.0,20
B,GAT+LSTM,3,1484,wed,1.0,0.0004767893988173455,0.0,0.9347719936228405,0.6666666666666667,0.0,20
B,GAT+LSTM,3,1485,wed,1.0,0.0007950811414048076,0.0,0.9239282621908738,0.6274509803921569,0.0,20
B,GAT+LSTM,3,1486,wed,1.0,0.0004956634948030114,0.0,0.9119630215491625,0.5882352941176471,0.0,20
B,GAT+LSTM,3,1487,wed,1.0,0.0007578856311738491,0.0,0.898611014079508,0.5490196078431373,0.0,20
B,GAT+LSTM,3,1488,wed,1.0,0.0006297273794189095,0.0,0.8834966349945408,0.5098039215686274,0.0,20
B,GAT+LSTM,3,1489,wed,1.0,0.8980835676193237,0.1111111111111111,0.8834966349945408,0.5098039215686274,0.0,20
B,GAT+LSTM,3,1490,wed,1.0,0.9960435628890991,0.21052631578947367,0.8834966349945408,0.5098039215686274,0.0,20
B,GAT+LSTM,3,1491,wed,1.0,0.9984619617462158,0.3,0.8834966349945408,0.5098039215686274,0.0,20
B,GAT+LSTM,3,1492,wed,1.0,0.9990807771682739,0.38095238095238093,0.8834966349945408,0.5098039215686274,0.0,20
B,GAT+LSTM,3,1493,wed,1.0,0.9989840388298035,0.45454545454545453,0.8834966349945408,0.5098039215686274,0.0,20
B,GAT+LSTM,3,1494,wed,0.0,0.9895821809768677,0.43478260869565216,0.8727123212690504,0.49019607843137253,0.3333333333333333,20
B,GAT+LSTM,3,1495,wed,0.0,0.9555373787879944,0.43478260869565216,0.8127804948964005,0.421875,0.5,20
B,GAT+LSTM,3,1496,wed,0.0,0.9142907857894897,0.4166666666666667,0.8070141258487814,0.40625,0.75,20
B,GAT+LSTM,3,1497,wed,0.0,0.7895339727401733,0.4,0.775056653174397,0.265625,1.0,20
B,GAT+LSTM,3,1498,wed,0.0,0.21190166473388672,0.4166666666666667,0.7419571513224763,0.29333333333333333,0.8,20
B,GAT+LSTM,3,1499,wed,0.0,0.0001957390777533874,0.43478260869565216,0.7418525869432547,0.42857142857142855,0.6666666666666666,20
B,GAT+LSTM,3,1500,wed,0.0,0.002706459490582347,0.45454545454545453,0.7166313750946995,0.4395604395604396,0.5714285714285714,20
B,GAT+LSTM,3,1501,wed,0.0,0.0009325840510427952,0.47619047619047616,0.698254607736032,0.45833333333333337,0.5,20
B,GAT+LSTM,3,1502,wed,0.0,0.00022369707585312426,0.5,0.7052463875993289,0.5454545454545454,0.4444444444444444,20
B,GAT+LSTM,3,1503,wed,0.0,0.0002986131003126502,0.5263157894736842,0.7158037060978237,0.62,0.4,20
B,GAT+LSTM,3,1504,wed,0.0,0.00020576633687596768,0.5555555555555556,0.7314077126577128,0.6868686868686869,0.36363636363636365,20
B,GAT+LSTM,3,1505,wed,0.0,0.0001575208007125184,0.5882352941176471,0.7543440934065934,0.75,0.3333333333333333,20
B,GAT+LSTM,3,1506,wed,0.0,0.00027479504933580756,0.625,0.7882980115122971,0.8131868131868132,0.3076923076923077,20
B,GAT+LSTM,3,1507,wed,0.0,0.00022694056679029018,0.6666666666666666,0.8395528083028083,0.8809523809523809,0.2857142857142857,20
B,GAT+LSTM,3,1508,wed,0.0,0.00016446983499918133,0.7142857142857143,0.919642857142857,0.9600000000000001,0.26666666666666666,20
B,GAT+LSTM,3,1509,wed,0.0,0.00021535927953664213,0.6666666666666666,1.0,1.0,0.25,20
B,GAT+LSTM,3,1510,wed,0.0,0.0007135229534469545,0.6,1.0,1.0,0.23529411764705882,20
B,GAT+LSTM,3,1511,wed,0.0,0.00020101737754885107,0.5,1.0,1.0,0.2222222222222222,20
B,GAT+LSTM,3,1512,wed,0.0,0.00015022708976175636,0.3333333333333333,1.0,1.0,0.21052631578947367,20
B,GAT+LSTM,3,1513,wed,0.0,0.00014969345647841692,0.0,0.5,,0.2,20
B,GAT+LSTM,3,1514,wed,0.0,0.00013461036724038422,0.0,0.5,,0.15,20
B,GAT+LSTM,3,1515,wed,0.0,0.0003234047326259315,0.0,0.5,,0.1,20
B,GAT+LSTM,3,1516,wed,0.0,0.0002438458614051342,0.0,0.5,,0.05,20
B,GAT+LSTM,3,1517,wed,0.0,0.00014549917250405997,0.0,0.5,,0.0,20
B,GAT+LSTM,3,1518,wed,0.0,0.00014904710405971855,0.0,0.5,,0.0,20
B,GAT+LSTM,3,1519,wed,0.0,0.00015401521523017436,0.0,0.5,,0.0,20
B,GAT+LSTM,3,1520,wed,0.0,0.00013632941409014165,0.0,0.5,,0.0,20
B,GAT+LSTM,3,1521,wed,0.0,0.00013981234224047512,0.0,0.5,,0.0,20
B,GAT+LSTM,3,1522,wed,0.0,0.00013947198749519885,0.0,0.5,,0.0,20
B,GAT+LSTM,3,1523,wed,0.0,0.0001583270204719156,0.0,0.5,,0.0,20
B,GAT+LSTM,3,1524,wed,0.0,0.00015410703781526536,0.0,0.5,,0.0,20
B,GAT+LSTM,3,1525,wed,0.0,0.00015675753820687532,0.0,0.5,,0.0,20
B,GAT+LSTM,3,1526,wed,0.0,0.00015084230108186603,0.0,0.5,,0.0,20
B,GAT+LSTM,3,1527,wed,0.0,0.0001401259796693921,0.0,0.5,,0.0,20
B,GAT+LSTM,3,1528,wed,0.0,0.0001434107543900609,0.0,0.5,,0.0,20
B,GAT+LSTM,3,1529,wed,0.0,0.00015007247566245496,0.0,0.5,,0.0,20
B,GAT+LSTM,3,1530,wed,0.0,0.00018602379714138806,0.0,0.5,,0.0,20
B,GAT+LSTM,3,1531,wed,0.0,0.00015382413403131068,0.0,0.5,,0.0,20
B,GAT+LSTM,3,1532,wed,0.0,0.00016266766760963947,0.0,0.5,,0.0,20
B,GAT+LSTM,3,1533,wed,0.0,0.0001475355529692024,0.0,0.5,,0.0,20
B,GAT+LSTM,3,1534,wed,0.0,0.00014393929450307041,0.0,0.5,,0.0,20
B,GAT+LSTM,3,1535,wed,0.0,0.00019539242202881724,0.0,0.5,,0.0,20
B,GAT+LSTM,3,1536,wed,0.0,0.00014209475193638355,0.0,0.5,,0.0,20
B,GAT+LSTM,3,1537,wed,0.0,0.0001621943520149216,0.0,0.5,,0.0,20
B,GAT+LSTM,3,1538,wed,0.0,0.0002084499574266374,0.0,0.5,,0.0,20
B,GAT+LSTM,3,1539,wed,0.0,0.0001801647013053298,0.0,0.5,,0.0,20
B,GAT+LSTM,3,1540,wed,0.0,0.00017322821076959372,0.0,0.5,,0.0,20
B,GAT+LSTM,3,1541,wed,0.0,0.00013875277363695204,0.0,0.5,,0.0,20
B,GAT+LSTM,3,1542,wed,0.0,0.00015512564277742058,0.0,0.5,,0.0,20
B,GAT+LSTM,3,1543,wed,0.0,0.00015407486353069544,0.0,0.5,,0.0,20
B,GAT+LSTM,3,1544,wed,0.0,0.00015419213741552085,0.0,0.5,,0.0,20
B,GAT+LSTM,3,1545,wed,0.0,0.00015637328033335507,0.0,0.5,,0.0,20
B,GAT+LSTM,3,1546,wed,0.0,0.0001865378289949149,0.0,0.5,,0.0,20
B,GAT+LSTM,3,1547,wed,0.0,0.00013559033686760813,0.0,0.5,,0.0,20
B,GAT+LSTM,3,1548,wed,0.0,0.0002228746743639931,0.0,0.5,,0.0,20
B,GAT+LSTM,3,1549,wed,0.0,0.00013813575787935406,0.0,0.5,,0.0,20
B,GAT+LSTM,3,1550,wed,0.0,0.0001394855644321069,0.0,0.5,,0.0,20
B,GAT+LSTM,3,1551,wed,0.0,0.00013851429685018957,0.0,0.5,,0.0,20
B,GAT+LSTM,3,1552,wed,0.0,0.00014219044533092529,0.0,0.5,,0.0,20
B,GAT+LSTM,3,1553,wed,0.0,0.00014466236461885273,0.0,0.5,,0.0,20
B,GAT+LSTM,3,1554,wed,0.0,0.0001523733517387882,0.0,0.5,,0.0,20
B,GAT+LSTM,3,1555,wed,0.0,0.00014072505291551352,0.0,0.5,,0.0,20
B,GAT+LSTM,3,1556,wed,0.0,0.00013905132072977722,0.0,0.5,,0.0,20
B,GAT+LSTM,3,1557,wed,0.0,0.0001525374682387337,0.0,0.5,,0.0,20
B,GAT+LSTM,3,1558,wed,0.0,0.00015210406854748726,0.0,0.5,,0.0,20
B,GAT+LSTM,3,1559,wed,0.0,0.00014570313214790076,0.0,0.5,,0.0,20
B,GAT+LSTM,3,1560,wed,0.0,0.0001369686797261238,0.0,0.5,,0.0,20
B,GAT+LSTM,3,1561,wed,0.0,0.0001404258655384183,0.0,0.5,,0.0,20
B,GAT+LSTM,3,1562,wed,0.0,0.0001532614987809211,0.0,0.5,,0.0,20
B,GAT+LSTM,3,1563,wed,0.0,0.00013913090515416116,0.0,0.5,,0.0,20
B,GAT+LSTM,3,1564,wed,0.0,0.00014822649245616049,0.0,0.5,,0.0,20
B,GAT+LSTM,3,1565,wed,0.0,0.00015430775238201022,0.0,0.5,,0.0,20
B,GAT+LSTM,3,1566,wed,0.0,0.0001508402929175645,0.0,0.5,,0.0,20
B,GAT+LSTM,3,1567,wed,0.0,0.0001574400084791705,0.0,0.5,,0.0,20
B,GAT+LSTM,3,1568,wed,0.0,0.00014538393588736653,0.0,0.5,,0.0,20
B,GAT+LSTM,3,1569,wed,0.0,0.00015231917495839298,0.0,0.5,,0.0,20
B,GAT+LSTM,3,1570,wed,1.0,0.0001339103328064084,0.0,0.025,0.0,0.0,20
B,GAT+LSTM,3,1571,wed,0.0,0.00015134540444705635,0.0,0.025,0.0,0.0,20
B,GAT+LSTM,3,1572,wed,0.0,0.00023139500990509987,0.0,0.025,0.0,0.0,20
B,GAT+LSTM,3,1573,wed,0.0,0.06633598357439041,0.0,0.025,0.0,0.0,20
B,GAT+LSTM,3,1574,wed,0.0,0.0008208397193811834,0.0,0.025,0.0,0.0,20
B,GAT+LSTM,3,1575,wed,0.0,0.00041590709588490427,0.0,0.025,0.0,0.0,20
B,GAT+LSTM,3,1576,wed,0.0,0.0003227443667128682,0.0,0.025,0.0,0.0,20
B,GAT+LSTM,3,1577,wed,0.0,0.0008574200910516083,0.0,0.025,0.0,0.0,20
B,GAT+LSTM,3,1578,wed,0.0,0.0012747845612466335,0.0,0.025,0.0,0.0,20
B,GAT+LSTM,3,1579,wed,0.0,0.0017425946425646544,0.0,0.025,0.0,0.0,20
B,GAT+LSTM,3,1580,wed,0.0,0.00017502614355180413,0.0,0.025,0.0,0.0,20
B,GAT+LSTM,3,1581,wed,0.0,0.00019049140973947942,0.0,0.025,0.0,0.0,20
B,GAT+LSTM,3,1582,wed,0.0,0.00022270239423960447,0.0,0.025,0.0,0.0,20
B,GAT+LSTM,3,1583,wed,0.0,0.0003170057898387313,0.0,0.025,0.0,0.0,20
B,GAT+LSTM,3,1584,wed,0.0,0.0005420265952125192,0.0,0.025,0.0,0.0,20
B,GAT+LSTM,3,1585,wed,0.0,0.0008712834096513689,0.0,0.025,0.0,0.0,20
B,GAT+LSTM,3,1586,wed,0.0,0.000817407330032438,0.0,0.025,0.0,0.0,20
B,GAT+LSTM,3,1587,wed,0.0,0.00038472702726721764,0.0,0.025,0.0,0.0,20
B,GAT+LSTM,3,1588,wed,0.0,0.0007320906152017415,0.0,0.025,0.0,0.0,20
B,GAT+LSTM,3,1589,wed,0.0,0.0003572545538190752,0.0,0.025,0.0,0.0,20
B,GAT+LSTM,3,1590,wed,0.0,0.00022242145496420562,0.0,0.5,,0.0,20
B,GAT+LSTM,3,1591,wed,0.0,0.0001836015289882198,0.0,0.5,,0.0,20
B,GAT+LSTM,3,1592,wed,0.0,0.00021318451035767794,0.0,0.5,,0.0,20
B,GAT+LSTM,3,1593,wed,0.0,0.00020560277334880084,0.0,0.5,,0.0,20
B,GAT+LSTM,3,1594,wed,0.0,0.00019502575742080808,0.0,0.5,,0.0,20
B,GAT+LSTM,3,1595,wed,0.0,0.000204271127586253,0.0,0.5,,0.0,20
B,GAT+LSTM,3,1596,wed,0.0,0.0001805722713470459,0.0,0.5,,0.0,20
B,GAT+LSTM,3,1597,wed,0.0,0.00014649929653387517,0.0,0.5,,0.0,20
B,GAT+LSTM,3,1598,wed,0.0,0.00014097298844717443,0.0,0.5,,0.0,20
B,GAT+LSTM,3,1599,wed,0.0,0.00017968878091778606,0.0,0.5,,0.0,20
B,GAT+LSTM,3,1600,wed,0.0,0.00022428161173593253,0.0,0.5,,0.0,20
B,GAT+LSTM,3,1601,wed,0.0,0.0001621790579520166,0.0,0.5,,0.0,20
B,GAT+LSTM,3,1602,wed,0.0,0.00020162858709227294,0.0,0.5,,0.0,20
B,GAT+LSTM,3,1603,wed,0.0,0.00019104289822280407,0.0,0.5,,0.0,20
B,GAT+LSTM,3,1604,wed,0.0,0.0001448786788387224,0.0,0.5,,0.0,20
B,GAT+LSTM,3,1605,wed,0.0,0.001562857418321073,0.0,0.5,,0.0,20
B,GAT+LSTM,3,1606,wed,0.0,0.00019235859508626163,0.0,0.5,,0.0,20
B,GAT+LSTM,3,1607,wed,0.0,0.00027993592084385455,0.0,0.5,,0.0,20
B,GAT+LSTM,3,1608,wed,0.0,0.00038353557465597987,0.0,0.5,,0.0,20
B,GAT+LSTM,3,1609,wed,0.0,0.00021990746608935297,0.0,0.5,,0.0,20
B,GAT+LSTM,3,1610,wed,0.0,0.0001742357126204297,0.0,0.5,,0.0,20
B,GAT+LSTM,3,1611,wed,0.0,0.0001636373344808817,0.0,0.5,,0.0,20
B,GAT+LSTM,3,1612,wed,0.0,0.0021592990960925817,0.0,0.5,,0.0,20
B,GAT+LSTM,3,1613,wed,0.0,0.00025094335433095694,0.0,0.5,,0.0,20
B,GAT+LSTM,3,1614,wed,0.0,0.00017140638374257833,0.0,0.5,,0.0,20
B,GAT+LSTM,3,1615,wed,0.0,0.0001658614055486396,0.0,0.5,,0.0,20
B,GAT+LSTM,3,1616,wed,0.0,0.00017627842316869646,0.0,0.5,,0.0,20
B,GAT+LSTM,3,1617,wed,0.0,0.00018658833869267255,0.0,0.5,,0.0,20
B,GAT+LSTM,3,1618,wed,0.0,0.000626268214546144,0.0,0.5,,0.0,20
B,GAT+LSTM,3,1619,wed,0.0,0.00026631710352376103,0.0,0.5,,0.0,20
B,GAT+LSTM,3,1620,wed,0.0,0.0001662851427681744,0.0,0.5,,0.0,20
B,GAT+LSTM,3,1621,wed,0.0,0.00015281364903785288,0.0,0.5,,0.0,20
B,GAT+LSTM,3,1622,wed,0.0,0.00015317281940951943,0.0,0.5,,0.0,20
B,GAT+LSTM,3,1623,wed,0.0,0.0001479270140407607,0.0,0.5,,0.0,20
B,GAT+LSTM,3,1624,wed,0.0,0.00014712968550156802,0.0,0.5,,0.0,20
B,GAT+LSTM,3,1625,wed,0.0,0.00016632764891255647,0.0,0.5,,0.0,20
B,GAT+LSTM,3,1626,wed,0.0,0.0001501973019912839,0.0,0.5,,0.0,20
B,GAT+LSTM,3,1627,wed,0.0,0.0001484601671108976,0.0,0.5,,0.0,20
B,GAT+LSTM,3,1628,wed,0.0,0.00013991315790917724,0.0,0.5,,0.0,20
B,GAT+LSTM,3,1629,wed,0.0,0.0001376488507958129,0.0,0.5,,0.0,20
B,GAT+LSTM,3,1630,wed,0.0,0.000140191477839835,0.0,0.5,,0.0,20
B,GAT+LSTM,3,1631,wed,0.0,0.00014891002501826733,0.0,0.5,,0.0,20
B,GAT+LSTM,3,1632,wed,0.0,0.0002591745287645608,0.0,0.5,,0.0,20
B,GAT+LSTM,3,1633,wed,0.0,0.00015701139636803418,0.0,0.5,,0.0,20
B,GAT+LSTM,3,1634,wed,0.0,0.00014069526514504105,0.0,0.5,,0.0,20
B,GAT+LSTM,3,1635,wed,0.0,0.00015011253708507866,0.0,0.5,,0.0,20
B,GAT+LSTM,3,1636,wed,0.0,0.00015697353228460997,0.0,0.5,,0.0,20
B,GAT+LSTM,3,1637,wed,0.0,0.0001546586281619966,0.0,0.5,,0.0,20
B,GAT+LSTM,3,1638,wed,0.0,0.0009290449670515954,0.0,0.5,,0.0,20
B,GAT+LSTM,3,1639,wed,0.0,0.00023247614444699138,0.0,0.5,,0.0,20
B,GAT+LSTM,3,1640,wed,0.0,0.0001476623583585024,0.0,0.5,,0.0,20
B,GAT+LSTM,3,1641,wed,0.0,0.0001425769878551364,0.0,0.5,,0.0,20
B,GAT+LSTM,3,1642,wed,0.0,0.00017437266069464386,0.0,0.5,,0.0,20
B,GAT+LSTM,3,1643,wed,0.0,0.0001490232243668288,0.0,0.5,,0.0,20
B,GAT+LSTM,3,1644,wed,0.0,0.00017412376473657787,0.0,0.5,,0.0,20
B,GAT+LSTM,3,1645,wed,0.0,0.00013618312368635088,0.0,0.5,,0.0,20
B,GAT+LSTM,3,1646,wed,0.0,0.00015858796541579068,0.0,0.5,,0.0,20
B,GAT+LSTM,3,1647,wed,0.0,0.0001361415779683739,0.0,0.5,,0.0,20
B,GAT+LSTM,3,1648,wed,0.0,0.00014922487025614828,0.0,0.5,,0.0,20
B,GAT+LSTM,3,1649,wed,0.0,0.0001596456131665036,0.0,0.5,,0.0,20
B,GAT+LSTM,3,1650,wed,0.0,0.00015102652832865715,0.0,0.5,,0.0,20
B,GAT+LSTM,3,1651,wed,0.0,0.00016312510706484318,0.0,0.5,,0.0,20
B,GAT+LSTM,3,1652,wed,0.0,0.00014208581706043333,0.0,0.5,,0.0,20
B,GAT+LSTM,3,1653,wed,0.0,0.0001739110448397696,0.0,0.5,,0.0,20
B,GAT+LSTM,3,1654,wed,0.0,0.00013500370550900698,0.0,0.5,,0.0,20
B,GAT+LSTM,3,1655,wed,0.0,0.0002216090215370059,0.0,0.5,,0.0,20
B,GAT+LSTM,3,1656,wed,0.0,0.00014313124120235443,0.0,0.5,,0.0,20
B,GAT+LSTM,3,1657,wed,0.0,0.0002133490052074194,0.0,0.5,,0.0,20
B,GAT+LSTM,3,1658,wed,0.0,0.00019197272195015103,0.0,0.5,,0.0,20
B,GAT+LSTM,3,1659,wed,0.0,0.00018704043759498745,0.0,0.5,,0.0,20
B,GAT+LSTM,3,1660,wed,0.0,0.00018167358939535916,0.0,0.5,,0.0,20
B,GAT+LSTM,3,1661,wed,0.0,0.0001481954095652327,0.0,0.5,,0.0,20
B,GAT+LSTM,3,1662,wed,0.0,0.00015331542817875743,0.0,0.5,,0.0,20
B,GAT+LSTM,3,1663,wed,0.0,0.00015389440522994846,0.0,0.5,,0.0,20
B,GAT+LSTM,3,1664,wed,0.0,0.00013627651787828654,0.0,0.5,,0.0,20
B,GAT+LSTM,3,1665,wed,0.0,0.0001407964591635391,0.0,0.5,,0.0,20
B,GAT+LSTM,3,1666,wed,0.0,0.00016901674098335207,0.0,0.5,,0.0,20
B,GAT+LSTM,3,1667,wed,0.0,0.00013840208703186363,0.0,0.5,,0.0,20
B,GAT+LSTM,3,1668,wed,1.0,0.00017736692097969353,0.0,0.08333333333333333,0.736842105263158,0.0,20
B,GAT+LSTM,3,1669,wed,1.0,0.00013856000441592187,0.0,0.08670343137254902,0.4444444444444444,0.0,20
B,GAT+LSTM,3,1670,wed,1.0,0.00014226978237275034,0.0,0.1146529124470301,0.39215686274509803,0.0,20
B,GAT+LSTM,3,1671,wed,1.0,0.00015919763245619833,0.0,0.16310185933347698,0.4375,0.0,20
B,GAT+LSTM,3,1672,wed,1.0,0.00013930014392826706,0.0,0.18761384040795806,0.3733333333333333,0.0,20
B,GAT+LSTM,3,1673,wed,1.0,0.000142436329042539,0.0,0.2265042555483732,0.36904761904761907,0.0,20
B,GAT+LSTM,3,1674,wed,1.0,0.00013377198774833232,0.0,0.24170289573319206,0.2747252747252747,0.0,20
B,GAT+LSTM,3,1675,wed,1.0,0.0001380999165121466,0.0,0.2799702195164656,0.2708333333333333,0.0,20
B,GAT+LSTM,3,1676,wed,1.0,0.00014762618229724467,0.0,0.3206123437870084,0.2727272727272727,0.0,20
B,GAT+LSTM,3,1677,wed,1.0,0.00016602562391199172,0.0,0.3836779912553906,0.33,0.0,20
B,GAT+LSTM,3,1678,wed,1.0,0.00018334927153773606,0.0,0.4746710967598246,0.4141414141414142,0.0,20
B,GAT+LSTM,3,1679,wed,1.0,0.00015958413132466376,0.0,0.6275820180135195,0.4895833333333333,0.0,20
B,GAT+LSTM,3,1680,wed,1.0,0.00015265941328834742,0.0,0.7326549953380745,0.5494505494505495,0.0,20
B,GAT+LSTM,3,1681,wed,1.0,0.00018111459212377667,0.0,0.8002685677387136,0.5952380952380952,0.0,20
B,GAT+LSTM,3,1682,wed,1.0,0.00015637968317605555,0.0,0.8453484786340824,0.6399999999999999,0.0,20
B,GAT+LSTM,3,1683,wed,1.0,0.0001677480322541669,0.0,0.8857854641595934,0.6875,0.0,20
B,GAT+LSTM,3,1684,wed,1.0,0.00019251748744864017,0.0,0.9059274721312601,0.6274509803921569,0.0,20
B,GAT+LSTM,3,1685,wed,1.0,0.00018005854508373886,0.0,0.9303170664045278,0.5833333333333333,0.0,20
B,GAT+LSTM,3,1686,wed,1.0,0.0002035047800745815,0.0,0.994452139119729,0.8947368421052632,0.0,20
B,GAT+LSTM,3,1687,wed,1.0,0.00017240528541151434,0.0,1.0000000000000002,,0.0,20
B,GAT+LSTM,3,1688,wed,1.0,0.00017439179646316916,0.0,1.0000000000000002,,0.0,20
B,GAT+LSTM,3,1689,wed,1.0,0.0001904115197248757,0.0,1.0000000000000002,,0.0,20
B,GAT+LSTM,3,1690,wed,1.0,0.00017085291619878262,0.0,1.0000000000000002,,0.0,20
B,GAT+LSTM,3,1691,wed,1.0,0.0001797215227270499,0.0,1.0000000000000002,,0.0,20
B,GAT+LSTM,3,1692,wed,1.0,0.00019646175496745855,0.0,1.0000000000000002,,0.0,20
B,GAT+LSTM,3,1693,wed,1.0,0.0002088159671984613,0.0,1.0000000000000002,,0.0,20
B,GAT+LSTM,3,1694,wed,1.0,0.0001915686298161745,0.0,1.0000000000000002,,0.0,20
B,GAT+LSTM,3,1695,wed,1.0,0.00018308825383428484,0.0,1.0000000000000002,,0.0,20
B,GAT+LSTM,3,1696,wed,1.0,0.00016888802929315716,0.0,1.0000000000000002,,0.0,20
B,GAT+LSTM,3,1697,wed,1.0,0.00015255463949870318,0.0,1.0000000000000002,,0.0,20
B,GAT+LSTM,3,1698,wed,1.0,0.00014556647511199117,0.0,1.0000000000000002,,0.0,20
B,GAT+LSTM,3,1699,wed,1.0,0.0001466166868340224,0.0,1.0000000000000002,,0.0,20
B,GAT+LSTM,3,1700,wed,1.0,0.00015388002793770283,0.0,1.0000000000000002,,0.0,20
B,GAT+LSTM,3,1701,wed,1.0,0.00016055439482443035,0.0,1.0000000000000002,,0.0,20
B,GAT+LSTM,3,1702,wed,1.0,0.0002258450840599835,0.0,1.0000000000000002,,0.0,20
B,GAT+LSTM,3,1703,wed,1.0,0.000188598467502743,0.0,1.0000000000000002,,0.0,20
B,GAT+LSTM,3,1704,wed,1.0,0.00019987601262982935,0.0,1.0000000000000002,,0.0,20
B,GAT+LSTM,3,1705,wed,1.0,0.00023364054504781961,0.0,1.0000000000000002,,0.0,20
B,GAT+LSTM,3,1706,wed,1.0,0.00021309916337486356,0.0,1.0000000000000002,,0.0,20
B,GAT+LSTM,3,1707,wed,1.0,0.00017912237672135234,0.0,1.0000000000000002,,0.0,20
B,GAT+LSTM,3,1708,wed,1.0,0.00018371817714069039,0.0,1.0000000000000002,,0.0,20
B,GAT+LSTM,3,1709,wed,1.0,0.0001765748456818983,0.0,1.0000000000000002,,0.0,20
B,GAT+LSTM,3,1710,wed,1.0,0.00016602562391199172,0.0,1.0000000000000002,,0.0,20
B,GAT+LSTM,3,1711,wed,1.0,0.0001482891384512186,0.0,1.0000000000000002,,0.0,20
B,GAT+LSTM,3,1712,wed,1.0,0.00016767480701673776,0.0,1.0000000000000002,,0.0,20
B,GAT+LSTM,3,1713,wed,1.0,0.00015772190818097442,0.0,1.0000000000000002,,0.0,20
B,GAT+LSTM,3,1714,wed,1.0,0.00017299051978625357,0.0,1.0000000000000002,,0.0,20
B,GAT+LSTM,3,1715,wed,1.0,0.00018777666264213622,0.0,1.0000000000000002,,0.0,20
B,GAT+LSTM,3,1716,wed,1.0,0.00022654062195215374,0.0,1.0000000000000002,,0.0,20
B,GAT+LSTM,3,1717,wed,1.0,0.0002022319968091324,0.0,1.0000000000000002,,0.0,20
B,GAT+LSTM,3,1718,wed,1.0,0.0001627522287890315,0.0,1.0000000000000002,,0.0,20
B,GAT+LSTM,3,1719,wed,1.0,0.00016036268789321184,0.0,1.0000000000000002,,0.0,20
B,GAT+LSTM,3,1720,wed,1.0,0.00015211336722131819,0.0,1.0000000000000002,,0.0,20
B,GAT+LSTM,3,1721,wed,1.0,0.00014898502558935434,0.0,1.0000000000000002,,0.0,20
B,GAT+LSTM,3,1722,wed,1.0,0.0001677286927588284,0.0,1.0000000000000002,,0.0,20
B,GAT+LSTM,3,1723,wed,1.0,0.00019026087829843163,0.0,1.0000000000000002,,0.0,20
B,GAT+LSTM,3,1724,wed,1.0,0.00018720314255915582,0.0,1.0000000000000002,,0.0,20
B,GAT+LSTM,3,1725,wed,1.0,0.00018933646788354963,0.0,1.0000000000000002,,0.0,20
B,GAT+LSTM,3,1726,wed,1.0,0.00023128670000005513,0.0,1.0000000000000002,,0.0,20
B,GAT+LSTM,3,1727,wed,1.0,0.0002609710209071636,0.0,1.0000000000000002,,0.0,20
B,GAT+LSTM,3,1728,wed,1.0,0.0002240785543108359,0.0,1.0000000000000002,,0.0,20
B,GAT+LSTM,3,1729,wed,1.0,0.00023114231589715928,0.0,1.0000000000000002,,0.0,20
B,GAT+LSTM,3,1730,wed,1.0,0.0001907411206047982,0.0,1.0000000000000002,,0.0,20
B,GAT+LSTM,3,1731,wed,1.0,0.00016848639643285424,0.0,1.0000000000000002,,0.0,20
B,GAT+LSTM,3,1732,wed,1.0,0.00016477153985761106,0.0,1.0000000000000002,,0.0,20
B,GAT+LSTM,3,1733,wed,1.0,0.0001587515143910423,0.0,1.0000000000000002,,0.0,20
B,GAT+LSTM,3,1734,wed,1.0,0.00017970935732591897,0.0,1.0000000000000002,,0.0,20
B,GAT+LSTM,3,1735,wed,1.0,0.00014467575238086283,0.0,1.0000000000000002,,0.0,20
B,GAT+LSTM,3,1736,wed,1.0,0.0001422117347829044,0.0,1.0000000000000002,,0.0,20
B,GAT+LSTM,3,1737,wed,1.0,0.00015409867046400905,0.0,1.0000000000000002,,0.0,20
B,GAT+LSTM,3,1738,wed,1.0,0.00013483954535331577,0.0,1.0000000000000002,,0.0,20
B,GAT+LSTM,3,1739,wed,1.0,0.0001369966339552775,0.0,1.0000000000000002,,0.0,20
B,GAT+LSTM,3,1740,wed,1.0,0.00014187325723469257,0.0,1.0000000000000002,,0.0,20
B,GAT+LSTM,3,1741,wed,1.0,0.00014534650836139917,0.0,1.0000000000000002,,0.0,20
B,GAT+LSTM,3,1742,wed,1.0,0.0001588208688190207,0.0,1.0000000000000002,,0.0,20
B,GAT+LSTM,3,1743,wed,1.0,0.00016939589113462716,0.0,1.0000000000000002,,0.0,20
B,GAT+LSTM,3,1744,wed,1.0,0.00017605283937882632,0.0,1.0000000000000002,,0.0,20
B,GAT+LSTM,3,1745,wed,1.0,0.00017171523359138519,0.0,1.0000000000000002,,0.0,20
B,GAT+LSTM,3,1746,wed,1.0,0.00014920409012120217,0.0,1.0000000000000002,,0.0,20
B,GAT+LSTM,3,1747,wed,1.0,0.00015030690701678395,0.0,1.0000000000000002,,0.0,20
B,GAT+LSTM,3,1748,wed,1.0,0.00014862901298329234,0.0,1.0000000000000002,,0.0,20
B,GAT+LSTM,3,1749,wed,1.0,0.00015284803521353751,0.0,1.0000000000000002,,0.0,20
B,GAT+LSTM,3,1750,wed,1.0,0.0001612135674804449,0.0,1.0000000000000002,,0.0,20
B,GAT+LSTM,3,1751,wed,1.0,0.00015271954180207103,0.0,1.0000000000000002,,0.0,20
B,GAT+LSTM,3,1752,wed,1.0,0.0001416885934304446,0.0,1.0000000000000002,,0.0,20
B,GAT+LSTM,3,1753,wed,1.0,0.00013829969975631684,0.0,1.0000000000000002,,0.0,20
B,GAT+LSTM,3,1754,wed,1.0,0.00013863744970876724,0.0,1.0000000000000002,,0.0,20
B,GAT+LSTM,3,1755,wed,1.0,0.0001410394033882767,0.0,1.0000000000000002,,0.0,20
B,GAT+LSTM,3,1756,wed,1.0,0.00015110374079085886,0.0,1.0000000000000002,,0.0,20
B,GAT+LSTM,3,1757,wed,1.0,0.00018676136096473783,0.0,1.0000000000000002,,0.0,20
B,GAT+LSTM,3,1758,wed,1.0,0.00016558991046622396,0.0,1.0000000000000002,,0.0,20
B,GAT+LSTM,3,1759,wed,1.0,0.0001396389998262748,0.0,1.0000000000000002,,0.0,20
B,GAT+LSTM,3,1760,wed,1.0,0.00013517374463845044,0.0,1.0000000000000002,,0.0,20
B,GAT+LSTM,3,1761,wed,1.0,0.00013256135571282357,0.0,1.0000000000000002,,0.0,20
B,GAT+LSTM,3,1762,wed,1.0,0.00016975711332634091,0.0,1.0000000000000002,,0.0,20
B,GAT+LSTM,3,1763,wed,1.0,0.00017159493290819228,0.0,1.0000000000000002,,0.0,20
B,GAT+LSTM,3,1764,wed,1.0,0.00014888659643474966,0.0,1.0000000000000002,,0.0,20
B,GAT+LSTM,3,1765,wed,1.0,0.0001522020174888894,0.0,1.0000000000000002,,0.0,20
B,GAT+LSTM,3,1766,wed,1.0,0.0001662661088630557,0.0,1.0000000000000002,,0.0,20
B,GAT+LSTM,3,1767,wed,1.0,0.00018698014901019633,0.0,1.0000000000000002,,0.0,20
B,GAT+LSTM,3,1768,wed,1.0,0.00023976525699254125,0.0,1.0000000000000002,,0.0,20
B,GAT+LSTM,3,1769,wed,1.0,0.0002011424076044932,0.0,1.0000000000000002,,0.0,20
B,GAT+LSTM,3,1770,wed,1.0,0.00017960963305085897,0.0,1.0000000000000002,,0.0,20
B,GAT+LSTM,3,1771,wed,1.0,0.0001570006279507652,0.0,1.0000000000000002,,0.0,20
B,GAT+LSTM,3,1772,wed,1.0,0.0001481131766922772,0.0,1.0000000000000002,,0.0,20
B,GAT+LSTM,3,1773,wed,1.0,0.0001538487704237923,0.0,1.0000000000000002,,0.0,20
B,GAT+LSTM,3,1774,wed,1.0,0.00015527228242717683,0.0,1.0000000000000002,,0.0,20
B,GAT+LSTM,3,1775,wed,1.0,0.00015680791693739593,0.0,1.0000000000000002,,0.0,20
B,GAT+LSTM,3,1776,wed,1.0,0.0001624680298846215,0.0,1.0000000000000002,,0.0,20
B,GAT+LSTM,3,1777,wed,1.0,0.0001583354896865785,0.0,1.0000000000000002,,0.0,20
B,GAT+LSTM,3,1778,wed,1.0,0.00015167986566666514,0.0,1.0000000000000002,,0.0,20
B,GAT+LSTM,3,1779,wed,1.0,0.000142394783324562,0.0,1.0000000000000002,,0.0,20
B,GAT+LSTM,3,1780,wed,1.0,0.00016192719340324402,0.0,1.0000000000000002,,0.0,20
B,GAT+LSTM,3,1781,wed,1.0,0.00014007388381287456,0.0,1.0000000000000002,,0.0,20
B,GAT+LSTM,3,1782,wed,1.0,0.00014234658738132566,0.0,1.0000000000000002,,0.0,20
B,GAT+LSTM,3,1783,wed,1.0,0.00014048078446649015,0.0,1.0000000000000002,,0.0,20
B,GAT+LSTM,3,1784,wed,1.0,0.000152195047121495,0.0,1.0000000000000002,,0.0,20
B,GAT+LSTM,3,1785,wed,1.0,0.000142686054459773,0.0,1.0000000000000002,,0.0,20
B,GAT+LSTM,3,1786,wed,1.0,0.00014348776312544942,0.0,1.0000000000000002,,0.0,20
B,GAT+LSTM,3,1787,wed,1.0,0.00015407470345962793,0.0,1.0000000000000002,,0.0,20
B,GAT+LSTM,3,1788,wed,1.0,0.0001613987551536411,0.0,1.0000000000000002,,0.0,20
B,GAT+LSTM,3,1789,wed,1.0,0.00015525275375694036,0.0,1.0000000000000002,,0.0,20
B,GAT+LSTM,3,1790,wed,1.0,0.00015156927111092955,0.0,1.0000000000000002,,0.0,20
B,GAT+LSTM,3,1791,wed,1.0,0.00013827149814460427,0.0,1.0000000000000002,,0.0,20
B,GAT+LSTM,3,1792,wed,1.0,0.00013595438213087618,0.0,1.0000000000000002,,0.0,20
B,GAT+LSTM,3,1793,wed,1.0,0.0001375457359245047,0.0,1.0000000000000002,,0.0,20
B,GAT+LSTM,3,1794,wed,1.0,0.00016389905067626387,0.0,1.0000000000000002,,0.0,20
B,GAT+LSTM,3,1795,wed,1.0,0.00014620038564316928,0.0,1.0000000000000002,,0.0,20
B,GAT+LSTM,3,1796,wed,1.0,0.00015226485265884548,0.0,1.0000000000000002,,0.0,20
B,GAT+LSTM,3,1797,wed,1.0,0.0001354356500087306,0.0,1.0000000000000002,,0.0,20
B,GAT+LSTM,3,1798,wed,1.0,0.00013833795674145222,0.0,1.0000000000000002,,0.0,20
B,GAT+LSTM,3,1799,wed,1.0,0.00014258282317314297,0.0,1.0000000000000002,,0.0,20
B,GAT+LSTM,3,1800,wed,1.0,0.00015029701171442866,0.0,1.0000000000000002,,0.0,20
B,GAT+LSTM,3,1801,wed,1.0,0.00016325457545462996,0.0,1.0000000000000002,,0.0,20
B,GAT+LSTM,3,1802,wed,1.0,0.00016096365288831294,0.0,1.0000000000000002,,0.0,20
B,GAT+LSTM,3,1803,wed,1.0,0.00014509599714074284,0.0,1.0000000000000002,,0.0,20
B,GAT+LSTM,3,1804,wed,1.0,0.00015199388144537807,0.0,1.0000000000000002,,0.0,20
B,GAT+LSTM,3,1805,wed,1.0,0.00014553303481079638,0.0,1.0000000000000002,,0.0,20
B,GAT+LSTM,3,1806,wed,1.0,0.00015200432972051203,0.0,1.0000000000000002,,0.0,20
B,GAT+LSTM,3,1807,wed,1.0,0.00018001667922362685,0.0,1.0000000000000002,,0.0,20
B,GAT+LSTM,3,1808,wed,1.0,0.0001969956065295264,0.0,1.0000000000000002,,0.0,20
B,GAT+LSTM,3,1809,wed,1.0,0.00017526613373775035,0.0,1.0000000000000002,,0.0,20
B,GAT+LSTM,3,1810,wed,1.0,0.000185738448635675,0.0,1.0000000000000002,,0.0,20
B,GAT+LSTM,3,1811,wed,1.0,0.0001689448836259544,0.0,1.0000000000000002,,0.0,20
B,GAT+LSTM,3,1812,wed,1.0,0.00016641870024614036,0.0,1.0000000000000002,,0.0,20
B,GAT+LSTM,3,1813,wed,1.0,0.00018171533884014934,0.0,1.0000000000000002,,0.0,20
B,GAT+LSTM,3,1814,wed,1.0,0.00020338121976237744,0.0,1.0000000000000002,,0.0,20
B,GAT+LSTM,3,1815,wed,1.0,0.0002018147788476199,0.0,1.0000000000000002,,0.0,20
B,GAT+LSTM,3,1816,wed,1.0,0.00018938269931823015,0.0,1.0000000000000002,,0.0,20
B,GAT+LSTM,3,1817,wed,1.0,0.00023799286282155663,0.0,1.0000000000000002,,0.0,20
B,GAT+LSTM,3,1818,wed,1.0,0.0002292366261826828,0.0,1.0000000000000002,,0.0,20
B,GAT+LSTM,3,1819,wed,1.0,0.00023039795632939786,0.0,1.0000000000000002,,0.0,20
B,GAT+LSTM,3,1820,wed,1.0,0.00020557237439788878,0.0,1.0000000000000002,,0.0,20
B,GAT+LSTM,3,1821,wed,1.0,0.00019973237067461014,0.0,1.0000000000000002,,0.0,20
B,GAT+LSTM,3,1822,wed,1.0,0.00019343620806466788,0.0,1.0000000000000002,,0.0,20
B,GAT+LSTM,3,1823,wed,1.0,0.00018204172374680638,0.0,1.0000000000000002,,0.0,20
B,GAT+LSTM,3,1824,wed,1.0,0.0002031387557508424,0.0,1.0000000000000002,,0.0,20
B,GAT+LSTM,3,1825,wed,1.0,0.00020228212815709412,0.0,1.0000000000000002,,0.0,20
B,GAT+LSTM,3,1826,wed,1.0,0.00030726901604793966,0.0,1.0000000000000002,,0.0,20
B,GAT+LSTM,3,1827,wed,1.0,0.00021859965636394918,0.0,1.0000000000000002,,0.0,20
B,GAT+LSTM,3,1828,wed,1.0,0.0001893043372547254,0.0,1.0000000000000002,,0.0,20
B,GAT+LSTM,3,1829,wed,1.0,0.00016827284707687795,0.0,1.0000000000000002,,0.0,20
B,GAT+LSTM,3,1830,wed,1.0,0.00015598206664435565,0.0,1.0000000000000002,,0.0,20
B,GAT+LSTM,3,1831,wed,1.0,0.00016749919450376183,0.0,1.0000000000000002,,0.0,20
B,GAT+LSTM,3,1832,wed,1.0,0.00014092217315919697,0.0,1.0000000000000002,,0.0,20
B,GAT+LSTM,4,1833,thu_am,0.0,0.0001423365465598181,0.0,0.997299168975069,0.9473684210526315,0.0,20
B,GAT+LSTM,4,1834,thu_am,0.0,0.00016391530516557395,0.0,0.9911210488093873,0.9166666666666666,0.0,20
B,GAT+LSTM,4,1835,thu_am,0.0,0.00016930836136452854,0.0,0.9763554467194515,0.8627450980392157,0.0,20
B,GAT+LSTM,4,1836,thu_am,0.0,0.0001914469903567806,0.0,0.949291055790185,0.796875,0.0,20
B,GAT+LSTM,4,1837,thu_am,0.0,0.0004703523009084165,0.0,0.7600201958057996,0.6266666666666666,0.0,20
B,GAT+LSTM,4,1838,thu_am,0.0,0.0013964775716885924,0.0,0.6508534986807873,0.5119047619047619,0.0,20
B,GAT+LSTM,4,1839,thu_am,0.0,0.00033625002834014595,0.0,0.5633534635365427,0.4285714285714286,0.0,20
B,GAT+LSTM,4,1840,thu_am,0.0,0.0007433145656250417,0.0,0.48904786697936853,0.3645833333333333,0.0,20
B,GAT+LSTM,4,1841,thu_am,0.0,0.00047894922317937016,0.0,0.4239594346845261,0.31313131313131315,0.0,20
B,GAT+LSTM,4,1842,thu_am,0.0,0.0011709131067618728,0.0,0.36585331593071535,0.27,0.0,20
B,GAT+LSTM,4,1843,thu_am,0.0,0.0005497608217410743,0.0,0.316551898059896,0.24242424242424243,0.0,20
B,GAT+LSTM,4,1844,thu_am,0.0,0.000273557030595839,0.0,0.26901017261891874,0.21875,0.0,20
B,GAT+LSTM,4,1845,thu_am,1.0,0.0009265945409424603,0.0,0.2842879503966965,0.28125,0.0,20
B,GAT+LSTM,4,1846,thu_am,0.0,0.0004906494286842644,0.0,0.24042477959163053,0.2527472527472527,0.0,20
B,GAT+LSTM,4,1847,thu_am,1.0,0.0011703070485964417,0.0,0.27981871898557,0.32967032967032966,0.0,20
B,GAT+LSTM,4,1848,thu_am,1.0,0.0003087254299316555,0.0,0.28519667436352536,0.35164835164835156,0.0,20
B,GAT+LSTM,4,1849,thu_am,0.0,0.000595326186157763,0.0,0.26039288655387727,0.3809523809523809,0.0,20
B,GAT+LSTM,4,1850,thu_am,0.0,0.00027882863651029766,0.0,0.2481805281921381,0.45333333333333337,0.0,20
B,GAT+LSTM,4,1851,thu_am,1.0,0.0003395798848941922,0.0,0.2657612562875721,0.52,0.0,20
B,GAT+LSTM,4,1852,thu_am,1.0,0.00015675828035455197,0.0,0.2682466364045311,0.5333333333333334,0.0,20
B,GAT+LSTM,4,1853,thu_am,1.0,0.00014892267063260078,0.0,0.2704686882318461,0.4166666666666667,0.0,20
B,GAT+LSTM,4,1854,thu_am,1.0,0.000147585931699723,0.0,0.2835367762612344,0.34065934065934067,0.0,20
B,GAT+LSTM,4,1855,thu_am,1.0,0.0001388528326060623,0.0,0.30242689457085736,0.28125,0.0,20
B,GAT+LSTM,4,1856,thu_am,1.0,0.00014445367560256273,0.0,0.3258065726460979,0.23232323232323232,0.0,20
B,GAT+LSTM,4,1857,thu_am,1.0,0.00018171605188399553,0.0,0.35785585845183365,0.21000000000000002,0.0,20
B,GAT+LSTM,4,1858,thu_am,1.0,0.00015115302812773734,0.0,0.41611011068863585,0.21212121212121215,0.0,20
B,GAT+LSTM,4,1859,thu_am,1.0,0.00013731718354392797,0.0,0.4501751251557753,0.1875,0.0,20
B,GAT+LSTM,4,1860,thu_am,1.0,0.0015539888991042972,0.0,0.5842493532241091,0.25274725274725274,0.0,20
B,GAT+LSTM,4,1861,thu_am,1.0,0.00017868516442831606,0.0,0.6209877866003474,0.2380952380952381,0.0,20
B,GAT+LSTM,4,1862,thu_am,1.0,0.0001421755296178162,0.0,0.7110047703700955,0.2533333333333333,0.0,20
B,GAT+LSTM,4,1863,thu_am,1.0,0.00015841038839425892,0.0,0.7579063555553494,0.25,0.0,20
B,GAT+LSTM,4,1864,thu_am,1.0,0.0001581874385010451,0.0,0.7983330577029357,0.21568627450980393,0.0,20
B,GAT+LSTM,4,1865,thu_am,1.0,0.00015462603187188506,0.0,0.7664352985992943,0.1568627450980392,0.0,20
B,GAT+LSTM,4,1866,thu_am,1.0,0.00020325811055954546,0.0,0.8372881862432946,0.16666666666666666,0.0,20
B,GAT+LSTM,4,1867,thu_am,1.0,0.00014435852062888443,0.0,0.8062696677247762,0.1111111111111111,0.0,20
B,GAT+LSTM,4,1868,thu_am,1.0,0.0001775516866473481,0.0,0.7974733714284798,0.08333333333333333,0.0,20
B,GAT+LSTM,4,1869,thu_am,1.0,0.00016675704682711512,0.0,0.8996803689222621,0.10526315789473684,0.0,20
B,GAT+LSTM,4,1870,thu_am,1.0,0.0001374990533804521,0.0,1.0000000000000002,,0.0,20
B,GAT+LSTM,4,1871,thu_am,1.0,0.0001635719818295911,0.0,1.0000000000000002,,0.0,20
B,GAT+LSTM,4,1872,thu_am,1.0,0.0003355821536388248,0.0,1.0000000000000002,,0.0,20
B,GAT+LSTM,4,1873,thu_am,1.0,0.00017250559176318347,0.0,1.0000000000000002,,0.0,20
B,GAT+LSTM,4,1874,thu_am,1.0,0.00016909281839616597,0.0,1.0000000000000002,,0.0,20
B,GAT+LSTM,4,1875,thu_am,1.0,0.00017935723008122295,0.0,1.0000000000000002,,0.0,20
B,GAT+LSTM,4,1876,thu_am,1.0,0.0001410895783919841,0.0,1.0000000000000002,,0.0,20
B,GAT+LSTM,4,1877,thu_am,1.0,0.00018949920195154846,0.0,1.0000000000000002,,0.0,20
B,GAT+LSTM,4,1878,thu_am,1.0,0.00026373472064733505,0.0,1.0000000000000002,,0.0,20
B,GAT+LSTM,4,1879,thu_am,1.0,0.00014418903447221965,0.0,1.0000000000000002,,0.0,20
B,GAT+LSTM,4,1880,thu_am,1.0,0.000133813577122055,0.0,1.0000000000000002,,0.0,20
B,GAT+LSTM,4,1881,thu_am,1.0,0.00035596100497059524,0.0,1.0000000000000002,,0.0,20
B,GAT+LSTM,4,1882,thu_am,1.0,0.00020936521468684077,0.0,1.0000000000000002,,0.0,20
B,GAT+LSTM,4,1883,thu_am,1.0,0.00014930259203538299,0.0,1.0000000000000002,,0.0,20
B,GAT+LSTM,4,1884,thu_am,1.0,0.00013468174438457936,0.0,1.0000000000000002,,0.0,20
B,GAT+LSTM,4,1885,thu_am,1.0,0.00026398300542496145,0.0,1.0000000000000002,,0.0,20
B,GAT+LSTM,4,1886,thu_am,1.0,0.00016683147987350821,0.0,1.0000000000000002,,0.0,20
B,GAT+LSTM,4,1887,thu_am,1.0,0.00015585124492645264,0.0,1.0000000000000002,,0.0,20
B,GAT+LSTM,4,1888,thu_am,1.0,0.00026519945822656155,0.0,1.0000000000000002,,0.0,20
B,GAT+LSTM,4,1889,thu_am,1.0,0.0001639357942622155,0.0,1.0000000000000002,,0.0,20
B,GAT+LSTM,4,1890,thu_am,1.0,0.00013670080807060003,0.0,1.0000000000000002,,0.0,20
B,GAT+LSTM,4,1891,thu_am,1.0,0.00016290004714392126,0.0,1.0000000000000002,,0.0,20
B,GAT+LSTM,4,1892,thu_am,1.0,0.00014216358249541372,0.0,1.0000000000000002,,0.0,20
B,GAT+LSTM,4,1893,thu_am,1.0,0.00013757812848780304,0.0,1.0000000000000002,,0.0,20
B,GAT+LSTM,4,1894,thu_am,1.0,0.00016208659508265555,0.0,1.0000000000000002,,0.0,20
B,GAT+LSTM,4,1895,thu_am,0.0,0.0001607840385986492,0.0,0.9685096390673218,0.5263157894736842,0.0,20
B,GAT+LSTM,4,1896,thu_am,0.0,0.0001455985475331545,0.0,0.9510537416755167,0.6111111111111112,0.0,20
B,GAT+LSTM,4,1897,thu_am,0.0,0.0001439585175830871,0.0,0.9297376824899135,0.6274509803921569,0.0,20
B,GAT+LSTM,4,1898,thu_am,0.0,0.00013794437109027058,0.0,0.9086592484957423,0.640625,0.0,20
B,GAT+LSTM,4,1899,thu_am,0.0,0.00013521061919163913,0.0,0.9032290167119887,0.6933333333333334,0.0,20
B,GAT+LSTM,4,1900,thu_am,0.0,0.00014499822282232344,0.0,0.9018320107149718,0.7380952380952381,0.0,20
B,GAT+LSTM,4,1901,thu_am,0.0,0.00014895547064952552,0.0,0.8742178787844421,0.7142857142857143,0.0,20
B,GAT+LSTM,4,1902,thu_am,0.0,0.0007059566560201347,0.0,0.6567981688289352,0.6041666666666666,0.0,20
B,GAT+LSTM,4,1903,thu_am,1.0,0.00016731482173781842,0.0,0.6653133804691468,0.6145833333333334,0.0,20
B,GAT+LSTM,4,1904,thu_am,1.0,0.00015023769810795784,0.0,0.6896784072480667,0.6770833333333334,0.0,20
B,GAT+LSTM,4,1905,thu_am,1.0,0.0001898965856526047,0.0,0.6896784072480667,0.6770833333333334,0.0,20
B,GAT+LSTM,4,1906,thu_am,1.0,0.00015310886374209076,0.0,0.6811631956078551,0.6666666666666667,0.0,20
B,GAT+LSTM,4,1907,thu_am,1.0,0.00015819680993445218,0.0,0.6811631956078551,0.6666666666666667,0.0,20
B,GAT+LSTM,4,1908,thu_am,1.0,0.0009280598605982959,0.0,0.7436631956078551,0.6770833333333334,0.0,20
B,GAT+LSTM,4,1909,thu_am,1.0,0.0001938882633112371,0.0,0.7436631956078551,0.6770833333333334,0.0,20
B,GAT+LSTM,4,1910,thu_am,1.0,0.00016456004232168198,0.0,0.7729795559903919,0.7395833333333334,0.0,20
B,GAT+LSTM,4,1911,thu_am,1.0,0.00014027678116690367,0.0,0.7466928797037157,0.6875,0.0,20
B,GAT+LSTM,4,1912,thu_am,1.0,0.00013619715173263103,0.0,0.7436631956078551,0.6770833333333334,0.0,20
B,GAT+LSTM,4,1913,thu_am,1.0,0.0001787942455848679,0.0,0.7729795559903919,0.7395833333333334,0.0,20
B,GAT+LSTM,4,1914,thu_am,1.0,0.00014996090612839907,0.0,0.7644643443501803,0.7291666666666666,0.0,20
B,GAT+LSTM,4,1915,thu_am,1.0,0.00014025418204255402,0.0,0.7942146389901807,0.7252747252747254,0.0,20
B,GAT+LSTM,4,1916,thu_am,1.0,0.00031731478520669043,0.0,0.815500554288701,0.7261904761904763,0.0,20
B,GAT+LSTM,4,1917,thu_am,0.0,0.00021199911134317517,0.0,0.7460862384458138,0.6190476190476191,0.0,20
B,GAT+LSTM,4,1918,thu_am,0.0,0.0001516727643320337,0.0,0.7306084243598064,0.5714285714285714,0.0,20
B,GAT+LSTM,4,1919,thu_am,0.0,0.00014966448361519724,0.0,0.7223320655706768,0.5357142857142857,0.0,20
B,GAT+LSTM,4,1920,thu_am,1.0,0.00021135569841135293,0.0,0.7422831434131744,0.49333333333333335,0.0,20
B,GAT+LSTM,4,1921,thu_am,1.0,0.00013845303328707814,0.0,0.7533874369739307,0.390625,0.0,20
B,GAT+LSTM,4,1922,thu_am,1.0,0.00014485021529253572,0.0,0.8541237539348083,0.47058823529411764,0.0,20
B,GAT+LSTM,4,1923,thu_am,1.0,0.00017427043349016458,0.0,0.8541237539348083,0.47058823529411764,0.0,20
B,GAT+LSTM,4,1924,thu_am,0.0,0.00013764794857706875,0.0,0.8482673450238273,0.59375,0.0,20
B,GAT+LSTM,4,1925,thu_am,0.0,0.00032198679400607944,0.0,0.7365507866746256,0.47999999999999987,0.0,20
B,GAT+LSTM,4,1926,thu_am,0.0,0.0001531443267595023,0.0,0.7040174740611493,0.48809523809523814,0.0,20
B,GAT+LSTM,4,1927,thu_am,0.0,0.00029684838955290616,0.0,0.6328987278499068,0.4285714285714286,0.0,20
B,GAT+LSTM,4,1928,thu_am,0.0,0.00014225716586224735,0.0,0.5197110083042746,0.4166666666666667,0.0,20
B,GAT+LSTM,4,1929,thu_am,0.0,0.00013773013779427856,0.0,0.48899958986505565,0.45454545454545453,0.0,20
B,GAT+LSTM,4,1930,thu_am,0.0,0.00017877753998618573,0.0,0.4288161374229486,0.42000000000000004,0.0,20
B,GAT+LSTM,4,1931,thu_am,0.0,0.00093593675410375,0.0,0.3698970324099323,0.404040404040404,0.0,20
B,GAT+LSTM,4,1932,thu_am,0.0,0.00017658677825238556,0.0,0.34249813707534293,0.44791666666666663,0.0,20
B,GAT+LSTM,4,1933,thu_am,0.0,0.0001388546806992963,0.0,0.29793279782775584,0.4505494505494505,0.0,20
B,GAT+LSTM,4,1934,thu_am,0.0,0.00013535586185753345,0.0,0.2743484252675429,0.5,0.0,20
B,GAT+LSTM,4,1935,thu_am,0.0,0.0003331647312734276,0.0,0.22852043381455145,0.5066666666666667,0.0,20
B,GAT+LSTM,4,1936,thu_am,0.0,0.00015751841419842094,0.0,0.16310185933347698,0.4375,0.0,20
B,GAT+LSTM,4,1937,thu_am,0.0,0.0002273251739097759,0.0,0.16310185933347698,0.4375,0.0,20
B,GAT+LSTM,4,1938,thu_am,0.0,0.00040120765333995223,0.0,0.15561177996839762,0.40625,0.0,20
B,GAT+LSTM,4,1939,thu_am,0.0,0.00014406109403353184,0.0,0.1592747836314013,0.421875,0.0,20
B,GAT+LSTM,4,1940,thu_am,0.0,0.00013891376147512347,0.0,0.11169290948702715,0.37254901960784315,0.0,20
B,GAT+LSTM,4,1941,thu_am,0.0,0.00013997347559779882,0.0,0.09217171717171717,0.5,0.0,20
B,GAT+LSTM,4,1942,thu_am,0.0,0.0001597014779690653,0.0,0.05555555555555555,0.5789473684210527,0.0,20
B,GAT+LSTM,4,1943,thu_am,0.0,0.00016529382264707237,0.0,0.5,,0.0,20
B,GAT+LSTM,4,1944,thu_am,0.0,0.00015710139996372163,0.0,0.5,,0.0,20
B,GAT+LSTM,4,1945,thu_am,0.0,0.0001433255965821445,0.0,0.5,,0.0,20
B,GAT+LSTM,4,1946,thu_am,0.0,0.0001639531401451677,0.0,0.5,,0.0,20
B,GAT+LSTM,4,1947,thu_am,0.0,0.00022259562683757395,0.0,0.5,,0.0,20
B,GAT+LSTM,4,1948,thu_am,0.0,0.0002729533880483359,0.0,0.5,,0.0,20
B,GAT+LSTM,4,1949,thu_am,0.0,0.00019157408678438514,0.0,0.5,,0.0,20
B,GAT+LSTM,4,1950,thu_am,0.0,0.0001796925498638302,0.0,0.5,,0.0,20
B,GAT+LSTM,4,1951,thu_am,0.0,0.0002249538665637374,0.0,0.5,,0.0,20
B,GAT+LSTM,4,1952,thu_am,0.0,0.00017610237409826368,0.0,0.5,,0.0,20
B,GAT+LSTM,4,1953,thu_am,0.0,0.000146570717333816,0.0,0.5,,0.0,20
B,GAT+LSTM,4,1954,thu_am,0.0,0.00015444832388311625,0.0,0.5,,0.0,20
B,GAT+LSTM,4,1955,thu_am,0.0,0.00013449156540445983,0.0,0.5,,0.0,20
B,GAT+LSTM,4,1956,thu_am,0.0,0.0001546996209071949,0.0,0.5,,0.0,20
B,GAT+LSTM,4,1957,thu_am,0.0,0.00013674578804057091,0.0,0.5,,0.0,20
B,GAT+LSTM,4,1958,thu_am,0.0,0.00026284533669240773,0.0,0.5,,0.0,20
B,GAT+LSTM,4,1959,thu_am,0.0,0.00015820720000192523,0.0,0.5,,0.0,20
B,GAT+LSTM,4,1960,thu_am,0.0,0.0001474646560382098,0.0,0.5,,0.0,20
B,GAT+LSTM,4,1961,thu_am,0.0,0.00014681729953736067,0.0,0.5,,0.0,20
B,GAT+LSTM,4,1962,thu_am,0.0,0.000265479990048334,0.0,0.5,,0.0,20
B,GAT+LSTM,4,1963,thu_am,0.0,0.0003342075215186924,0.0,0.5,,0.0,20
B,GAT+LSTM,4,1964,thu_am,0.0,0.00027177188894711435,0.0,0.5,,0.0,20
B,GAT+LSTM,4,1965,thu_am,0.0,0.0002483782882336527,0.0,0.5,,0.0,20
B,GAT+LSTM,4,1966,thu_am,0.0,0.00018469242786522955,0.0,0.5,,0.0,20
B,GAT+LSTM,4,1967,thu_am,0.0,0.00019337407138664275,0.0,0.5,,0.0,20
B,GAT+LSTM,4,1968,thu_am,0.0,0.00016147264977917075,0.0,0.5,,0.0,20
B,GAT+LSTM,4,1969,thu_am,0.0,0.00015576106670778245,0.0,0.5,,0.0,20
B,GAT+LSTM,4,1970,thu_am,0.0,0.00016174123447854072,0.0,0.5,,0.0,20
B,GAT+LSTM,4,1971,thu_am,0.0,0.0002058356039924547,0.0,0.5,,0.0,20
B,GAT+LSTM,4,1972,thu_am,0.0,0.00017343097715638578,0.0,0.5,,0.0,20
B,GAT+LSTM,4,1973,thu_am,0.0,0.00015513983089476824,0.0,0.5,,0.0,20
B,GAT+LSTM,4,1974,thu_am,0.0,0.0001527925196569413,0.0,0.5,,0.0,20
B,GAT+LSTM,4,1975,thu_am,0.0,0.00018413187353871763,0.0,0.5,,0.0,20
B,GAT+LSTM,4,1976,thu_am,0.0,0.00015033670933917165,0.0,0.5,,0.0,20
B,GAT+LSTM,4,1977,thu_am,0.0,0.00015492770762648433,0.0,0.5,,0.0,20
B,GAT+LSTM,4,1978,thu_am,0.0,0.00023153955407906324,0.0,0.5,,0.0,20
B,GAT+LSTM,4,1979,thu_am,0.0,0.00014354784798342735,0.0,0.5,,0.0,20
B,GAT+LSTM,4,1980,thu_am,0.0,0.00018816307419911027,0.0,0.5,,0.0,20
B,GAT+LSTM,4,1981,thu_am,0.0,0.0001367577788187191,0.0,0.5,,0.0,20
B,GAT+LSTM,4,1982,thu_am,0.0,0.00017272548575419933,0.0,0.5,,0.0,20
B,GAT+LSTM,4,1983,thu_am,0.0,0.0001562154502607882,0.0,0.5,,0.0,20
B,GAT+LSTM,4,1984,thu_am,0.0,0.0003363627474755049,0.0,0.5,,0.0,20
B,GAT+LSTM,4,1985,thu_am,0.0,0.00014920721878297627,0.0,0.5,,0.0,20
B,GAT+LSTM,4,1986,thu_am,0.0,0.00013342472084332258,0.0,0.5,,0.0,20
B,GAT+LSTM,4,1987,thu_am,0.0,0.00014849344734102488,0.0,0.5,,0.0,20
B,GAT+LSTM,4,1988,thu_am,0.0,0.00019248556054662913,0.0,0.5,,0.0,20
B,GAT+LSTM,4,1989,thu_am,0.0,0.000259566237218678,0.0,0.5,,0.0,20
B,GAT+LSTM,4,1990,thu_am,0.0,0.0001992948236875236,0.0,0.5,,0.0,20
B,GAT+LSTM,4,1991,thu_am,0.0,0.00022769480710849166,0.0,0.5,,0.0,20
B,GAT+LSTM,4,1992,thu_am,0.0,0.00038561224937438965,0.0,0.5,,0.0,20
B,GAT+LSTM,4,1993,thu_am,0.0,0.00021286825358401984,0.0,0.5,,0.0,20
B,GAT+LSTM,4,1994,thu_am,0.0,0.00018243546946905553,0.0,0.5,,0.0,20
B,GAT+LSTM,4,1995,thu_am,0.0,0.00014210586959961802,0.0,0.5,,0.0,20
B,GAT+LSTM,4,1996,thu_am,0.0,0.00015678160707466304,0.0,0.5,,0.0,20
B,GAT+LSTM,4,1997,thu_am,0.0,0.00017264398047700524,0.0,0.5,,0.0,20
B,GAT+LSTM,4,2444,thu_pm,0.0,0.00017001952801365405,0.0,0.5,,0.0,20
B,GAT+LSTM,4,2445,thu_pm,0.0,0.000262697518337518,0.0,0.5,,0.0,20
B,GAT+LSTM,4,2446,thu_pm,0.0,0.00016159618098754436,0.0,0.5,,0.0,20
B,GAT+LSTM,4,2447,thu_pm,0.0,0.0001521985250292346,0.0,0.5,,0.0,20
B,GAT+LSTM,4,2448,thu_pm,0.0,0.0001655785454204306,0.0,0.5,,0.0,20
B,GAT+LSTM,4,2449,thu_pm,0.0,0.00021705814287997782,0.0,0.5,,0.0,20
B,GAT+LSTM,4,2450,thu_pm,0.0,0.0001941100344993174,0.0,0.5,,0.0,20
B,GAT+LSTM,4,2451,thu_pm,0.0,0.001032441621646285,0.0,0.5,,0.0,20
B,GAT+LSTM,4,2452,thu_pm,0.0,0.000500163936521858,0.0,0.5,,0.0,20
B,GAT+LSTM,4,2453,thu_pm,0.0,0.0001985791459446773,0.0,0.5,,0.0,20
B,GAT+LSTM,4,2454,thu_pm,0.0,0.00013455723819788545,0.0,0.5,,0.0,20
B,GAT+LSTM,4,2455,thu_pm,0.0,0.00013902175123803318,0.0,0.5,,0.0,20
B,GAT+LSTM,4,2456,thu_pm,0.0,0.00014451083552557975,0.0,0.5,,0.0,20
B,GAT+LSTM,4,2457,thu_pm,0.0,0.00015303863619919866,0.0,0.5,,0.0,20
B,GAT+LSTM,4,2458,thu_pm,0.0,0.00022888607054483145,0.0,0.5,,0.0,20
B,GAT+LSTM,4,2459,thu_pm,0.0,0.0001405662769684568,0.0,0.5,,0.0,20
B,GAT+LSTM,4,2460,thu_pm,0.0,0.00016411941032856703,0.0,0.5,,0.0,20
B,GAT+LSTM,4,2461,thu_pm,0.0,0.0001356235588900745,0.0,0.5,,0.0,20
B,GAT+LSTM,4,2462,thu_pm,0.0,0.00016431169933639467,0.0,0.5,,0.0,20
B,GAT+LSTM,4,2463,thu_pm,0.0,0.00015432614600285888,0.0,0.5,,0.0,20
B,GAT+LSTM,4,2464,thu_pm,0.0,0.00015220344357658178,0.0,0.5,,0.0,20
B,GAT+LSTM,4,2465,thu_pm,0.0,0.0002365718682995066,0.0,0.5,,0.0,20
B,GAT+LSTM,4,2466,thu_pm,0.0,0.00018050169455818832,0.0,0.5,,0.0,20
B,GAT+LSTM,4,2467,thu_pm,0.0,0.00015563901979476213,0.0,0.5,,0.0,20
B,GAT+LSTM,4,2468,thu_pm,0.0,0.0001494812167948112,0.0,0.5,,0.0,20
B,GAT+LSTM,4,2469,thu_pm,0.0,0.00014050595927983522,0.0,0.5,,0.0,20
B,GAT+LSTM,4,2470,thu_pm,0.0,0.000171747655258514,0.0,0.5,,0.0,20
B,GAT+LSTM,4,2471,thu_pm,0.0,0.00013588828733190894,0.0,0.5,,0.0,20
B,GAT+LSTM,4,2472,thu_pm,0.0,0.00013304738968145102,0.0,0.5,,0.0,20
B,GAT+LSTM,4,2473,thu_pm,0.0,0.00015120362513698637,0.0,0.5,,0.0,20
B,GAT+LSTM,4,2474,thu_pm,0.0,0.0002040001709247008,0.0,0.5,,0.0,20
B,GAT+LSTM,4,2475,thu_pm,0.0,0.00014622854359913617,0.0,0.5,,0.0,20
B,GAT+LSTM,4,2476,thu_pm,0.0,0.0001412466517649591,0.0,0.5,,0.0,20
B,GAT+LSTM,4,2477,thu_pm,0.0,0.00014590889622922987,0.0,0.5,,0.0,20
B,GAT+LSTM,4,2478,thu_pm,0.0,0.00016460915503557771,0.0,0.5,,0.0,20
B,GAT+LSTM,4,2479,thu_pm,0.0,0.00016688588948454708,0.0,0.5,,0.0,20
B,GAT+LSTM,4,2480,thu_pm,0.0,0.00013769781799055636,0.0,0.5,,0.0,20
B,GAT+LSTM,4,2481,thu_pm,0.0,0.0001582799304742366,0.0,0.5,,0.0,20
B,GAT+LSTM,4,2482,thu_pm,0.0,0.00013590615708380938,0.0,0.5,,0.0,20
B,GAT+LSTM,4,2483,thu_pm,0.0,0.0001440417254343629,0.0,0.5,,0.0,20
B,GAT+LSTM,4,2484,thu_pm,0.0,0.00014575621753465384,0.0,0.5,,0.0,20
B,GAT+LSTM,4,2485,thu_pm,0.0,0.00028824564651586115,0.0,0.5,,0.0,20
B,GAT+LSTM,4,2486,thu_pm,0.0,0.00018557380826678127,0.0,0.5,,0.0,20
B,GAT+LSTM,4,2487,thu_pm,0.0,0.00015198923938442022,0.0,0.5,,0.0,20
B,GAT+LSTM,4,2488,thu_pm,0.0,0.0001377046573907137,0.0,0.5,,0.0,20
B,GAT+LSTM,4,2489,thu_pm,0.0,0.00013962475350126624,0.0,0.5,,0.0,20
B,GAT+LSTM,4,2490,thu_pm,0.0,0.00014716868463438004,0.0,0.5,,0.0,20
B,GAT+LSTM,4,2491,thu_pm,0.0,0.00016437187150586396,0.0,0.5,,0.0,20
B,GAT+LSTM,4,2492,thu_pm,0.0,0.00035441439831629395,0.0,0.5,,0.0,20
B,GAT+LSTM,4,2493,thu_pm,0.0,0.9160645008087158,0.0,0.5,,0.05,20
B,GAT+LSTM,4,2494,thu_pm,0.0,0.9895444512367249,0.0,0.5,,0.1,20
B,GAT+LSTM,4,2495,thu_pm,0.0,0.908598780632019,0.0,0.5,,0.15,20
B,GAT+LSTM,4,2496,thu_pm,0.0,0.8145363926887512,0.0,0.5,,0.2,20
B,GAT+LSTM,4,2497,thu_pm,0.0,0.7492190003395081,0.0,0.5,,0.25,20
B,GAT+LSTM,4,2498,thu_pm,0.0,0.5537806153297424,0.0,0.5,,0.3,20
B,GAT+LSTM,4,2499,thu_pm,0.0,0.28014427423477173,0.0,0.5,,0.3,20
B,GAT+LSTM,4,2500,thu_pm,0.0,0.0010275053791701794,0.0,0.5,,0.3,20
B,GAT+LSTM,4,2501,thu_pm,0.0,0.0001584682468092069,0.0,0.5,,0.3,20
B,GAT+LSTM,4,2502,thu_pm,0.0,0.00014864373952150345,0.0,0.5,,0.3,20
B,GAT+LSTM,4,2503,thu_pm,0.0,0.0001396673615090549,0.0,0.5,,0.3,20
B,GAT+LSTM,4,2504,thu_pm,0.0,0.00017261976609006524,0.0,0.5,,0.3,20
B,GAT+LSTM,4,2505,thu_pm,0.0,0.0001580015814397484,0.0,0.5,,0.3,20
B,GAT+LSTM,4,2506,thu_pm,0.0,0.00017371101421304047,0.0,0.5,,0.3,20
B,GAT+LSTM,4,2507,thu_pm,0.0,0.00014087838644627482,0.0,0.5,,0.3,20
B,GAT+LSTM,4,2508,thu_pm,1.0,0.00014574134547729045,0.0,0.029411764705882353,0.1578947368421053,0.3157894736842105,20
B,GAT+LSTM,4,2509,thu_pm,0.0,0.00013419461902230978,0.0,0.029411764705882353,0.1578947368421053,0.3157894736842105,20
B,GAT+LSTM,4,2510,thu_pm,1.0,0.00014759830082766712,0.0,0.06066176470588235,0.16666666666666663,0.3333333333333333,20
B,GAT+LSTM,4,2511,thu_pm,0.0,0.0002085294690914452,0.0,0.06066176470588235,0.16666666666666663,0.3333333333333333,20
B,GAT+LSTM,4,2512,thu_pm,0.0,0.00014139583799988031,0.0,0.06458333333333333,0.2222222222222222,0.3333333333333333,20
B,GAT+LSTM,4,2513,thu_pm,0.0,0.00016519991913810372,0.0,0.06458333333333333,0.2222222222222222,0.2777777777777778,20
B,GAT+LSTM,4,2514,thu_pm,1.0,0.0003353739739395678,0.0,0.11140873015873015,0.37254901960784315,0.23529411764705882,20
B,GAT+LSTM,4,2515,thu_pm,1.0,0.0003570397093426436,0.0,0.17648809523809525,0.46875,0.1875,20
B,GAT+LSTM,4,2516,thu_pm,1.0,0.00044794115819968283,0.0,0.25553571428571425,0.5466666666666666,0.13333333333333333,20
B,GAT+LSTM,4,2517,thu_pm,0.0,0.0002399775112280622,0.0,0.28601190476190474,0.5866666666666667,0.06666666666666667,20
B,GAT+LSTM,4,2518,thu_pm,0.0,0.0003021639713551849,0.0,0.3326785714285714,0.6266666666666667,0.0,20
B,GAT+LSTM,4,2519,thu_pm,1.0,0.001340861665084958,0.0,0.6217261904761904,0.7261904761904763,0.0,20
B,GAT+LSTM,4,2520,thu_pm,0.0,0.0011786103714257479,0.0,0.6217261904761904,0.7261904761904763,0.0,20
B,GAT+LSTM,4,2521,thu_pm,0.0,0.0004455582529772073,0.0,0.5717261904761904,0.7023809523809523,0.0,20
B,GAT+LSTM,4,2522,thu_pm,0.0,0.0004666871973313391,0.0,0.5110119047619047,0.6666666666666667,0.0,20
B,GAT+LSTM,4,2523,thu_pm,1.0,0.0010435136500746012,0.0,0.5735444177671067,0.6813186813186813,0.0,20
B,GAT+LSTM,4,2524,thu_pm,1.0,0.0010322119342163205,0.0,0.6302302170868347,0.7083333333333334,0.0,20
B,GAT+LSTM,4,2525,thu_pm,1.0,0.0006387581233866513,0.0,0.6760387488328665,0.7272727272727273,0.0,20
B,GAT+LSTM,4,2526,thu_pm,1.0,0.001558674848638475,0.0,0.7552396867838044,0.75,0.0,20
B,GAT+LSTM,4,2527,thu_pm,0.0,0.0004390398971736431,0.0,0.7359029369323487,0.71,0.0,20
B,GAT+LSTM,4,2528,thu_pm,1.0,0.00021415672381408513,0.0,0.7430037772684831,0.73,0.0,20
B,GAT+LSTM,4,2529,thu_pm,1.0,0.0001707362971501425,0.0,0.7300157474182947,0.6565656565656566,0.0,20
B,GAT+LSTM,4,2530,thu_pm,0.0,0.00014325712982099503,0.0,0.7462921759612936,0.74,0.0,20
B,GAT+LSTM,4,2531,thu_pm,0.0,0.00016163977852556854,0.0,0.7500054112554112,0.75,0.0,20
B,GAT+LSTM,4,2532,thu_pm,0.0,0.00015664935926906765,0.0,0.7500054112554112,0.75,0.0,20
B,GAT+LSTM,4,2533,thu_pm,0.0,0.00030720632639713585,0.0,0.7425124140565317,0.73,0.0,20
B,GAT+LSTM,4,2534,thu_pm,0.0,0.00023359798069577664,0.0,0.7387070990012168,0.7474747474747474,0.0,20
B,GAT+LSTM,4,2535,thu_pm,0.0,0.00019861948385369033,0.0,0.7417257528011204,0.7708333333333334,0.0,20
B,GAT+LSTM,4,2536,thu_pm,0.0,0.0001362608018098399,0.0,0.7321919152276295,0.7802197802197802,0.0,20
B,GAT+LSTM,4,2537,thu_pm,0.0,0.00013493960432242602,0.0,0.7409602302459446,0.8021978021978022,0.0,20
B,GAT+LSTM,4,2538,thu_pm,0.0,0.0001318071153946221,0.0,0.7511488511488511,0.8241758241758241,0.0,20
B,GAT+LSTM,4,2539,thu_pm,0.0,0.00015203317161649466,0.0,0.6555069930069929,0.8095238095238095,0.0,20
B,GAT+LSTM,4,2540,thu_pm,0.0,0.00015752350736875087,0.0,0.8249158249158248,0.869047619047619,0.0,20
B,GAT+LSTM,4,2541,thu_pm,0.0,0.00021728716092184186,0.0,0.8249158249158248,0.869047619047619,0.0,20
B,GAT+LSTM,4,2542,thu_pm,0.0,0.00024699021014384925,0.0,0.8249158249158248,0.869047619047619,0.0,20
B,GAT+LSTM,4,2543,thu_pm,0.0,0.000579049636144191,0.0,0.7513636363636362,0.8266666666666667,0.0,20
B,GAT+LSTM,4,2544,thu_pm,0.0,0.0013714226661249995,0.0,0.5368686868686868,0.75,0.0,20
B,GAT+LSTM,4,2545,thu_pm,0.0,0.0013820199528709054,0.0,0.45715488215488215,0.6666666666666666,0.0,20
B,GAT+LSTM,4,2546,thu_pm,0.0,0.0023060201201587915,0.0,0.08939393939393939,0.4722222222222222,0.0,20
B,GAT+LSTM,4,2547,thu_pm,0.0,0.0005738080362789333,0.0,0.08939393939393939,0.4722222222222222,0.0,20
B,GAT+LSTM,4,2548,thu_pm,0.0,0.0006558400928042829,0.0,0.041666666666666664,0.42105263157894735,0.0,20
B,GAT+LSTM,4,2549,thu_pm,0.0,0.0004411341215018183,0.0,0.5,,0.0,20
B,GAT+LSTM,4,2550,thu_pm,0.0,0.0002945914748124778,0.0,0.5,,0.0,20
B,GAT+LSTM,4,2551,thu_pm,0.0,0.00021678762277588248,0.0,0.5,,0.0,20
B,GAT+LSTM,4,2552,thu_pm,0.0,0.00015747213910799474,0.0,0.5,,0.0,20
B,GAT+LSTM,4,2553,thu_pm,0.0,0.0001490829308750108,0.0,0.5,,0.0,20
B,GAT+LSTM,4,2554,thu_pm,1.0,0.00017019390361383557,0.0,0.038461538461538464,0.368421052631579,0.0,20
B,GAT+LSTM,4,2555,thu_pm,0.0,0.0002268272073706612,0.0,0.038461538461538464,0.368421052631579,0.0,20
B,GAT+LSTM,4,2556,thu_pm,0.0,0.00021880982967559248,0.0,0.03571428571428571,0.3157894736842105,0.0,20
B,GAT+LSTM,4,2557,thu_pm,0.0,0.0002908693568315357,0.0,0.03333333333333333,0.26315789473684215,0.0,20
B,GAT+LSTM,4,2558,thu_pm,0.0,0.0002108219196088612,0.0,0.03125,0.21052631578947367,0.0,20
B,GAT+LSTM,4,2559,thu_pm,1.0,0.00019730048370547593,0.0,0.06066176470588235,0.16666666666666663,0.0,20
B,GAT+LSTM,4,2560,thu_pm,0.0,0.0015089227817952633,0.0,0.057189542483660136,0.11111111111111116,0.0,20
B,GAT+LSTM,4,2561,thu_pm,0.0,0.0003124004288110882,0.0,0.057189542483660136,0.11111111111111116,0.0,20
B,GAT+LSTM,4,2562,thu_pm,0.0,0.8893451690673828,0.0,0.057189542483660136,0.11111111111111116,0.05555555555555555,20
B,GAT+LSTM,4,2563,thu_pm,1.0,0.9927237629890442,0.4,0.41074346405228757,0.4117647058823529,0.058823529411764705,20
B,GAT+LSTM,4,2564,thu_pm,0.0,0.9906790852546692,0.3333333333333333,0.41074346405228757,0.4117647058823529,0.11764705882352941,20
B,GAT+LSTM,4,2565,thu_pm,0.0,0.9879195690155029,0.2857142857142857,0.41074346405228757,0.4117647058823529,0.17647058823529413,20
B,GAT+LSTM,4,2566,thu_pm,0.0,0.9976429343223572,0.25,0.16074346405228757,0.39215686274509803,0.23529411764705882,20
B,GAT+LSTM,4,2567,thu_pm,0.0,0.9939377307891846,0.2222222222222222,0.1329656862745098,0.37254901960784315,0.29411764705882354,20
B,GAT+LSTM,4,2568,thu_pm,0.0,0.9944826364517212,0.2,0.11907679738562091,0.3529411764705882,0.35294117647058826,20
B,GAT+LSTM,4,2569,thu_pm,1.0,0.9976014494895935,0.3333333333333333,0.23127042483660132,0.5,0.375,20
B,GAT+LSTM,4,2570,thu_pm,0.0,0.9984607696533203,0.3076923076923077,0.19585375816993464,0.46875,0.4375,20
B,GAT+LSTM,4,2571,thu_pm,0.0,0.9981854557991028,0.2857142857142857,0.17531804388422034,0.4375,0.5,20
B,GAT+LSTM,4,2572,thu_pm,0.0,0.9975271821022034,0.26666666666666666,0.1630454813504349,0.390625,0.5625,20
B,GAT+LSTM,4,2573,thu_pm,1.0,0.9989880919456482,0.35294117647058826,0.40710526315789475,0.48,0.6,20
B,GAT+LSTM,4,2574,thu_pm,0.0,0.9991590976715088,0.35294117647058826,0.2391812865497076,0.5625,0.625,20
B,GAT+LSTM,4,2575,thu_pm,0.0,0.99126797914505,0.3333333333333333,0.2391812865497076,0.5625,0.6875,20
B,GAT+LSTM,4,2576,thu_pm,0.0,0.9578549265861511,0.3157894736842105,0.2391812865497076,0.5625,0.75,20
B,GAT+LSTM,4,2577,thu_pm,1.0,0.9916955828666687,0.38095238095238093,0.2679718234981393,0.5466666666666667,0.8,20
B,GAT+LSTM,4,2578,thu_pm,0.0,0.993740439414978,0.36363636363636365,0.2572647527910686,0.52,0.8666666666666667,20
B,GAT+LSTM,4,2579,thu_pm,0.0,0.9762410521507263,0.36363636363636365,0.2640151515151515,0.671875,0.875,20
B,GAT+LSTM,4,2580,thu_pm,0.0,0.8926289081573486,0.34782608695652173,0.2640151515151515,0.671875,0.9375,20
B,GAT+LSTM,4,2581,thu_pm,0.0,0.9911783337593079,0.3333333333333333,0.2640151515151515,0.671875,1.0,20
B,GAT+LSTM,4,2582,thu_pm,1.0,0.9970282912254333,0.4,0.30180569430569426,0.6533333333333333,1.0,20
B,GAT+LSTM,4,2583,thu_pm,0.0,0.9760898351669312,0.3333333333333333,0.28751352813852815,0.71875,1.0,20
B,GAT+LSTM,4,2584,thu_pm,0.0,0.9361169934272766,0.3333333333333333,0.28751352813852815,0.71875,1.0,20
B,GAT+LSTM,4,2585,thu_pm,0.0,0.9963117241859436,0.3333333333333333,0.28146749084249084,0.703125,1.0,20
B,GAT+LSTM,4,2586,thu_pm,0.0,0.8119103312492371,0.3333333333333333,0.31474567099567097,0.75,1.0,20
B,GAT+LSTM,4,2587,thu_pm,0.0,0.9911962747573853,0.3333333333333333,0.32194264069264067,0.765625,1.0,20
B,GAT+LSTM,4,2588,thu_pm,1.0,0.9983958601951599,0.4,0.40164502164502164,0.7866666666666666,1.0,20
B,GAT+LSTM,4,2589,thu_pm,0.0,0.9977335929870605,0.3333333333333333,0.33221049783549783,0.765625,1.0,20
B,GAT+LSTM,4,2590,thu_pm,0.0,0.9939858913421631,0.3333333333333333,0.386525974025974,0.796875,1.0,20
B,GAT+LSTM,4,2591,thu_pm,0.0,0.9945313930511475,0.3333333333333333,0.40378787878787875,0.8125,1.0,20
B,GAT+LSTM,4,2592,thu_pm,0.0,0.9974353909492493,0.3333333333333333,0.40378787878787875,0.8125,1.0,20
B,GAT+LSTM,4,2593,thu_pm,0.0,0.9990631937980652,0.2608695652173913,0.22323232323232323,0.7254901960784313,1.0,20
B,GAT+LSTM,4,2594,thu_pm,1.0,0.9991177916526794,0.3333333333333333,0.5912878787878788,0.828125,1.0,20
B,GAT+LSTM,4,2595,thu_pm,0.0,0.9991074204444885,0.3333333333333333,0.5251623376623377,0.78125,1.0,20
B,GAT+LSTM,4,2596,thu_pm,0.0,0.9748822450637817,0.3333333333333333,0.5251623376623377,0.78125,1.0,20
B,GAT+LSTM,4,2597,thu_pm,0.0,0.924663245677948,0.2608695652173913,0.5992063492063492,0.8823529411764706,1.0,20
B,GAT+LSTM,4,2598,thu_pm,1.0,0.9888618588447571,0.3333333333333333,0.5191163003663004,0.765625,1.0,20
B,GAT+LSTM,4,2599,thu_pm,0.0,0.9981896281242371,0.3333333333333333,0.5013163919413919,0.734375,1.0,20
B,GAT+LSTM,4,2600,thu_pm,0.0,0.9984808564186096,0.3333333333333333,0.4642857142857143,0.6875,1.0,20
B,GAT+LSTM,4,2601,thu_pm,1.0,0.9990248680114746,0.4,0.5085714285714286,0.72,1.0,20
B,GAT+LSTM,4,2602,thu_pm,0.0,0.9989207983016968,0.3333333333333333,0.5095238095238095,0.734375,1.0,20
B,GAT+LSTM,4,2603,thu_pm,0.0,0.9986706972122192,0.3333333333333333,0.49300595238095235,0.703125,1.0,20
B,GAT+LSTM,4,2604,thu_pm,0.0,0.9983206391334534,0.3333333333333333,0.4896052170868347,0.6875,1.0,20
B,GAT+LSTM,4,2605,thu_pm,0.0,0.9986357092857361,0.3333333333333333,0.4799325980392157,0.671875,1.0,20
B,GAT+LSTM,4,2606,thu_pm,1.0,0.9944487810134888,0.4,0.4410690943043884,0.5733333333333334,1.0,20
B,GAT+LSTM,4,2607,thu_pm,0.0,0.9959529638290405,0.4,0.4379738562091503,0.56,1.0,20
B,GAT+LSTM,4,2608,thu_pm,0.0,0.9851716756820679,0.3333333333333333,0.44987307422969186,0.578125,1.0,20
B,GAT+LSTM,4,2609,thu_pm,0.0,0.9930805563926697,0.3333333333333333,0.45303241488903256,0.59375,1.0,20
B,GAT+LSTM,4,2610,thu_pm,0.0,0.9969594478607178,0.3333333333333333,0.44987307422969186,0.578125,1.0,20
B,GAT+LSTM,4,2611,thu_pm,1.0,0.9979609251022339,0.4,0.43311306340718103,0.56,1.0,20
B,GAT+LSTM,4,2612,thu_pm,0.0,0.9971904158592224,0.4,0.43311306340718103,0.56,1.0,20
B,GAT+LSTM,4,2613,thu_pm,0.0,0.957683801651001,0.4,0.4784539072039072,0.6133333333333334,1.0,20
B,GAT+LSTM,4,2614,thu_pm,0.0,0.9899651408195496,0.3333333333333333,0.21183226495726498,0.53125,1.0,20
B,GAT+LSTM,4,2615,thu_pm,0.0,0.9980601668357849,0.3333333333333333,0.399332264957265,0.546875,1.0,20
B,GAT+LSTM,4,2616,thu_pm,1.0,0.9974338412284851,0.4,0.3930045607986784,0.52,1.0,20
B,GAT+LSTM,4,2617,thu_pm,0.0,0.9966104626655579,0.4,0.3863468720821662,0.49333333333333335,1.0,20
B,GAT+LSTM,4,2618,thu_pm,0.0,0.9911748170852661,0.3333333333333333,0.4187996031746032,0.609375,1.0,20
B,GAT+LSTM,4,2619,thu_pm,0.0,0.9442973732948303,0.3333333333333333,0.4365842490842491,0.65625,1.0,20
B,GAT+LSTM,4,2620,thu_pm,0.0,0.8457694053649902,0.3333333333333333,0.4588484432234432,0.703125,1.0,20
B,GAT+LSTM,4,2621,thu_pm,0.0,0.9928866028785706,0.2608695652173913,0.17514430014430013,0.6274509803921569,1.0,20
B,GAT+LSTM,4,2622,thu_pm,1.0,0.9958141446113586,0.3333333333333333,0.2265151515151515,0.625,1.0,20
B,GAT+LSTM,4,2623,thu_pm,0.0,0.9965246319770813,0.3333333333333333,0.24734848484848482,0.65625,1.0,20
B,GAT+LSTM,4,2624,thu_pm,0.0,0.9978972673416138,0.3333333333333333,0.2577651515151515,0.671875,1.0,20
B,GAT+LSTM,4,2625,thu_pm,0.0,0.9989460110664368,0.3333333333333333,0.2577651515151515,0.671875,1.0,20
B,GAT+LSTM,4,2626,thu_pm,0.0,0.9979410767555237,0.2608695652173913,0.21641414141414142,0.7058823529411764,1.0,20
B,GAT+LSTM,4,2627,thu_pm,1.0,0.9961349964141846,0.3333333333333333,0.24318181818181814,0.65625,1.0,20
B,GAT+LSTM,4,2628,thu_pm,0.0,0.9978469610214233,0.3333333333333333,0.2219030969030969,0.609375,1.0,20
B,GAT+LSTM,4,2629,thu_pm,0.0,0.9982619881629944,0.3333333333333333,0.1945970695970696,0.546875,1.0,20
B,GAT+LSTM,4,2630,thu_pm,0.0,0.9991310238838196,0.3333333333333333,0.18264270451770453,0.515625,1.0,20
B,GAT+LSTM,4,2631,thu_pm,0.0,0.9939467310905457,0.2608695652173913,0.13000194250194252,0.47058823529411764,1.0,20
B,GAT+LSTM,4,2632,thu_pm,1.0,0.9610772728919983,0.3333333333333333,0.1576788101604278,0.40625,1.0,20
B,GAT+LSTM,4,2633,thu_pm,0.0,0.9891549944877625,0.3333333333333333,0.154666146761735,0.390625,1.0,20
B,GAT+LSTM,4,2634,thu_pm,0.0,0.9981665015220642,0.3333333333333333,0.14560194707253532,0.34375,1.0,20
B,GAT+LSTM,4,2635,thu_pm,0.0,0.993727445602417,0.3333333333333333,0.154666146761735,0.390625,1.0,20
B,GAT+LSTM,4,2636,thu_pm,1.0,0.9743691682815552,0.3333333333333333,0.13524769756387406,0.28125,1.0,20
B,GAT+LSTM,4,2637,thu_pm,0.0,0.9128478765487671,0.3333333333333333,0.14573120915032678,0.34375,1.0,20
B,GAT+LSTM,4,2638,thu_pm,0.0,0.8505899310112,0.3333333333333333,0.15188492063492065,0.375,1.0,20
B,GAT+LSTM,4,2639,thu_pm,0.0,0.6512057781219482,0.3333333333333333,0.15188492063492065,0.375,1.0,20
B,GAT+LSTM,4,2640,thu_pm,0.0,0.005016440525650978,0.34782608695652173,0.15188492063492065,0.375,0.9375,20
B,GAT+LSTM,4,2641,thu_pm,0.0,0.0001344846241408959,0.36363636363636365,0.1589133089133089,0.40625,0.875,20
B,GAT+LSTM,4,2642,thu_pm,0.0,0.00015031076327431947,0.3,0.1194037444037444,0.4117647058823529,0.8235294117647058,20
B,GAT+LSTM,4,2643,thu_pm,0.0,0.00025943832588382065,0.3157894736842105,0.13000194250194252,0.47058823529411764,0.7647058823529411,20
B,GAT+LSTM,4,2644,thu_pm,0.0,0.00017106464656535536,0.3333333333333333,0.14274891774891776,0.5294117647058824,0.7058823529411765,20
B,GAT+LSTM,4,2645,thu_pm,0.0,0.00015957772848196328,0.35294117647058826,0.1584175084175084,0.5882352941176471,0.6470588235294118,20
B,GAT+LSTM,4,2646,thu_pm,0.0,0.00013595970813184977,0.375,0.17824074074074073,0.6470588235294118,0.5882352941176471,20
B,GAT+LSTM,4,2647,thu_pm,0.0,0.00015771227481309325,0.2857142857142857,0.11805555555555555,0.6111111111111112,0.5555555555555556,20
B,GAT+LSTM,4,2648,thu_pm,0.0,0.00015436190005857497,0.3076923076923077,0.13392857142857142,0.6666666666666667,0.5,20
B,GAT+LSTM,4,2649,thu_pm,0.0,0.00020847321138717234,0.3333333333333333,0.15476190476190474,0.7222222222222222,0.4444444444444444,20
B,GAT+LSTM,4,2650,thu_pm,0.0,0.00020257089636288583,0.36363636363636365,0.18333333333333335,0.7777777777777778,0.3888888888888889,20
B,GAT+LSTM,4,2651,thu_pm,0.0,0.00031217324431054294,0.4,0.225,0.8333333333333334,0.3333333333333333,20
B,GAT+LSTM,4,2652,thu_pm,0.0,0.00015068732318468392,0.25,0.125,0.8421052631578947,0.3157894736842105,20
B,GAT+LSTM,4,2653,thu_pm,0.0,0.00014940896653570235,0.2857142857142857,0.16666666666666666,0.8947368421052632,0.2631578947368421,20
B,GAT+LSTM,4,2654,thu_pm,0.0,0.00014272824046202004,0.3333333333333333,0.25,0.9473684210526316,0.21052631578947367,20
B,GAT+LSTM,4,2655,thu_pm,0.0,0.0001493991439929232,0.4,1.0,1.0,0.15789473684210525,20
B,GAT+LSTM,4,2656,thu_pm,0.0,0.0004872209101449698,0.0,0.5,,0.15,20
B,GAT+LSTM,4,2657,thu_pm,0.0,0.0006928335060365498,0.0,0.5,,0.1,20
B,GAT+LSTM,4,2658,thu_pm,0.0,0.002005763119086623,0.0,0.5,,0.05,20
B,GAT+LSTM,4,2659,thu_pm,0.0,0.000165360834216699,0.0,0.5,,0.0,20
B,GAT+LSTM,4,2660,thu_pm,0.0,0.001712846104055643,0.0,0.5,,0.0,20
B,GAT+LSTM,4,2661,thu_pm,0.0,0.0005087950848974288,0.0,0.5,,0.0,20
B,GAT+LSTM,4,2662,thu_pm,0.0,0.006746944505721331,0.0,0.5,,0.0,20
B,GAT+LSTM,4,2663,thu_pm,0.0,0.03757377341389656,0.0,0.5,,0.0,20
B,GAT+LSTM,4,2664,thu_pm,0.0,0.01060789730399847,0.0,0.5,,0.0,20
B,GAT+LSTM,4,2665,thu_pm,0.0,0.003722352208569646,0.0,0.5,,0.0,20
B,GAT+LSTM,4,2666,thu_pm,0.0,0.19610241055488586,0.0,0.5,,0.0,20
B,GAT+LSTM,4,2667,thu_pm,0.0,0.453402578830719,0.0,0.5,,0.0,20
B,GAT+LSTM,4,2668,thu_pm,0.0,0.12636670470237732,0.0,0.5,,0.0,20
B,GAT+LSTM,4,2669,thu_pm,0.0,0.9261696934700012,0.0,0.5,,0.05,20
B,GAT+LSTM,4,2670,thu_pm,0.0,0.9708187580108643,0.0,0.5,,0.1,20
B,GAT+LSTM,4,2671,thu_pm,0.0,0.8572004437446594,0.0,0.5,,0.15,20
B,GAT+LSTM,4,2672,thu_pm,0.0,0.6712185740470886,0.0,0.5,,0.2,20
B,GAT+LSTM,4,2673,thu_pm,0.0,0.3318895399570465,0.0,0.5,,0.2,20
B,GAT+LSTM,4,2674,thu_pm,0.0,0.11277265846729279,0.0,0.5,,0.2,20
B,GAT+LSTM,4,2675,thu_pm,0.0,0.015459625981748104,0.0,0.5,,0.2,20
B,GAT+LSTM,4,2676,thu_pm,0.0,0.00017749142716638744,0.0,0.5,,0.2,20
B,GAT+LSTM,4,2677,thu_pm,0.0,0.0001686416653683409,0.0,0.5,,0.2,20
B,GAT+LSTM,4,2678,thu_pm,0.0,0.0001348855730611831,0.0,0.5,,0.2,20
B,GAT+LSTM,4,2679,thu_pm,0.0,0.00013349662185646594,0.0,0.5,,0.2,20
B,GAT+LSTM,4,2680,thu_pm,0.0,0.00013785022019874305,0.0,0.5,,0.2,20
B,GAT+LSTM,4,2681,thu_pm,0.0,0.0001412903075106442,0.0,0.5,,0.2,20
B,GAT+LSTM,4,2682,thu_pm,0.0,0.0007019987679086626,0.0,0.5,,0.2,20
B,GAT+LSTM,4,2683,thu_pm,0.0,0.0001709169300738722,0.0,0.5,,0.2,20
B,GAT+LSTM,4,2684,thu_pm,0.0,0.00014273844135459512,0.0,0.5,,0.2,20
B,GAT+LSTM,4,2685,thu_pm,0.0,0.00015122971672099084,0.0,0.5,,0.2,20
B,GAT+LSTM,4,2686,thu_pm,0.0,0.00021809746976941824,0.0,0.5,,0.2,20
B,GAT+LSTM,4,2687,thu_pm,0.0,0.0001844778744271025,0.0,0.5,,0.2,20
B,GAT+LSTM,4,2688,thu_pm,0.0,0.0001760681188898161,0.0,0.5,,0.2,20
B,GAT+LSTM,4,2689,thu_pm,0.0,0.0001455094461562112,0.0,0.5,,0.15,20
B,GAT+LSTM,4,2690,thu_pm,0.0,0.00117537344340235,0.0,0.5,,0.1,20
B,GAT+LSTM,4,2691,thu_pm,0.0,0.0001692684891168028,0.0,0.5,,0.05,20
B,GAT+LSTM,4,2692,thu_pm,0.0,0.00014145598106551915,0.0,0.5,,0.0,20
B,GAT+LSTM,4,2693,thu_pm,0.0,0.0001386160438414663,0.0,0.5,,0.0,20
B,GAT+LSTM,4,2694,thu_pm,0.0,0.00022429080854635686,0.0,0.5,,0.0,20
B,GAT+LSTM,4,2695,thu_pm,0.0,0.0001431792916264385,0.0,0.5,,0.0,20
B,GAT+LSTM,4,2696,thu_pm,0.0,0.00018014665693044662,0.0,0.5,,0.0,20
B,GAT+LSTM,5,3055,fri_am,0.0,0.00018315600755158812,0.0,0.5,,0.0,20
B,GAT+LSTM,5,3056,fri_am,0.0,0.00019691709894686937,0.0,0.5,,0.0,20
B,GAT+LSTM,5,3057,fri_am,0.0,0.00018550852837506682,0.0,0.5,,0.0,20
B,GAT+LSTM,5,3058,fri_am,0.0,0.00020129859331063926,0.0,0.5,,0.0,20
B,GAT+LSTM,5,3059,fri_am,0.0,0.00024118818691931665,0.0,0.5,,0.0,20
B,GAT+LSTM,5,3060,fri_am,0.0,0.0002445620484650135,0.0,0.5,,0.0,20
B,GAT+LSTM,5,3061,fri_am,0.0,0.00024156144354492426,0.0,0.5,,0.0,20
B,GAT+LSTM,5,3062,fri_am,0.0,0.00023176903778221458,0.0,0.5,,0.0,20
B,GAT+LSTM,5,3063,fri_am,0.0,0.0002493418287485838,0.0,0.5,,0.0,20
B,GAT+LSTM,5,3064,fri_am,0.0,0.0008410648442804813,0.0,0.5,,0.0,20
B,GAT+LSTM,5,3065,fri_am,0.0,0.0002621678286232054,0.0,0.5,,0.0,20
B,GAT+LSTM,5,3066,fri_am,0.0,0.0005940514383837581,0.0,0.5,,0.0,20
B,GAT+LSTM,5,3067,fri_am,0.0,0.0008669027010910213,0.0,0.5,,0.0,20
B,GAT+LSTM,5,3068,fri_am,0.0,0.0004321006126701832,0.0,0.5,,0.0,20
B,GAT+LSTM,5,3069,fri_am,0.0,0.001283122692257166,0.0,0.5,,0.0,20
B,GAT+LSTM,5,3070,fri_am,0.0,0.0003405124298296869,0.0,0.5,,0.0,20
B,GAT+LSTM,5,3071,fri_am,0.0,0.0002521850692573935,0.0,0.5,,0.0,20
B,GAT+LSTM,5,3072,fri_am,0.0,0.00021743513934779912,0.0,0.5,,0.0,20
B,GAT+LSTM,5,3073,fri_am,0.0,0.00028594728792086244,0.0,0.5,,0.0,20
B,GAT+LSTM,5,3074,fri_am,0.0,0.00021976804418954998,0.0,0.5,,0.0,20
B,GAT+LSTM,5,3075,fri_am,0.0,0.00016757569392211735,0.0,0.5,,0.0,20
B,GAT+LSTM,5,3076,fri_am,0.0,0.00014951129560358822,0.0,0.5,,0.0,20
B,GAT+LSTM,5,3077,fri_am,0.0,0.0001646163873374462,0.0,0.5,,0.0,20
B,GAT+LSTM,5,3078,fri_am,1.0,0.00037353133666329086,0.0,0.08333333333333333,0.736842105263158,0.0,20
B,GAT+LSTM,5,3079,fri_am,1.0,0.00019010565301869065,0.0,0.08670343137254902,0.4444444444444444,0.0,20
B,GAT+LSTM,5,3080,fri_am,0.0,0.00018387519230600446,0.0,0.08958333333333332,0.4722222222222222,0.0,20
B,GAT+LSTM,5,3081,fri_am,0.0,0.0003905113262590021,0.0,0.08363095238095238,0.4444444444444444,0.0,20
B,GAT+LSTM,5,3082,fri_am,0.0,0.00026032686582766473,0.0,0.08363095238095238,0.4444444444444444,0.0,20
B,GAT+LSTM,5,3083,fri_am,0.0,0.00021730849402956665,0.0,0.08363095238095238,0.4444444444444444,0.0,20
B,GAT+LSTM,5,3084,fri_am,0.0,0.0001398336753481999,0.0,0.09285714285714286,0.5,0.0,20
B,GAT+LSTM,5,3085,fri_am,0.0,0.00013990742445457727,0.0,0.0966117216117216,0.5277777777777778,0.0,20
B,GAT+LSTM,5,3086,fri_am,0.0,0.0001378865126753226,0.0,0.1092948717948718,0.5833333333333333,0.0,20
B,GAT+LSTM,5,3087,fri_am,0.0,0.00021891039796173573,0.0,0.12179487179487179,0.6111111111111112,0.0,20
B,GAT+LSTM,5,3088,fri_am,0.0,0.00018072662351187319,0.0,0.1477272727272727,0.6666666666666666,0.0,20
B,GAT+LSTM,5,3089,fri_am,0.0,0.0001446558890165761,0.0,0.19545454545454546,0.7222222222222222,0.0,20
B,GAT+LSTM,5,3090,fri_am,0.0,0.0001438941399101168,0.0,0.20277777777777778,0.75,0.0,20
B,GAT+LSTM,5,3091,fri_am,0.0,0.00013732019579038024,0.0,0.21180555555555555,0.7777777777777779,0.0,20
B,GAT+LSTM,5,3092,fri_am,0.0,0.00015797867672517896,0.0,0.2232142857142857,0.8055555555555556,0.0,20
B,GAT+LSTM,5,3093,fri_am,0.0,0.0044127875007689,0.0,0.18154761904761904,0.7777777777777779,0.0,20
B,GAT+LSTM,5,3094,fri_am,0.0,0.0003443702298682183,0.0,0.18154761904761904,0.7777777777777779,0.0,20
B,GAT+LSTM,5,3095,fri_am,0.0,0.0001723438035696745,0.0,0.18154761904761904,0.7777777777777779,0.0,20
B,GAT+LSTM,5,3096,fri_am,0.0,0.0001419509353581816,0.0,0.18154761904761904,0.7777777777777779,0.0,20
B,GAT+LSTM,5,3097,fri_am,0.0,0.00014593283412978053,0.0,0.18154761904761904,0.7777777777777779,0.0,20
B,GAT+LSTM,5,3098,fri_am,0.0,0.00033497114782221615,0.0,0.0625,0.631578947368421,0.0,20
B,GAT+LSTM,5,3099,fri_am,0.0,0.001157787861302495,0.0,0.5,,0.0,20
B,GAT+LSTM,5,3100,fri_am,0.0,0.00017361415666528046,0.0,0.5,,0.0,20
B,GAT+LSTM,5,3101,fri_am,0.0,0.00019527396943885833,0.0,0.5,,0.0,20
B,GAT+LSTM,5,3102,fri_am,0.0,0.0001801698381314054,0.0,0.5,,0.0,20
B,GAT+LSTM,5,3103,fri_am,0.0,0.00017452803149353713,0.0,0.5,,0.0,20
B,GAT+LSTM,5,3104,fri_am,0.0,0.0002739130286499858,0.0,0.5,,0.0,20
B,GAT+LSTM,5,3105,fri_am,0.0,0.00014321492926683277,0.0,0.5,,0.0,20
B,GAT+LSTM,5,3106,fri_am,0.0,0.00015422522847075015,0.0,0.5,,0.0,20
B,GAT+LSTM,5,3107,fri_am,0.0,0.00014115942758508027,0.0,0.5,,0.0,20
B,GAT+LSTM,5,3108,fri_am,0.0,0.00017587616457603872,0.0,0.5,,0.0,20
B,GAT+LSTM,5,3109,fri_am,0.0,0.00016382031026296318,0.0,0.5,,0.0,20
B,GAT+LSTM,5,3110,fri_am,1.0,0.00016947246331255883,0.0,0.041666666666666664,0.42105263157894735,0.0,20
B,GAT+LSTM,5,3111,fri_am,1.0,0.00020539684919640422,0.0,0.10096153846153846,0.5555555555555556,0.0,20
B,GAT+LSTM,5,3112,fri_am,1.0,0.00024418599787168205,0.0,0.16452991452991453,0.588235294117647,0.0,20
B,GAT+LSTM,5,3113,fri_am,1.0,0.00021156012371648103,0.0,0.25146520146520146,0.65625,0.0,20
B,GAT+LSTM,5,3114,fri_am,1.0,0.00019018325838260353,0.0,0.3393406593406594,0.7066666666666668,0.0,20
B,GAT+LSTM,5,3115,fri_am,1.0,0.000267090363195166,0.0,0.39501424501424504,0.7142857142857144,0.0,20
B,GAT+LSTM,5,3116,fri_am,1.0,0.00026335756410844624,0.0,0.4370464852607709,0.7032967032967032,0.0,20
B,GAT+LSTM,5,3117,fri_am,1.0,0.0004196380905341357,0.0,0.488284632034632,0.7083333333333333,0.0,20
B,GAT+LSTM,5,3118,fri_am,1.0,0.0006789541803300381,0.0,0.6071919592752926,0.7777777777777778,0.0,20
B,GAT+LSTM,5,3119,fri_am,1.0,0.00041531023452989757,0.0,0.8606511544011544,0.87,0.0,20
B,GAT+LSTM,5,3120,fri_am,1.0,0.0007000262849032879,0.0,0.8915641807687262,0.8787878787878787,0.0,20
B,GAT+LSTM,5,3121,fri_am,1.0,0.000731415580958128,0.0,0.9205657768157768,0.8958333333333333,0.0,20
B,GAT+LSTM,5,3122,fri_am,1.0,0.0010765366023406386,0.0,0.9373851042120271,0.901098901098901,0.0,20
B,GAT+LSTM,5,3123,fri_am,1.0,0.00039213019772432745,0.0,0.9507387453816024,0.9047619047619049,0.0,20
B,GAT+LSTM,5,3124,fri_am,1.0,0.0002368052228121087,0.0,0.9956944444444444,0.9866666666666667,0.0,20
B,GAT+LSTM,5,3125,fri_am,1.0,0.00017526012379676104,0.0,0.992172181372549,0.96875,0.0,20
B,GAT+LSTM,5,3126,fri_am,1.0,0.00015309717855416238,0.0,0.9862686922034036,0.9215686274509803,0.0,20
B,GAT+LSTM,5,3127,fri_am,1.0,0.00014714497956447303,0.0,0.981329788250583,0.8333333333333333,0.0,20
B,GAT+LSTM,5,3128,fri_am,1.0,0.0001581176184117794,0.0,0.9914421631995363,0.8421052631578947,0.0,20
B,GAT+LSTM,5,3129,fri_am,1.0,0.0002053424104815349,0.0,1.0000000000000002,,0.0,20
B,GAT+LSTM,5,3130,fri_am,0.0,0.0002115593379130587,0.0,0.9773122399751859,0.631578947368421,0.0,20
B,GAT+LSTM,5,3131,fri_am,1.0,0.00018623268988449126,0.0,0.9773122399751859,0.631578947368421,0.0,20
B,GAT+LSTM,5,3132,fri_am,0.0,0.0001621929695829749,0.0,0.9659370677720782,0.7222222222222223,0.0,20
B,GAT+LSTM,5,3133,fri_am,0.0,0.0001510852889623493,0.0,0.9588163033368826,0.7843137254901961,0.0,20
B,GAT+LSTM,5,3134,fri_am,1.0,0.00015041831647977233,0.0,0.9524621466071111,0.7450980392156863,0.0,20
B,GAT+LSTM,5,3135,fri_am,1.0,0.0001813366252463311,0.0,0.9468471733450791,0.7254901960784315,0.0,20
B,GAT+LSTM,5,3136,fri_am,1.0,0.00014501537953037769,0.0,0.9339224634913035,0.6666666666666666,0.0,20
B,GAT+LSTM,5,3137,fri_am,1.0,0.00016029083053581417,0.0,0.922964875327833,0.6274509803921569,0.0,20
B,GAT+LSTM,5,3138,fri_am,1.0,0.0001514594623586163,0.0,0.9107846535887877,0.5882352941176471,0.0,20
B,GAT+LSTM,5,3139,fri_am,1.0,0.00017235004634130746,0.0,0.901681012132205,0.5686274509803921,0.0,20
B,GAT+LSTM,5,3140,fri_am,1.0,0.00028881948674097657,0.0,0.901681012132205,0.5686274509803921,0.0,20
B,GAT+LSTM,5,3141,fri_am,1.0,0.00032457351335324347,0.0,0.901681012132205,0.5686274509803921,0.0,20
B,GAT+LSTM,5,3142,fri_am,1.0,0.0004484384844545275,0.0,0.901681012132205,0.5686274509803921,0.0,20
B,GAT+LSTM,5,3143,fri_am,1.0,0.0005241445614956319,0.0,0.901681012132205,0.5686274509803921,0.0,20
B,GAT+LSTM,5,3144,fri_am,1.0,0.0005301809869706631,0.0,0.901681012132205,0.5686274509803921,0.0,20
B,GAT+LSTM,5,3145,fri_am,1.0,0.00035504321567714214,0.0,0.9107846535887877,0.5882352941176471,0.0,20
B,GAT+LSTM,5,3146,fri_am,1.0,0.0005571467336267233,0.0,0.922964875327833,0.6274509803921569,0.0,20
B,GAT+LSTM,5,3147,fri_am,1.0,0.00027791832690127194,0.0,0.9368780574936102,0.6862745098039216,0.0,20
B,GAT+LSTM,5,3148,fri_am,1.0,0.00016672175843268633,0.0,0.9406380230182816,0.7058823529411765,0.0,20
B,GAT+LSTM,5,3149,fri_am,1.0,0.0001540641242172569,0.0,0.9368780574936102,0.6862745098039216,0.0,20
B,GAT+LSTM,5,3150,fri_am,1.0,0.00020161745487712324,0.0,0.9774938094146042,0.8055555555555556,0.0,20
B,GAT+LSTM,5,3151,fri_am,1.0,0.00014020029630046338,0.0,0.9703886347236452,0.75,0.0,20
B,GAT+LSTM,5,3152,fri_am,1.0,0.0001316716952715069,0.0,0.9882494387413319,0.7894736842105263,0.0,20
B,GAT+LSTM,5,3153,fri_am,1.0,0.00013328051136340946,0.0,1.0000000000000002,,0.0,20
B,GAT+LSTM,5,3154,fri_am,1.0,0.00013916300667915493,0.0,1.0000000000000002,,0.0,20
B,GAT+LSTM,5,3155,fri_am,1.0,0.00017828778072725981,0.0,1.0000000000000002,,0.0,20
B,GAT+LSTM,5,3156,fri_am,1.0,0.00019651926413644105,0.0,1.0000000000000002,,0.0,20
B,GAT+LSTM,5,3157,fri_am,1.0,0.00024997119908221066,0.0,1.0000000000000002,,0.0,20
B,GAT+LSTM,5,3158,fri_am,1.0,0.0001956090418389067,0.0,1.0000000000000002,,0.0,20
B,GAT+LSTM,5,3159,fri_am,1.0,0.00015735311899334192,0.0,1.0000000000000002,,0.0,20
B,GAT+LSTM,5,3160,fri_am,1.0,0.00014770023699384183,0.0,1.0000000000000002,,0.0,20
B,GAT+LSTM,5,3161,fri_am,1.0,0.00014960055705159903,0.0,1.0000000000000002,,0.0,20
B,GAT+LSTM,5,3162,fri_am,1.0,0.0001625924778636545,0.0,1.0000000000000002,,0.0,20
B,GAT+LSTM,5,3163,fri_am,1.0,0.00020690762903541327,0.0,1.0000000000000002,,0.0,20
B,GAT+LSTM,5,3164,fri_am,1.0,0.00027603760827332735,0.0,1.0000000000000002,,0.0,20
B,GAT+LSTM,5,3165,fri_am,1.0,0.00028631853638216853,0.0,1.0000000000000002,,0.0,20
B,GAT+LSTM,5,3166,fri_am,1.0,0.0004644086875487119,0.0,1.0000000000000002,,0.0,20
B,GAT+LSTM,5,3167,fri_am,1.0,0.0006605100934393704,0.0,1.0000000000000002,,0.0,20
B,GAT+LSTM,5,3168,fri_am,1.0,0.00048364271060563624,0.0,1.0000000000000002,,0.0,20
B,GAT+LSTM,5,3169,fri_am,1.0,0.0006985930958762765,0.0,1.0000000000000002,,0.0,20
B,GAT+LSTM,5,3170,fri_am,1.0,0.0003531336260493845,0.0,1.0000000000000002,,0.0,20
B,GAT+LSTM,5,3171,fri_am,1.0,0.00032292192918248475,0.0,1.0000000000000002,,0.0,20
B,GAT+LSTM,5,3172,fri_am,1.0,0.0002040563995251432,0.0,1.0000000000000002,,0.0,20
B,GAT+LSTM,5,3173,fri_am,1.0,0.0001763453328749165,0.0,1.0000000000000002,,0.0,20
B,GAT+LSTM,5,3174,fri_am,1.0,0.0003328424645587802,0.0,1.0000000000000002,,0.0,20
B,GAT+LSTM,5,3175,fri_am,0.0,0.00021243092487566173,0.0,0.9685096390673218,0.5263157894736842,0.0,20
B,GAT+LSTM,5,3176,fri_am,1.0,0.0001768139045452699,0.0,0.9685096390673218,0.5263157894736842,0.0,20
B,GAT+LSTM,5,3177,fri_am,1.0,0.00017065035353880376,0.0,0.9634857156223458,0.47368421052631576,0.0,20
B,GAT+LSTM,5,3178,fri_am,1.0,0.00013806569040752947,0.0,0.9634857156223458,0.47368421052631576,0.0,20
B,GAT+LSTM,5,3179,fri_am,1.0,0.00013596825010608882,0.0,0.9634857156223458,0.47368421052631576,0.0,20
B,GAT+LSTM,5,3180,fri_am,1.0,0.0002844514965545386,0.0,0.9685096390673218,0.5263157894736842,0.0,20
B,GAT+LSTM,5,3181,fri_am,1.0,0.015272512100636959,0.0,0.9730949660210697,0.5789473684210527,0.0,20
B,GAT+LSTM,5,3182,fri_am,1.0,0.00030303551466204226,0.0,0.9773122399751859,0.631578947368421,0.0,20
B,GAT+LSTM,5,3183,fri_am,1.0,0.0002526184543967247,0.0,0.9812162307212817,0.6842105263157895,0.0,20
B,GAT+LSTM,5,3184,fri_am,1.0,0.00017680074961390346,0.0,0.9773122399751859,0.631578947368421,0.0,20
B,GAT+LSTM,5,3185,fri_am,1.0,0.00027620504260994494,0.0,0.9773122399751859,0.631578947368421,0.0,20
B,GAT+LSTM,5,3186,fri_am,1.0,0.00028003897750750184,0.0,0.9773122399751859,0.631578947368421,0.0,20
B,GAT+LSTM,5,3187,fri_am,0.0,0.00018881041614804417,0.0,0.9558938090155842,0.6388888888888888,0.0,20
B,GAT+LSTM,5,3188,fri_am,1.0,0.0001539689692435786,0.0,0.9472635503853255,0.5833333333333334,0.0,20
B,GAT+LSTM,5,3189,fri_am,1.0,0.0002481754345353693,0.0,0.9472635503853255,0.5833333333333334,0.0,20
B,GAT+LSTM,5,3190,fri_am,1.0,0.0009777303785085678,0.0,0.9472635503853255,0.5833333333333334,0.0,20
B,GAT+LSTM,5,3191,fri_am,1.0,0.0001624374999664724,0.0,0.9378974535192287,0.5277777777777778,0.0,20
B,GAT+LSTM,5,3192,fri_am,1.0,0.00024217441387008876,0.0,0.943200483822259,0.5555555555555556,0.0,20
B,GAT+LSTM,5,3193,fri_am,1.0,0.00016547925770282745,0.0,0.943200483822259,0.5555555555555556,0.0,20
B,GAT+LSTM,5,3194,fri_am,1.0,0.00014533915964420885,0.0,0.9335203491421243,0.5,0.0,20
B,GAT+LSTM,5,3195,fri_am,0.0,0.00013729505008086562,0.0,0.9616114652556862,0.7222222222222222,0.0,20
B,GAT+LSTM,5,3196,fri_am,0.0,0.00017229205695912242,0.0,0.9375897357867855,0.6862745098039216,0.0,20
B,GAT+LSTM,5,3197,fri_am,0.0,0.00014293020649347454,0.0,0.9344902316143608,0.75,0.0,20
B,GAT+LSTM,5,3198,fri_am,1.0,0.00017612554074730724,0.0,0.9422015001252617,0.78125,0.0,20
B,GAT+LSTM,5,3199,fri_am,0.0,0.00018590145919006318,0.0,0.9274036257859787,0.7866666666666666,0.0,20
B,GAT+LSTM,5,3200,fri_am,1.0,0.00015944585902616382,0.0,0.9105249489073017,0.7466666666666667,0.0,20
B,GAT+LSTM,5,3201,fri_am,0.0,0.0001549182488815859,0.0,0.8897514017261916,0.75,0.0,20
B,GAT+LSTM,5,3202,fri_am,1.0,0.0001543764810776338,0.0,0.8641973922436106,0.7023809523809523,0.0,20
B,GAT+LSTM,5,3203,fri_am,0.0,0.00015123952471185476,0.0,0.8374960258444419,0.7142857142857143,0.0,20
B,GAT+LSTM,5,3204,fri_am,1.0,0.00016399128071498126,0.0,0.8312994446478608,0.7032967032967034,0.0,20
B,GAT+LSTM,5,3205,fri_am,1.0,0.00020027357095386833,0.0,0.8312994446478608,0.7032967032967034,0.0,20
B,GAT+LSTM,5,3206,fri_am,1.0,0.00014655910490546376,0.0,0.7930588673518537,0.6483516483516484,0.0,20
B,GAT+LSTM,5,3207,fri_am,1.0,0.0003493408439680934,0.0,0.8665563428168469,0.7261904761904762,0.0,20
B,GAT+LSTM,5,3208,fri_am,0.0,0.00027578294975683093,0.0,0.773993637709701,0.6593406593406593,0.0,20
B,GAT+LSTM,5,3209,fri_am,1.0,0.0004255888925399631,0.0,0.7964295351455983,0.6703296703296704,0.0,20
B,GAT+LSTM,5,3210,fri_am,1.0,0.00013995238987263292,0.0,0.7467506713339054,0.6043956043956045,0.0,20
B,GAT+LSTM,5,3211,fri_am,1.0,0.0001744624605635181,0.0,0.7533898654730995,0.6153846153846154,0.0,20
B,GAT+LSTM,5,3212,fri_am,1.0,0.00030606388463638723,0.0,0.7758257629089969,0.6263736263736264,0.0,20
B,GAT+LSTM,5,3213,fri_am,1.0,0.00017192757513839751,0.0,0.7758257629089969,0.6263736263736264,0.0,20
B,GAT+LSTM,5,3214,fri_am,1.0,0.0008555063977837563,0.0,0.8169635247198355,0.6813186813186813,0.0,20
B,GAT+LSTM,5,3215,fri_am,0.0,0.00016452364798169583,0.0,0.7987580162487877,0.6263736263736264,0.0,20
B,GAT+LSTM,5,3216,fri_am,1.0,0.0009942069882526994,0.0,0.8494299222572109,0.6666666666666667,0.0,20
B,GAT+LSTM,5,3217,fri_am,1.0,0.0006160220364108682,0.0,0.8726963086792807,0.64,0.0,20
B,GAT+LSTM,5,3218,fri_am,1.0,0.0001500098005635664,0.0,0.8619874206174515,0.6000000000000001,0.0,20
B,GAT+LSTM,5,3219,fri_am,1.0,0.00017946412845049053,0.0,0.8996407572851555,0.640625,0.0,20
B,GAT+LSTM,5,3220,fri_am,1.0,0.0002811314770951867,0.0,0.9125822428828911,0.671875,0.0,20
B,GAT+LSTM,5,3221,fri_am,1.0,0.00016722948930691928,0.0,0.9269780190468591,0.6470588235294117,0.0,20
B,GAT+LSTM,5,3222,fri_am,1.0,0.0002490128099452704,0.0,0.9307379845715305,0.6666666666666666,0.0,20
B,GAT+LSTM,5,3223,fri_am,0.0,0.00016379203589167446,0.0,0.9307379845715305,0.6666666666666666,0.0,20
B,GAT+LSTM,5,3224,fri_am,0.0,0.0017326236702501774,0.0,0.7607050835838569,0.515625,0.0,20
B,GAT+LSTM,5,3225,fri_am,1.0,0.0001926006661960855,0.0,0.7607050835838569,0.515625,0.0,20
B,GAT+LSTM,5,3226,fri_am,1.0,0.0001486937835579738,0.0,0.7607050835838569,0.515625,0.0,20
B,GAT+LSTM,5,3227,fri_am,1.0,0.00017889690934680402,0.0,0.7543186748536982,0.5,0.0,20
B,GAT+LSTM,5,3228,fri_am,1.0,0.004820602014660835,0.0,0.8516063319104659,0.5686274509803922,0.0,20
B,GAT+LSTM,5,3229,fri_am,1.0,0.00025129481218755245,0.0,0.8516063319104659,0.5686274509803922,0.0,20
B,GAT+LSTM,5,3230,fri_am,1.0,0.0002842993999365717,0.0,0.8578995845056216,0.607843137254902,0.0,20
B,GAT+LSTM,5,3231,fri_am,1.0,0.0001717306295176968,0.0,0.8578995845056216,0.607843137254902,0.0,20
B,GAT+LSTM,5,3232,fri_am,1.0,0.0002266949013574049,0.0,0.8578995845056216,0.607843137254902,0.0,20
B,GAT+LSTM,5,3233,fri_am,1.0,0.0007100116927176714,0.0,0.8578995845056216,0.607843137254902,0.0,20
B,GAT+LSTM,5,3234,fri_am,1.0,0.0001940152869792655,0.0,0.8578995845056216,0.607843137254902,0.0,20
B,GAT+LSTM,5,3235,fri_am,1.0,0.00017648680659476668,0.0,0.8682800293674907,0.4722222222222222,0.0,20
B,GAT+LSTM,5,3236,fri_am,1.0,0.0008047428564168513,0.0,0.8682800293674907,0.4722222222222222,0.0,20
B,GAT+LSTM,5,3237,fri_am,1.0,0.0032850243151187897,0.0,0.8914281775156389,0.5,0.0,20
B,GAT+LSTM,5,3238,fri_am,1.0,0.00018763687694445252,0.0,0.8942613770722646,0.5277777777777778,0.0,20
B,GAT+LSTM,5,3239,fri_am,1.0,0.7694568634033203,0.10526315789473684,0.9104650807759683,0.5555555555555556,0.0,20
B,GAT+LSTM,5,3666,fri_pm_scan,0.0,0.11007469147443771,0.1111111111111111,0.7982191390632476,0.3921568627450981,0.0,20
B,GAT+LSTM,5,3667,fri_pm_scan,1.0,0.10565243661403656,0.1111111111111111,0.8065524723965809,0.411764705882353,0.0,20
B,GAT+LSTM,5,3668,fri_pm_scan,0.0,0.038871508091688156,0.11764705882352941,0.7327311451126274,0.34375,0.0,20
B,GAT+LSTM,5,3669,fri_pm_scan,0.0,0.005882585421204567,0.11764705882352941,0.6812198476188415,0.140625,0.0,20
B,GAT+LSTM,5,3670,fri_pm_scan,0.0,0.004200809635221958,0.11764705882352941,0.6767555619045558,0.125,0.0,20
B,GAT+LSTM,5,3671,fri_pm_scan,0.0,0.0005071988562121987,0.125,0.6407726876380127,0.18666666666666665,0.0,20
B,GAT+LSTM,5,3672,fri_pm_scan,0.0,0.0001527007552795112,0.13333333333333333,0.6334406615670437,0.3333333333333333,0.0,20
B,GAT+LSTM,5,3673,fri_pm_scan,0.0,0.0003094739804510027,0.14285714285714285,0.6033765743398989,0.3626373626373627,0.0,20
B,GAT+LSTM,5,3674,fri_pm_scan,0.0,0.00017807423137128353,0.15384615384615385,0.5772525229471824,0.40625,0.0,20
B,GAT+LSTM,5,3675,fri_pm_scan,0.0,0.0003137196181342006,0.16666666666666666,0.5500490415157597,0.42424242424242425,0.0,20
B,GAT+LSTM,5,3676,fri_pm_scan,0.0,0.0001405078510288149,0.18181818181818182,0.5450077210371328,0.5,0.0,20
B,GAT+LSTM,5,3677,fri_pm_scan,0.0,0.00016969609714578837,0.2,0.5452881722489566,0.5757575757575757,0.0,20
B,GAT+LSTM,5,3678,fri_pm_scan,0.0,0.00018382014241069555,0.2222222222222222,0.5412831398585075,0.625,0.0,20
B,GAT+LSTM,5,3679,fri_pm_scan,0.0,0.0001582492986926809,0.25,0.5252250725465011,0.6483516483516483,0.0,20
B,GAT+LSTM,5,3680,fri_pm_scan,0.0,0.00014097917301114649,0.2857142857142857,0.5328823953823953,0.7023809523809523,0.0,20
B,GAT+LSTM,5,3681,fri_pm_scan,0.0,0.0001407720410497859,0.3333333333333333,0.5637445887445887,0.7866666666666667,0.0,20
B,GAT+LSTM,5,3682,fri_pm_scan,0.0,0.00014679112064186484,0.4,0.574025974025974,0.8125,0.0,20
B,GAT+LSTM,5,3683,fri_pm_scan,0.0,0.00019841241009999067,0.5,0.6065656565656565,0.8235294117647058,0.0,20
B,GAT+LSTM,5,3684,fri_pm_scan,0.0,0.0002600021834950894,0.6666666666666666,0.7916666666666666,0.9722222222222222,0.0,20
B,GAT+LSTM,5,3685,fri_pm_scan,0.0,0.0002298996114404872,0.0,0.25,0.9473684210526316,0.0,20
B,GAT+LSTM,5,3686,fri_pm_scan,0.0,0.00016230296751018614,0.0,1.0,1.0,0.0,20
B,GAT+LSTM,5,3687,fri_pm_scan,0.0,0.00511999661102891,0.0,0.5,,0.0,20
B,GAT+LSTM,5,3688,fri_pm_scan,0.0,0.0010822218609973788,0.0,0.5,,0.0,20
B,GAT+LSTM,5,3689,fri_pm_scan,0.0,0.0006034899270161986,0.0,0.5,,0.0,20
B,GAT+LSTM,5,3690,fri_pm_scan,0.0,0.06002810597419739,0.0,0.5,,0.0,20
B,GAT+LSTM,5,3691,fri_pm_scan,0.0,0.021413076668977737,0.0,0.5,,0.0,20
B,GAT+LSTM,5,3692,fri_pm_scan,0.0,0.09063868969678879,0.0,0.5,,0.0,20
B,GAT+LSTM,5,3693,fri_pm_scan,0.0,0.1327594518661499,0.0,0.5,,0.0,20
B,GAT+LSTM,5,3694,fri_pm_scan,0.0,0.0007140507805161178,0.0,0.5,,0.0,20
B,GAT+LSTM,5,3695,fri_pm_scan,0.0,0.0008145614992827177,0.0,0.5,,0.0,20
B,GAT+LSTM,5,3696,fri_pm_scan,0.0,0.0007529028225690126,0.0,0.5,,0.0,20
B,GAT+LSTM,5,3697,fri_pm_scan,0.0,0.00013495917664840817,0.0,0.5,,0.0,20
B,GAT+LSTM,5,3698,fri_pm_scan,0.0,0.00013746325566899031,0.0,0.5,,0.0,20
B,GAT+LSTM,5,3699,fri_pm_scan,0.0,0.0001492322626290843,0.0,0.5,,0.0,20
B,GAT+LSTM,5,3700,fri_pm_scan,0.0,0.00014502560952678323,0.0,0.5,,0.0,20
B,GAT+LSTM,5,3701,fri_pm_scan,1.0,0.00016001808398868889,0.0,0.03333333333333333,0.26315789473684215,0.0,20
B,GAT+LSTM,5,3702,fri_pm_scan,0.0,0.0001427762908861041,0.0,0.03333333333333333,0.26315789473684215,0.0,20
B,GAT+LSTM,5,3703,fri_pm_scan,1.0,0.00013955820759292692,0.0,0.06034080298786181,0.19444444444444448,0.0,20
B,GAT+LSTM,5,3704,fri_pm_scan,1.0,0.00014150913921184838,0.0,0.09023064353946707,0.1764705882352941,0.0,20
B,GAT+LSTM,5,3705,fri_pm_scan,1.0,0.00014710091636516154,0.0,0.12540961897579544,0.203125,0.0,20
B,GAT+LSTM,5,3706,fri_pm_scan,1.0,0.00015169489779509604,0.0,0.1652482729688612,0.24000000000000002,0.0,20
B,GAT+LSTM,5,3707,fri_pm_scan,1.0,0.00015943811740726233,0.0,0.20847404229757172,0.2738095238095238,0.0,20
B,GAT+LSTM,5,3708,fri_pm_scan,1.0,0.00017068046145141125,0.0,0.2552226076910951,0.30769230769230765,0.0,20
B,GAT+LSTM,5,3709,fri_pm_scan,0.0,0.0001428923278581351,0.0,0.27023576913282793,0.3626373626373626,0.0,20
B,GAT+LSTM,5,3710,fri_pm_scan,0.0,0.0001486932160332799,0.0,0.2841143508685525,0.4065934065934066,0.0,20
B,GAT+LSTM,5,3711,fri_pm_scan,0.0,0.00014783338701818138,0.0,0.3017447363560809,0.4505494505494505,0.0,20
B,GAT+LSTM,5,3712,fri_pm_scan,0.0,0.00017411696899216622,0.0,0.3017447363560809,0.4505494505494505,0.0,20
B,GAT+LSTM,5,3713,fri_pm_scan,0.0,0.00013965737889520824,0.0,0.3324482823432403,0.5164835164835164,0.0,20
B,GAT+LSTM,5,3714,fri_pm_scan,0.0,0.000144211167935282,0.0,0.3697241017619169,0.5714285714285714,0.0,20
B,GAT+LSTM,5,3715,fri_pm_scan,0.0,0.00013786704221274704,0.0,0.4301203814859277,0.6483516483516483,0.0,20
B,GAT+LSTM,5,3716,fri_pm_scan,0.0,0.0001326082565356046,0.0,0.5242554072911215,0.7252747252747253,0.0,20
B,GAT+LSTM,5,3717,fri_pm_scan,0.0,0.0005637414287775755,0.0,0.4301203814859277,0.6483516483516483,0.0,20
B,GAT+LSTM,5,3718,fri_pm_scan,0.0,0.00015314403572119772,0.0,0.40305743509525027,0.6043956043956044,0.0,20
B,GAT+LSTM,5,3719,fri_pm_scan,1.0,0.0001519176730653271,0.0,0.45460546908157196,0.625,0.0,20
B,GAT+LSTM,5,3720,fri_pm_scan,1.0,0.00016595568740740418,0.0,0.504859519565402,0.6363636363636364,0.0,20
B,GAT+LSTM,5,3721,fri_pm_scan,1.0,0.0002058807440334931,0.0,0.5141187788246612,0.6464646464646464,0.0,20
B,GAT+LSTM,5,3722,fri_pm_scan,0.0,0.00016655396029818803,0.0,0.4717549697941855,0.595959595959596,0.0,20
B,GAT+LSTM,5,3723,fri_pm_scan,0.0,0.00018448808987159282,0.0,0.41875011732548495,0.6041666666666666,0.0,20
B,GAT+LSTM,5,3724,fri_pm_scan,0.0,0.0001827715168474242,0.0,0.37270150484436193,0.6153846153846154,0.0,20
B,GAT+LSTM,5,3725,fri_pm_scan,0.0,0.0001326873170910403,0.0,0.36021524771524777,0.6785714285714285,0.0,20
B,GAT+LSTM,5,3726,fri_pm_scan,0.0,0.0001453700679121539,0.0,0.3368037518037518,0.72,0.0,20
B,GAT+LSTM,5,3727,fri_pm_scan,0.0,0.00015278378850780427,0.0,0.29471049783549785,0.734375,0.0,20
B,GAT+LSTM,5,3728,fri_pm_scan,0.0,0.00013390713138505816,0.0,0.24576719576719575,0.7450980392156863,0.0,20
B,GAT+LSTM,5,3729,fri_pm_scan,0.0,0.00014275245484896004,0.0,0.24576719576719575,0.7450980392156863,0.0,20
B,GAT+LSTM,5,3730,fri_pm_scan,0.0,0.00014471658505499363,0.0,0.24576719576719575,0.7450980392156863,0.0,20
B,GAT+LSTM,5,3731,fri_pm_scan,0.0,0.0001720656582619995,0.0,0.22759740259740258,0.7058823529411764,0.0,20
B,GAT+LSTM,5,3732,fri_pm_scan,0.0,0.00016320102440658957,0.0,0.23751803751803752,0.7254901960784313,0.0,20
B,GAT+LSTM,5,3733,fri_pm_scan,0.0,0.00017034407937899232,0.0,0.22077922077922074,0.6862745098039216,0.0,20
B,GAT+LSTM,5,3734,fri_pm_scan,0.0,0.00015738297952339053,0.0,0.21504884004884006,0.6666666666666666,0.0,20
B,GAT+LSTM,5,3735,fri_pm_scan,0.0,0.0001463552180211991,0.0,0.21504884004884006,0.6666666666666666,0.0,20
B,GAT+LSTM,5,3736,fri_pm_scan,0.0,0.00014656175335403532,0.0,0.21504884004884006,0.6666666666666666,0.0,20
B,GAT+LSTM,5,3737,fri_pm_scan,0.0,0.00013546149421017617,0.0,0.4806998556998557,0.7254901960784313,0.0,20
B,GAT+LSTM,5,3738,fri_pm_scan,0.0,0.00014950572222005576,0.0,0.48751803751803746,0.7450980392156863,0.0,20
B,GAT+LSTM,5,3739,fri_pm_scan,0.0,0.0002787377452477813,0.0,0.2232142857142857,0.8055555555555556,0.0,20
B,GAT+LSTM,5,3740,fri_pm_scan,0.0,0.00036977429408580065,0.0,0.16666666666666666,0.8947368421052632,0.0,20
B,GAT+LSTM,5,3741,fri_pm_scan,0.0,0.00015528220683336258,0.0,0.5,,0.0,20
B,GAT+LSTM,5,3742,fri_pm_scan,0.0,0.00013328331988304853,0.0,0.5,,0.0,20
B,GAT+LSTM,5,3743,fri_pm_scan,0.0,0.00014242167526390404,0.0,0.5,,0.0,20
B,GAT+LSTM,5,3744,fri_pm_scan,0.0,0.0006728595471940935,0.0,0.5,,0.0,20
B,GAT+LSTM,5,3745,fri_pm_scan,0.0,0.00016171086463145912,0.0,0.5,,0.0,20
B,GAT+LSTM,5,3746,fri_pm_scan,0.0,0.00015296789933927357,0.0,0.5,,0.0,20
B,GAT+LSTM,5,3747,fri_pm_scan,0.0,0.00014912075130268931,0.0,0.5,,0.0,20
B,GAT+LSTM,5,3748,fri_pm_scan,0.0,0.00013833795674145222,0.0,0.5,,0.0,20
B,GAT+LSTM,5,3749,fri_pm_scan,0.0,0.00013923905498813838,0.0,0.5,,0.0,20
B,GAT+LSTM,5,3750,fri_pm_scan,0.0,0.00015411718050017953,0.0,0.5,,0.0,20
B,GAT+LSTM,5,3751,fri_pm_scan,1.0,0.9596464037895203,1.0,1.0,1.0,0.0,20
B,GAT+LSTM,5,3752,fri_pm_scan,1.0,0.9921127557754517,1.0,1.0,1.0,0.0,20
B,GAT+LSTM,5,3753,fri_pm_scan,1.0,0.9969673752784729,1.0,1.0,1.0,0.0,20
B,GAT+LSTM,5,3754,fri_pm_scan,1.0,0.9972143769264221,1.0,1.0,1.0,0.0,20
B,GAT+LSTM,5,3755,fri_pm_scan,1.0,0.9972687363624573,1.0,1.0,1.0,0.0,20
B,GAT+LSTM,5,3756,fri_pm_scan,1.0,0.9972690939903259,1.0,1.0,1.0,0.0,20
B,GAT+LSTM,5,3757,fri_pm_scan,1.0,0.9972432851791382,1.0,0.9999999999999998,1.0,0.0,20
B,GAT+LSTM,5,3758,fri_pm_scan,1.0,0.9972878694534302,1.0,1.0,1.0,0.0,20
B,GAT+LSTM,5,3759,fri_pm_scan,1.0,0.9972478747367859,1.0,1.0000000000000002,1.0,0.0,20
B,GAT+LSTM,5,3760,fri_pm_scan,1.0,0.997300922870636,1.0,0.9999999999999999,1.0,0.0,20
B,GAT+LSTM,5,3761,fri_pm_scan,1.0,0.9972634315490723,1.0,1.0,1.0,0.0,20
B,GAT+LSTM,5,3762,fri_pm_scan,1.0,0.9972659349441528,1.0,1.0,1.0,0.0,20
B,GAT+LSTM,5,3763,fri_pm_scan,1.0,0.9972877502441406,1.0,0.9999999999999998,1.0,0.0,20
B,GAT+LSTM,5,3764,fri_pm_scan,1.0,0.9972677230834961,1.0,0.9999999999999999,1.0,0.0,20
B,GAT+LSTM,5,3765,fri_pm_scan,1.0,0.9972990155220032,1.0,1.0,1.0,0.0,20
B,GAT+LSTM,5,3766,fri_pm_scan,1.0,0.9973462820053101,1.0,1.0,1.0,0.0,20
B,GAT+LSTM,5,3767,fri_pm_scan,1.0,0.9973751306533813,1.0,1.0,1.0,0.0,20
B,GAT+LSTM,5,3768,fri_pm_scan,1.0,0.9973427653312683,1.0,1.0,1.0,0.0,20
B,GAT+LSTM,5,3769,fri_pm_scan,1.0,0.9972795844078064,1.0,0.9999999999999998,1.0,0.0,20
B,GAT+LSTM,5,3770,fri_pm_scan,1.0,0.9972984194755554,1.0,1.0000000000000002,,0.0,20
B,GAT+LSTM,5,3771,fri_pm_scan,1.0,0.9973300695419312,1.0,1.0000000000000002,,0.0,20
B,GAT+LSTM,5,3772,fri_pm_scan,1.0,0.9974592328071594,1.0,1.0000000000000002,,0.0,20
B,GAT+LSTM,5,3773,fri_pm_scan,1.0,0.997336208820343,1.0,1.0000000000000002,,0.0,20
B,GAT+LSTM,5,3774,fri_pm_scan,1.0,0.9973267316818237,1.0,1.0000000000000002,,0.0,20
B,GAT+LSTM,5,3775,fri_pm_scan,1.0,0.9972836971282959,1.0,1.0000000000000002,,0.0,20
B,GAT+LSTM,5,3776,fri_pm_scan,1.0,0.9973049163818359,1.0,1.0000000000000002,,0.0,20
B,GAT+LSTM,5,3777,fri_pm_scan,1.0,0.9973416924476624,1.0,1.0000000000000002,,0.0,20
B,GAT+LSTM,5,3778,fri_pm_scan,1.0,0.9973556995391846,1.0,1.0000000000000002,,0.0,20
B,GAT+LSTM,5,3779,fri_pm_scan,1.0,0.9976662397384644,1.0,1.0000000000000002,,0.0,20
B,GAT+LSTM,5,3780,fri_pm_scan,1.0,0.9972935318946838,1.0,1.0000000000000002,,0.0,20
B,GAT+LSTM,5,3781,fri_pm_scan,1.0,0.9973399043083191,1.0,1.0000000000000002,,0.0,20
B,GAT+LSTM,5,3782,fri_pm_scan,1.0,0.9974220991134644,1.0,1.0000000000000002,,0.0,20
B,GAT+LSTM,5,3783,fri_pm_scan,1.0,0.9973340034484863,1.0,1.0000000000000002,,0.0,20
B,GAT+LSTM,5,3784,fri_pm_scan,1.0,0.9973475933074951,1.0,1.0000000000000002,,0.0,20
B,GAT+LSTM,5,3785,fri_pm_scan,1.0,0.997326135635376,1.0,1.0000000000000002,,0.0,20
B,GAT+LSTM,5,3786,fri_pm_scan,1.0,0.9976857900619507,1.0,1.0000000000000002,,0.0,20
B,GAT+LSTM,5,3787,fri_pm_scan,1.0,0.9975395202636719,1.0,1.0000000000000002,,0.0,20
B,GAT+LSTM,5,3788,fri_pm_scan,1.0,0.9977133274078369,1.0,1.0000000000000002,,0.0,20
B,GAT+LSTM,5,3789,fri_pm_scan,1.0,0.9990708827972412,1.0,1.0000000000000002,,0.0,20
B,GAT+LSTM,5,3790,fri_pm_scan,1.0,0.9967695474624634,1.0,1.0000000000000002,,0.0,20
B,GAT+LSTM,5,3791,fri_pm_scan,1.0,0.9971290230751038,1.0,1.0000000000000002,,0.0,20
B,GAT+LSTM,5,3792,fri_pm_scan,1.0,0.9973401427268982,1.0,1.0000000000000002,,0.0,20
B,GAT+LSTM,5,3793,fri_pm_scan,1.0,0.9969087243080139,1.0,1.0000000000000002,,0.0,20
B,GAT+LSTM,5,3794,fri_pm_scan,1.0,0.9970024228096008,1.0,1.0000000000000002,,0.0,20
B,GAT+LSTM,5,3795,fri_pm_scan,1.0,0.9968848824501038,1.0,1.0000000000000002,,0.0,20
B,GAT+LSTM,5,3796,fri_pm_scan,1.0,0.9968019723892212,1.0,1.0000000000000002,,0.0,20
B,GAT+LSTM,5,3797,fri_pm_scan,1.0,0.9968245029449463,1.0,1.0000000000000002,,0.0,20
B,GAT+LSTM,5,3798,fri_pm_scan,1.0,0.9969112277030945,1.0,1.0000000000000002,,0.0,20
B,GAT+LSTM,5,3799,fri_pm_scan,1.0,0.996871292591095,1.0,1.0000000000000002,,0.0,20
B,GAT+LSTM,5,3800,fri_pm_scan,1.0,0.9968075752258301,1.0,1.0000000000000002,,0.0,20
B,GAT+LSTM,5,3801,fri_pm_scan,1.0,0.9969760179519653,1.0,1.0000000000000002,,0.0,20
B,GAT+LSTM,5,3802,fri_pm_scan,1.0,0.9970679879188538,1.0,1.0000000000000002,,0.0,20
B,GAT+LSTM,5,3803,fri_pm_scan,1.0,0.9972310662269592,1.0,1.0000000000000002,,0.0,20
B,GAT+LSTM,5,3804,fri_pm_scan,1.0,0.9969953298568726,1.0,1.0000000000000002,,0.0,20
B,GAT+LSTM,5,3805,fri_pm_scan,1.0,0.9969844222068787,1.0,1.0000000000000002,,0.0,20
B,GAT+LSTM,5,3806,fri_pm_scan,1.0,0.9970278143882751,1.0,1.0000000000000002,,0.0,20
B,GAT+LSTM,5,3807,fri_pm_scan,1.0,0.9968473315238953,1.0,1.0000000000000002,,0.0,20
B,GAT+LSTM,5,3808,fri_pm_scan,1.0,0.9969346523284912,1.0,1.0000000000000002,,0.0,20
B,GAT+LSTM,5,3809,fri_pm_scan,1.0,0.996882438659668,1.0,1.0000000000000002,,0.0,20
B,GAT+LSTM,5,3810,fri_pm_scan,1.0,0.9970537424087524,1.0,1.0000000000000002,,0.0,20
B,GAT+LSTM,5,3811,fri_pm_scan,1.0,0.9969276785850525,1.0,1.0000000000000002,,0.0,20
B,GAT+LSTM,5,3812,fri_pm_scan,1.0,0.996931791305542,1.0,1.0000000000000002,,0.0,20
B,GAT+LSTM,5,3813,fri_pm_scan,1.0,0.9970217347145081,1.0,1.0000000000000002,,0.0,20
B,GAT+LSTM,5,3814,fri_pm_scan,1.0,0.9969847798347473,1.0,1.0000000000000002,,0.0,20
B,GAT+LSTM,5,3815,fri_pm_scan,1.0,0.9968612194061279,1.0,1.0000000000000002,,0.0,20
B,GAT+LSTM,5,3816,fri_pm_scan,1.0,0.9968562126159668,1.0,1.0000000000000002,,0.0,20
B,GAT+LSTM,5,3817,fri_pm_scan,1.0,0.9970518350601196,1.0,1.0000000000000002,,0.0,20
B,GAT+LSTM,5,3818,fri_pm_scan,1.0,0.9969503283500671,1.0,1.0000000000000002,,0.0,20
B,GAT+LSTM,5,3819,fri_pm_scan,1.0,0.9970281720161438,1.0,1.0000000000000002,,0.0,20
B,GAT+LSTM,5,3820,fri_pm_scan,1.0,0.9970786571502686,1.0,1.0000000000000002,,0.0,20
B,GAT+LSTM,5,3821,fri_pm_scan,1.0,0.9970224499702454,1.0,1.0000000000000002,,0.0,20
B,GAT+LSTM,5,3822,fri_pm_scan,1.0,0.9975966811180115,1.0,1.0000000000000002,,0.0,20
B,GAT+LSTM,5,3823,fri_pm_scan,1.0,0.9969229102134705,1.0,1.0000000000000002,,0.0,20
B,GAT+LSTM,5,3824,fri_pm_scan,1.0,0.9971230626106262,1.0,1.0000000000000002,,0.0,20
B,GAT+LSTM,5,3825,fri_pm_scan,1.0,0.9968632459640503,1.0,1.0000000000000002,,0.0,20
B,GAT+LSTM,5,3826,fri_pm_scan,1.0,0.9970274567604065,1.0,1.0000000000000002,,0.0,20
B,GAT+LSTM,5,3827,fri_pm_scan,1.0,0.99703049659729,1.0,1.0000000000000002,,0.0,20
B,GAT+LSTM,5,3828,fri_pm_scan,1.0,0.9969471096992493,1.0,1.0000000000000002,,0.0,20
B,GAT+LSTM,5,3829,fri_pm_scan,1.0,0.9971400499343872,1.0,1.0000000000000002,,0.0,20
B,GAT+LSTM,5,3830,fri_pm_scan,1.0,0.9973400235176086,1.0,1.0000000000000002,,0.0,20
B,GAT+LSTM,5,3831,fri_pm_scan,1.0,0.9976916313171387,1.0,1.0000000000000002,,0.0,20
B,GAT+LSTM,5,3832,fri_pm_scan,1.0,0.9974246025085449,1.0,1.0000000000000002,,0.0,20
B,GAT+LSTM,5,3833,fri_pm_scan,1.0,0.9980490207672119,1.0,1.0000000000000002,,0.0,20
B,GAT+LSTM,5,3834,fri_pm_scan,1.0,0.9973545074462891,1.0,1.0000000000000002,,0.0,20
B,GAT+LSTM,5,3835,fri_pm_scan,1.0,0.9970811009407043,1.0,1.0000000000000002,,0.0,20
B,GAT+LSTM,5,3836,fri_pm_scan,1.0,0.9970219731330872,1.0,1.0000000000000002,,0.0,20
B,GAT+LSTM,5,3837,fri_pm_scan,1.0,0.9976733326911926,1.0,1.0000000000000002,,0.0,20
B,GAT+LSTM,5,3838,fri_pm_scan,0.0,0.9915720224380493,0.9743589743589743,0.9999999999999998,1.0,1.0,20
B,GAT+LSTM,5,3839,fri_pm_scan,0.0,0.9361776113510132,0.9473684210526315,1.0,1.0,1.0,20
B,GAT+LSTM,5,3840,fri_pm_scan,0.0,0.8660755157470703,0.918918918918919,1.0,1.0,1.0,20
B,GAT+LSTM,5,3841,fri_pm_scan,0.0,0.9287810921669006,0.8888888888888888,1.0,1.0,1.0,20
B,GAT+LSTM,5,3842,fri_pm_scan,0.0,0.3185015618801117,0.8823529411764706,1.0,1.0,0.8,20
B,GAT+LSTM,5,3843,fri_pm_scan,1.0,0.022228438407182693,0.8484848484848485,0.9828947368421053,0.9333333333333333,0.8,20
B,GAT+LSTM,5,3844,fri_pm_scan,0.0,0.00018393217760603875,0.8387096774193549,0.9806808688387635,0.9404761904761905,0.6666666666666666,20
B,GAT+LSTM,5,3845,fri_pm_scan,0.0,0.00015790684847161174,0.8275862068965517,0.978004022121669,0.9450549450549451,0.5714285714285714,20
B,GAT+LSTM,5,3846,fri_pm_scan,0.0,0.0002759010239969939,0.8148148148148148,0.9747242647058824,0.9479166666666666,0.5,20
B,GAT+LSTM,5,3847,fri_pm_scan,1.0,0.040951602160930634,0.7692307692307693,0.9478145424836603,0.8958333333333334,0.5,20
B,GAT+LSTM,5,3848,fri_pm_scan,1.0,0.9811710119247437,0.7692307692307693,0.9398599970291147,0.8854166666666667,0.5,20
B,GAT+LSTM,5,3849,fri_pm_scan,1.0,0.9973949193954468,0.7692307692307693,0.9398599970291147,0.8854166666666667,0.5,20
B,GAT+LSTM,5,3850,fri_pm_scan,1.0,0.9978870749473572,0.7692307692307693,0.9398599970291147,0.8854166666666667,0.5,20
B,GAT+LSTM,5,3851,fri_pm_scan,1.0,0.9975046515464783,0.7692307692307693,0.9398599970291147,0.8854166666666667,0.5,20
B,GAT+LSTM,5,3852,fri_pm_scan,1.0,0.9975107908248901,0.7692307692307693,0.9398599970291147,0.8854166666666667,0.5,20
B,GAT+LSTM,5,3853,fri_pm_scan,1.0,0.9991645812988281,0.7692307692307693,0.9398599970291147,0.8854166666666667,0.5,20
B,GAT+LSTM,5,3854,fri_pm_scan,1.0,0.9983507394790649,0.7692307692307693,0.9398599970291147,0.8854166666666667,0.5,20
B,GAT+LSTM,5,3855,fri_pm_scan,0.0,0.9872925281524658,0.72,0.9143291200777832,0.8585858585858587,0.5555555555555556,20
B,GAT+LSTM,5,3856,fri_pm_scan,0.0,0.9540761709213257,0.6666666666666666,0.8912173202614379,0.84,0.6,20
B,GAT+LSTM,5,3857,fri_pm_scan,1.0,0.9205795526504517,0.6666666666666666,0.8486532176973353,0.79,0.6,20
B,GAT+LSTM,5,3858,fri_pm_scan,0.0,0.7817810773849487,0.6666666666666666,0.8640870893812069,0.81,0.6,20
B,GAT+LSTM,5,3859,fri_pm_scan,1.0,0.007911276072263718,0.6666666666666666,0.8558137717897076,0.7777777777777779,0.5555555555555556,20
B,GAT+LSTM,5,3860,fri_pm_scan,0.0,0.00013657416275236756,0.6956521739130435,0.86733399176581,0.8080808080808082,0.4444444444444444,20
B,GAT+LSTM,5,3861,fri_pm_scan,0.0,0.0001365604839520529,0.7272727272727273,0.8874139749139749,0.8484848484848485,0.3333333333333333,20
B,GAT+LSTM,5,3862,fri_pm_scan,0.0,0.00013529225543607026,0.7272727272727273,0.9027895084713267,0.8787878787878789,0.3333333333333333,20
B,GAT+LSTM,5,3863,fri_pm_scan,0.0,0.00017444016702938825,0.7619047619047619,0.9153212065712065,0.9099999999999999,0.3,20
B,GAT+LSTM,5,3864,fri_pm_scan,0.0,0.0002307470713276416,0.7619047619047619,0.9153212065712065,0.9099999999999999,0.3,20
B,GAT+LSTM,5,3865,fri_pm_scan,1.0,0.00018076332344207913,0.7272727272727273,0.8936632180950363,0.8585858585858586,0.3333333333333333,20
B,GAT+LSTM,5,3866,fri_pm_scan,1.0,0.009556190110743046,0.6956521739130435,0.889362604987605,0.8333333333333333,0.375,20
B,GAT+LSTM,5,3867,fri_pm_scan,1.0,0.5278559923171997,0.75,0.889362604987605,0.8333333333333333,0.375,20
B,GAT+LSTM,5,3868,fri_pm_scan,1.0,0.9844879508018494,0.75,0.889362604987605,0.8333333333333333,0.375,20
B,GAT+LSTM,5,3869,fri_pm_scan,1.0,0.9980196952819824,0.75,0.889362604987605,0.8333333333333333,0.375,20
B,GAT+LSTM,5,3870,fri_pm_scan,1.0,0.9972115159034729,0.75,0.889362604987605,0.8333333333333333,0.375,20
B,GAT+LSTM,5,3871,fri_pm_scan,1.0,0.9989659786224365,0.75,0.889362604987605,0.8333333333333333,0.375,20
B,GAT+LSTM,5,3872,fri_pm_scan,1.0,0.9983950257301331,0.75,0.889362604987605,0.8333333333333333,0.375,20
B,GAT+LSTM,5,3873,fri_pm_scan,0.0,0.9937955141067505,0.6956521739130435,0.8297144143735053,0.7777777777777778,0.4444444444444444,20
B,GAT+LSTM,5,3874,fri_pm_scan,0.0,0.955396294593811,0.6363636363636364,0.7673627761127761,0.73,0.5,20
B,GAT+LSTM,5,3875,fri_pm_scan,0.0,0.8972700238227844,0.6363636363636364,0.7867873792873792,0.75,0.5,20
B,GAT+LSTM,5,3876,fri_pm_scan,0.0,0.794642448425293,0.6363636363636364,0.7954183316683316,0.76,0.5,20
B,GAT+LSTM,5,3877,fri_pm_scan,0.0,0.30924656987190247,0.6,0.7734984922484924,0.7474747474747475,0.45454545454545453,20
B,GAT+LSTM,5,3878,fri_pm_scan,0.0,0.004151880741119385,0.631578947368421,0.7895682249848917,0.7777777777777777,0.36363636363636365,20
B,GAT+LSTM,5,3879,fri_pm_scan,0.0,0.00018796099175233394,0.6666666666666666,0.8052714646464647,0.8125,0.3333333333333333,20
B,GAT+LSTM,5,4277,fri_pm_ddos,0.0,0.00017257979197893292,0.6666666666666666,0.8052714646464647,0.8125,0.3333333333333333,20
B,GAT+LSTM,5,4278,fri_pm_ddos,0.0,0.00015792701742611825,0.6666666666666666,0.8052714646464647,0.8125,0.3333333333333333,20
B,GAT+LSTM,5,4279,fri_pm_ddos,0.0,0.000172961808857508,0.6666666666666666,0.8052714646464647,0.8125,0.3333333333333333,20
B,GAT+LSTM,5,4280,fri_pm_ddos,0.0,0.00016000175673980266,0.6666666666666666,0.8052714646464647,0.8125,0.3333333333333333,20
B,GAT+LSTM,5,4281,fri_pm_ddos,0.0,0.00013395349378697574,0.6666666666666666,0.8094381313131314,0.8229166666666666,0.3333333333333333,20
B,GAT+LSTM,5,4282,fri_pm_ddos,0.0,0.00033685998641885817,0.7058823529411765,0.8512626262626262,0.8901098901098902,0.3076923076923077,20
B,GAT+LSTM,5,4283,fri_pm_ddos,0.0,0.00015076551062520593,0.75,0.899074074074074,0.9404761904761905,0.2857142857142857,20
B,GAT+LSTM,5,4284,fri_pm_ddos,0.0,0.0001339465961791575,0.7142857142857143,0.9633333333333334,0.9866666666666667,0.26666666666666666,20
B,GAT+LSTM,5,4285,fri_pm_ddos,0.0,0.00014851907326374203,0.6666666666666666,1.0,1.0,0.25,20
B,GAT+LSTM,5,4286,fri_pm_ddos,0.0,0.0001382704358547926,0.6,1.0,1.0,0.23529411764705882,20
B,GAT+LSTM,5,4287,fri_pm_ddos,0.0,0.000144331410410814,0.5,1.0,1.0,0.2222222222222222,20
B,GAT+LSTM,5,4288,fri_pm_ddos,0.0,0.0003297752409707755,0.3333333333333333,1.0,1.0,0.21052631578947367,20
B,GAT+LSTM,5,4289,fri_pm_ddos,0.0,0.00024864106671884656,0.0,0.5,,0.2,20
B,GAT+LSTM,5,4290,fri_pm_ddos,0.0,0.00021253321028780192,0.0,0.5,,0.15,20
B,GAT+LSTM,5,4291,fri_pm_ddos,0.0,0.00020922670955769718,0.0,0.5,,0.1,20
B,GAT+LSTM,5,4292,fri_pm_ddos,0.0,0.00019285683811176568,0.0,0.5,,0.05,20
B,GAT+LSTM,5,4293,fri_pm_ddos,0.0,0.0001622907439013943,0.0,0.5,,0.0,20
B,GAT+LSTM,5,4294,fri_pm_ddos,0.0,0.00016172797768376768,0.0,0.5,,0.0,20
B,GAT+LSTM,5,4295,fri_pm_ddos,1.0,0.008111177943646908,0.0,1.0,1.0,0.0,20
B,GAT+LSTM,5,4296,fri_pm_ddos,1.0,0.9848323464393616,0.6666666666666666,1.0,1.0,0.0,20
B,GAT+LSTM,5,4297,fri_pm_ddos,1.0,0.9954355359077454,0.8,1.0,1.0,0.0,20
B,GAT+LSTM,5,4298,fri_pm_ddos,1.0,0.9570367336273193,0.8571428571428571,1.0,1.0,0.0,20
B,GAT+LSTM,5,4299,fri_pm_ddos,1.0,0.9916062355041504,0.8888888888888888,1.0,1.0,0.0,20
B,GAT+LSTM,5,4300,fri_pm_ddos,1.0,0.9970318078994751,0.9090909090909091,1.0,1.0,0.0,20
B,GAT+LSTM,5,4301,fri_pm_ddos,1.0,0.997437596321106,0.9230769230769231,0.9999999999999998,1.0,0.0,20
B,GAT+LSTM,5,4302,fri_pm_ddos,1.0,0.9975300431251526,0.9333333333333333,1.0,1.0,0.0,20
B,GAT+LSTM,5,4303,fri_pm_ddos,1.0,0.9976298809051514,0.9411764705882353,1.0000000000000002,1.0,0.0,20
B,GAT+LSTM,5,4304,fri_pm_ddos,1.0,0.9976298809051514,0.9473684210526315,1.0,1.0,0.0,20
B,GAT+LSTM,5,4305,fri_pm_ddos,1.0,0.9977116584777832,0.9523809523809523,1.0,1.0,0.0,20
B,GAT+LSTM,5,4306,fri_pm_ddos,1.0,0.9975385665893555,0.9565217391304348,1.0,1.0,0.0,20
B,GAT+LSTM,5,4307,fri_pm_ddos,1.0,0.9986072182655334,0.96,1.0,1.0,0.0,20
B,GAT+LSTM,5,4308,fri_pm_ddos,0.0,0.9991207718849182,0.9230769230769231,0.7898065609604071,0.8571428571428572,0.14285714285714285,20
B,GAT+LSTM,5,4309,fri_pm_ddos,1.0,0.998469889163971,0.9285714285714286,0.8004836433407863,0.8333333333333334,0.16666666666666666,20
B,GAT+LSTM,5,4310,fri_pm_ddos,1.0,0.9973682761192322,0.9333333333333333,0.8094791782291781,0.8,0.2,20
B,GAT+LSTM,5,4311,fri_pm_ddos,1.0,0.9975104331970215,0.9375,0.8175953692957368,0.75,0.25,20
B,GAT+LSTM,5,4312,fri_pm_ddos,1.0,0.9978335499763489,0.9411764705882353,0.8251710467540917,0.6666666666666667,0.3333333333333333,20
B,GAT+LSTM,5,4313,fri_pm_ddos,1.0,0.9990236759185791,0.9444444444444444,0.8319777745474339,0.5,0.5,20
B,GAT+LSTM,5,4314,fri_pm_ddos,1.0,0.9975752234458923,0.9473684210526315,0.8381202185463226,0.0,1.0,20
B,GAT+LSTM,5,4315,fri_pm_ddos,1.0,0.9976509213447571,0.9743589743589743,0.8381724324143258,0.0,1.0,20
B,GAT+LSTM,5,4316,fri_pm_ddos,1.0,0.9984118938446045,0.9743589743589743,0.8382037607351279,0.0,1.0,20
B,GAT+LSTM,5,4317,fri_pm_ddos,0.0,0.9928646087646484,0.9473684210526315,0.8265362022069969,0.4444444444444444,1.0,20
B,GAT+LSTM,5,4318,fri_pm_ddos,0.0,0.9917703866958618,0.918918918918919,0.8196778226326576,0.627450980392157,1.0,20
B,GAT+LSTM,5,4319,fri_pm_ddos,1.0,0.997071385383606,0.918918918918919,0.8253694594525044,0.6666666666666667,1.0,20
B,GAT+LSTM,5,4320,fri_pm_ddos,1.0,0.9965429902076721,0.918918918918919,0.8253694594525044,0.6666666666666667,1.0,20
B,GAT+LSTM,5,4321,fri_pm_ddos,1.0,0.9972858428955078,0.918918918918919,0.8253694594525044,0.6666666666666667,1.0,20
B,GAT+LSTM,5,4322,fri_pm_ddos,1.0,0.998869001865387,0.918918918918919,0.8253917410924331,0.6666666666666667,1.0,20
B,GAT+LSTM,5,4323,fri_pm_ddos,1.0,0.9977532029151917,0.918918918918919,0.8254511587989095,0.6666666666666667,1.0,20
B,GAT+LSTM,5,4324,fri_pm_ddos,1.0,0.997688889503479,0.918918918918919,0.8254511587989095,0.6666666666666667,1.0,20
B,GAT+LSTM,5,4325,fri_pm_ddos,1.0,0.9976711869239807,0.918918918918919,0.8254511587989095,0.6666666666666667,1.0,20
B,GAT+LSTM,5,4326,fri_pm_ddos,1.0,0.9991568326950073,0.918918918918919,0.8695688058577331,0.6862745098039217,1.0,20
B,GAT+LSTM,5,4327,fri_pm_ddos,0.0,0.9983653426170349,0.8888888888888888,0.8119706172095879,0.59375,1.0,20
B,GAT+LSTM,5,4328,fri_pm_ddos,0.0,0.998691976070404,0.8888888888888888,0.8562414505429211,0.625,1.0,20
B,GAT+LSTM,5,4329,fri_pm_ddos,1.0,0.997398853302002,0.8888888888888888,0.8483545457810164,0.609375,1.0,20
B,GAT+LSTM,5,4330,fri_pm_ddos,1.0,0.9975294470787048,0.8888888888888888,0.8483545457810164,0.609375,1.0,20
B,GAT+LSTM,5,4331,fri_pm_ddos,1.0,0.9979028701782227,0.8888888888888888,0.8483545457810164,0.609375,1.0,20
B,GAT+LSTM,5,4332,fri_pm_ddos,1.0,0.9987887740135193,0.8888888888888888,0.8703039505429211,0.640625,1.0,20
B,GAT+LSTM,5,4333,fri_pm_ddos,1.0,0.9977370500564575,0.8888888888888888,0.8483545457810164,0.609375,1.0,20
B,GAT+LSTM,5,4334,fri_pm_ddos,1.0,0.9977349042892456,0.8888888888888888,0.8483545457810164,0.609375,1.0,20
B,GAT+LSTM,5,4335,fri_pm_ddos,1.0,0.9981221556663513,0.8888888888888888,0.8483545457810164,0.609375,1.0,20
B,GAT+LSTM,5,4336,fri_pm_ddos,0.0,0.9991139769554138,0.8571428571428571,0.732645051027404,0.49333333333333335,1.0,20
B,GAT+LSTM,5,4337,fri_pm_ddos,0.0,0.9989860653877258,0.8571428571428571,0.6644456987800641,0.30666666666666664,1.0,20
B,GAT+LSTM,5,4338,fri_pm_ddos,1.0,0.9975531697273254,0.8888888888888888,0.672588895237889,0.125,1.0,20
B,GAT+LSTM,5,4339,fri_pm_ddos,1.0,0.997612714767456,0.8888888888888888,0.672588895237889,0.125,1.0,20
B,GAT+LSTM,5,4340,fri_pm_ddos,1.0,0.9975563287734985,0.8888888888888888,0.672588895237889,0.125,1.0,20
B,GAT+LSTM,5,4341,fri_pm_ddos,1.0,0.9991483688354492,0.8888888888888888,0.7196127047616986,0.1875,1.0,20
B,GAT+LSTM,5,4342,fri_pm_ddos,1.0,0.9977185726165771,0.8888888888888888,0.7090472285712224,0.15625,1.0,20
B,GAT+LSTM,5,4343,fri_pm_ddos,1.0,0.9977790713310242,0.8888888888888888,0.7090472285712224,0.15625,1.0,20
B,GAT+LSTM,5,4344,fri_pm_ddos,1.0,0.9977127313613892,0.8888888888888888,0.7090472285712224,0.15625,1.0,20
B,GAT+LSTM,5,4345,fri_pm_ddos,1.0,0.9981221556663513,0.8888888888888888,0.7085511968251906,0.15625,1.0,20
B,GAT+LSTM,5,4346,fri_pm_ddos,0.0,0.9956800937652588,0.8571428571428571,0.652382206716572,0.27999999999999997,1.0,20
B,GAT+LSTM,5,4347,fri_pm_ddos,1.0,0.9971222281455994,0.8888888888888888,0.711756834335685,0.3125,1.0,20
B,GAT+LSTM,5,4348,fri_pm_ddos,1.0,0.9973516464233398,0.918918918918919,0.7808128783133337,0.37254901960784315,1.0,20
B,GAT+LSTM,5,4349,fri_pm_ddos,1.0,0.9975144863128662,0.918918918918919,0.7808128783133337,0.37254901960784315,1.0,20
B,GAT+LSTM,5,4350,fri_pm_ddos,1.0,0.9990512728691101,0.918918918918919,0.791036967949188,0.3921568627450981,1.0,20
B,GAT+LSTM,5,4351,fri_pm_ddos,1.0,0.9980311989784241,0.918918918918919,0.791036967949188,0.3921568627450981,1.0,20
B,GAT+LSTM,5,4352,fri_pm_ddos,1.0,0.997812032699585,0.918918918918919,0.7906167998819611,0.3921568627450981,1.0,20
B,GAT+LSTM,5,4353,fri_pm_ddos,1.0,0.9977929592132568,0.918918918918919,0.7906167998819611,0.3921568627450981,1.0,20
B,GAT+LSTM,5,4354,fri_pm_ddos,1.0,0.9991303086280823,0.918918918918919,0.8248604973609528,0.43137254901960786,1.0,20
B,GAT+LSTM,5,4355,fri_pm_ddos,1.0,0.9986534118652344,0.918918918918919,0.8254207214505885,0.43137254901960786,1.0,20
B,GAT+LSTM,5,4356,fri_pm_ddos,1.0,0.997422456741333,0.9473684210526315,0.9131616369812965,0.5833333333333334,1.0,20
B,GAT+LSTM,5,4357,fri_pm_ddos,1.0,0.9975200295448303,0.9743589743589743,0.9999999999999998,1.0,1.0,20
B,GAT+LSTM,5,4358,fri_pm_ddos,1.0,0.9986909031867981,0.9743589743589743,0.9999999999999998,1.0,1.0,20
B,GAT+LSTM,5,4359,fri_pm_ddos,1.0,0.9981929659843445,0.9743589743589743,0.9999999999999998,1.0,1.0,20
B,GAT+LSTM,5,4360,fri_pm_ddos,1.0,0.9977928400039673,0.9743589743589743,0.9999999999999998,1.0,1.0,20
B,GAT+LSTM,5,4361,fri_pm_ddos,1.0,0.9976422190666199,0.9743589743589743,0.9999999999999998,1.0,1.0,20
B,GAT+LSTM,5,4362,fri_pm_ddos,1.0,0.9987720847129822,0.9743589743589743,0.9999999999999998,1.0,1.0,20
B,GAT+LSTM,5,4363,fri_pm_ddos,0.0,0.9990505576133728,0.9473684210526315,0.8969579332775928,0.5555555555555556,1.0,20
B,GAT+LSTM,5,4364,fri_pm_ddos,1.0,0.9983293414115906,0.9473684210526315,0.8969579332775928,0.5555555555555556,1.0,20
B,GAT+LSTM,5,4365,fri_pm_ddos,1.0,0.9974907636642456,0.9473684210526315,0.8969579332775928,0.5555555555555556,1.0,20
B,GAT+LSTM,5,4366,fri_pm_ddos,1.0,0.9976601600646973,0.9743589743589743,0.8996803689222621,0.10526315789473684,1.0,20
B,GAT+LSTM,5,4367,fri_pm_ddos,1.0,0.9987710118293762,0.9743589743589743,0.8996803689222621,0.10526315789473684,1.0,20
B,GAT+LSTM,5,4368,fri_pm_ddos,1.0,0.9977867603302002,0.9743589743589743,0.8996803689222621,0.10526315789473684,1.0,20
B,GAT+LSTM,5,4369,fri_pm_ddos,1.0,0.997745931148529,0.9743589743589743,0.8996803689222621,0.10526315789473684,1.0,20
B,GAT+LSTM,5,4370,fri_pm_ddos,1.0,0.9982374906539917,0.9743589743589743,0.8777505443608586,0.05263157894736842,1.0,20
B,GAT+LSTM,5,4371,fri_pm_ddos,0.0,0.9988874793052673,0.9473684210526315,0.7882141121692205,0.05555555555555555,1.0,20
B,GAT+LSTM,5,4372,fri_pm_ddos,1.0,0.9979208111763,0.9473684210526315,0.7882141121692205,0.05555555555555555,1.0,20
B,GAT+LSTM,5,4373,fri_pm_ddos,1.0,0.9976031184196472,0.9473684210526315,0.7882141121692205,0.05555555555555555,1.0,20
B,GAT+LSTM,5,4374,fri_pm_ddos,1.0,0.9982839226722717,0.9473684210526315,0.7419178158729243,0.0,1.0,20
B,GAT+LSTM,5,4375,fri_pm_ddos,1.0,0.9988725781440735,0.9473684210526315,0.7419178158729243,0.0,1.0,20
B,GAT+LSTM,5,4376,fri_pm_ddos,1.0,0.9978591799736023,0.9473684210526315,0.7419178158729243,0.0,1.0,20
B,GAT+LSTM,5,4377,fri_pm_ddos,1.0,0.9975581169128418,0.9473684210526315,0.7419178158729243,0.0,1.0,20
B,GAT+LSTM,5,4378,fri_pm_ddos,1.0,0.9979318380355835,0.9473684210526315,0.7419178158729243,0.0,1.0,20
B,GAT+LSTM,5,4379,fri_pm_ddos,0.0,0.9985132813453674,0.918918918918919,0.6773596683471934,0.05882352941176472,1.0,20
B,GAT+LSTM,5,4380,fri_pm_ddos,1.0,0.9339720010757446,0.918918918918919,0.6773596683471934,0.05882352941176472,1.0,20
B,GAT+LSTM,5,4381,fri_pm_ddos,1.0,0.9886819124221802,0.918918918918919,0.6773596683471934,0.05882352941176472,1.0,20
B,GAT+LSTM,5,4382,fri_pm_ddos,1.0,0.9971588850021362,0.918918918918919,0.6714773154060169,0.03921568627450981,1.0,20
B,GAT+LSTM,5,4383,fri_pm_ddos,1.0,0.9977843165397644,0.9473684210526315,0.7558067047618131,0.05555555555555555,1.0,20
B,GAT+LSTM,5,4384,fri_pm_ddos,1.0,0.9980366826057434,0.9473684210526315,0.7558067047618131,0.05555555555555555,1.0,20
B,GAT+LSTM,5,4385,fri_pm_ddos,1.0,0.9975558519363403,0.9473684210526315,0.7558067047618131,0.05555555555555555,1.0,20
B,GAT+LSTM,5,4386,fri_pm_ddos,1.0,0.9979276657104492,0.9473684210526315,0.7558067047618131,0.05555555555555555,1.0,20
B,GAT+LSTM,5,4387,fri_pm_ddos,1.0,0.9952031373977661,0.9473684210526315,0.7465474455025538,0.027777777777777776,1.0,20
B,GAT+LSTM,5,4388,fri_pm_ddos,0.0,0.9738962650299072,0.918918918918919,0.7349838449456005,0.33333333333333337,1.0,20
B,GAT+LSTM,5,4389,fri_pm_ddos,1.0,0.9956499934196472,0.918918918918919,0.7349838449456005,0.33333333333333337,1.0,20
B,GAT+LSTM,5,4390,fri_pm_ddos,1.0,0.9975905418395996,0.918918918918919,0.7349838449456005,0.33333333333333337,1.0,20
B,GAT+LSTM,5,4391,fri_pm_ddos,1.0,0.9977284073829651,0.9473684210526315,0.8711132289241165,0.5,1.0,20
B,GAT+LSTM,5,4392,fri_pm_ddos,1.0,0.9981142282485962,0.9473684210526315,0.8711132289241165,0.5,1.0,20
B,GAT+LSTM,5,4393,fri_pm_ddos,1.0,0.9975047707557678,0.9473684210526315,0.8711132289241165,0.5,1.0,20
B,GAT+LSTM,5,4394,fri_pm_ddos,1.0,0.9975875616073608,0.9473684210526315,0.8711132289241165,0.5,1.0,20
B,GAT+LSTM,5,4395,fri_pm_ddos,1.0,0.9982113838195801,0.9473684210526315,0.8294465622574497,0.4722222222222222,1.0,20
B,GAT+LSTM,5,4396,fri_pm_ddos,0.0,0.9985503554344177,0.918918918918919,0.7300818841612868,0.3137254901960785,1.0,20
B,GAT+LSTM,5,4397,fri_pm_ddos,1.0,0.9965787529945374,0.918918918918919,0.7300818841612868,0.3137254901960785,1.0,20
B,GAT+LSTM,5,4398,fri_pm_ddos,1.0,0.9981303811073303,0.918918918918919,0.7300818841612868,0.3137254901960785,1.0,20
B,GAT+LSTM,5,4399,fri_pm_ddos,1.0,0.9985411167144775,0.9473684210526315,0.8294465622574497,0.4722222222222222,1.0,20
B,GAT+LSTM,5,4400,fri_pm_ddos,1.0,0.9979351758956909,0.9473684210526315,0.8321431184627779,0.5,1.0,20
B,GAT+LSTM,5,4401,fri_pm_ddos,1.0,0.9979169964790344,0.9473684210526315,0.8321431184627779,0.5,1.0,20
B,GAT+LSTM,5,4402,fri_pm_ddos,1.0,0.997495174407959,0.9473684210526315,0.8321431184627779,0.5,1.0,20
B,GAT+LSTM,5,4403,fri_pm_ddos,1.0,0.9975643157958984,0.9473684210526315,0.8321431184627779,0.5,1.0,20
B,GAT+LSTM,5,4404,fri_pm_ddos,1.0,0.9871633052825928,0.9473684210526315,0.8321431184627779,0.5,1.0,20
B,GAT+LSTM,5,4405,fri_pm_ddos,0.0,0.9959558844566345,0.918918918918919,0.8159537994836663,0.607843137254902,1.0,20
B,GAT+LSTM,5,4406,fri_pm_ddos,1.0,0.9886776804924011,0.918918918918919,0.81241738491784,0.5882352941176471,1.0,20
B,GAT+LSTM,5,4407,fri_pm_ddos,1.0,0.9907264709472656,0.918918918918919,0.81241738491784,0.5882352941176471,1.0,20
B,GAT+LSTM,5,4408,fri_pm_ddos,1.0,0.997383177280426,0.9473684210526315,0.8204768340152757,0.3888888888888889,1.0,20
B,GAT+LSTM,5,4409,fri_pm_ddos,1.0,0.9981194138526917,0.9473684210526315,0.8236290671307441,0.4166666666666667,1.0,20
B,GAT+LSTM,5,4410,fri_pm_ddos,1.0,0.9976551532745361,0.9473684210526315,0.8236290671307441,0.4166666666666667,1.0,20
B,GAT+LSTM,5,4411,fri_pm_ddos,1.0,0.9975451827049255,0.9473684210526315,0.8236290671307441,0.4166666666666667,1.0,20
B,GAT+LSTM,5,4412,fri_pm_ddos,1.0,0.9975594282150269,0.9473684210526315,0.8236290671307441,0.4166666666666667,1.0,20
B,GAT+LSTM,5,4413,fri_pm_ddos,1.0,0.9954989552497864,0.9473684210526315,0.8204768340152757,0.3888888888888889,1.0,20
B,GAT+LSTM,5,4414,fri_pm_ddos,0.0,0.9954356551170349,0.918918918918919,0.803952270285816,0.5294117647058824,1.0,20
B,GAT+LSTM,5,4415,fri_pm_ddos,1.0,0.9959922432899475,0.918918918918919,0.803952270285816,0.5294117647058824,1.0,20
B,GAT+LSTM,5,4416,fri_pm_ddos,1.0,0.9973534345626831,0.9473684210526315,0.9783454926805031,0.8055555555555556,1.0,20
B,GAT+LSTM,5,4417,fri_pm_ddos,1.0,0.9980649352073669,0.9473684210526315,0.9783454926805031,0.8055555555555556,1.0,20
B,GAT+LSTM,5,4418,fri_pm_ddos,1.0,0.9980155229568481,0.9473684210526315,0.9783454926805031,0.8055555555555556,1.0,20
B,GAT+LSTM,5,4419,fri_pm_ddos,1.0,0.9974709749221802,0.9473684210526315,0.9783454926805031,0.8055555555555556,1.0,20
B,GAT+LSTM,5,4420,fri_pm_ddos,1.0,0.9975365400314331,0.9473684210526315,0.9783454926805031,0.8055555555555556,1.0,20
B,GAT+LSTM,5,4421,fri_pm_ddos,1.0,0.9975371360778809,0.9473684210526315,0.9783454926805031,0.8055555555555556,1.0,20
B,GAT+LSTM,5,4422,fri_pm_ddos,0.0,0.9987409710884094,0.918918918918919,0.803952270285816,0.5294117647058824,1.0,20
B,GAT+LSTM,5,4423,fri_pm_ddos,0.0,0.9965952038764954,0.8888888888888888,0.7778724214543198,0.5625,1.0,20
B,GAT+LSTM,5,4424,fri_pm_ddos,1.0,0.9973600506782532,0.8888888888888888,0.7885381140133947,0.609375,1.0,20
B,GAT+LSTM,5,4425,fri_pm_ddos,1.0,0.9985436201095581,0.918918918918919,0.8069078642881227,0.5490196078431373,1.0,20
B,GAT+LSTM,5,4426,fri_pm_ddos,1.0,0.9986135959625244,0.918918918918919,0.813262021017894,0.5882352941176471,1.0,20
B,GAT+LSTM,5,4427,fri_pm_ddos,1.0,0.9977879524230957,0.918918918918919,0.8192914580765154,0.6274509803921569,1.0,20
B,GAT+LSTM,5,4428,fri_pm_ddos,1.0,0.9974541068077087,0.918918918918919,0.8192914580765154,0.6274509803921569,1.0,20
B,GAT+LSTM,5,4429,fri_pm_ddos,1.0,0.9975796341896057,0.918918918918919,0.8192914580765154,0.6274509803921569,1.0,20
B,GAT+LSTM,5,4430,fri_pm_ddos,1.0,0.9986714124679565,0.918918918918919,0.8192914580765154,0.6274509803921569,1.0,20
B,GAT+LSTM,5,4431,fri_pm_ddos,0.0,0.9970883727073669,0.8888888888888888,0.805078438181186,0.6875,1.0,20
B,GAT+LSTM,5,4432,fri_pm_ddos,0.0,0.9754424691200256,0.8571428571428571,0.7953732025055555,0.7466666666666666,1.0,20
B,GAT+LSTM,5,4433,fri_pm_ddos,1.0,0.9227088093757629,0.8571428571428571,0.7897058478443928,0.72,1.0,20
B,GAT+LSTM,5,4434,fri_pm_ddos,1.0,0.9747866988182068,0.8888888888888888,0.7925330773833581,0.625,1.0,20
B,GAT+LSTM,5,4435,fri_pm_ddos,1.0,0.9965295195579529,0.8888888888888888,0.7925330773833581,0.625,1.0,20
B,GAT+LSTM,5,4436,fri_pm_ddos,1.0,0.998197615146637,0.8888888888888888,0.7925330773833581,0.625,1.0,20
B,GAT+LSTM,5,4437,fri_pm_ddos,1.0,0.9974086880683899,0.8888888888888888,0.7925330773833581,0.625,1.0,20
B,GAT+LSTM,5,4438,fri_pm_ddos,1.0,0.9975553154945374,0.8888888888888888,0.7925330773833581,0.625,1.0,20
B,GAT+LSTM,5,4439,fri_pm_ddos,1.0,0.9975816011428833,0.8888888888888888,0.7925330773833581,0.625,1.0,20
B,GAT+LSTM,5,4440,fri_pm_ddos,1.0,0.9623677134513855,0.8888888888888888,0.7821363866557849,0.578125,1.0,20
B,GAT+LSTM,5,4441,fri_pm_ddos,0.0,0.8272594809532166,0.8571428571428571,0.7695689089032742,0.6533333333333333,1.0,20
B,GAT+LSTM,5,4442,fri_pm_ddos,1.0,0.5207987427711487,0.8888888888888888,0.9436925795115617,0.765625,1.0,20
B,GAT+LSTM,5,4443,fri_pm_ddos,1.0,0.6295753717422485,0.918918918918919,0.9538269582660405,0.7450980392156863,1.0,20
B,GAT+LSTM,5,4444,fri_pm_ddos,1.0,0.9892256855964661,0.918918918918919,0.9487021810824398,0.7254901960784313,1.0,20
B,GAT+LSTM,5,4445,fri_pm_ddos,1.0,0.9969766139984131,0.918918918918919,0.9430872078204077,0.7058823529411764,1.0,20
B,GAT+LSTM,5,4446,fri_pm_ddos,1.0,0.9971638321876526,0.918918918918919,0.9430872078204077,0.7058823529411764,1.0,20
B,GAT+LSTM,5,4447,fri_pm_ddos,1.0,0.9975343942642212,0.918918918918919,0.9430872078204077,0.7058823529411764,1.0,20
B,GAT+LSTM,5,4448,fri_pm_ddos,1.0,0.9977372884750366,0.918918918918919,0.9430872078204077,0.7058823529411764,1.0,20
B,GAT+LSTM,5,4449,fri_pm_ddos,0.0,0.9946576952934265,0.8888888888888888,0.914638619410775,0.671875,1.0,20
B,GAT+LSTM,5,4450,fri_pm_ddos,0.0,0.9594560861587524,0.8571428571428571,0.8935188195017916,0.68,1.0,20
B,GAT+LSTM,5,4451,fri_pm_ddos,0.0,0.8533763289451599,0.8571428571428571,0.925009374154111,0.76,1.0,20
B,GAT+LSTM,5,4452,fri_pm_ddos,0.0,0.7696980237960815,0.8571428571428571,0.9381436010383377,0.8,1.0,20
B,GAT+LSTM,5,4453,fri_pm_ddos,1.0,0.9601933360099792,0.8571428571428571,0.942404895299632,0.8133333333333334,1.0,20
B,GAT+LSTM,5,4454,fri_pm_ddos,1.0,0.9901139736175537,0.8571428571428571,0.942404895299632,0.8133333333333334,1.0,20
B,GAT+LSTM,5,4455,fri_pm_ddos,1.0,0.9967553019523621,0.8571428571428571,0.942404895299632,0.8133333333333334,1.0,20
B,GAT+LSTM,5,4456,fri_pm_ddos,1.0,0.997319757938385,0.8571428571428571,0.942404895299632,0.8133333333333334,1.0,20
B,GAT+LSTM,5,4457,fri_pm_ddos,1.0,0.9974699020385742,0.8571428571428571,0.942404895299632,0.8133333333333334,1.0,20
B,GAT+LSTM,5,4458,fri_pm_ddos,1.0,0.9975351095199585,0.8571428571428571,0.942404895299632,0.8133333333333334,1.0,20
B,GAT+LSTM,5,4459,fri_pm_ddos,1.0,0.9979268312454224,0.8571428571428571,0.942404895299632,0.8133333333333334,1.0,20
B,GAT+LSTM,5,4460,fri_pm_ddos,0.0,0.9584052562713623,0.8235294117647058,0.9360599926389399,0.8214285714285714,1.0,20
B,GAT+LSTM,5,4461,fri_pm_ddos,0.0,0.9397343397140503,0.8235294117647058,0.9360599926389399,0.8214285714285714,1.0,20
B,GAT+LSTM,5,4462,fri_pm_ddos,1.0,0.9926499724388123,0.8235294117647058,0.9539446768770077,0.8809523809523809,1.0,20
B,GAT+LSTM,5,4463,fri_pm_ddos,1.0,0.9973089694976807,0.8235294117647058,0.9778233671090812,0.9523809523809524,1.0,20
B,GAT+LSTM,5,4464,fri_pm_ddos,1.0,0.9970259070396423,0.8235294117647058,0.984046310832025,0.9642857142857143,1.0,20
B,GAT+LSTM,5,4465,fri_pm_ddos,1.0,0.9974799752235413,0.8235294117647058,0.984046310832025,0.9642857142857143,1.0,20
B,GAT+LSTM,5,4466,fri_pm_ddos,1.0,0.9975511431694031,0.8235294117647058,0.984046310832025,0.9642857142857143,1.0,20
B,GAT+LSTM,5,4467,fri_pm_ddos,1.0,0.9975307583808899,0.8235294117647058,0.984046310832025,0.9642857142857143,1.0,20
B,GAT+LSTM,5,4468,fri_pm_ddos,1.0,0.9976623058319092,0.8235294117647058,0.984046310832025,0.9642857142857143,1.0,20
B,GAT+LSTM,5,4469,fri_pm_ddos,0.0,0.9989373087882996,0.8235294117647058,0.8010788814360243,0.8333333333333334,1.0,20
B,GAT+LSTM,5,4470,fri_pm_ddos,0.0,0.9980469942092896,0.8235294117647058,0.7000744295387152,0.6666666666666667,1.0,20
B,GAT+LSTM,5,4471,fri_pm_ddos,1.0,0.9980169534683228,0.8571428571428571,0.7119812322753499,0.6,1.0,20
B,GAT+LSTM,5,4472,fri_pm_ddos,1.0,0.998006284236908,0.8888888888888888,0.7228337124476829,0.5,1.0,20
B,GAT+LSTM,5,4473,fri_pm_ddos,0.0,0.9990465044975281,0.8571428571428571,0.6398672732496262,0.4,1.0,20
B,GAT+LSTM,5,4474,fri_pm_ddos,0.0,0.9983514547348022,0.8235294117647058,0.5688580094042279,0.33333333333333337,1.0,20
B,GAT+LSTM,5,4475,fri_pm_ddos,0.0,0.9790488481521606,0.7878787878787878,0.5532900231995255,0.4285714285714286,1.0,20
B,GAT+LSTM,5,4476,fri_pm_ddos,0.0,0.9415397644042969,0.75,0.5362847800347801,0.5,1.0,20
B,GAT+LSTM,5,4477,fri_pm_ddos,0.0,0.891242504119873,0.7096774193548387,0.5176136994318812,0.5555555555555556,1.0,20
B,GAT+LSTM,5,4478,fri_pm_ddos,0.0,0.7142320871353149,0.6666666666666666,0.49699411699411694,0.6,1.0,20
B,GAT+LSTM,5,4479,fri_pm_ddos,0.0,0.03312072157859802,0.6428571428571429,0.4740716074049408,0.6363636363636364,0.9090909090909091,20
B,GAT+LSTM,5,4480,fri_pm_ddos,0.0,0.00016503727238159627,0.6666666666666666,0.4740716074049408,0.6363636363636364,0.8181818181818182,20
B,GAT+LSTM,5,4481,fri_pm_ddos,0.0,0.00015052620437927544,0.6923076923076923,0.4740716074049408,0.6363636363636364,0.7272727272727273,20
B,GAT+LSTM,5,4482,fri_pm_ddos,0.0,0.00017563717847224325,0.6666666666666666,0.4483946608946609,0.6666666666666667,0.6666666666666666,20
B,GAT+LSTM,5,4483,fri_pm_ddos,0.0,0.00016350772057194263,0.6363636363636364,0.41937744794887655,0.6923076923076923,0.6153846153846154,20
B,GAT+LSTM,5,4484,fri_pm_ddos,0.0,0.00025146978441625834,0.6,0.3862433862433863,0.7142857142857143,0.5714285714285714,20
B,GAT+LSTM,5,4485,fri_pm_ddos,0.0,0.000500018591992557,0.5555555555555556,0.34793650793650793,0.7333333333333334,0.5333333333333333,20
B,GAT+LSTM,5,4486,fri_pm_ddos,0.0,0.00014874697080813348,0.5,0.3029761904761905,0.75,0.5,20
B,GAT+LSTM,5,4487,fri_pm_ddos,0.0,0.00013485395174939185,0.42857142857142855,0.2492063492063492,0.7647058823529411,0.47058823529411764,20
B,GAT+LSTM,5,4488,fri_pm_ddos,0.0,0.00013466877862811089,0.3333333333333333,0.18333333333333335,0.7777777777777778,0.4444444444444444,20
B,GAT+LSTM,5,4489,fri_pm_ddos,0.0,0.00016079569468274713,0.36363636363636365,0.225,0.8333333333333334,0.3888888888888889,20
B,GAT+LSTM,5,4490,fri_pm_ddos,0.0,0.00014291153638623655,0.4,0.29166666666666663,0.8888888888888888,0.3333333333333333,20
B,GAT+LSTM,5,4491,fri_pm_ddos,0.0,0.00014721907791681588,0.25,0.16666666666666666,0.8947368421052632,0.3157894736842105,20
B,GAT+LSTM,5,4492,fri_pm_ddos,0.0,0.00014298078895080835,0.0,0.5,,0.3,20
B,GAT+LSTM,5,4493,fri_pm_ddos,0.0,0.0001413066202076152,0.0,0.5,,0.25,20
B,GAT+LSTM,5,4494,fri_pm_ddos,0.0,0.00016947150288615376,0.0,0.5,,0.2,20
B,GAT+LSTM,5,4495,fri_pm_ddos,0.0,0.00014423634274862707,0.0,0.5,,0.15,20
B,GAT+LSTM,5,4496,fri_pm_ddos,0.0,0.00015638743934687227,0.0,0.5,,0.1,20
B,GAT+LSTM,5,4497,fri_pm_ddos,0.0,0.00017521869449410588,0.0,0.5,,0.05,20
B,GAT+LSTM,5,4498,fri_pm_ddos,0.0,0.00013684439181815833,0.0,0.5,,0.0,20
B,GAT+LSTM,5,4499,fri_pm_ddos,0.0,0.0002984417660627514,0.0,0.5,,0.0,20
B,GAT+LSTM,5,4500,fri_pm_ddos,0.0,0.07020018994808197,0.0,0.5,,0.0,20
