experiment,model,phase,window_id,day,y_true,y_score,f1,pr_auc,roc_auc,fpr,n
D,GAT+LSTM_no_adapt,1,6,mon,0.0,0.00029727519722655416,0.0,0.5,,0.0,1
D,GAT+LSTM_no_adapt,1,7,mon,0.0,0.000955468334723264,0.0,0.5,,0.0,2
D,GAT+LSTM_no_adapt,1,8,mon,0.0,0.000989758875221014,0.0,0.5,,0.0,3
D,GAT+LSTM_no_adapt,1,9,mon,0.0,0.0003420895372983068,0.0,0.5,,0.0,4
D,GAT+LSTM_no_adapt,1,10,mon,0.0,0.00018979956803377718,0.0,0.5,,0.0,5
D,GAT+LSTM_no_adapt,1,11,mon,0.0,0.00034275397774763405,0.0,0.5,,0.0,6
D,GAT+LSTM_no_adapt,1,12,mon,0.0,0.00019160789088346064,0.0,0.5,,0.0,7
D,GAT+LSTM_no_adapt,1,13,mon,0.0,0.00017582955479156226,0.0,0.5,,0.0,8
D,GAT+LSTM_no_adapt,1,14,mon,0.0,0.00015086216444615275,0.0,0.5,,0.0,9
D,GAT+LSTM_no_adapt,1,15,mon,0.0,0.0001498642668593675,0.0,0.5,,0.0,10
D,GAT+LSTM_no_adapt,1,16,mon,0.0,0.00014545867452397943,0.0,0.5,,0.0,11
D,GAT+LSTM_no_adapt,1,17,mon,0.0,0.00039065693272277713,0.0,0.5,,0.0,12
D,GAT+LSTM_no_adapt,1,18,mon,0.0,0.0005132833612151444,0.0,0.5,,0.0,13
D,GAT+LSTM_no_adapt,1,19,mon,0.0,0.00028366531478241086,0.0,0.5,,0.0,14
D,GAT+LSTM_no_adapt,1,20,mon,0.0,0.000600577041041106,0.0,0.5,,0.0,15
D,GAT+LSTM_no_adapt,1,21,mon,0.0,0.00023667654022574425,0.0,0.5,,0.0,16
D,GAT+LSTM_no_adapt,1,22,mon,0.0,0.0006714346236549318,0.0,0.5,,0.0,17
D,GAT+LSTM_no_adapt,1,23,mon,0.0,0.00023668761423323303,0.0,0.5,,0.0,18
D,GAT+LSTM_no_adapt,1,24,mon,0.0,0.00015864134184084833,0.0,0.5,,0.0,19
D,GAT+LSTM_no_adapt,1,25,mon,0.0,0.00018428133626002818,0.0,0.5,,0.0,20
D,GAT+LSTM_no_adapt,1,26,mon,0.0,0.000168996601132676,0.0,0.5,,0.0,20
D,GAT+LSTM_no_adapt,1,27,mon,0.0,0.0001455385790904984,0.0,0.5,,0.0,20
D,GAT+LSTM_no_adapt,1,28,mon,0.0,0.00014875576016493142,0.0,0.5,,0.0,20
D,GAT+LSTM_no_adapt,1,29,mon,0.0,0.00015900300059001893,0.0,0.5,,0.0,20
D,GAT+LSTM_no_adapt,1,30,mon,0.0,0.0001899157650768757,0.0,0.5,,0.0,20
D,GAT+LSTM_no_adapt,1,31,mon,0.0,0.00015077099669724703,0.0,0.5,,0.0,20
D,GAT+LSTM_no_adapt,1,32,mon,0.0,0.0003778293030336499,0.0,0.5,,0.0,20
D,GAT+LSTM_no_adapt,1,33,mon,0.0,0.00017853597819339484,0.0,0.5,,0.0,20
D,GAT+LSTM_no_adapt,1,34,mon,0.0,0.00025002914480865,0.0,0.5,,0.0,20
D,GAT+LSTM_no_adapt,1,35,mon,0.0,0.00016189167217817158,0.0,0.5,,0.0,20
D,GAT+LSTM_no_adapt,1,36,mon,0.0,0.0001748815120663494,0.0,0.5,,0.0,20
D,GAT+LSTM_no_adapt,1,37,mon,0.0,0.00015904757310636342,0.0,0.5,,0.0,20
D,GAT+LSTM_no_adapt,1,38,mon,0.0,0.00016580669034738094,0.0,0.5,,0.0,20
D,GAT+LSTM_no_adapt,1,39,mon,0.0,0.00018890693900175393,0.0,0.5,,0.0,20
D,GAT+LSTM_no_adapt,1,40,mon,0.0,0.00019488150428514928,0.0,0.5,,0.0,20
D,GAT+LSTM_no_adapt,1,41,mon,0.0,0.00018593849381431937,0.0,0.5,,0.0,20
D,GAT+LSTM_no_adapt,1,42,mon,0.0,0.00015847021131776273,0.0,0.5,,0.0,20
D,GAT+LSTM_no_adapt,1,43,mon,0.0,0.00017303868662565947,0.0,0.5,,0.0,20
D,GAT+LSTM_no_adapt,1,44,mon,0.0,0.00017875384946819395,0.0,0.5,,0.0,20
D,GAT+LSTM_no_adapt,1,45,mon,0.0,0.00017403597303200513,0.0,0.5,,0.0,20
D,GAT+LSTM_no_adapt,1,46,mon,0.0,0.00020268101070541888,0.0,0.5,,0.0,20
D,GAT+LSTM_no_adapt,1,47,mon,0.0,0.00020891854364890605,0.0,0.5,,0.0,20
D,GAT+LSTM_no_adapt,1,48,mon,0.0,0.00020576555107254535,0.0,0.5,,0.0,20
D,GAT+LSTM_no_adapt,1,49,mon,0.0,0.0001479029015172273,0.0,0.5,,0.0,20
D,GAT+LSTM_no_adapt,1,50,mon,0.0,0.00015109451487660408,0.0,0.5,,0.0,20
D,GAT+LSTM_no_adapt,1,51,mon,0.0,0.00013900677731726319,0.0,0.5,,0.0,20
D,GAT+LSTM_no_adapt,1,52,mon,0.0,0.00013517581101041287,0.0,0.5,,0.0,20
D,GAT+LSTM_no_adapt,1,53,mon,0.0,0.00013729793136008084,0.0,0.5,,0.0,20
D,GAT+LSTM_no_adapt,1,54,mon,0.0,0.00019044690998271108,0.0,0.5,,0.0,20
D,GAT+LSTM_no_adapt,1,55,mon,0.0,0.00015730586892459542,0.0,0.5,,0.0,20
D,GAT+LSTM_no_adapt,1,56,mon,0.0,0.0001397294399794191,0.0,0.5,,0.0,20
D,GAT+LSTM_no_adapt,1,57,mon,0.0,0.00015794328646734357,0.0,0.5,,0.0,20
D,GAT+LSTM_no_adapt,1,58,mon,0.0,0.00014343851944431663,0.0,0.5,,0.0,20
D,GAT+LSTM_no_adapt,1,59,mon,0.0,0.00014862148964311928,0.0,0.5,,0.0,20
D,GAT+LSTM_no_adapt,1,60,mon,0.0,0.00013695783854927868,0.0,0.5,,0.0,20
D,GAT+LSTM_no_adapt,1,61,mon,0.0,0.00015851433272473514,0.0,0.5,,0.0,20
D,GAT+LSTM_no_adapt,1,62,mon,0.0,0.00014491377805825323,0.0,0.5,,0.0,20
D,GAT+LSTM_no_adapt,1,63,mon,0.0,0.00017837263294495642,0.0,0.5,,0.0,20
D,GAT+LSTM_no_adapt,1,64,mon,0.0,0.0001621917326701805,0.0,0.5,,0.0,20
D,GAT+LSTM_no_adapt,1,65,mon,0.0,0.00013567140558734536,0.0,0.5,,0.0,20
D,GAT+LSTM_no_adapt,1,66,mon,0.0,0.0001959779328899458,0.0,0.5,,0.0,20
D,GAT+LSTM_no_adapt,1,67,mon,0.0,0.00020247066277079284,0.0,0.5,,0.0,20
D,GAT+LSTM_no_adapt,1,68,mon,0.0,0.00014416745398193598,0.0,0.5,,0.0,20
D,GAT+LSTM_no_adapt,1,69,mon,0.0,0.00014469159941654652,0.0,0.5,,0.0,20
D,GAT+LSTM_no_adapt,1,70,mon,0.0,0.00016422521730419248,0.0,0.5,,0.0,20
D,GAT+LSTM_no_adapt,1,71,mon,0.0,0.00018769520102068782,0.0,0.5,,0.0,20
D,GAT+LSTM_no_adapt,1,72,mon,0.0,0.00015681644435971975,0.0,0.5,,0.0,20
D,GAT+LSTM_no_adapt,1,73,mon,0.0,0.0001484226668253541,0.0,0.5,,0.0,20
D,GAT+LSTM_no_adapt,1,74,mon,0.0,0.00817951187491417,0.0,0.5,,0.0,20
D,GAT+LSTM_no_adapt,1,75,mon,0.0,0.00026417814660817385,0.0,0.5,,0.0,20
D,GAT+LSTM_no_adapt,1,76,mon,0.0,0.00026332263951189816,0.0,0.5,,0.0,20
D,GAT+LSTM_no_adapt,1,77,mon,0.0,0.00022199685918167233,0.0,0.5,,0.0,20
D,GAT+LSTM_no_adapt,1,78,mon,0.0,0.00021908621420152485,0.0,0.5,,0.0,20
D,GAT+LSTM_no_adapt,1,79,mon,0.0,0.00022761190484743565,0.0,0.5,,0.0,20
D,GAT+LSTM_no_adapt,1,80,mon,0.0,0.00021463935263454914,0.0,0.5,,0.0,20
D,GAT+LSTM_no_adapt,1,81,mon,0.0,0.00013953066081739962,0.0,0.5,,0.0,20
D,GAT+LSTM_no_adapt,1,82,mon,0.0,0.00013997133646626025,0.0,0.5,,0.0,20
D,GAT+LSTM_no_adapt,1,83,mon,0.0,0.0001433512952644378,0.0,0.5,,0.0,20
D,GAT+LSTM_no_adapt,1,84,mon,0.0,0.0001402695634169504,0.0,0.5,,0.0,20
D,GAT+LSTM_no_adapt,1,85,mon,0.0,0.0001559197553433478,0.0,0.5,,0.0,20
D,GAT+LSTM_no_adapt,1,86,mon,0.0,0.00015636387979611754,0.0,0.5,,0.0,20
D,GAT+LSTM_no_adapt,1,87,mon,0.0,0.0001432207936886698,0.0,0.5,,0.0,20
D,GAT+LSTM_no_adapt,1,88,mon,0.0,0.0001418467436451465,0.0,0.5,,0.0,20
D,GAT+LSTM_no_adapt,1,89,mon,0.0,0.00047249466297216713,0.0,0.5,,0.0,20
D,GAT+LSTM_no_adapt,1,90,mon,0.0,0.00015800174151081592,0.0,0.5,,0.0,20
D,GAT+LSTM_no_adapt,1,91,mon,0.0,0.00016893989231903106,0.0,0.5,,0.0,20
D,GAT+LSTM_no_adapt,1,92,mon,0.0,0.00015504607290495187,0.0,0.5,,0.0,20
D,GAT+LSTM_no_adapt,1,93,mon,0.0,0.00013905132072977722,0.0,0.5,,0.0,20
D,GAT+LSTM_no_adapt,1,94,mon,0.0,0.0001367034128634259,0.0,0.5,,0.0,20
D,GAT+LSTM_no_adapt,1,95,mon,0.0,0.00017367259715683758,0.0,0.5,,0.0,20
D,GAT+LSTM_no_adapt,1,96,mon,0.0,0.00015232179430313408,0.0,0.5,,0.0,20
D,GAT+LSTM_no_adapt,1,97,mon,0.0,0.00017602463776711375,0.0,0.5,,0.0,20
D,GAT+LSTM_no_adapt,1,98,mon,0.0,0.00022126951080281287,0.0,0.5,,0.0,20
D,GAT+LSTM_no_adapt,1,99,mon,0.0,0.0001478786434745416,0.0,0.5,,0.0,20
D,GAT+LSTM_no_adapt,1,100,mon,0.0,0.00016576526104472578,0.0,0.5,,0.0,20
D,GAT+LSTM_no_adapt,1,101,mon,0.0,0.0001520963996881619,0.0,0.5,,0.0,20
D,GAT+LSTM_no_adapt,1,102,mon,0.0,0.00014645126066170633,0.0,0.5,,0.0,20
D,GAT+LSTM_no_adapt,1,103,mon,0.0,0.0001572121400386095,0.0,0.5,,0.0,20
D,GAT+LSTM_no_adapt,1,104,mon,0.0,0.00016415132267866284,0.0,0.5,,0.0,20
D,GAT+LSTM_no_adapt,1,105,mon,0.0,0.0001461679203202948,0.0,0.5,,0.0,20
D,GAT+LSTM_no_adapt,1,106,mon,0.0,0.00013865900109522045,0.0,0.5,,0.0,20
D,GAT+LSTM_no_adapt,1,107,mon,0.0,0.00014416374324355274,0.0,0.5,,0.0,20
D,GAT+LSTM_no_adapt,1,108,mon,0.0,0.0001469495182391256,0.0,0.5,,0.0,20
D,GAT+LSTM_no_adapt,1,109,mon,0.0,0.00020211481023579836,0.0,0.5,,0.0,20
D,GAT+LSTM_no_adapt,1,110,mon,0.0,0.0001663638249738142,0.0,0.5,,0.0,20
D,GAT+LSTM_no_adapt,1,111,mon,0.0,0.0003027046041097492,0.0,0.5,,0.0,20
D,GAT+LSTM_no_adapt,1,112,mon,0.0,0.00015695765614509583,0.0,0.5,,0.0,20
D,GAT+LSTM_no_adapt,1,113,mon,0.0,0.00013718735135626048,0.0,0.5,,0.0,20
D,GAT+LSTM_no_adapt,1,114,mon,0.0,0.00013502867659553885,0.0,0.5,,0.0,20
D,GAT+LSTM_no_adapt,1,115,mon,0.0,0.00014240076416172087,0.0,0.5,,0.0,20
D,GAT+LSTM_no_adapt,1,116,mon,0.0,0.00014561243006028235,0.0,0.5,,0.0,20
D,GAT+LSTM_no_adapt,1,117,mon,0.0,0.00017820265202317387,0.0,0.5,,0.0,20
D,GAT+LSTM_no_adapt,1,118,mon,0.0,0.00024382353876717389,0.0,0.5,,0.0,20
D,GAT+LSTM_no_adapt,1,119,mon,0.0,0.00019930719281546772,0.0,0.5,,0.0,20
D,GAT+LSTM_no_adapt,1,120,mon,0.0,0.00015569703828077763,0.0,0.5,,0.0,20
D,GAT+LSTM_no_adapt,1,121,mon,0.0,0.00013875396689400077,0.0,0.5,,0.0,20
D,GAT+LSTM_no_adapt,1,122,mon,0.0,0.000134989561047405,0.0,0.5,,0.0,20
D,GAT+LSTM_no_adapt,1,123,mon,0.0,0.00016036847955547273,0.0,0.5,,0.0,20
D,GAT+LSTM_no_adapt,1,124,mon,0.0,0.0001552443136461079,0.0,0.5,,0.0,20
D,GAT+LSTM_no_adapt,1,125,mon,0.0,0.00015862940927036107,0.0,0.5,,0.0,20
D,GAT+LSTM_no_adapt,1,126,mon,0.0,0.00017817392654251307,0.0,0.5,,0.0,20
D,GAT+LSTM_no_adapt,1,127,mon,0.0,0.0001470790448365733,0.0,0.5,,0.0,20
D,GAT+LSTM_no_adapt,1,128,mon,0.0,0.0001493055751780048,0.0,0.5,,0.0,20
D,GAT+LSTM_no_adapt,1,129,mon,0.0,0.0001712903758743778,0.0,0.5,,0.0,20
D,GAT+LSTM_no_adapt,1,130,mon,0.0,0.00018486914632376283,0.0,0.5,,0.0,20
D,GAT+LSTM_no_adapt,1,131,mon,0.0,0.00016818271251395345,0.0,0.5,,0.0,20
D,GAT+LSTM_no_adapt,1,132,mon,0.0,0.00013443628267850727,0.0,0.5,,0.0,20
D,GAT+LSTM_no_adapt,1,133,mon,0.0,0.00014238079893402755,0.0,0.5,,0.0,20
D,GAT+LSTM_no_adapt,1,134,mon,0.0,0.00014336290769279003,0.0,0.5,,0.0,20
D,GAT+LSTM_no_adapt,1,135,mon,0.0,0.00022120789799373597,0.0,0.5,,0.0,20
D,GAT+LSTM_no_adapt,1,136,mon,0.0,0.00016874828725121915,0.0,0.5,,0.0,20
D,GAT+LSTM_no_adapt,1,137,mon,0.0,0.00023999078257475048,0.0,0.5,,0.0,20
D,GAT+LSTM_no_adapt,1,138,mon,0.0,0.00016602990217506886,0.0,0.5,,0.0,20
D,GAT+LSTM_no_adapt,1,139,mon,0.0,0.0002669047680683434,0.0,0.5,,0.0,20
D,GAT+LSTM_no_adapt,1,140,mon,0.0,0.0002049664471996948,0.0,0.5,,0.0,20
D,GAT+LSTM_no_adapt,1,141,mon,0.0,0.00036096578696742654,0.0,0.5,,0.0,20
D,GAT+LSTM_no_adapt,1,142,mon,0.0,0.00014795438619330525,0.0,0.5,,0.0,20
D,GAT+LSTM_no_adapt,1,143,mon,0.0,0.00014396346523426473,0.0,0.5,,0.0,20
D,GAT+LSTM_no_adapt,1,144,mon,0.0,0.00014578443369828165,0.0,0.5,,0.0,20
D,GAT+LSTM_no_adapt,1,145,mon,0.0,0.00015714485198259354,0.0,0.5,,0.0,20
D,GAT+LSTM_no_adapt,1,146,mon,0.0,0.00017241119348909706,0.0,0.5,,0.0,20
D,GAT+LSTM_no_adapt,1,147,mon,0.0,0.00014795847528148443,0.0,0.5,,0.0,20
D,GAT+LSTM_no_adapt,1,148,mon,0.0,0.00017334980657324195,0.0,0.5,,0.0,20
D,GAT+LSTM_no_adapt,1,149,mon,0.0,0.00017209698853548616,0.0,0.5,,0.0,20
D,GAT+LSTM_no_adapt,1,150,mon,0.0,0.00015762762632220984,0.0,0.5,,0.0,20
D,GAT+LSTM_no_adapt,1,151,mon,0.0,0.00015486714255530387,0.0,0.5,,0.0,20
D,GAT+LSTM_no_adapt,1,152,mon,0.0,0.00014163024025037885,0.0,0.5,,0.0,20
D,GAT+LSTM_no_adapt,1,153,mon,0.0,0.00014627946075052023,0.0,0.5,,0.0,20
D,GAT+LSTM_no_adapt,1,154,mon,0.0,0.0001853773428592831,0.0,0.5,,0.0,20
D,GAT+LSTM_no_adapt,1,155,mon,0.0,0.0001459151681046933,0.0,0.5,,0.0,20
D,GAT+LSTM_no_adapt,1,156,mon,0.0,0.00027198056341148913,0.0,0.5,,0.0,20
D,GAT+LSTM_no_adapt,1,157,mon,0.0,0.000159943345352076,0.0,0.5,,0.0,20
D,GAT+LSTM_no_adapt,1,158,mon,0.0,0.00014295693836174905,0.0,0.5,,0.0,20
D,GAT+LSTM_no_adapt,1,159,mon,0.0,0.00014984825975261629,0.0,0.5,,0.0,20
D,GAT+LSTM_no_adapt,1,160,mon,0.0,0.00013748697529081255,0.0,0.5,,0.0,20
D,GAT+LSTM_no_adapt,1,161,mon,0.0,0.00015587813686579466,0.0,0.5,,0.0,20
D,GAT+LSTM_no_adapt,1,162,mon,0.0,0.0001388478121953085,0.0,0.5,,0.0,20
D,GAT+LSTM_no_adapt,1,163,mon,0.0,0.00015623973740730435,0.0,0.5,,0.0,20
D,GAT+LSTM_no_adapt,1,164,mon,0.0,0.00014407937123905867,0.0,0.5,,0.0,20
D,GAT+LSTM_no_adapt,1,165,mon,0.0,0.00017219352594111115,0.0,0.5,,0.0,20
D,GAT+LSTM_no_adapt,1,166,mon,0.0,0.00014043149712961167,0.0,0.5,,0.0,20
D,GAT+LSTM_no_adapt,1,167,mon,0.0,0.0004584706330206245,0.0,0.5,,0.0,20
D,GAT+LSTM_no_adapt,1,168,mon,0.0,0.00019486255769152194,0.0,0.5,,0.0,20
D,GAT+LSTM_no_adapt,1,169,mon,0.0,0.00014289819227997214,0.0,0.5,,0.0,20
D,GAT+LSTM_no_adapt,1,170,mon,0.0,0.00014456156350206584,0.0,0.5,,0.0,20
D,GAT+LSTM_no_adapt,1,171,mon,0.0,0.0001650099002290517,0.0,0.5,,0.0,20
D,GAT+LSTM_no_adapt,1,172,mon,0.0,0.00014372507575899363,0.0,0.5,,0.0,20
D,GAT+LSTM_no_adapt,1,173,mon,0.0,0.0002493468637112528,0.0,0.5,,0.0,20
D,GAT+LSTM_no_adapt,1,174,mon,0.0,0.00016487542598042637,0.0,0.5,,0.0,20
D,GAT+LSTM_no_adapt,1,175,mon,0.0,0.00014072023623157293,0.0,0.5,,0.0,20
D,GAT+LSTM_no_adapt,1,176,mon,0.0,0.00014070038741920143,0.0,0.5,,0.0,20
D,GAT+LSTM_no_adapt,1,177,mon,0.0,0.00014015217311680317,0.0,0.5,,0.0,20
D,GAT+LSTM_no_adapt,1,178,mon,0.0,0.00015903118764981627,0.0,0.5,,0.0,20
D,GAT+LSTM_no_adapt,1,179,mon,0.0,0.0001535016344860196,0.0,0.5,,0.0,20
D,GAT+LSTM_no_adapt,1,180,mon,0.0,0.000151119296788238,0.0,0.5,,0.0,20
D,GAT+LSTM_no_adapt,1,181,mon,0.0,0.00013814761769026518,0.0,0.5,,0.0,20
D,GAT+LSTM_no_adapt,1,182,mon,0.0,0.0001493162417318672,0.0,0.5,,0.0,20
D,GAT+LSTM_no_adapt,1,183,mon,0.0,0.00014202838065102696,0.0,0.5,,0.0,20
D,GAT+LSTM_no_adapt,1,184,mon,0.0,0.00015610155242029577,0.0,0.5,,0.0,20
D,GAT+LSTM_no_adapt,1,185,mon,0.0,0.00015175393491517752,0.0,0.5,,0.0,20
D,GAT+LSTM_no_adapt,1,186,mon,0.0,0.00015179965703282505,0.0,0.5,,0.0,20
D,GAT+LSTM_no_adapt,1,187,mon,0.0,0.00017069120076484978,0.0,0.5,,0.0,20
D,GAT+LSTM_no_adapt,1,188,mon,0.0,0.00014246160571929067,0.0,0.5,,0.0,20
D,GAT+LSTM_no_adapt,1,189,mon,0.0,0.00014376592298503965,0.0,0.5,,0.0,20
D,GAT+LSTM_no_adapt,1,190,mon,0.0,0.0001430312404409051,0.0,0.5,,0.0,20
D,GAT+LSTM_no_adapt,1,191,mon,0.0,0.00014821179502177984,0.0,0.5,,0.0,20
D,GAT+LSTM_no_adapt,1,192,mon,0.0,0.00017777511675376445,0.0,0.5,,0.0,20
D,GAT+LSTM_no_adapt,1,193,mon,0.0,0.0001638040557736531,0.0,0.5,,0.0,20
D,GAT+LSTM_no_adapt,1,194,mon,0.0,0.0004431082052178681,0.0,0.5,,0.0,20
D,GAT+LSTM_no_adapt,1,195,mon,0.0,0.00020142510766163468,0.0,0.5,,0.0,20
D,GAT+LSTM_no_adapt,1,196,mon,0.0,0.00016733954544179142,0.0,0.5,,0.0,20
D,GAT+LSTM_no_adapt,1,197,mon,0.0,0.00013707359903492033,0.0,0.5,,0.0,20
D,GAT+LSTM_no_adapt,1,198,mon,0.0,0.0001822758640628308,0.0,0.5,,0.0,20
D,GAT+LSTM_no_adapt,1,199,mon,0.0,0.0001597074297023937,0.0,0.5,,0.0,20
D,GAT+LSTM_no_adapt,1,200,mon,0.0,0.00015122423064894974,0.0,0.5,,0.0,20
D,GAT+LSTM_no_adapt,1,201,mon,0.0,0.00015058247663546354,0.0,0.5,,0.0,20
D,GAT+LSTM_no_adapt,1,202,mon,0.0,0.00014002874377183616,0.0,0.5,,0.0,20
D,GAT+LSTM_no_adapt,1,203,mon,0.0,0.0001351273531327024,0.0,0.5,,0.0,20
D,GAT+LSTM_no_adapt,1,204,mon,0.0,0.00021289709548000246,0.0,0.5,,0.0,20
D,GAT+LSTM_no_adapt,1,205,mon,0.0,0.0001503825915278867,0.0,0.5,,0.0,20
D,GAT+LSTM_no_adapt,1,206,mon,0.0,0.00019892462296411395,0.0,0.5,,0.0,20
D,GAT+LSTM_no_adapt,1,207,mon,0.0,0.00013873768330086023,0.0,0.5,,0.0,20
D,GAT+LSTM_no_adapt,1,208,mon,0.0,0.00014841347001492977,0.0,0.5,,0.0,20
D,GAT+LSTM_no_adapt,1,209,mon,0.0,0.0001440255146007985,0.0,0.5,,0.0,20
D,GAT+LSTM_no_adapt,1,210,mon,0.0,0.0001734086690703407,0.0,0.5,,0.0,20
D,GAT+LSTM_no_adapt,1,211,mon,0.0,0.0001424641814082861,0.0,0.5,,0.0,20
D,GAT+LSTM_no_adapt,1,212,mon,0.0,0.00017353369912598282,0.0,0.5,,0.0,20
D,GAT+LSTM_no_adapt,1,213,mon,0.0,0.00019575045735109597,0.0,0.5,,0.0,20
D,GAT+LSTM_no_adapt,1,214,mon,0.0,0.00013926760584581643,0.0,0.5,,0.0,20
D,GAT+LSTM_no_adapt,1,215,mon,0.0,0.00014350377023220062,0.0,0.5,,0.0,20
D,GAT+LSTM_no_adapt,1,216,mon,0.0,0.0001404188951710239,0.0,0.5,,0.0,20
D,GAT+LSTM_no_adapt,1,217,mon,0.0,0.00014331219426821917,0.0,0.5,,0.0,20
D,GAT+LSTM_no_adapt,1,218,mon,0.0,0.00014351306890603155,0.0,0.5,,0.0,20
D,GAT+LSTM_no_adapt,1,219,mon,0.0,0.00036408103187568486,0.0,0.5,,0.0,20
D,GAT+LSTM_no_adapt,1,220,mon,0.0,0.00015751810860820115,0.0,0.5,,0.0,20
D,GAT+LSTM_no_adapt,1,221,mon,0.0,0.00027660824707709253,0.0,0.5,,0.0,20
D,GAT+LSTM_no_adapt,1,222,mon,0.0,0.00018855350208468735,0.0,0.5,,0.0,20
D,GAT+LSTM_no_adapt,1,223,mon,0.0,0.00020144220616202801,0.0,0.5,,0.0,20
D,GAT+LSTM_no_adapt,1,224,mon,0.0,0.0001373215054627508,0.0,0.5,,0.0,20
D,GAT+LSTM_no_adapt,1,225,mon,0.0,0.00013554275210481137,0.0,0.5,,0.0,20
D,GAT+LSTM_no_adapt,1,226,mon,0.0,0.0001444761292077601,0.0,0.5,,0.0,20
D,GAT+LSTM_no_adapt,1,227,mon,0.0,0.00015542989422101527,0.0,0.5,,0.0,20
D,GAT+LSTM_no_adapt,1,228,mon,0.0,0.00016586804122198373,0.0,0.5,,0.0,20
D,GAT+LSTM_no_adapt,1,229,mon,0.0,0.00017911267059389502,0.0,0.5,,0.0,20
D,GAT+LSTM_no_adapt,1,230,mon,0.0,0.0001524822146166116,0.0,0.5,,0.0,20
D,GAT+LSTM_no_adapt,1,231,mon,0.0,0.00015611016715411097,0.0,0.5,,0.0,20
D,GAT+LSTM_no_adapt,1,232,mon,0.0,0.00014272292901296169,0.0,0.5,,0.0,20
D,GAT+LSTM_no_adapt,1,233,mon,0.0,0.00016031406994443387,0.0,0.5,,0.0,20
D,GAT+LSTM_no_adapt,1,234,mon,0.0,0.00020190812938380986,0.0,0.5,,0.0,20
D,GAT+LSTM_no_adapt,1,235,mon,0.0,0.00014612289669457823,0.0,0.5,,0.0,20
D,GAT+LSTM_no_adapt,1,236,mon,0.0,0.00014225798076950014,0.0,0.5,,0.0,20
D,GAT+LSTM_no_adapt,1,237,mon,0.0,0.00013634761853609234,0.0,0.5,,0.0,20
D,GAT+LSTM_no_adapt,1,238,mon,0.0,0.00014512561028823256,0.0,0.5,,0.0,20
D,GAT+LSTM_no_adapt,1,239,mon,0.0,0.00016697455430403352,0.0,0.5,,0.0,20
D,GAT+LSTM_no_adapt,1,240,mon,0.0,0.00037489121314138174,0.0,0.5,,0.0,20
D,GAT+LSTM_no_adapt,1,241,mon,0.0,0.0006220336654223502,0.0,0.5,,0.0,20
D,GAT+LSTM_no_adapt,1,242,mon,0.0,0.00038372777635231614,0.0,0.5,,0.0,20
D,GAT+LSTM_no_adapt,1,243,mon,0.0,0.00021828929311595857,0.0,0.5,,0.0,20
D,GAT+LSTM_no_adapt,1,244,mon,0.0,0.00015194606385193765,0.0,0.5,,0.0,20
D,GAT+LSTM_no_adapt,1,245,mon,0.0,0.0001398501917719841,0.0,0.5,,0.0,20
D,GAT+LSTM_no_adapt,1,246,mon,0.0,0.00014257658040151,0.0,0.5,,0.0,20
D,GAT+LSTM_no_adapt,1,247,mon,0.0,0.0001347973884548992,0.0,0.5,,0.0,20
D,GAT+LSTM_no_adapt,1,248,mon,0.0,0.0001587269944138825,0.0,0.5,,0.0,20
D,GAT+LSTM_no_adapt,1,249,mon,0.0,0.0001428126561222598,0.0,0.5,,0.0,20
D,GAT+LSTM_no_adapt,1,250,mon,0.0,0.00016303679149132222,0.0,0.5,,0.0,20
D,GAT+LSTM_no_adapt,1,251,mon,0.0,0.00016306943143717945,0.0,0.5,,0.0,20
D,GAT+LSTM_no_adapt,1,252,mon,0.0,0.0001360386813757941,0.0,0.5,,0.0,20
D,GAT+LSTM_no_adapt,1,253,mon,0.0,0.00014410189760383219,0.0,0.5,,0.0,20
D,GAT+LSTM_no_adapt,1,254,mon,0.0,0.00015841008280403912,0.0,0.5,,0.0,20
D,GAT+LSTM_no_adapt,1,255,mon,0.0,0.00013991209561936557,0.0,0.5,,0.0,20
D,GAT+LSTM_no_adapt,1,256,mon,0.0,0.000145541358506307,0.0,0.5,,0.0,20
D,GAT+LSTM_no_adapt,1,257,mon,0.0,0.0001502904196968302,0.0,0.5,,0.0,20
D,GAT+LSTM_no_adapt,1,258,mon,0.0,0.00013872564886696637,0.0,0.5,,0.0,20
D,GAT+LSTM_no_adapt,1,259,mon,0.0,0.00013824485358782113,0.0,0.5,,0.0,20
D,GAT+LSTM_no_adapt,1,260,mon,0.0,0.00014134260709397495,0.0,0.5,,0.0,20
D,GAT+LSTM_no_adapt,1,261,mon,0.0,0.00014828643179498613,0.0,0.5,,0.0,20
D,GAT+LSTM_no_adapt,1,262,mon,0.0,0.00014371027646120638,0.0,0.5,,0.0,20
D,GAT+LSTM_no_adapt,1,263,mon,0.0,0.00017855028272606432,0.0,0.5,,0.0,20
D,GAT+LSTM_no_adapt,1,264,mon,0.0,0.00014937946980353445,0.0,0.5,,0.0,20
D,GAT+LSTM_no_adapt,1,265,mon,0.0,0.0001437956525478512,0.0,0.5,,0.0,20
D,GAT+LSTM_no_adapt,1,266,mon,0.0,0.0001541631791042164,0.0,0.5,,0.0,20
D,GAT+LSTM_no_adapt,1,267,mon,0.0,0.00013762274465989321,0.0,0.5,,0.0,20
D,GAT+LSTM_no_adapt,1,268,mon,0.0,0.00014277575246524066,0.0,0.5,,0.0,20
D,GAT+LSTM_no_adapt,1,269,mon,0.0,0.00014754525909665972,0.0,0.5,,0.0,20
D,GAT+LSTM_no_adapt,1,270,mon,0.0,0.0001469167327741161,0.0,0.5,,0.0,20
D,GAT+LSTM_no_adapt,1,271,mon,0.0,0.00014635492698289454,0.0,0.5,,0.0,20
D,GAT+LSTM_no_adapt,1,272,mon,0.0,0.00017139330157078803,0.0,0.5,,0.0,20
D,GAT+LSTM_no_adapt,1,273,mon,0.0,0.00014478035154752433,0.0,0.5,,0.0,20
D,GAT+LSTM_no_adapt,1,274,mon,0.0,0.00015457886911462992,0.0,0.5,,0.0,20
D,GAT+LSTM_no_adapt,1,275,mon,0.0,0.0001657655811868608,0.0,0.5,,0.0,20
D,GAT+LSTM_no_adapt,1,276,mon,0.0,0.00016684405272826552,0.0,0.5,,0.0,20
D,GAT+LSTM_no_adapt,1,277,mon,0.0,0.00013613456394523382,0.0,0.5,,0.0,20
D,GAT+LSTM_no_adapt,1,278,mon,0.0,0.0001452446886105463,0.0,0.5,,0.0,20
D,GAT+LSTM_no_adapt,1,279,mon,0.0,0.0001816585281630978,0.0,0.5,,0.0,20
D,GAT+LSTM_no_adapt,1,280,mon,0.0,0.00016312387015204877,0.0,0.5,,0.0,20
D,GAT+LSTM_no_adapt,1,281,mon,0.0,0.0001415547594660893,0.0,0.5,,0.0,20
D,GAT+LSTM_no_adapt,1,282,mon,0.0,0.00014026487770024687,0.0,0.5,,0.0,20
D,GAT+LSTM_no_adapt,1,283,mon,0.0,0.0001360040478175506,0.0,0.5,,0.0,20
D,GAT+LSTM_no_adapt,1,284,mon,0.0,0.00017014473269227892,0.0,0.5,,0.0,20
D,GAT+LSTM_no_adapt,1,285,mon,0.0,0.0001386982767144218,0.0,0.5,,0.0,20
D,GAT+LSTM_no_adapt,1,286,mon,0.0,0.0001408102980349213,0.0,0.5,,0.0,20
D,GAT+LSTM_no_adapt,1,287,mon,0.0,0.00015625180094502866,0.0,0.5,,0.0,20
D,GAT+LSTM_no_adapt,1,288,mon,0.0,0.00014103429566603154,0.0,0.5,,0.0,20
D,GAT+LSTM_no_adapt,1,289,mon,0.0,0.00014215383271221071,0.0,0.5,,0.0,20
D,GAT+LSTM_no_adapt,1,290,mon,0.0,0.00014315498992800713,0.0,0.5,,0.0,20
D,GAT+LSTM_no_adapt,1,291,mon,0.0,0.00014324949006550014,0.0,0.5,,0.0,20
D,GAT+LSTM_no_adapt,1,292,mon,0.0,0.0001644758158363402,0.0,0.5,,0.0,20
D,GAT+LSTM_no_adapt,1,293,mon,0.0,0.00014335689775180072,0.0,0.5,,0.0,20
D,GAT+LSTM_no_adapt,1,294,mon,0.0,0.00014154329255688936,0.0,0.5,,0.0,20
D,GAT+LSTM_no_adapt,1,295,mon,0.0,0.00014236329298000783,0.0,0.5,,0.0,20
D,GAT+LSTM_no_adapt,1,296,mon,0.0,0.0001576149952597916,0.0,0.5,,0.0,20
D,GAT+LSTM_no_adapt,1,297,mon,0.0,0.00014082306006457657,0.0,0.5,,0.0,20
D,GAT+LSTM_no_adapt,1,298,mon,0.0,0.0001444196532247588,0.0,0.5,,0.0,20
D,GAT+LSTM_no_adapt,1,299,mon,0.0,0.0003405065799597651,0.0,0.5,,0.0,20
D,GAT+LSTM_no_adapt,1,300,mon,0.0,0.00018184258078690618,0.0,0.5,,0.0,20
D,GAT+LSTM_no_adapt,1,301,mon,0.0,0.00013856581063009799,0.0,0.5,,0.0,20
D,GAT+LSTM_no_adapt,1,302,mon,0.0,0.0001379297609673813,0.0,0.5,,0.0,20
D,GAT+LSTM_no_adapt,1,303,mon,0.0,0.00014795198512729257,0.0,0.5,,0.0,20
D,GAT+LSTM_no_adapt,1,304,mon,0.0,0.00019957397307734936,0.0,0.5,,0.0,20
D,GAT+LSTM_no_adapt,1,305,mon,0.0,0.00014439404185395688,0.0,0.5,,0.0,20
D,GAT+LSTM_no_adapt,1,306,mon,0.0,0.0001716726692393422,0.0,0.5,,0.0,20
D,GAT+LSTM_no_adapt,1,307,mon,0.0,0.0001636526285437867,0.0,0.5,,0.0,20
D,GAT+LSTM_no_adapt,1,308,mon,0.0,0.00013642759586218745,0.0,0.5,,0.0,20
D,GAT+LSTM_no_adapt,1,309,mon,0.0,0.00013370988017413765,0.0,0.5,,0.0,20
D,GAT+LSTM_no_adapt,1,310,mon,0.0,0.0001561872923048213,0.0,0.5,,0.0,20
D,GAT+LSTM_no_adapt,1,311,mon,0.0,0.0001390574179822579,0.0,0.5,,0.0,20
D,GAT+LSTM_no_adapt,1,312,mon,0.0,0.0001758585567586124,0.0,0.5,,0.0,20
D,GAT+LSTM_no_adapt,1,313,mon,0.0,0.00017151724023278803,0.0,0.5,,0.0,20
D,GAT+LSTM_no_adapt,1,314,mon,0.0,0.00015053825336508453,0.0,0.5,,0.0,20
D,GAT+LSTM_no_adapt,1,315,mon,0.0,0.0004012396093457937,0.0,0.5,,0.0,20
D,GAT+LSTM_no_adapt,1,316,mon,0.0,0.0001787197688827291,0.0,0.5,,0.0,20
D,GAT+LSTM_no_adapt,1,317,mon,0.0,0.00018357405497226864,0.0,0.5,,0.0,20
D,GAT+LSTM_no_adapt,1,318,mon,0.0,0.00014415523037314415,0.0,0.5,,0.0,20
D,GAT+LSTM_no_adapt,1,319,mon,0.0,0.00014001726231072098,0.0,0.5,,0.0,20
D,GAT+LSTM_no_adapt,1,320,mon,0.0,0.0001442309730919078,0.0,0.5,,0.0,20
D,GAT+LSTM_no_adapt,1,321,mon,0.0,0.00022016193543095142,0.0,0.5,,0.0,20
D,GAT+LSTM_no_adapt,1,322,mon,0.0,0.00014930286852177233,0.0,0.5,,0.0,20
D,GAT+LSTM_no_adapt,1,323,mon,0.0,0.00013591043534688652,0.0,0.5,,0.0,20
D,GAT+LSTM_no_adapt,1,324,mon,0.0,0.0001396838779328391,0.0,0.5,,0.0,20
D,GAT+LSTM_no_adapt,1,325,mon,0.0,0.00018885903409682214,0.0,0.5,,0.0,20
D,GAT+LSTM_no_adapt,1,326,mon,0.0,0.00017212833336088806,0.0,0.5,,0.0,20
D,GAT+LSTM_no_adapt,1,327,mon,0.0,0.0001895602763397619,0.0,0.5,,0.0,20
D,GAT+LSTM_no_adapt,1,328,mon,0.0,0.0001451073621865362,0.0,0.5,,0.0,20
D,GAT+LSTM_no_adapt,1,329,mon,0.0,0.0001468607079004869,0.0,0.5,,0.0,20
D,GAT+LSTM_no_adapt,1,330,mon,0.0,0.0001542388927191496,0.0,0.5,,0.0,20
D,GAT+LSTM_no_adapt,1,331,mon,0.0,0.0001800794998416677,0.0,0.5,,0.0,20
D,GAT+LSTM_no_adapt,1,332,mon,0.0,0.00019982112280558795,0.0,0.5,,0.0,20
D,GAT+LSTM_no_adapt,1,333,mon,0.0,0.00019622773106675595,0.0,0.5,,0.0,20
D,GAT+LSTM_no_adapt,1,334,mon,0.0,0.00021424943406600505,0.0,0.5,,0.0,20
D,GAT+LSTM_no_adapt,1,335,mon,0.0,0.00018513445684220642,0.0,0.5,,0.0,20
D,GAT+LSTM_no_adapt,1,336,mon,0.0,0.00016764075553510338,0.0,0.5,,0.0,20
D,GAT+LSTM_no_adapt,1,337,mon,0.0,0.00015582464402541518,0.0,0.5,,0.0,20
D,GAT+LSTM_no_adapt,1,338,mon,0.0,0.00015374259965028614,0.0,0.5,,0.0,20
D,GAT+LSTM_no_adapt,1,339,mon,0.0,0.00017565779853612185,0.0,0.5,,0.0,20
D,GAT+LSTM_no_adapt,1,340,mon,0.0,0.00017740242765285075,0.0,0.5,,0.0,20
D,GAT+LSTM_no_adapt,1,341,mon,0.0,0.00018409447511658072,0.0,0.5,,0.0,20
D,GAT+LSTM_no_adapt,1,342,mon,0.0,0.0002540434943512082,0.0,0.5,,0.0,20
D,GAT+LSTM_no_adapt,1,343,mon,0.0,0.00023035358753986657,0.0,0.5,,0.0,20
D,GAT+LSTM_no_adapt,1,344,mon,0.0,0.0003013983659911901,0.0,0.5,,0.0,20
D,GAT+LSTM_no_adapt,1,345,mon,0.0,0.00039740398642607033,0.0,0.5,,0.0,20
D,GAT+LSTM_no_adapt,1,346,mon,0.0,0.00030043438891880214,0.0,0.5,,0.0,20
D,GAT+LSTM_no_adapt,1,347,mon,0.0,0.00041462210356257856,0.0,0.5,,0.0,20
D,GAT+LSTM_no_adapt,1,348,mon,0.0,0.00023470645828638226,0.0,0.5,,0.0,20
D,GAT+LSTM_no_adapt,1,349,mon,0.0,0.00035547622246667743,0.0,0.5,,0.0,20
D,GAT+LSTM_no_adapt,1,350,mon,0.0,0.00029935623751953244,0.0,0.5,,0.0,20
D,GAT+LSTM_no_adapt,1,351,mon,0.0,0.00024069796199910343,0.0,0.5,,0.0,20
D,GAT+LSTM_no_adapt,1,352,mon,0.0,0.00027114219847135246,0.0,0.5,,0.0,20
D,GAT+LSTM_no_adapt,1,353,mon,0.0,0.00021289545111358166,0.0,0.5,,0.0,20
D,GAT+LSTM_no_adapt,1,354,mon,0.0,0.00018355496285948902,0.0,0.5,,0.0,20
D,GAT+LSTM_no_adapt,1,355,mon,0.0,0.0001593283814145252,0.0,0.5,,0.0,20
D,GAT+LSTM_no_adapt,1,356,mon,0.0,0.0001485517859691754,0.0,0.5,,0.0,20
D,GAT+LSTM_no_adapt,1,357,mon,0.0,0.00015345041174441576,0.0,0.5,,0.0,20
D,GAT+LSTM_no_adapt,1,358,mon,0.0,0.000163607532158494,0.0,0.5,,0.0,20
D,GAT+LSTM_no_adapt,1,359,mon,0.0,0.0001784386404324323,0.0,0.5,,0.0,20
D,GAT+LSTM_no_adapt,1,360,mon,0.0,0.0001764785556588322,0.0,0.5,,0.0,20
D,GAT+LSTM_no_adapt,1,361,mon,0.0,0.00018410570919513702,0.0,0.5,,0.0,20
D,GAT+LSTM_no_adapt,1,362,mon,0.0,0.00020755136210937053,0.0,0.5,,0.0,20
D,GAT+LSTM_no_adapt,1,363,mon,0.0,0.0002066775195999071,0.0,0.5,,0.0,20
D,GAT+LSTM_no_adapt,1,364,mon,0.0,0.00018543055921327323,0.0,0.5,,0.0,20
D,GAT+LSTM_no_adapt,1,365,mon,0.0,0.0001742588065098971,0.0,0.5,,0.0,20
D,GAT+LSTM_no_adapt,1,366,mon,0.0,0.0001755943230818957,0.0,0.5,,0.0,20
D,GAT+LSTM_no_adapt,1,367,mon,0.0,0.00018228054977953434,0.0,0.5,,0.0,20
D,GAT+LSTM_no_adapt,1,368,mon,0.0,0.00016377578140236437,0.0,0.5,,0.0,20
D,GAT+LSTM_no_adapt,1,369,mon,0.0,0.00019652207265608013,0.0,0.5,,0.0,20
D,GAT+LSTM_no_adapt,1,370,mon,0.0,0.00021960490266792476,0.0,0.5,,0.0,20
D,GAT+LSTM_no_adapt,1,371,mon,0.0,0.0002858355001080781,0.0,0.5,,0.0,20
D,GAT+LSTM_no_adapt,1,372,mon,0.0,0.00033124073524959385,0.0,0.5,,0.0,20
D,GAT+LSTM_no_adapt,1,373,mon,0.0,0.0003858800046145916,0.0,0.5,,0.0,20
D,GAT+LSTM_no_adapt,1,374,mon,0.0,0.00038003557710908353,0.0,0.5,,0.0,20
D,GAT+LSTM_no_adapt,1,375,mon,0.0,0.0004911698051728308,0.0,0.5,,0.0,20
D,GAT+LSTM_no_adapt,1,376,mon,0.0,0.000572553719393909,0.0,0.5,,0.0,20
D,GAT+LSTM_no_adapt,1,377,mon,0.0,0.0005329768173396587,0.0,0.5,,0.0,20
D,GAT+LSTM_no_adapt,1,378,mon,0.0,0.00028711865888908505,0.0,0.5,,0.0,20
D,GAT+LSTM_no_adapt,1,379,mon,0.0,0.00021438387921079993,0.0,0.5,,0.0,20
D,GAT+LSTM_no_adapt,1,380,mon,0.0,0.00019276823149994016,0.0,0.5,,0.0,20
D,GAT+LSTM_no_adapt,1,381,mon,0.0,0.00018694112077355385,0.0,0.5,,0.0,20
D,GAT+LSTM_no_adapt,1,382,mon,0.0,0.00018372938211541623,0.0,0.5,,0.0,20
D,GAT+LSTM_no_adapt,1,383,mon,0.0,0.00017301394836977124,0.0,0.5,,0.0,20
D,GAT+LSTM_no_adapt,1,384,mon,0.0,0.00016421364853158593,0.0,0.5,,0.0,20
D,GAT+LSTM_no_adapt,1,385,mon,0.0,0.0001619980757823214,0.0,0.5,,0.0,20
D,GAT+LSTM_no_adapt,1,386,mon,0.0,0.00015332640032283962,0.0,0.5,,0.0,20
D,GAT+LSTM_no_adapt,1,387,mon,0.0,0.0001576806971570477,0.0,0.5,,0.0,20
D,GAT+LSTM_no_adapt,1,388,mon,0.0,0.00020121029228903353,0.0,0.5,,0.0,20
D,GAT+LSTM_no_adapt,1,389,mon,0.0,0.0003115999570582062,0.0,0.5,,0.0,20
D,GAT+LSTM_no_adapt,1,390,mon,0.0,0.000463142991065979,0.0,0.5,,0.0,20
D,GAT+LSTM_no_adapt,1,391,mon,0.0,0.0006414757226593792,0.0,0.5,,0.0,20
D,GAT+LSTM_no_adapt,1,392,mon,0.0,0.0004463510704226792,0.0,0.5,,0.0,20
D,GAT+LSTM_no_adapt,1,393,mon,0.0,0.0003526575455907732,0.0,0.5,,0.0,20
D,GAT+LSTM_no_adapt,1,394,mon,0.0,0.00033313361927866936,0.0,0.5,,0.0,20
D,GAT+LSTM_no_adapt,1,395,mon,0.0,0.0002341746585443616,0.0,0.5,,0.0,20
D,GAT+LSTM_no_adapt,1,396,mon,0.0,0.00021375725918915123,0.0,0.5,,0.0,20
D,GAT+LSTM_no_adapt,1,397,mon,0.0,0.00019006687216460705,0.0,0.5,,0.0,20
D,GAT+LSTM_no_adapt,1,398,mon,0.0,0.0002221166796516627,0.0,0.5,,0.0,20
D,GAT+LSTM_no_adapt,1,399,mon,0.0,0.0002601784944999963,0.0,0.5,,0.0,20
D,GAT+LSTM_no_adapt,1,400,mon,0.0,0.00019948113185819238,0.0,0.5,,0.0,20
D,GAT+LSTM_no_adapt,1,401,mon,0.0,0.00021065957844257355,0.0,0.5,,0.0,20
D,GAT+LSTM_no_adapt,1,402,mon,0.0,0.00017915877106133848,0.0,0.5,,0.0,20
D,GAT+LSTM_no_adapt,1,403,mon,0.0,0.00016116793267428875,0.0,0.5,,0.0,20
D,GAT+LSTM_no_adapt,1,404,mon,0.0,0.00015666070976294577,0.0,0.5,,0.0,20
D,GAT+LSTM_no_adapt,1,405,mon,0.0,0.0001594542118255049,0.0,0.5,,0.0,20
D,GAT+LSTM_no_adapt,1,406,mon,0.0,0.00015417655231431127,0.0,0.5,,0.0,20
D,GAT+LSTM_no_adapt,1,407,mon,0.0,0.00015159700706135482,0.0,0.5,,0.0,20
D,GAT+LSTM_no_adapt,1,408,mon,0.0,0.0001580329262651503,0.0,0.5,,0.0,20
D,GAT+LSTM_no_adapt,1,409,mon,0.0,0.00016167215653695166,0.0,0.5,,0.0,20
D,GAT+LSTM_no_adapt,1,410,mon,0.0,0.00018816415104083717,0.0,0.5,,0.0,20
D,GAT+LSTM_no_adapt,1,411,mon,0.0,0.000185959434020333,0.0,0.5,,0.0,20
D,GAT+LSTM_no_adapt,1,412,mon,0.0,0.00020759945618920028,0.0,0.5,,0.0,20
D,GAT+LSTM_no_adapt,1,413,mon,0.0,0.00019940678612329066,0.0,0.5,,0.0,20
D,GAT+LSTM_no_adapt,1,414,mon,0.0,0.00026761111803352833,0.0,0.5,,0.0,20
D,GAT+LSTM_no_adapt,1,415,mon,0.0,0.00030243201763369143,0.0,0.5,,0.0,20
D,GAT+LSTM_no_adapt,1,416,mon,0.0,0.00023127191525418311,0.0,0.5,,0.0,20
D,GAT+LSTM_no_adapt,1,417,mon,0.0,0.00019455362053122371,0.0,0.5,,0.0,20
D,GAT+LSTM_no_adapt,1,418,mon,0.0,0.0001791297399904579,0.0,0.5,,0.0,20
D,GAT+LSTM_no_adapt,1,419,mon,0.0,0.00016381281602662057,0.0,0.5,,0.0,20
D,GAT+LSTM_no_adapt,1,420,mon,0.0,0.0001763900654623285,0.0,0.5,,0.0,20
D,GAT+LSTM_no_adapt,1,421,mon,0.0,0.00022644302225671709,0.0,0.5,,0.0,20
D,GAT+LSTM_no_adapt,1,422,mon,0.0,0.00033405108842998743,0.0,0.5,,0.0,20
D,GAT+LSTM_no_adapt,1,423,mon,0.0,0.00035071015008725226,0.0,0.5,,0.0,20
D,GAT+LSTM_no_adapt,1,424,mon,0.0,0.00037609165883623064,0.0,0.5,,0.0,20
D,GAT+LSTM_no_adapt,1,425,mon,0.0,0.00023043133842293173,0.0,0.5,,0.0,20
D,GAT+LSTM_no_adapt,1,426,mon,0.0,0.0001928430428961292,0.0,0.5,,0.0,20
D,GAT+LSTM_no_adapt,1,427,mon,0.0,0.0001643618306843564,0.0,0.5,,0.0,20
D,GAT+LSTM_no_adapt,1,428,mon,0.0,0.00015188190445769578,0.0,0.5,,0.0,20
D,GAT+LSTM_no_adapt,1,429,mon,0.0,0.00014689977979287505,0.0,0.5,,0.0,20
D,GAT+LSTM_no_adapt,1,430,mon,0.0,0.00014383529196493328,0.0,0.5,,0.0,20
D,GAT+LSTM_no_adapt,1,431,mon,0.0,0.00017215560365002602,0.0,0.5,,0.0,20
D,GAT+LSTM_no_adapt,1,432,mon,0.0,0.00016099789354484528,0.0,0.5,,0.0,20
D,GAT+LSTM_no_adapt,1,433,mon,0.0,0.0001681185676716268,0.0,0.5,,0.0,20
D,GAT+LSTM_no_adapt,1,434,mon,0.0,0.00017117822426371276,0.0,0.5,,0.0,20
D,GAT+LSTM_no_adapt,1,435,mon,0.0,0.00018191940034739673,0.0,0.5,,0.0,20
D,GAT+LSTM_no_adapt,1,436,mon,0.0,0.00015199418703559786,0.0,0.5,,0.0,20
D,GAT+LSTM_no_adapt,1,437,mon,0.0,0.00014863410615362227,0.0,0.5,,0.0,20
D,GAT+LSTM_no_adapt,1,438,mon,0.0,0.0001458342158002779,0.0,0.5,,0.0,20
D,GAT+LSTM_no_adapt,1,439,mon,0.0,0.000146913094795309,0.0,0.5,,0.0,20
D,GAT+LSTM_no_adapt,1,440,mon,0.0,0.00016160619270522147,0.0,0.5,,0.0,20
D,GAT+LSTM_no_adapt,1,441,mon,0.0,0.00018294446635991335,0.0,0.5,,0.0,20
D,GAT+LSTM_no_adapt,1,442,mon,0.0,0.00018211151473224163,0.0,0.5,,0.0,20
D,GAT+LSTM_no_adapt,1,443,mon,0.0,0.00019411781977396458,0.0,0.5,,0.0,20
D,GAT+LSTM_no_adapt,1,444,mon,0.0,0.0001812571135815233,0.0,0.5,,0.0,20
D,GAT+LSTM_no_adapt,1,445,mon,0.0,0.00017198167915921658,0.0,0.5,,0.0,20
D,GAT+LSTM_no_adapt,1,446,mon,0.0,0.0001865113154053688,0.0,0.5,,0.0,20
D,GAT+LSTM_no_adapt,1,447,mon,0.0,0.00018819213437382132,0.0,0.5,,0.0,20
D,GAT+LSTM_no_adapt,1,448,mon,0.0,0.00019366339256521314,0.0,0.5,,0.0,20
D,GAT+LSTM_no_adapt,1,449,mon,0.0,0.00019580665684770793,0.0,0.5,,0.0,20
D,GAT+LSTM_no_adapt,1,450,mon,0.0,0.00020598834089469165,0.0,0.5,,0.0,20
D,GAT+LSTM_no_adapt,1,451,mon,0.0,0.0001801968173822388,0.0,0.5,,0.0,20
D,GAT+LSTM_no_adapt,1,452,mon,0.0,0.00016181003593374044,0.0,0.5,,0.0,20
D,GAT+LSTM_no_adapt,1,453,mon,0.0,0.00015255216567311436,0.0,0.5,,0.0,20
D,GAT+LSTM_no_adapt,1,454,mon,0.0,0.00015282414096873254,0.0,0.5,,0.0,20
D,GAT+LSTM_no_adapt,1,455,mon,0.0,0.0001545663399156183,0.0,0.5,,0.0,20
D,GAT+LSTM_no_adapt,1,456,mon,0.0,0.0001516280899522826,0.0,0.5,,0.0,20
D,GAT+LSTM_no_adapt,1,457,mon,0.0,0.0001460042258258909,0.0,0.5,,0.0,20
D,GAT+LSTM_no_adapt,1,458,mon,0.0,0.00014661556633654982,0.0,0.5,,0.0,20
D,GAT+LSTM_no_adapt,1,459,mon,0.0,0.0001437576866010204,0.0,0.5,,0.0,20
D,GAT+LSTM_no_adapt,1,460,mon,0.0,0.00014382295194081962,0.0,0.5,,0.0,20
D,GAT+LSTM_no_adapt,1,461,mon,0.0,0.00014452461618930101,0.0,0.5,,0.0,20
D,GAT+LSTM_no_adapt,1,462,mon,0.0,0.0001822593476390466,0.0,0.5,,0.0,20
D,GAT+LSTM_no_adapt,1,463,mon,0.0,0.00017362473590765148,0.0,0.5,,0.0,20
D,GAT+LSTM_no_adapt,1,464,mon,0.0,0.00017598217527847737,0.0,0.5,,0.0,20
D,GAT+LSTM_no_adapt,1,465,mon,0.0,0.00017055211355909705,0.0,0.5,,0.0,20
D,GAT+LSTM_no_adapt,1,466,mon,0.0,0.00017315454897470772,0.0,0.5,,0.0,20
D,GAT+LSTM_no_adapt,1,467,mon,0.0,0.00017891106836032122,0.0,0.5,,0.0,20
D,GAT+LSTM_no_adapt,1,468,mon,0.0,0.0001633866340853274,0.0,0.5,,0.0,20
D,GAT+LSTM_no_adapt,1,469,mon,0.0,0.00016106899420265108,0.0,0.5,,0.0,20
D,GAT+LSTM_no_adapt,1,470,mon,0.0,0.00014994415687397122,0.0,0.5,,0.0,20
D,GAT+LSTM_no_adapt,1,471,mon,0.0,0.0001587398728588596,0.0,0.5,,0.0,20
D,GAT+LSTM_no_adapt,1,472,mon,0.0,0.00015055692347232252,0.0,0.5,,0.0,20
D,GAT+LSTM_no_adapt,1,473,mon,0.0,0.00015774100029375404,0.0,0.5,,0.0,20
D,GAT+LSTM_no_adapt,1,474,mon,0.0,0.00017918850062415004,0.0,0.5,,0.0,20
D,GAT+LSTM_no_adapt,1,475,mon,0.0,0.00019778551359195262,0.0,0.5,,0.0,20
D,GAT+LSTM_no_adapt,1,476,mon,0.0,0.00017806065443437546,0.0,0.5,,0.0,20
D,GAT+LSTM_no_adapt,1,477,mon,0.0,0.00017142240540124476,0.0,0.5,,0.0,20
D,GAT+LSTM_no_adapt,1,478,mon,0.0,0.0001624374999664724,0.0,0.5,,0.0,20
D,GAT+LSTM_no_adapt,1,479,mon,0.0,0.00015219315537251532,0.0,0.5,,0.0,20
D,GAT+LSTM_no_adapt,1,480,mon,0.0,0.00014734068827237934,0.0,0.5,,0.0,20
D,GAT+LSTM_no_adapt,1,481,mon,0.0,0.00014602678129449487,0.0,0.5,,0.0,20
D,GAT+LSTM_no_adapt,1,482,mon,0.0,0.00014833650493528694,0.0,0.5,,0.0,20
D,GAT+LSTM_no_adapt,1,483,mon,0.0,0.00014990914496593177,0.0,0.5,,0.0,20
D,GAT+LSTM_no_adapt,1,484,mon,0.0,0.00014875207853037864,0.0,0.5,,0.0,20
D,GAT+LSTM_no_adapt,1,485,mon,0.0,0.00015414583322126418,0.0,0.5,,0.0,20
D,GAT+LSTM_no_adapt,1,486,mon,0.0,0.0001448270195396617,0.0,0.5,,0.0,20
D,GAT+LSTM_no_adapt,1,487,mon,0.0,0.00014233464025892317,0.0,0.5,,0.0,20
D,GAT+LSTM_no_adapt,1,488,mon,0.0,0.0001455100136809051,0.0,0.5,,0.0,20
D,GAT+LSTM_no_adapt,1,489,mon,0.0,0.00014245780766941607,0.0,0.5,,0.0,20
D,GAT+LSTM_no_adapt,1,490,mon,0.0,0.0001460262283217162,0.0,0.5,,0.0,20
D,GAT+LSTM_no_adapt,1,491,mon,0.0,0.00015488662756979465,0.0,0.5,,0.0,20
D,GAT+LSTM_no_adapt,1,492,mon,0.0,0.00015738057845737785,0.0,0.5,,0.0,20
D,GAT+LSTM_no_adapt,1,493,mon,0.0,0.00017184905300382525,0.0,0.5,,0.0,20
D,GAT+LSTM_no_adapt,1,494,mon,0.0,0.00016455580771435052,0.0,0.5,,0.0,20
D,GAT+LSTM_no_adapt,1,495,mon,0.0,0.0001583785196999088,0.0,0.5,,0.0,20
D,GAT+LSTM_no_adapt,1,496,mon,0.0,0.00038887676782906055,0.0,0.5,,0.0,20
D,GAT+LSTM_no_adapt,1,497,mon,0.0,0.00023166810569819063,0.0,0.5,,0.0,20
D,GAT+LSTM_no_adapt,1,498,mon,0.0,0.00022109615383669734,0.0,0.5,,0.0,20
D,GAT+LSTM_no_adapt,1,499,mon,0.0,0.0003730654716491699,0.0,0.5,,0.0,20
D,GAT+LSTM_no_adapt,1,500,mon,0.0,0.00032604296575300395,0.0,0.5,,0.0,20
D,GAT+LSTM_no_adapt,1,501,mon,0.0,0.00026557999080978334,0.0,0.5,,0.0,20
D,GAT+LSTM_no_adapt,1,502,mon,0.0,0.0001965520641533658,0.0,0.5,,0.0,20
D,GAT+LSTM_no_adapt,2,611,tue,0.0,0.0001547847641631961,0.0,0.5,,0.0,20
D,GAT+LSTM_no_adapt,2,612,tue,0.0,0.0001610608451301232,0.0,0.5,,0.0,20
D,GAT+LSTM_no_adapt,2,613,tue,0.0,0.0001715232792776078,0.0,0.5,,0.0,20
D,GAT+LSTM_no_adapt,2,614,tue,0.0,0.00015660753706470132,0.0,0.5,,0.0,20
D,GAT+LSTM_no_adapt,2,615,tue,0.0,0.00015558040468022227,0.0,0.5,,0.0,20
D,GAT+LSTM_no_adapt,2,616,tue,0.0,0.00018052614177577198,0.0,0.5,,0.0,20
D,GAT+LSTM_no_adapt,2,617,tue,0.0,0.0001336215646006167,0.0,0.5,,0.0,20
D,GAT+LSTM_no_adapt,2,618,tue,0.0,0.0001866029342636466,0.0,0.5,,0.0,20
D,GAT+LSTM_no_adapt,2,619,tue,0.0,0.0006372288917191327,0.0,0.5,,0.0,20
D,GAT+LSTM_no_adapt,2,620,tue,0.0,0.0001987448922591284,0.0,0.5,,0.0,20
D,GAT+LSTM_no_adapt,2,621,tue,0.0,0.00023934226192068309,0.0,0.5,,0.0,20
D,GAT+LSTM_no_adapt,2,622,tue,1.0,0.014640592969954014,0.0,1.0,1.0,0.0,20
D,GAT+LSTM_no_adapt,2,623,tue,1.0,0.980961263179779,0.6666666666666666,1.0,1.0,0.0,20
D,GAT+LSTM_no_adapt,2,624,tue,1.0,0.9947063326835632,0.8,1.0,1.0,0.0,20
D,GAT+LSTM_no_adapt,2,625,tue,1.0,0.9974269270896912,0.8571428571428571,1.0,1.0,0.0,20
D,GAT+LSTM_no_adapt,2,626,tue,1.0,0.9990050196647644,0.8888888888888888,1.0,1.0,0.0,20
D,GAT+LSTM_no_adapt,2,627,tue,1.0,0.9921671748161316,0.9090909090909091,1.0,1.0,0.0,20
D,GAT+LSTM_no_adapt,2,628,tue,1.0,0.9945893287658691,0.9230769230769231,0.9999999999999998,1.0,0.0,20
D,GAT+LSTM_no_adapt,2,629,tue,1.0,0.9985306262969971,0.9333333333333333,1.0,1.0,0.0,20
D,GAT+LSTM_no_adapt,2,630,tue,1.0,0.9974936246871948,0.9411764705882353,1.0000000000000002,1.0,0.0,20
D,GAT+LSTM_no_adapt,2,631,tue,1.0,0.9985660910606384,0.9473684210526315,0.9999999999999999,1.0,0.0,20
D,GAT+LSTM_no_adapt,2,632,tue,1.0,0.9982830286026001,0.9523809523809523,1.0,1.0,0.0,20
D,GAT+LSTM_no_adapt,2,633,tue,1.0,0.9987553358078003,0.9565217391304348,1.0,1.0,0.0,20
D,GAT+LSTM_no_adapt,2,634,tue,1.0,0.9946286082267761,0.96,0.9999999999999998,1.0,0.0,20
D,GAT+LSTM_no_adapt,2,635,tue,1.0,0.9943568110466003,0.9629629629629629,0.9999999999999999,1.0,0.0,20
D,GAT+LSTM_no_adapt,2,636,tue,1.0,0.9965481162071228,0.9655172413793104,1.0,1.0,0.0,20
D,GAT+LSTM_no_adapt,2,637,tue,1.0,0.991248369216919,0.967741935483871,1.0,1.0,0.0,20
D,GAT+LSTM_no_adapt,2,638,tue,1.0,0.9963350296020508,0.9696969696969697,1.0,1.0,0.0,20
D,GAT+LSTM_no_adapt,2,639,tue,1.0,0.9961234927177429,0.9714285714285714,1.0,1.0,0.0,20
D,GAT+LSTM_no_adapt,2,640,tue,1.0,0.9978006482124329,0.972972972972973,0.9999999999999998,1.0,0.0,20
D,GAT+LSTM_no_adapt,2,641,tue,1.0,0.9982989430427551,0.9743589743589743,1.0000000000000002,,0.0,20
D,GAT+LSTM_no_adapt,2,642,tue,1.0,0.9879941940307617,1.0,1.0000000000000002,,0.0,20
D,GAT+LSTM_no_adapt,2,643,tue,1.0,0.9896848201751709,1.0,1.0000000000000002,,0.0,20
D,GAT+LSTM_no_adapt,2,644,tue,1.0,0.996371865272522,1.0,1.0000000000000002,,0.0,20
D,GAT+LSTM_no_adapt,2,645,tue,1.0,0.9976063966751099,1.0,1.0000000000000002,,0.0,20
D,GAT+LSTM_no_adapt,2,646,tue,1.0,0.9939642548561096,1.0,1.0000000000000002,,0.0,20
D,GAT+LSTM_no_adapt,2,647,tue,1.0,0.9688985347747803,1.0,1.0000000000000002,,0.0,20
D,GAT+LSTM_no_adapt,2,648,tue,1.0,0.9503487944602966,1.0,1.0000000000000002,,0.0,20
D,GAT+LSTM_no_adapt,2,649,tue,1.0,0.9953008890151978,1.0,1.0000000000000002,,0.0,20
D,GAT+LSTM_no_adapt,2,650,tue,1.0,0.9859194755554199,1.0,1.0000000000000002,,0.0,20
D,GAT+LSTM_no_adapt,2,651,tue,1.0,0.9470507502555847,1.0,1.0000000000000002,,0.0,20
D,GAT+LSTM_no_adapt,2,652,tue,1.0,0.9930785298347473,1.0,1.0000000000000002,,0.0,20
D,GAT+LSTM_no_adapt,2,653,tue,1.0,0.9977738261222839,1.0,1.0000000000000002,,0.0,20
D,GAT+LSTM_no_adapt,2,654,tue,1.0,0.9962730407714844,1.0,1.0000000000000002,,0.0,20
D,GAT+LSTM_no_adapt,2,655,tue,1.0,0.9981541037559509,1.0,1.0000000000000002,,0.0,20
D,GAT+LSTM_no_adapt,2,656,tue,1.0,0.9969350099563599,1.0,1.0000000000000002,,0.0,20
D,GAT+LSTM_no_adapt,2,657,tue,1.0,0.9968570470809937,1.0,1.0000000000000002,,0.0,20
D,GAT+LSTM_no_adapt,2,658,tue,1.0,0.9983524084091187,1.0,1.0000000000000002,,0.0,20
D,GAT+LSTM_no_adapt,2,659,tue,1.0,0.9984048008918762,1.0,1.0000000000000002,,0.0,20
D,GAT+LSTM_no_adapt,2,660,tue,1.0,0.998656153678894,1.0,1.0000000000000002,,0.0,20
D,GAT+LSTM_no_adapt,2,661,tue,1.0,0.998803973197937,1.0,1.0000000000000002,,0.0,20
D,GAT+LSTM_no_adapt,2,662,tue,1.0,0.9961812496185303,1.0,1.0000000000000002,,0.0,20
D,GAT+LSTM_no_adapt,2,663,tue,1.0,0.9907292723655701,1.0,1.0000000000000002,,0.0,20
D,GAT+LSTM_no_adapt,2,664,tue,1.0,0.9936324954032898,1.0,1.0000000000000002,,0.0,20
D,GAT+LSTM_no_adapt,2,665,tue,1.0,0.982067883014679,1.0,1.0000000000000002,,0.0,20
D,GAT+LSTM_no_adapt,2,666,tue,1.0,0.9854390621185303,1.0,1.0000000000000002,,0.0,20
D,GAT+LSTM_no_adapt,2,667,tue,1.0,0.9151546955108643,1.0,1.0000000000000002,,0.0,20
D,GAT+LSTM_no_adapt,2,668,tue,1.0,0.7676313519477844,1.0,1.0000000000000002,,0.0,20
D,GAT+LSTM_no_adapt,2,669,tue,1.0,0.9943144917488098,1.0,1.0000000000000002,,0.0,20
D,GAT+LSTM_no_adapt,2,670,tue,1.0,0.9963816404342651,1.0,1.0000000000000002,,0.0,20
D,GAT+LSTM_no_adapt,2,671,tue,1.0,0.9975861310958862,1.0,1.0000000000000002,,0.0,20
D,GAT+LSTM_no_adapt,2,672,tue,1.0,0.9446125626564026,1.0,1.0000000000000002,,0.0,20
D,GAT+LSTM_no_adapt,2,673,tue,1.0,0.7182125449180603,1.0,1.0000000000000002,,0.0,20
D,GAT+LSTM_no_adapt,2,674,tue,0.0,0.052815765142440796,1.0,0.9999999999999998,1.0,0.0,20
D,GAT+LSTM_no_adapt,2,675,tue,0.0,0.00892835482954979,1.0,1.0,1.0,0.0,20
D,GAT+LSTM_no_adapt,2,676,tue,0.0,0.0034866800997406244,1.0,1.0,1.0,0.0,20
D,GAT+LSTM_no_adapt,2,677,tue,0.0,0.0003772953641600907,1.0,1.0,1.0,0.0,20
D,GAT+LSTM_no_adapt,2,678,tue,1.0,0.006369564216583967,0.967741935483871,0.9928513071895425,0.96875,0.0,20
D,GAT+LSTM_no_adapt,2,679,tue,0.0,0.00031440527527593076,0.9655172413793104,0.9919117647058824,0.9733333333333334,0.0,20
D,GAT+LSTM_no_adapt,2,680,tue,0.0,0.00017452103202231228,0.9629629629629629,0.9907738095238094,0.9761904761904763,0.0,20
D,GAT+LSTM_no_adapt,2,681,tue,0.0,0.00020730886899400502,0.96,0.9893772893772892,0.9780219780219781,0.0,20
D,GAT+LSTM_no_adapt,2,682,tue,0.0,0.0001707548653939739,0.9565217391304348,0.9876373626373628,0.9791666666666666,0.0,20
D,GAT+LSTM_no_adapt,2,683,tue,0.0,0.00015953421825543046,0.9523809523809523,0.9854312354312356,0.9797979797979798,0.0,20
D,GAT+LSTM_no_adapt,2,684,tue,0.0,0.00014540764095727354,0.9473684210526315,0.9825757575757575,0.9800000000000001,0.0,20
D,GAT+LSTM_no_adapt,2,685,tue,0.0,0.00013533057062886655,0.9411764705882353,0.978787878787879,0.9797979797979797,0.0,20
D,GAT+LSTM_no_adapt,2,686,tue,0.0,0.00013443718489725143,0.9333333333333333,0.9736111111111111,0.9791666666666667,0.0,20
D,GAT+LSTM_no_adapt,2,687,tue,0.0,0.0001499954960308969,0.9230769230769231,0.9662698412698412,0.978021978021978,0.0,20
D,GAT+LSTM_no_adapt,2,688,tue,0.0,0.00014184160681907088,0.9090909090909091,0.9553571428571428,0.9761904761904763,0.0,20
D,GAT+LSTM_no_adapt,2,689,tue,0.0,0.0001413279096595943,0.8888888888888888,0.9380952380952381,0.9733333333333334,0.0,20
D,GAT+LSTM_no_adapt,2,690,tue,0.0,0.00016382234753109515,0.8571428571428571,0.9083333333333333,0.96875,0.0,20
D,GAT+LSTM_no_adapt,2,691,tue,0.0,0.00014676412683911622,0.8,0.8500000000000001,0.9607843137254901,0.0,20
D,GAT+LSTM_no_adapt,2,692,tue,0.0,0.0001395180297549814,0.6666666666666666,0.7083333333333333,0.9444444444444444,0.0,20
D,GAT+LSTM_no_adapt,2,693,tue,0.0,0.0001445045054424554,0.0,0.16666666666666666,0.8947368421052632,0.0,20
D,GAT+LSTM_no_adapt,2,694,tue,0.0,0.00014050515892449766,0.0,0.25,0.9473684210526316,0.0,20
D,GAT+LSTM_no_adapt,2,695,tue,0.0,0.0001396973239025101,0.0,1.0,1.0,0.0,20
D,GAT+LSTM_no_adapt,2,696,tue,0.0,0.00023083000269252807,0.0,1.0,1.0,0.0,20
D,GAT+LSTM_no_adapt,2,697,tue,0.0,0.00013783917529508471,0.0,1.0,1.0,0.0,20
D,GAT+LSTM_no_adapt,2,698,tue,0.0,0.00015097728464752436,0.0,0.5,,0.0,20
D,GAT+LSTM_no_adapt,2,699,tue,0.0,0.00013790279626846313,0.0,0.5,,0.0,20
D,GAT+LSTM_no_adapt,2,700,tue,0.0,0.00019624645938165486,0.0,0.5,,0.0,20
D,GAT+LSTM_no_adapt,2,701,tue,0.0,0.00025000242749229074,0.0,0.5,,0.0,20
D,GAT+LSTM_no_adapt,2,702,tue,0.0,0.0001428686227882281,0.0,0.5,,0.0,20
D,GAT+LSTM_no_adapt,2,703,tue,0.0,0.00013878202298656106,0.0,0.5,,0.0,20
D,GAT+LSTM_no_adapt,2,704,tue,0.0,0.00014668548828922212,0.0,0.5,,0.0,20
D,GAT+LSTM_no_adapt,2,705,tue,0.0,0.0001767479843692854,0.0,0.5,,0.0,20
D,GAT+LSTM_no_adapt,2,706,tue,0.0,0.0001556223869556561,0.0,0.5,,0.0,20
D,GAT+LSTM_no_adapt,2,707,tue,0.0,0.00014041677059140056,0.0,0.5,,0.0,20
D,GAT+LSTM_no_adapt,2,708,tue,0.0,0.00013503950322046876,0.0,0.5,,0.0,20
D,GAT+LSTM_no_adapt,2,709,tue,0.0,0.00016276480164378881,0.0,0.5,,0.0,20
D,GAT+LSTM_no_adapt,2,710,tue,0.0,0.0001405724324285984,0.0,0.5,,0.0,20
D,GAT+LSTM_no_adapt,2,711,tue,0.0,0.00026040629018098116,0.0,0.5,,0.0,20
D,GAT+LSTM_no_adapt,2,712,tue,0.0,0.00016008249076548964,0.0,0.5,,0.0,20
D,GAT+LSTM_no_adapt,2,713,tue,0.0,0.00015602982603013515,0.0,0.5,,0.0,20
D,GAT+LSTM_no_adapt,2,714,tue,0.0,0.00017720057803671807,0.0,0.5,,0.0,20
D,GAT+LSTM_no_adapt,2,715,tue,0.0,0.00016661510744597763,0.0,0.5,,0.0,20
D,GAT+LSTM_no_adapt,2,716,tue,0.0,0.0001760704763000831,0.0,0.5,,0.0,20
D,GAT+LSTM_no_adapt,2,717,tue,0.0,0.00015270133735612035,0.0,0.5,,0.0,20
D,GAT+LSTM_no_adapt,2,718,tue,0.0,0.0006236417684704065,0.0,0.5,,0.0,20
D,GAT+LSTM_no_adapt,2,719,tue,0.0,0.00016592940664850175,0.0,0.5,,0.0,20
D,GAT+LSTM_no_adapt,2,720,tue,0.0,0.0001718189159873873,0.0,0.5,,0.0,20
D,GAT+LSTM_no_adapt,2,721,tue,0.0,0.00014238202129490674,0.0,0.5,,0.0,20
D,GAT+LSTM_no_adapt,2,722,tue,0.0,0.0001841885969042778,0.0,0.5,,0.0,20
D,GAT+LSTM_no_adapt,2,723,tue,0.0,0.00015787854499649256,0.0,0.5,,0.0,20
D,GAT+LSTM_no_adapt,2,724,tue,0.0,0.00022182990505825728,0.0,0.5,,0.0,20
D,GAT+LSTM_no_adapt,2,725,tue,0.0,0.00017080274119507521,0.0,0.5,,0.0,20
D,GAT+LSTM_no_adapt,2,726,tue,0.0,0.00014658957661595196,0.0,0.5,,0.0,20
D,GAT+LSTM_no_adapt,2,727,tue,0.0,0.00014257819566410035,0.0,0.5,,0.0,20
D,GAT+LSTM_no_adapt,2,728,tue,0.0,0.00016283232253044844,0.0,0.5,,0.0,20
D,GAT+LSTM_no_adapt,2,729,tue,0.0,0.00013401175965555012,0.0,0.5,,0.0,20
D,GAT+LSTM_no_adapt,2,730,tue,0.0,0.00013912557915318757,0.0,0.5,,0.0,20
D,GAT+LSTM_no_adapt,2,731,tue,0.0,0.00014844771067146212,0.0,0.5,,0.0,20
D,GAT+LSTM_no_adapt,2,732,tue,0.0,0.00023591931676492095,0.0,0.5,,0.0,20
D,GAT+LSTM_no_adapt,2,733,tue,0.0,0.0001409172109561041,0.0,0.5,,0.0,20
D,GAT+LSTM_no_adapt,2,734,tue,0.0,0.00015570373216178268,0.0,0.5,,0.0,20
D,GAT+LSTM_no_adapt,2,735,tue,0.0,0.00021936047414783388,0.0,0.5,,0.0,20
D,GAT+LSTM_no_adapt,2,736,tue,0.0,0.0001622619602130726,0.0,0.5,,0.0,20
D,GAT+LSTM_no_adapt,2,737,tue,0.0,0.00015321181854233146,0.0,0.5,,0.0,20
D,GAT+LSTM_no_adapt,2,738,tue,0.0,0.00019988440908491611,0.0,0.5,,0.0,20
D,GAT+LSTM_no_adapt,2,739,tue,0.0,0.0001350333186564967,0.0,0.5,,0.0,20
D,GAT+LSTM_no_adapt,2,740,tue,0.0,0.0001679324050201103,0.0,0.5,,0.0,20
D,GAT+LSTM_no_adapt,2,741,tue,0.0,0.00013934492017142475,0.0,0.5,,0.0,20
D,GAT+LSTM_no_adapt,2,742,tue,0.0,0.00016286494792439044,0.0,0.5,,0.0,20
D,GAT+LSTM_no_adapt,2,743,tue,0.0,0.00017187379125971347,0.0,0.5,,0.0,20
D,GAT+LSTM_no_adapt,2,744,tue,0.0,0.00017340634076390415,0.0,0.5,,0.0,20
D,GAT+LSTM_no_adapt,2,745,tue,0.0,0.0001659469708101824,0.0,0.5,,0.0,20
D,GAT+LSTM_no_adapt,2,746,tue,0.0,0.00013954195310361683,0.0,0.5,,0.0,20
D,GAT+LSTM_no_adapt,2,747,tue,0.0,0.00019410077948123217,0.0,0.5,,0.0,20
D,GAT+LSTM_no_adapt,2,748,tue,0.0,0.00013930957356933504,0.0,0.5,,0.0,20
D,GAT+LSTM_no_adapt,2,749,tue,0.0,0.00013377198774833232,0.0,0.5,,0.0,20
D,GAT+LSTM_no_adapt,2,750,tue,0.0,0.00016180741658899933,0.0,0.5,,0.0,20
D,GAT+LSTM_no_adapt,2,751,tue,0.0,0.00014276934962254018,0.0,0.5,,0.0,20
D,GAT+LSTM_no_adapt,2,752,tue,0.0,0.0001431092678103596,0.0,0.5,,0.0,20
D,GAT+LSTM_no_adapt,2,753,tue,0.0,0.00020102199050597847,0.0,0.5,,0.0,20
D,GAT+LSTM_no_adapt,2,754,tue,0.0,0.0001652158098295331,0.0,0.5,,0.0,20
D,GAT+LSTM_no_adapt,2,755,tue,0.0,0.00013645140279550105,0.0,0.5,,0.0,20
D,GAT+LSTM_no_adapt,2,756,tue,0.0,0.00013385748025029898,0.0,0.5,,0.0,20
D,GAT+LSTM_no_adapt,2,757,tue,0.0,0.0002077204262604937,0.0,0.5,,0.0,20
D,GAT+LSTM_no_adapt,2,758,tue,0.0,0.0001713145466055721,0.0,0.5,,0.0,20
D,GAT+LSTM_no_adapt,2,759,tue,0.0,0.000199687056010589,0.0,0.5,,0.0,20
D,GAT+LSTM_no_adapt,2,760,tue,0.0,0.00017155156820081174,0.0,0.5,,0.0,20
D,GAT+LSTM_no_adapt,2,761,tue,0.0,0.00017016890342347324,0.0,0.5,,0.0,20
D,GAT+LSTM_no_adapt,2,762,tue,0.0,0.00013361555465962738,0.0,0.5,,0.0,20
D,GAT+LSTM_no_adapt,2,763,tue,0.0,0.00013041526835877448,0.0,0.5,,0.0,20
D,GAT+LSTM_no_adapt,2,764,tue,0.0,0.00014605185424443334,0.0,0.5,,0.0,20
D,GAT+LSTM_no_adapt,2,765,tue,0.0,0.0003853965608868748,0.0,0.5,,0.0,20
D,GAT+LSTM_no_adapt,2,766,tue,1.0,0.0008028169977478683,0.0,1.0,1.0,0.0,20
D,GAT+LSTM_no_adapt,2,767,tue,1.0,0.021166063845157623,0.0,1.0,1.0,0.0,20
D,GAT+LSTM_no_adapt,2,768,tue,1.0,0.4248015880584717,0.0,1.0,1.0,0.0,20
D,GAT+LSTM_no_adapt,2,769,tue,1.0,0.8516783118247986,0.4,1.0,1.0,0.0,20
D,GAT+LSTM_no_adapt,2,770,tue,1.0,0.963854193687439,0.5714285714285714,1.0,1.0,0.0,20
D,GAT+LSTM_no_adapt,2,771,tue,1.0,0.9930418729782104,0.6666666666666666,1.0,1.0,0.0,20
D,GAT+LSTM_no_adapt,2,772,tue,1.0,0.9886592030525208,0.7272727272727273,0.9999999999999998,1.0,0.0,20
D,GAT+LSTM_no_adapt,2,773,tue,1.0,0.9615619778633118,0.7692307692307693,1.0,1.0,0.0,20
D,GAT+LSTM_no_adapt,2,774,tue,1.0,0.9063709378242493,0.8,1.0000000000000002,1.0,0.0,20
D,GAT+LSTM_no_adapt,2,775,tue,1.0,0.9723439812660217,0.8235294117647058,0.9999999999999999,1.0,0.0,20
D,GAT+LSTM_no_adapt,2,776,tue,1.0,0.9954778552055359,0.8421052631578947,1.0,1.0,0.0,20
D,GAT+LSTM_no_adapt,2,777,tue,1.0,0.9748095870018005,0.8571428571428571,1.0,1.0,0.0,20
D,GAT+LSTM_no_adapt,2,778,tue,1.0,0.9075818061828613,0.8695652173913043,0.9999999999999998,1.0,0.0,20
D,GAT+LSTM_no_adapt,2,779,tue,1.0,0.9835531711578369,0.88,0.9999999999999999,1.0,0.0,20
D,GAT+LSTM_no_adapt,2,780,tue,1.0,0.9927242398262024,0.8888888888888888,1.0,1.0,0.0,20
D,GAT+LSTM_no_adapt,2,781,tue,1.0,0.979631245136261,0.896551724137931,1.0,1.0,0.0,20
D,GAT+LSTM_no_adapt,2,782,tue,1.0,0.9488883018493652,0.9032258064516129,1.0,1.0,0.0,20
D,GAT+LSTM_no_adapt,2,783,tue,1.0,0.9679712057113647,0.9090909090909091,1.0,1.0,0.0,20
D,GAT+LSTM_no_adapt,2,784,tue,1.0,0.9748585224151611,0.9142857142857143,0.9999999999999998,1.0,0.0,20
D,GAT+LSTM_no_adapt,2,785,tue,1.0,0.9566527605056763,0.918918918918919,1.0000000000000002,,0.0,20
D,GAT+LSTM_no_adapt,2,786,tue,1.0,0.869968056678772,0.9473684210526315,1.0000000000000002,,0.0,20
D,GAT+LSTM_no_adapt,2,787,tue,1.0,0.7702033519744873,0.9743589743589743,1.0000000000000002,,0.0,20
D,GAT+LSTM_no_adapt,2,788,tue,1.0,0.7701029181480408,1.0,1.0000000000000002,,0.0,20
D,GAT+LSTM_no_adapt,2,789,tue,1.0,0.7603926658630371,1.0,1.0000000000000002,,0.0,20
D,GAT+LSTM_no_adapt,2,790,tue,1.0,0.48130592703819275,0.9743589743589743,1.0000000000000002,,0.0,20
D,GAT+LSTM_no_adapt,2,791,tue,1.0,0.9459130764007568,0.9743589743589743,1.0000000000000002,,0.0,20
D,GAT+LSTM_no_adapt,2,792,tue,1.0,0.6124962568283081,0.9743589743589743,1.0000000000000002,,0.0,20
D,GAT+LSTM_no_adapt,2,793,tue,1.0,0.9810556769371033,0.9743589743589743,1.0000000000000002,,0.0,20
D,GAT+LSTM_no_adapt,2,794,tue,1.0,0.9965466856956482,0.9743589743589743,1.0000000000000002,,0.0,20
D,GAT+LSTM_no_adapt,2,795,tue,1.0,0.9957771301269531,0.9743589743589743,1.0000000000000002,,0.0,20
D,GAT+LSTM_no_adapt,2,796,tue,1.0,0.9979033470153809,0.9743589743589743,1.0000000000000002,,0.0,20
D,GAT+LSTM_no_adapt,2,797,tue,1.0,0.9883196353912354,0.9743589743589743,1.0000000000000002,,0.0,20
D,GAT+LSTM_no_adapt,2,798,tue,1.0,0.9899609088897705,0.9743589743589743,1.0000000000000002,,0.0,20
D,GAT+LSTM_no_adapt,2,799,tue,1.0,0.9954788088798523,0.9743589743589743,1.0000000000000002,,0.0,20
D,GAT+LSTM_no_adapt,2,800,tue,1.0,0.9970754384994507,0.9743589743589743,1.0000000000000002,,0.0,20
D,GAT+LSTM_no_adapt,2,801,tue,1.0,0.9939756989479065,0.9743589743589743,1.0000000000000002,,0.0,20
D,GAT+LSTM_no_adapt,2,802,tue,1.0,0.9849321246147156,0.9743589743589743,1.0000000000000002,,0.0,20
D,GAT+LSTM_no_adapt,2,803,tue,1.0,0.9842235445976257,0.9743589743589743,1.0000000000000002,,0.0,20
D,GAT+LSTM_no_adapt,2,804,tue,1.0,0.9493832588195801,0.9743589743589743,1.0000000000000002,,0.0,20
D,GAT+LSTM_no_adapt,2,805,tue,1.0,0.8290789723396301,0.9743589743589743,1.0000000000000002,,0.0,20
D,GAT+LSTM_no_adapt,2,806,tue,1.0,0.9815559983253479,0.9743589743589743,1.0000000000000002,,0.0,20
D,GAT+LSTM_no_adapt,2,807,tue,1.0,0.6462641358375549,0.9743589743589743,1.0000000000000002,,0.0,20
D,GAT+LSTM_no_adapt,2,808,tue,1.0,0.9002817273139954,0.9743589743589743,1.0000000000000002,,0.0,20
D,GAT+LSTM_no_adapt,2,809,tue,1.0,0.9656726121902466,0.9743589743589743,1.0000000000000002,,0.0,20
D,GAT+LSTM_no_adapt,2,810,tue,1.0,0.8635249137878418,1.0,1.0000000000000002,,0.0,20
D,GAT+LSTM_no_adapt,2,811,tue,1.0,0.871929943561554,1.0,1.0000000000000002,,0.0,20
D,GAT+LSTM_no_adapt,2,812,tue,0.0,0.730779230594635,0.9743589743589743,0.997299168975069,0.9473684210526315,1.0,20
D,GAT+LSTM_no_adapt,2,813,tue,0.0,0.00026062887627631426,0.972972972972973,0.9969948018193633,0.9722222222222222,0.5,20
D,GAT+LSTM_no_adapt,2,814,tue,0.0,0.00017482682596892118,0.9714285714285714,0.9966359092656671,0.9803921568627452,0.3333333333333333,20
D,GAT+LSTM_no_adapt,2,815,tue,0.0,0.00015722263196948916,0.9696969696969697,0.9962086397058824,0.984375,0.25,20
D,GAT+LSTM_no_adapt,2,816,tue,0.0,0.0004001139895990491,0.967741935483871,0.9956944444444444,0.9866666666666667,0.2,20
D,GAT+LSTM_no_adapt,2,817,tue,0.0,0.00023351448180619627,0.9655172413793104,0.9950680272108843,0.9880952380952381,0.16666666666666666,20
D,GAT+LSTM_no_adapt,2,818,tue,0.0,0.00014880711387377232,0.9629629629629629,0.9942941673710903,0.989010989010989,0.14285714285714285,20
D,GAT+LSTM_no_adapt,2,819,tue,0.0,0.00013712405052501708,0.96,0.9933226495726496,0.9895833333333334,0.125,20
D,GAT+LSTM_no_adapt,2,820,tue,0.0,0.0001588008744874969,0.9565217391304348,0.9920798898071626,0.9898989898989898,0.1111111111111111,20
D,GAT+LSTM_no_adapt,2,821,tue,0.0,0.00016184106061700732,0.9523809523809523,0.9904545454545454,0.99,0.1,20
D,GAT+LSTM_no_adapt,2,822,tue,0.0,0.00018319794617127627,0.9473684210526315,0.9882716049382718,0.9898989898989898,0.09090909090909091,20
D,GAT+LSTM_no_adapt,2,823,tue,0.0,0.0001378912420477718,0.9411764705882353,0.9852430555555556,0.9895833333333333,0.08333333333333333,20
D,GAT+LSTM_no_adapt,2,824,tue,0.0,0.00017345893138553947,0.9333333333333333,0.9808673469387754,0.989010989010989,0.07692307692307693,20
D,GAT+LSTM_no_adapt,2,825,tue,0.0,0.0003081743489019573,0.9230769230769231,0.9742063492063491,0.9880952380952381,0.07142857142857142,20
D,GAT+LSTM_no_adapt,2,826,tue,0.0,0.0001424838847015053,0.9090909090909091,0.9633333333333334,0.9866666666666667,0.06666666666666667,20
D,GAT+LSTM_no_adapt,2,827,tue,0.0,0.00014983740402385592,0.8888888888888888,1.0,1.0,0.0625,20
D,GAT+LSTM_no_adapt,2,828,tue,0.0,0.0001550544984638691,0.8571428571428571,1.0,1.0,0.058823529411764705,20
D,GAT+LSTM_no_adapt,2,829,tue,0.0,0.00015810526383575052,0.8,1.0,1.0,0.05555555555555555,20
D,GAT+LSTM_no_adapt,2,830,tue,0.0,0.00014593130617868155,0.6666666666666666,1.0,1.0,0.05263157894736842,20
D,GAT+LSTM_no_adapt,2,831,tue,0.0,0.00013409509847406298,0.0,0.5,,0.05,20
D,GAT+LSTM_no_adapt,2,832,tue,0.0,0.00013413320994004607,0.0,0.5,,0.0,20
D,GAT+LSTM_no_adapt,2,833,tue,0.0,0.00017036485951393843,0.0,0.5,,0.0,20
D,GAT+LSTM_no_adapt,2,834,tue,0.0,0.00014089395699556917,0.0,0.5,,0.0,20
D,GAT+LSTM_no_adapt,2,835,tue,0.0,0.00014517434465233237,0.0,0.5,,0.0,20
D,GAT+LSTM_no_adapt,2,836,tue,0.0,0.00016645077266730368,0.0,0.5,,0.0,20
D,GAT+LSTM_no_adapt,2,837,tue,0.0,0.00013610199675895274,0.0,0.5,,0.0,20
D,GAT+LSTM_no_adapt,2,838,tue,0.0,0.00016503225197084248,0.0,0.5,,0.0,20
D,GAT+LSTM_no_adapt,2,839,tue,0.0,0.00017337790632154793,0.0,0.5,,0.0,20
D,GAT+LSTM_no_adapt,2,840,tue,0.0,0.0001383425696985796,0.0,0.5,,0.0,20
D,GAT+LSTM_no_adapt,2,841,tue,0.0,0.0001644678122829646,0.0,0.5,,0.0,20
D,GAT+LSTM_no_adapt,2,842,tue,0.0,0.00013467532698996365,0.0,0.5,,0.0,20
D,GAT+LSTM_no_adapt,2,843,tue,0.0,0.00013837225560564548,0.0,0.5,,0.0,20
D,GAT+LSTM_no_adapt,2,844,tue,0.0,0.000152804161189124,0.0,0.5,,0.0,20
D,GAT+LSTM_no_adapt,2,845,tue,0.0,0.00013893588038627058,0.0,0.5,,0.0,20
D,GAT+LSTM_no_adapt,2,846,tue,0.0,0.0001442663196939975,0.0,0.5,,0.0,20
D,GAT+LSTM_no_adapt,2,847,tue,0.0,0.00014092004857957363,0.0,0.5,,0.0,20
D,GAT+LSTM_no_adapt,2,848,tue,0.0,0.0002545194001868367,0.0,0.5,,0.0,20
D,GAT+LSTM_no_adapt,2,849,tue,0.0,0.00021189343533478677,0.0,0.5,,0.0,20
D,GAT+LSTM_no_adapt,2,850,tue,0.0,0.00030851183691993356,0.0,0.5,,0.0,20
D,GAT+LSTM_no_adapt,2,851,tue,0.0,0.0008628568612039089,0.0,0.5,,0.0,20
D,GAT+LSTM_no_adapt,2,852,tue,0.0,0.0022470431867986917,0.0,0.5,,0.0,20
D,GAT+LSTM_no_adapt,2,853,tue,0.0,0.00397485913708806,0.0,0.5,,0.0,20
D,GAT+LSTM_no_adapt,2,854,tue,0.0,0.005535923410207033,0.0,0.5,,0.0,20
D,GAT+LSTM_no_adapt,2,855,tue,0.0,0.0008280893671326339,0.0,0.5,,0.0,20
D,GAT+LSTM_no_adapt,2,856,tue,0.0,0.0014451266033574939,0.0,0.5,,0.0,20
D,GAT+LSTM_no_adapt,2,857,tue,0.0,0.00105452467687428,0.0,0.5,,0.0,20
D,GAT+LSTM_no_adapt,2,858,tue,0.0,0.00029065978014841676,0.0,0.5,,0.0,20
D,GAT+LSTM_no_adapt,2,859,tue,0.0,0.00020961569680366665,0.0,0.5,,0.0,20
D,GAT+LSTM_no_adapt,2,860,tue,0.0,0.0023097379598766565,0.0,0.5,,0.0,20
D,GAT+LSTM_no_adapt,2,861,tue,0.0,0.0002274396683787927,0.0,0.5,,0.0,20
D,GAT+LSTM_no_adapt,2,862,tue,0.0,0.03912128880620003,0.0,0.5,,0.0,20
D,GAT+LSTM_no_adapt,2,863,tue,0.0,0.0006370242335833609,0.0,0.5,,0.0,20
D,GAT+LSTM_no_adapt,2,864,tue,0.0,0.0007980193477123976,0.0,0.5,,0.0,20
D,GAT+LSTM_no_adapt,2,865,tue,0.0,0.008290331810712814,0.0,0.5,,0.0,20
D,GAT+LSTM_no_adapt,2,866,tue,0.0,0.001984906382858753,0.0,0.5,,0.0,20
D,GAT+LSTM_no_adapt,2,867,tue,0.0,0.17393335700035095,0.0,0.5,,0.0,20
D,GAT+LSTM_no_adapt,2,868,tue,0.0,0.006132129114121199,0.0,0.5,,0.0,20
D,GAT+LSTM_no_adapt,2,869,tue,0.0,0.00018314991029910743,0.0,0.5,,0.0,20
D,GAT+LSTM_no_adapt,2,870,tue,0.0,0.00021634201402775943,0.0,0.5,,0.0,20
D,GAT+LSTM_no_adapt,2,871,tue,0.0,0.00026632167282514274,0.0,0.5,,0.0,20
D,GAT+LSTM_no_adapt,2,872,tue,0.0,0.00031470938120037317,0.0,0.5,,0.0,20
D,GAT+LSTM_no_adapt,2,873,tue,0.0,0.000463100615888834,0.0,0.5,,0.0,20
D,GAT+LSTM_no_adapt,2,874,tue,0.0,0.00018423935398459435,0.0,0.5,,0.0,20
D,GAT+LSTM_no_adapt,2,875,tue,0.0,0.00019023075583390892,0.0,0.5,,0.0,20
D,GAT+LSTM_no_adapt,2,876,tue,0.0,0.00027243109070695937,0.0,0.5,,0.0,20
D,GAT+LSTM_no_adapt,2,877,tue,1.0,0.00013485703675542027,0.0,0.025,0.0,0.0,20
D,GAT+LSTM_no_adapt,2,878,tue,1.0,0.00013253797078505158,0.0,0.05131578947368421,0.0,0.0,20
D,GAT+LSTM_no_adapt,2,879,tue,1.0,0.00013756396947428584,0.0,0.07860623781676414,0.0,0.0,20
D,GAT+LSTM_no_adapt,2,880,tue,1.0,0.00013790819502901286,0.0,0.10695734434124526,0.0,0.0,20
D,GAT+LSTM_no_adapt,2,881,tue,1.0,0.00017893170297611505,0.0,0.13646800825593394,0.0,0.0,20
D,GAT+LSTM_no_adapt,2,882,tue,1.0,0.0001854301808634773,0.0,0.16810759616487173,0.023809523809523815,0.0,20
D,GAT+LSTM_no_adapt,2,883,tue,1.0,0.00020897849753964692,0.0,0.20315318926000042,0.054945054945054944,0.0,20
D,GAT+LSTM_no_adapt,2,884,tue,1.0,0.000188198231626302,0.0,0.2404222325661954,0.07291666666666666,0.0,20
D,GAT+LSTM_no_adapt,2,885,tue,1.0,0.0001525950792711228,0.0,0.2762851064579651,0.07070707070707069,0.0,20
D,GAT+LSTM_no_adapt,2,886,tue,1.0,0.00016388874792028219,0.0,0.31437447872045393,0.06999999999999999,0.0,20
D,GAT+LSTM_no_adapt,2,887,tue,1.0,0.0001863828074419871,0.0,0.3598510919296171,0.09090909090909091,0.0,20
D,GAT+LSTM_no_adapt,2,888,tue,1.0,0.00018627868848852813,0.0,0.40973570346635363,0.11458333333333334,0.0,20
D,GAT+LSTM_no_adapt,2,889,tue,1.0,0.00027875846717506647,0.0,0.4567895267258211,0.1208791208791209,0.0,20
D,GAT+LSTM_no_adapt,2,890,tue,1.0,0.0002836331259459257,0.0,0.5247819091444699,0.16666666666666666,0.0,20
D,GAT+LSTM_no_adapt,2,891,tue,1.0,0.00018597945745568722,0.0,0.581168958034283,0.17333333333333334,0.0,20
D,GAT+LSTM_no_adapt,2,892,tue,1.0,0.00019608055299613625,0.0,0.6670031615271553,0.234375,0.0,20
D,GAT+LSTM_no_adapt,2,893,tue,1.0,0.00016466176020912826,0.0,0.8078961253542386,0.2941176470588235,0.0,20
D,GAT+LSTM_no_adapt,2,894,tue,1.0,0.00017006979032885283,0.0,0.8372881862432946,0.16666666666666666,0.0,20
D,GAT+LSTM_no_adapt,2,895,tue,1.0,0.00017966788436751813,0.0,0.8996803689222621,0.10526315789473684,0.0,20
D,GAT+LSTM_no_adapt,2,896,tue,1.0,0.0002497441601008177,0.0,1.0000000000000002,,0.0,20
D,GAT+LSTM_no_adapt,2,897,tue,1.0,0.00026587743195705116,0.0,1.0000000000000002,,0.0,20
D,GAT+LSTM_no_adapt,2,898,tue,1.0,0.00030102417804300785,0.0,1.0000000000000002,,0.0,20
D,GAT+LSTM_no_adapt,2,899,tue,1.0,0.00021823603310622275,0.0,1.0000000000000002,,0.0,20
D,GAT+LSTM_no_adapt,2,900,tue,1.0,0.00019714141672011465,0.0,1.0000000000000002,,0.0,20
D,GAT+LSTM_no_adapt,2,901,tue,1.0,0.00016206032887566835,0.0,1.0000000000000002,,0.0,20
D,GAT+LSTM_no_adapt,2,902,tue,1.0,0.00015610689297318459,0.0,1.0000000000000002,,0.0,20
D,GAT+LSTM_no_adapt,2,903,tue,1.0,0.00015865617024246603,0.0,1.0000000000000002,,0.0,20
D,GAT+LSTM_no_adapt,2,904,tue,1.0,0.00019044746295548975,0.0,1.0000000000000002,,0.0,20
D,GAT+LSTM_no_adapt,2,905,tue,1.0,0.0001938322529895231,0.0,1.0000000000000002,,0.0,20
D,GAT+LSTM_no_adapt,2,906,tue,1.0,0.00021231386926956475,0.0,1.0000000000000002,,0.0,20
D,GAT+LSTM_no_adapt,2,907,tue,1.0,0.00030560902087017894,0.0,1.0000000000000002,,0.0,20
D,GAT+LSTM_no_adapt,2,908,tue,1.0,0.0004075405013281852,0.0,1.0000000000000002,,0.0,20
D,GAT+LSTM_no_adapt,2,909,tue,1.0,0.00031754240626469254,0.0,1.0000000000000002,,0.0,20
D,GAT+LSTM_no_adapt,2,910,tue,1.0,0.00023218906426336616,0.0,1.0000000000000002,,0.0,20
D,GAT+LSTM_no_adapt,2,911,tue,1.0,0.0001647881872486323,0.0,1.0000000000000002,,0.0,20
D,GAT+LSTM_no_adapt,2,912,tue,1.0,0.00015437352703884244,0.0,1.0000000000000002,,0.0,20
D,GAT+LSTM_no_adapt,2,913,tue,1.0,0.0001500727521488443,0.0,1.0000000000000002,,0.0,20
D,GAT+LSTM_no_adapt,2,914,tue,1.0,0.0001399547909386456,0.0,1.0000000000000002,,0.0,20
D,GAT+LSTM_no_adapt,2,915,tue,1.0,0.00015546473150607198,0.0,1.0000000000000002,,0.0,20
D,GAT+LSTM_no_adapt,2,916,tue,1.0,0.00020988348114769906,0.0,1.0000000000000002,,0.0,20
D,GAT+LSTM_no_adapt,2,917,tue,1.0,0.00022335116227623075,0.0,1.0000000000000002,,0.0,20
D,GAT+LSTM_no_adapt,2,918,tue,1.0,0.00021339437807910144,0.0,1.0000000000000002,,0.0,20
D,GAT+LSTM_no_adapt,2,919,tue,1.0,0.00028660448151640594,0.0,1.0000000000000002,,0.0,20
D,GAT+LSTM_no_adapt,2,920,tue,1.0,0.00023707743093837053,0.0,1.0000000000000002,,0.0,20
D,GAT+LSTM_no_adapt,2,921,tue,1.0,0.0002640225284267217,0.0,1.0000000000000002,,0.0,20
D,GAT+LSTM_no_adapt,2,922,tue,1.0,0.00021159846801310778,0.0,1.0000000000000002,,0.0,20
D,GAT+LSTM_no_adapt,2,923,tue,1.0,0.00018262308731209487,0.0,1.0000000000000002,,0.0,20
D,GAT+LSTM_no_adapt,2,924,tue,1.0,0.00017385916726198047,0.0,1.0000000000000002,,0.0,20
D,GAT+LSTM_no_adapt,2,925,tue,1.0,0.00016646440781187266,0.0,1.0000000000000002,,0.0,20
D,GAT+LSTM_no_adapt,2,926,tue,1.0,0.00015303149120882154,0.0,1.0000000000000002,,0.0,20
D,GAT+LSTM_no_adapt,2,927,tue,1.0,0.00015770280151627958,0.0,1.0000000000000002,,0.0,20
D,GAT+LSTM_no_adapt,2,928,tue,1.0,0.00015856271784286946,0.0,1.0000000000000002,,0.0,20
D,GAT+LSTM_no_adapt,2,929,tue,1.0,0.00015186220116447657,0.0,1.0000000000000002,,0.0,20
D,GAT+LSTM_no_adapt,2,930,tue,1.0,0.00014993002696428448,0.0,1.0000000000000002,,0.0,20
D,GAT+LSTM_no_adapt,2,931,tue,1.0,0.00017268101510126144,0.0,1.0000000000000002,,0.0,20
D,GAT+LSTM_no_adapt,2,932,tue,1.0,0.00017023138934746385,0.0,1.0000000000000002,,0.0,20
D,GAT+LSTM_no_adapt,2,933,tue,1.0,0.00018831240595318377,0.0,1.0000000000000002,,0.0,20
D,GAT+LSTM_no_adapt,2,934,tue,1.0,0.00021469296189025044,0.0,1.0000000000000002,,0.0,20
D,GAT+LSTM_no_adapt,2,935,tue,1.0,0.00021064913016743958,0.0,1.0000000000000002,,0.0,20
D,GAT+LSTM_no_adapt,2,936,tue,1.0,0.0002465455327183008,0.0,1.0000000000000002,,0.0,20
D,GAT+LSTM_no_adapt,2,937,tue,1.0,0.00020634297106880695,0.0,1.0000000000000002,,0.0,20
D,GAT+LSTM_no_adapt,2,938,tue,1.0,0.00019512060680426657,0.0,1.0000000000000002,,0.0,20
D,GAT+LSTM_no_adapt,2,939,tue,1.0,0.00017458561342209578,0.0,1.0000000000000002,,0.0,20
D,GAT+LSTM_no_adapt,2,940,tue,1.0,0.0001649951154831797,0.0,1.0000000000000002,,0.0,20
D,GAT+LSTM_no_adapt,2,941,tue,1.0,0.00021006105816923082,0.0,1.0000000000000002,,0.0,20
D,GAT+LSTM_no_adapt,2,942,tue,1.0,0.00021749464212916791,0.0,1.0000000000000002,,0.0,20
D,GAT+LSTM_no_adapt,2,943,tue,1.0,0.0001966051058843732,0.0,1.0000000000000002,,0.0,20
D,GAT+LSTM_no_adapt,2,944,tue,1.0,0.00018006267782766372,0.0,1.0000000000000002,,0.0,20
D,GAT+LSTM_no_adapt,2,945,tue,1.0,0.0001655169908190146,0.0,1.0000000000000002,,0.0,20
D,GAT+LSTM_no_adapt,2,946,tue,1.0,0.00015382397396024317,0.0,1.0000000000000002,,0.0,20
D,GAT+LSTM_no_adapt,2,947,tue,1.0,0.0001428765244781971,0.0,1.0000000000000002,,0.0,20
D,GAT+LSTM_no_adapt,2,948,tue,1.0,0.0001581830729264766,0.0,1.0000000000000002,,0.0,20
D,GAT+LSTM_no_adapt,2,949,tue,1.0,0.00018158422608394176,0.0,1.0000000000000002,,0.0,20
D,GAT+LSTM_no_adapt,2,950,tue,1.0,0.00018726081179920584,0.0,1.0000000000000002,,0.0,20
D,GAT+LSTM_no_adapt,2,951,tue,1.0,0.0002443553239572793,0.0,1.0000000000000002,,0.0,20
D,GAT+LSTM_no_adapt,2,952,tue,1.0,0.00021116675634402782,0.0,1.0000000000000002,,0.0,20
D,GAT+LSTM_no_adapt,2,953,tue,1.0,0.0001623006392037496,0.0,1.0000000000000002,,0.0,20
D,GAT+LSTM_no_adapt,2,954,tue,1.0,0.00014948350144550204,0.0,1.0000000000000002,,0.0,20
D,GAT+LSTM_no_adapt,2,955,tue,1.0,0.00015164182696025819,0.0,1.0000000000000002,,0.0,20
D,GAT+LSTM_no_adapt,2,956,tue,1.0,0.00014665724302176386,0.0,1.0000000000000002,,0.0,20
D,GAT+LSTM_no_adapt,2,957,tue,1.0,0.00016460727783851326,0.0,1.0000000000000002,,0.0,20
D,GAT+LSTM_no_adapt,2,958,tue,1.0,0.00014620610454585403,0.0,1.0000000000000002,,0.0,20
D,GAT+LSTM_no_adapt,2,959,tue,1.0,0.00014569076301995665,0.0,1.0000000000000002,,0.0,20
D,GAT+LSTM_no_adapt,2,960,tue,1.0,0.00015146580699365586,0.0,1.0000000000000002,,0.0,20
D,GAT+LSTM_no_adapt,2,961,tue,1.0,0.00014247396029531956,0.0,1.0000000000000002,,0.0,20
D,GAT+LSTM_no_adapt,2,962,tue,1.0,0.0001565630518598482,0.0,1.0000000000000002,,0.0,20
D,GAT+LSTM_no_adapt,2,963,tue,1.0,0.00018727529095485806,0.0,1.0000000000000002,,0.0,20
D,GAT+LSTM_no_adapt,2,964,tue,1.0,0.0001751720701577142,0.0,1.0000000000000002,,0.0,20
D,GAT+LSTM_no_adapt,2,965,tue,1.0,0.0001811078400351107,0.0,1.0000000000000002,,0.0,20
D,GAT+LSTM_no_adapt,2,966,tue,1.0,0.00017727847443893552,0.0,1.0000000000000002,,0.0,20
D,GAT+LSTM_no_adapt,2,967,tue,1.0,0.00016235884686466306,0.0,1.0000000000000002,,0.0,20
D,GAT+LSTM_no_adapt,2,968,tue,1.0,0.00016456161392852664,0.0,1.0000000000000002,,0.0,20
D,GAT+LSTM_no_adapt,2,969,tue,1.0,0.00019202489056624472,0.0,1.0000000000000002,,0.0,20
D,GAT+LSTM_no_adapt,2,970,tue,1.0,0.00024204907822422683,0.0,1.0000000000000002,,0.0,20
D,GAT+LSTM_no_adapt,2,971,tue,1.0,0.00017250525706913322,0.0,1.0000000000000002,,0.0,20
D,GAT+LSTM_no_adapt,2,972,tue,1.0,0.00018529975204728544,0.0,1.0000000000000002,,0.0,20
D,GAT+LSTM_no_adapt,2,973,tue,1.0,0.0001936813205247745,0.0,1.0000000000000002,,0.0,20
D,GAT+LSTM_no_adapt,2,974,tue,1.0,0.00017061879043467343,0.0,1.0000000000000002,,0.0,20
D,GAT+LSTM_no_adapt,2,975,tue,1.0,0.00015799555694684386,0.0,1.0000000000000002,,0.0,20
D,GAT+LSTM_no_adapt,2,976,tue,1.0,0.00017287426453549415,0.0,1.0000000000000002,,0.0,20
D,GAT+LSTM_no_adapt,2,977,tue,1.0,0.00024096912238746881,0.0,1.0000000000000002,,0.0,20
D,GAT+LSTM_no_adapt,2,978,tue,1.0,0.00020127746392972767,0.0,1.0000000000000002,,0.0,20
D,GAT+LSTM_no_adapt,2,979,tue,1.0,0.00022855811403132975,0.0,1.0000000000000002,,0.0,20
D,GAT+LSTM_no_adapt,2,980,tue,1.0,0.0002784397511277348,0.0,1.0000000000000002,,0.0,20
D,GAT+LSTM_no_adapt,2,981,tue,1.0,0.00021941233717370778,0.0,1.0000000000000002,,0.0,20
D,GAT+LSTM_no_adapt,2,982,tue,1.0,0.00018618172907736152,0.0,1.0000000000000002,,0.0,20
D,GAT+LSTM_no_adapt,2,983,tue,1.0,0.00016740035789553076,0.0,1.0000000000000002,,0.0,20
D,GAT+LSTM_no_adapt,2,984,tue,1.0,0.00019131050794385374,0.0,1.0000000000000002,,0.0,20
D,GAT+LSTM_no_adapt,2,985,tue,1.0,0.0002064602740574628,0.0,1.0000000000000002,,0.0,20
D,GAT+LSTM_no_adapt,2,986,tue,1.0,0.000186900666449219,0.0,1.0000000000000002,,0.0,20
D,GAT+LSTM_no_adapt,2,987,tue,1.0,0.00017279993335250765,0.0,1.0000000000000002,,0.0,20
D,GAT+LSTM_no_adapt,2,988,tue,1.0,0.00018716139311436564,0.0,1.0000000000000002,,0.0,20
D,GAT+LSTM_no_adapt,2,989,tue,1.0,0.00019043328939005733,0.0,1.0000000000000002,,0.0,20
D,GAT+LSTM_no_adapt,2,990,tue,1.0,0.00017624111205805093,0.0,1.0000000000000002,,0.0,20
D,GAT+LSTM_no_adapt,2,991,tue,1.0,0.0001703359594102949,0.0,1.0000000000000002,,0.0,20
D,GAT+LSTM_no_adapt,2,992,tue,1.0,0.00016772837261669338,0.0,1.0000000000000002,,0.0,20
D,GAT+LSTM_no_adapt,2,993,tue,1.0,0.0001520594087196514,0.0,1.0000000000000002,,0.0,20
D,GAT+LSTM_no_adapt,2,994,tue,1.0,0.00014299864415079355,0.0,1.0000000000000002,,0.0,20
D,GAT+LSTM_no_adapt,2,995,tue,1.0,0.00014971043856348842,0.0,1.0000000000000002,,0.0,20
D,GAT+LSTM_no_adapt,2,996,tue,1.0,0.00013952466542832553,0.0,1.0000000000000002,,0.0,20
D,GAT+LSTM_no_adapt,2,997,tue,1.0,0.0001495224132668227,0.0,1.0000000000000002,,0.0,20
D,GAT+LSTM_no_adapt,2,998,tue,1.0,0.00015462280134670436,0.0,1.0000000000000002,,0.0,20
D,GAT+LSTM_no_adapt,2,999,tue,1.0,0.00015341136895585805,0.0,1.0000000000000002,,0.0,20
D,GAT+LSTM_no_adapt,2,1000,tue,1.0,0.0001572200853843242,0.0,1.0000000000000002,,0.0,20
D,GAT+LSTM_no_adapt,2,1001,tue,1.0,0.00015887554036453366,0.0,1.0000000000000002,,0.0,20
D,GAT+LSTM_no_adapt,2,1002,tue,1.0,0.00016028364188969135,0.0,1.0000000000000002,,0.0,20
D,GAT+LSTM_no_adapt,2,1003,tue,1.0,0.00016932499420363456,0.0,1.0000000000000002,,0.0,20
D,GAT+LSTM_no_adapt,2,1004,tue,1.0,0.0002010415482800454,0.0,1.0000000000000002,,0.0,20
D,GAT+LSTM_no_adapt,2,1005,tue,1.0,0.00018726223788689822,0.0,1.0000000000000002,,0.0,20
D,GAT+LSTM_no_adapt,2,1006,tue,1.0,0.00017100822879001498,0.0,1.0000000000000002,,0.0,20
D,GAT+LSTM_no_adapt,2,1007,tue,1.0,0.00014852019376121461,0.0,1.0000000000000002,,0.0,20
D,GAT+LSTM_no_adapt,2,1008,tue,1.0,0.0001447626855224371,0.0,1.0000000000000002,,0.0,20
D,GAT+LSTM_no_adapt,2,1009,tue,1.0,0.00014465478307101876,0.0,1.0000000000000002,,0.0,20
D,GAT+LSTM_no_adapt,2,1010,tue,1.0,0.00014610255311708897,0.0,1.0000000000000002,,0.0,20
D,GAT+LSTM_no_adapt,2,1011,tue,1.0,0.00014883281255606562,0.0,1.0000000000000002,,0.0,20
D,GAT+LSTM_no_adapt,2,1012,tue,1.0,0.00015158270252868533,0.0,1.0000000000000002,,0.0,20
D,GAT+LSTM_no_adapt,2,1013,tue,1.0,0.0001531713642179966,0.0,1.0000000000000002,,0.0,20
D,GAT+LSTM_no_adapt,2,1014,tue,1.0,0.0001556951174279675,0.0,1.0000000000000002,,0.0,20
D,GAT+LSTM_no_adapt,2,1015,tue,1.0,0.0001545190461911261,0.0,1.0000000000000002,,0.0,20
D,GAT+LSTM_no_adapt,2,1016,tue,1.0,0.0001465493260184303,0.0,1.0000000000000002,,0.0,20
D,GAT+LSTM_no_adapt,2,1017,tue,1.0,0.00015097598952706903,0.0,1.0000000000000002,,0.0,20
D,GAT+LSTM_no_adapt,2,1018,tue,1.0,0.00014354086306411773,0.0,1.0000000000000002,,0.0,20
D,GAT+LSTM_no_adapt,2,1019,tue,1.0,0.00014626940537709743,0.0,1.0000000000000002,,0.0,20
D,GAT+LSTM_no_adapt,2,1020,tue,1.0,0.0001477253099437803,0.0,1.0000000000000002,,0.0,20
D,GAT+LSTM_no_adapt,2,1021,tue,1.0,0.00014731695409864187,0.0,1.0000000000000002,,0.0,20
D,GAT+LSTM_no_adapt,2,1022,tue,1.0,0.00015301820531021804,0.0,1.0000000000000002,,0.0,20
D,GAT+LSTM_no_adapt,2,1023,tue,1.0,0.0001590486353961751,0.0,1.0000000000000002,,0.0,20
D,GAT+LSTM_no_adapt,2,1024,tue,1.0,0.00016241721459664404,0.0,1.0000000000000002,,0.0,20
D,GAT+LSTM_no_adapt,2,1025,tue,1.0,0.00016014065477065742,0.0,1.0000000000000002,,0.0,20
D,GAT+LSTM_no_adapt,2,1026,tue,1.0,0.0001598761009518057,0.0,1.0000000000000002,,0.0,20
D,GAT+LSTM_no_adapt,2,1027,tue,1.0,0.00015942001482471824,0.0,1.0000000000000002,,0.0,20
D,GAT+LSTM_no_adapt,2,1028,tue,1.0,0.0001482751249568537,0.0,1.0000000000000002,,0.0,20
D,GAT+LSTM_no_adapt,2,1029,tue,1.0,0.00016336046974174678,0.0,1.0000000000000002,,0.0,20
D,GAT+LSTM_no_adapt,2,1030,tue,1.0,0.00015673063171561807,0.0,1.0000000000000002,,0.0,20
D,GAT+LSTM_no_adapt,2,1031,tue,1.0,0.000159866496687755,0.0,1.0000000000000002,,0.0,20
D,GAT+LSTM_no_adapt,2,1032,tue,1.0,0.00017792521975934505,0.0,1.0000000000000002,,0.0,20
D,GAT+LSTM_no_adapt,3,1222,wed,0.0,0.0006240163347683847,0.0,0.8382768601503324,0.0,0.0,20
D,GAT+LSTM_no_adapt,3,1223,wed,0.0,0.0008451926405541599,0.0,0.7419178158729243,0.0,0.0,20
D,GAT+LSTM_no_adapt,3,1224,wed,0.0,0.0014461101964116096,0.0,0.6636341781511149,0.0,0.0,20
D,GAT+LSTM_no_adapt,3,1225,wed,0.0,0.0004906132235191762,0.0,0.5963984190474129,0.0,0.0,20
D,GAT+LSTM_no_adapt,3,1226,wed,0.0,0.0014837592607364058,0.0,0.5368645587298837,0.0,0.0,20
D,GAT+LSTM_no_adapt,3,1227,wed,0.0,0.002365951891988516,0.0,0.4831115755098506,0.0,0.0,20
D,GAT+LSTM_no_adapt,3,1228,wed,1.0,0.0030606118962168694,0.0,0.5494381061220955,0.07142857142857142,0.0,20
D,GAT+LSTM_no_adapt,3,1229,wed,0.0,0.003154318081215024,0.0,0.4483324923072482,0.06593406593406594,0.0,20
D,GAT+LSTM_no_adapt,3,1230,wed,0.0,0.0028429515659809113,0.0,0.40461536084601096,0.07291666666666666,0.0,20
D,GAT+LSTM_no_adapt,3,1231,wed,0.0,0.007591004949063063,0.0,0.3566112761898014,0.0707070707070707,0.0,20
D,GAT+LSTM_no_adapt,3,1232,wed,0.0,0.0011313450522720814,0.0,0.3183498089457842,0.08000000000000002,0.0,20
D,GAT+LSTM_no_adapt,3,1233,wed,0.0,0.00031470818794332445,0.0,0.2826127294522548,0.0909090909090909,0.0,20
D,GAT+LSTM_no_adapt,3,1234,wed,0.0,0.0007095570908859372,0.0,0.24923217262613548,0.10416666666666667,0.0,20
D,GAT+LSTM_no_adapt,3,1235,wed,0.0,0.0002551601210143417,0.0,0.21815366497476185,0.12087912087912087,0.0,20
D,GAT+LSTM_no_adapt,3,1236,wed,0.0,0.00019233330385759473,0.0,0.1894751175323931,0.14285714285714285,0.0,20
D,GAT+LSTM_no_adapt,3,1237,wed,0.0,0.00014498730888590217,0.0,0.17105435156518747,0.22666666666666668,0.0,20
D,GAT+LSTM_no_adapt,3,1238,wed,0.0,0.00020796219178009778,0.0,0.14687338751289988,0.265625,0.0,20
D,GAT+LSTM_no_adapt,3,1239,wed,0.0,0.00015405927842948586,0.0,0.1329656862745098,0.37254901960784315,0.0,20
D,GAT+LSTM_no_adapt,3,1240,wed,0.0,0.00015129780513234437,0.0,0.12837009803921567,0.5277777777777778,0.0,20
D,GAT+LSTM_no_adapt,3,1241,wed,0.0,0.0017731914995238185,0.0,0.16666666666666666,0.8947368421052632,0.0,20
D,GAT+LSTM_no_adapt,3,1242,wed,0.0,0.00023873418103903532,0.0,0.16666666666666666,0.8947368421052632,0.0,20
D,GAT+LSTM_no_adapt,3,1243,wed,0.0,0.007453422527760267,0.0,0.125,0.8421052631578947,0.0,20
D,GAT+LSTM_no_adapt,3,1244,wed,0.0,0.0002907759044319391,0.0,0.125,0.8421052631578947,0.0,20
D,GAT+LSTM_no_adapt,3,1245,wed,0.0,0.00023104735009837896,0.0,0.125,0.8421052631578947,0.0,20
D,GAT+LSTM_no_adapt,3,1246,wed,0.0,0.00026039115618914366,0.0,0.125,0.8421052631578947,0.0,20
D,GAT+LSTM_no_adapt,3,1247,wed,0.0,0.00038083799881860614,0.0,0.125,0.8421052631578947,0.0,20
D,GAT+LSTM_no_adapt,3,1248,wed,1.0,0.00028533616568893194,0.0,0.045454545454545456,0.4736842105263158,0.0,20
D,GAT+LSTM_no_adapt,3,1249,wed,1.0,0.00035251406370662153,0.0,0.10170454545454546,0.5555555555555556,0.0,20
D,GAT+LSTM_no_adapt,3,1250,wed,1.0,0.00027811445761471987,0.0,0.15444925444925445,0.5686274509803921,0.0,20
D,GAT+LSTM_no_adapt,3,1251,wed,1.0,0.00018776948854792863,0.0,0.18236315359477123,0.5,0.0,20
D,GAT+LSTM_no_adapt,3,1252,wed,1.0,0.00017638855206314474,0.0,0.21703081232492996,0.4666666666666666,0.0,20
D,GAT+LSTM_no_adapt,3,1253,wed,1.0,0.00022189950686879456,0.0,0.2596162824104,0.4642857142857143,0.0,20
D,GAT+LSTM_no_adapt,3,1254,wed,1.0,0.00017817580373957753,0.0,0.3046745971115719,0.46153846153846145,0.0,20
D,GAT+LSTM_no_adapt,3,1255,wed,1.0,0.0001640852860873565,0.0,0.3360275447591624,0.4375,0.0,20
D,GAT+LSTM_no_adapt,3,1256,wed,1.0,0.00013887004752177745,0.0,0.3596092990829833,0.38383838383838387,0.0,20
D,GAT+LSTM_no_adapt,3,1257,wed,1.0,0.00017947182641364634,0.0,0.38025053635734746,0.31999999999999995,0.0,20
D,GAT+LSTM_no_adapt,3,1258,wed,1.0,0.00021559842571150512,0.0,0.41750631041723074,0.30303030303030304,0.0,20
D,GAT+LSTM_no_adapt,3,1259,wed,1.0,0.00014575551904272288,0.0,0.43426138883762727,0.20833333333333334,0.0,20
D,GAT+LSTM_no_adapt,3,1260,wed,1.0,0.00021604889479931444,0.0,0.4550937865685425,0.1098901098901099,0.0,20
D,GAT+LSTM_no_adapt,3,1261,wed,1.0,0.0001432221761206165,0.0,0.5104074938771975,0.11904761904761904,0.0,20
D,GAT+LSTM_no_adapt,3,1262,wed,1.0,0.00029773128335364163,0.0,0.5714941883595134,0.13333333333333333,0.0,20
D,GAT+LSTM_no_adapt,3,1263,wed,1.0,0.00020470726303756237,0.0,0.646696038095032,0.15625,0.0,20
D,GAT+LSTM_no_adapt,3,1264,wed,1.0,0.00016572733875364065,0.0,0.7154549064424314,0.15686274509803924,0.0,20
D,GAT+LSTM_no_adapt,3,1265,wed,0.0,0.0001465385576011613,0.0,0.7566614891715054,0.35294117647058826,0.0,20
D,GAT+LSTM_no_adapt,3,1266,wed,1.0,0.00014019561058375984,0.0,0.8204768340152757,0.3888888888888889,0.0,20
D,GAT+LSTM_no_adapt,3,1267,wed,1.0,0.00016147234418895096,0.0,0.9882494387413319,0.7894736842105263,0.0,20
D,GAT+LSTM_no_adapt,3,1268,wed,1.0,0.0001401758345309645,0.0,0.9848503159343145,0.7368421052631579,0.0,20
D,GAT+LSTM_no_adapt,3,1269,wed,1.0,0.00019849379896186292,0.0,0.9848503159343145,0.7368421052631579,0.0,20
D,GAT+LSTM_no_adapt,3,1270,wed,1.0,0.0002030853065662086,0.0,0.9848503159343145,0.7368421052631579,0.0,20
D,GAT+LSTM_no_adapt,3,1271,wed,1.0,0.0002157726266887039,0.0,0.9848503159343145,0.7368421052631579,0.0,20
D,GAT+LSTM_no_adapt,3,1272,wed,1.0,0.0001995665516005829,0.0,0.9848503159343145,0.7368421052631579,0.0,20
D,GAT+LSTM_no_adapt,3,1273,wed,1.0,0.0005034123314544559,0.0,0.9848503159343145,0.7368421052631579,0.0,20
D,GAT+LSTM_no_adapt,3,1274,wed,1.0,0.00026587743195705116,0.0,0.9848503159343145,0.7368421052631579,0.0,20
D,GAT+LSTM_no_adapt,3,1275,wed,1.0,0.0002631469687912613,0.0,0.9848503159343145,0.7368421052631579,0.0,20
D,GAT+LSTM_no_adapt,3,1276,wed,1.0,0.0004597763472702354,0.0,0.9882494387413319,0.7894736842105263,0.0,20
D,GAT+LSTM_no_adapt,3,1277,wed,1.0,0.00032010566792450845,0.0,0.9882494387413319,0.7894736842105263,0.0,20
D,GAT+LSTM_no_adapt,3,1278,wed,1.0,0.00047369013191200793,0.0,0.9882494387413319,0.7894736842105263,0.0,20
D,GAT+LSTM_no_adapt,3,1279,wed,0.0,0.0008592709782533348,0.0,0.8236290671307441,0.4166666666666667,0.0,20
D,GAT+LSTM_no_adapt,3,1280,wed,1.0,0.0004559085064101964,0.0,0.8236290671307441,0.4166666666666667,0.0,20
D,GAT+LSTM_no_adapt,3,1281,wed,1.0,0.00038685256731696427,0.0,0.826613362700824,0.4444444444444444,0.0,20
D,GAT+LSTM_no_adapt,3,1282,wed,1.0,0.0004129974404349923,0.0,0.826613362700824,0.4444444444444444,0.0,20
D,GAT+LSTM_no_adapt,3,1283,wed,0.0,0.00026546078152023256,0.0,0.785177307263448,0.45098039215686275,0.0,20
D,GAT+LSTM_no_adapt,3,1284,wed,1.0,0.0005124965100549161,0.0,0.7901981034607148,0.47058823529411764,0.0,20
D,GAT+LSTM_no_adapt,3,1285,wed,0.0,0.0006539230816997588,0.0,0.7069157331973758,0.17647058823529413,0.0,20
D,GAT+LSTM_no_adapt,3,1286,wed,0.0,0.000449844024842605,0.0,0.6571445305747743,0.21875,0.0,20
D,GAT+LSTM_no_adapt,3,1287,wed,0.0,0.0008063025306910276,0.0,0.5850954944608195,0.18666666666666665,0.0,20
D,GAT+LSTM_no_adapt,3,1288,wed,1.0,0.0009735873900353909,0.0,0.6512015180668431,0.2533333333333333,0.0,20
D,GAT+LSTM_no_adapt,3,1289,wed,1.0,0.000885965651832521,0.0,0.7036600317753567,0.32,0.0,20
D,GAT+LSTM_no_adapt,3,1290,wed,1.0,0.0007991052698343992,0.0,0.7174664785965095,0.36,0.0,20
D,GAT+LSTM_no_adapt,3,1291,wed,1.0,0.0010360496817156672,0.0,0.7608044042873763,0.42666666666666675,0.0,20
D,GAT+LSTM_no_adapt,3,1292,wed,1.0,0.0011743170907720923,0.0,0.7979348655587045,0.4933333333333333,0.0,20
D,GAT+LSTM_no_adapt,3,1293,wed,1.0,0.0023136946838349104,0.0,0.8243237544475934,0.5333333333333333,0.0,20
D,GAT+LSTM_no_adapt,3,1294,wed,1.0,0.006057062651962042,0.0,0.8511288012526401,0.5866666666666667,0.0,20
D,GAT+LSTM_no_adapt,3,1295,wed,1.0,0.9830166697502136,0.125,0.8779793873137527,0.6533333333333333,0.0,20
D,GAT+LSTM_no_adapt,3,1296,wed,1.0,0.9799495339393616,0.23529411764705882,0.8967504310847964,0.6933333333333334,0.0,20
D,GAT+LSTM_no_adapt,3,1297,wed,1.0,0.9675019979476929,0.3333333333333333,0.917146987143117,0.7466666666666666,0.0,20
D,GAT+LSTM_no_adapt,3,1298,wed,1.0,0.7244224548339844,0.42105263157894735,0.9329145529106828,0.7866666666666666,0.0,20
D,GAT+LSTM_no_adapt,3,1299,wed,1.0,0.41016629338264465,0.4,0.9574225350565326,0.828125,0.0,20
D,GAT+LSTM_no_adapt,3,1300,wed,1.0,0.9896718263626099,0.47619047619047616,0.9664255112470089,0.859375,0.0,20
D,GAT+LSTM_no_adapt,3,1301,wed,1.0,0.9979748129844666,0.5454545454545454,0.9779592593616394,0.90625,0.0,20
D,GAT+LSTM_no_adapt,3,1302,wed,1.0,0.9937227368354797,0.6086956521739131,0.9888148488562092,0.953125,0.0,20
D,GAT+LSTM_no_adapt,3,1303,wed,1.0,0.9840776920318604,0.64,0.9900677118112468,0.9411764705882353,0.0,20
D,GAT+LSTM_no_adapt,3,1304,wed,1.0,0.8908109068870544,0.6923076923076923,0.9966359092656671,0.9803921568627452,0.0,20
D,GAT+LSTM_no_adapt,3,1305,wed,1.0,0.9703996181488037,0.7142857142857143,0.9969948018193633,0.9722222222222222,0.0,20
D,GAT+LSTM_no_adapt,3,1306,wed,1.0,0.996333122253418,0.7333333333333333,0.997299168975069,0.9473684210526315,0.0,20
D,GAT+LSTM_no_adapt,3,1307,wed,1.0,0.8629828095436096,0.75,1.0000000000000002,,0.0,20
D,GAT+LSTM_no_adapt,3,1308,wed,1.0,0.9923517107963562,0.7878787878787878,1.0000000000000002,,0.0,20
D,GAT+LSTM_no_adapt,3,1309,wed,1.0,0.7026093602180481,0.8235294117647058,1.0000000000000002,,0.0,20
D,GAT+LSTM_no_adapt,3,1310,wed,1.0,0.7397491931915283,0.8571428571428571,1.0000000000000002,,0.0,20
D,GAT+LSTM_no_adapt,3,1311,wed,1.0,0.9939249157905579,0.8888888888888888,1.0000000000000002,,0.0,20
D,GAT+LSTM_no_adapt,3,1312,wed,1.0,0.8005970120429993,0.918918918918919,1.0000000000000002,,0.0,20
D,GAT+LSTM_no_adapt,3,1313,wed,1.0,0.9687801003456116,0.9473684210526315,1.0000000000000002,,0.0,20
D,GAT+LSTM_no_adapt,3,1314,wed,1.0,0.7747187614440918,0.9743589743589743,1.0000000000000002,,0.0,20
D,GAT+LSTM_no_adapt,3,1315,wed,1.0,0.36609137058258057,0.9473684210526315,1.0000000000000002,,0.0,20
D,GAT+LSTM_no_adapt,3,1316,wed,1.0,0.6072457432746887,0.9473684210526315,1.0000000000000002,,0.0,20
D,GAT+LSTM_no_adapt,3,1317,wed,1.0,0.9924213290214539,0.9473684210526315,1.0000000000000002,,0.0,20
D,GAT+LSTM_no_adapt,3,1318,wed,1.0,0.9909942746162415,0.9473684210526315,1.0000000000000002,,0.0,20
D,GAT+LSTM_no_adapt,3,1319,wed,1.0,0.7182501554489136,0.9743589743589743,1.0000000000000002,,0.0,20
D,GAT+LSTM_no_adapt,3,1320,wed,1.0,0.36702868342399597,0.9473684210526315,1.0000000000000002,,0.0,20
D,GAT+LSTM_no_adapt,3,1321,wed,1.0,0.4100491404533386,0.918918918918919,1.0000000000000002,,0.0,20
D,GAT+LSTM_no_adapt,3,1322,wed,1.0,0.9673098921775818,0.918918918918919,1.0000000000000002,,0.0,20
D,GAT+LSTM_no_adapt,3,1323,wed,1.0,0.8546429872512817,0.918918918918919,1.0000000000000002,,0.0,20
D,GAT+LSTM_no_adapt,3,1324,wed,1.0,0.016132643446326256,0.8888888888888888,1.0000000000000002,,0.0,20
D,GAT+LSTM_no_adapt,3,1325,wed,1.0,0.019197318702936172,0.8571428571428571,1.0000000000000002,,0.0,20
D,GAT+LSTM_no_adapt,3,1326,wed,1.0,0.08645685017108917,0.8235294117647058,1.0000000000000002,,0.0,20
D,GAT+LSTM_no_adapt,3,1327,wed,1.0,0.14483113586902618,0.7878787878787878,1.0000000000000002,,0.0,20
D,GAT+LSTM_no_adapt,3,1328,wed,1.0,0.14283107221126556,0.75,1.0000000000000002,,0.0,20
D,GAT+LSTM_no_adapt,3,1329,wed,1.0,0.010528688319027424,0.7096774193548387,1.0000000000000002,,0.0,20
D,GAT+LSTM_no_adapt,3,1330,wed,1.0,0.013438194990158081,0.6666666666666666,1.0000000000000002,,0.0,20
D,GAT+LSTM_no_adapt,3,1331,wed,1.0,0.012487518601119518,0.6206896551724138,1.0000000000000002,,0.0,20
D,GAT+LSTM_no_adapt,3,1332,wed,1.0,0.013230563141405582,0.5714285714285714,1.0000000000000002,,0.0,20
D,GAT+LSTM_no_adapt,3,1333,wed,1.0,0.013199616223573685,0.5185185185185185,1.0000000000000002,,0.0,20
D,GAT+LSTM_no_adapt,3,1334,wed,1.0,0.013581926003098488,0.46153846153846156,1.0000000000000002,,0.0,20
D,GAT+LSTM_no_adapt,3,1335,wed,1.0,0.01292918436229229,0.46153846153846156,1.0000000000000002,,0.0,20
D,GAT+LSTM_no_adapt,3,1336,wed,1.0,0.016008440405130386,0.4,1.0000000000000002,,0.0,20
D,GAT+LSTM_no_adapt,3,1337,wed,1.0,0.015682348981499672,0.3333333333333333,1.0000000000000002,,0.0,20
D,GAT+LSTM_no_adapt,3,1338,wed,1.0,0.01352903712540865,0.2608695652173913,1.0000000000000002,,0.0,20
D,GAT+LSTM_no_adapt,3,1339,wed,1.0,0.011414577253162861,0.18181818181818182,1.0000000000000002,,0.0,20
D,GAT+LSTM_no_adapt,3,1340,wed,1.0,0.012275767512619495,0.18181818181818182,1.0000000000000002,,0.0,20
D,GAT+LSTM_no_adapt,3,1341,wed,1.0,0.012326553463935852,0.18181818181818182,1.0000000000000002,,0.0,20
D,GAT+LSTM_no_adapt,3,1342,wed,1.0,0.01232142187654972,0.09523809523809523,1.0000000000000002,,0.0,20
D,GAT+LSTM_no_adapt,3,1343,wed,1.0,0.013897293247282505,0.0,1.0000000000000002,,0.0,20
D,GAT+LSTM_no_adapt,3,1344,wed,1.0,0.016013916581869125,0.0,1.0000000000000002,,0.0,20
D,GAT+LSTM_no_adapt,3,1345,wed,1.0,0.015883566811680794,0.0,1.0000000000000002,,0.0,20
D,GAT+LSTM_no_adapt,3,1346,wed,1.0,0.015203763730823994,0.0,1.0000000000000002,,0.0,20
D,GAT+LSTM_no_adapt,3,1347,wed,1.0,0.01849077083170414,0.0,1.0000000000000002,,0.0,20
D,GAT+LSTM_no_adapt,3,1348,wed,1.0,0.01677078753709793,0.0,1.0000000000000002,,0.0,20
D,GAT+LSTM_no_adapt,3,1349,wed,1.0,0.015514620579779148,0.0,1.0000000000000002,,0.0,20
D,GAT+LSTM_no_adapt,3,1350,wed,1.0,0.010963210836052895,0.0,1.0000000000000002,,0.0,20
D,GAT+LSTM_no_adapt,3,1351,wed,1.0,0.014553499408066273,0.0,1.0000000000000002,,0.0,20
D,GAT+LSTM_no_adapt,3,1352,wed,1.0,0.015931354835629463,0.0,1.0000000000000002,,0.0,20
D,GAT+LSTM_no_adapt,3,1353,wed,1.0,0.014500608667731285,0.0,1.0000000000000002,,0.0,20
D,GAT+LSTM_no_adapt,3,1354,wed,1.0,0.01428120955824852,0.0,1.0000000000000002,,0.0,20
D,GAT+LSTM_no_adapt,3,1355,wed,1.0,0.012871681712567806,0.0,1.0000000000000002,,0.0,20
D,GAT+LSTM_no_adapt,3,1356,wed,1.0,0.015001087449491024,0.0,1.0000000000000002,,0.0,20
D,GAT+LSTM_no_adapt,3,1357,wed,1.0,0.016691716387867928,0.0,1.0000000000000002,,0.0,20
D,GAT+LSTM_no_adapt,3,1358,wed,1.0,0.014960221014916897,0.0,1.0000000000000002,,0.0,20
D,GAT+LSTM_no_adapt,3,1359,wed,1.0,0.01692519336938858,0.0,1.0000000000000002,,0.0,20
D,GAT+LSTM_no_adapt,3,1360,wed,1.0,0.01974508725106716,0.0,1.0000000000000002,,0.0,20
D,GAT+LSTM_no_adapt,3,1361,wed,1.0,0.018715864047408104,0.0,1.0000000000000002,,0.0,20
D,GAT+LSTM_no_adapt,3,1362,wed,1.0,0.02007606253027916,0.0,1.0000000000000002,,0.0,20
D,GAT+LSTM_no_adapt,3,1363,wed,1.0,0.02028214931488037,0.0,1.0000000000000002,,0.0,20
D,GAT+LSTM_no_adapt,3,1364,wed,1.0,0.014099217019975185,0.0,1.0000000000000002,,0.0,20
D,GAT+LSTM_no_adapt,3,1365,wed,1.0,0.016781948506832123,0.0,1.0000000000000002,,0.0,20
D,GAT+LSTM_no_adapt,3,1366,wed,1.0,0.017689721658825874,0.0,1.0000000000000002,,0.0,20
D,GAT+LSTM_no_adapt,3,1367,wed,1.0,0.012245070189237595,0.0,1.0000000000000002,,0.0,20
D,GAT+LSTM_no_adapt,3,1368,wed,1.0,0.011368121951818466,0.0,1.0000000000000002,,0.0,20
D,GAT+LSTM_no_adapt,3,1369,wed,1.0,0.011266079731285572,0.0,1.0000000000000002,,0.0,20
D,GAT+LSTM_no_adapt,3,1370,wed,1.0,0.01378635037690401,0.0,1.0000000000000002,,0.0,20
D,GAT+LSTM_no_adapt,3,1371,wed,1.0,0.01697739027440548,0.0,1.0000000000000002,,0.0,20
D,GAT+LSTM_no_adapt,3,1372,wed,1.0,0.012363407760858536,0.0,1.0000000000000002,,0.0,20
D,GAT+LSTM_no_adapt,3,1373,wed,1.0,0.015182801522314548,0.0,1.0000000000000002,,0.0,20
D,GAT+LSTM_no_adapt,3,1374,wed,1.0,0.015674298629164696,0.0,1.0000000000000002,,0.0,20
D,GAT+LSTM_no_adapt,3,1375,wed,1.0,0.013439643196761608,0.0,1.0000000000000002,,0.0,20
D,GAT+LSTM_no_adapt,3,1376,wed,1.0,0.015022882260382175,0.0,1.0000000000000002,,0.0,20
D,GAT+LSTM_no_adapt,3,1377,wed,1.0,0.014442788437008858,0.0,1.0000000000000002,,0.0,20
D,GAT+LSTM_no_adapt,3,1378,wed,1.0,0.01595844142138958,0.0,1.0000000000000002,,0.0,20
D,GAT+LSTM_no_adapt,3,1379,wed,1.0,0.02011306770145893,0.0,1.0000000000000002,,0.0,20
D,GAT+LSTM_no_adapt,3,1380,wed,1.0,0.01949373632669449,0.0,1.0000000000000002,,0.0,20
D,GAT+LSTM_no_adapt,3,1381,wed,1.0,0.016594834625720978,0.0,1.0000000000000002,,0.0,20
D,GAT+LSTM_no_adapt,3,1382,wed,1.0,0.01728004217147827,0.0,1.0000000000000002,,0.0,20
D,GAT+LSTM_no_adapt,3,1383,wed,1.0,0.017553793266415596,0.0,1.0000000000000002,,0.0,20
D,GAT+LSTM_no_adapt,3,1384,wed,1.0,0.014151195995509624,0.0,1.0000000000000002,,0.0,20
D,GAT+LSTM_no_adapt,3,1385,wed,1.0,0.0141506502404809,0.0,1.0000000000000002,,0.0,20
D,GAT+LSTM_no_adapt,3,1386,wed,1.0,0.011362185701727867,0.0,1.0000000000000002,,0.0,20
D,GAT+LSTM_no_adapt,3,1387,wed,1.0,0.014058207161724567,0.0,1.0000000000000002,,0.0,20
D,GAT+LSTM_no_adapt,3,1388,wed,1.0,0.016047388315200806,0.0,1.0000000000000002,,0.0,20
D,GAT+LSTM_no_adapt,3,1389,wed,1.0,0.015492611564695835,0.0,1.0000000000000002,,0.0,20
D,GAT+LSTM_no_adapt,3,1390,wed,1.0,0.01617133617401123,0.0,1.0000000000000002,,0.0,20
D,GAT+LSTM_no_adapt,3,1391,wed,1.0,0.01883780024945736,0.0,1.0000000000000002,,0.0,20
D,GAT+LSTM_no_adapt,3,1392,wed,1.0,0.01730307936668396,0.0,1.0000000000000002,,0.0,20
D,GAT+LSTM_no_adapt,3,1393,wed,1.0,0.019644569605588913,0.0,1.0000000000000002,,0.0,20
D,GAT+LSTM_no_adapt,3,1394,wed,1.0,0.018707966431975365,0.0,1.0000000000000002,,0.0,20
D,GAT+LSTM_no_adapt,3,1395,wed,1.0,0.019159870222210884,0.0,1.0000000000000002,,0.0,20
D,GAT+LSTM_no_adapt,3,1396,wed,1.0,0.020626498386263847,0.0,1.0000000000000002,,0.0,20
D,GAT+LSTM_no_adapt,3,1397,wed,1.0,0.01730402745306492,0.0,1.0000000000000002,,0.0,20
D,GAT+LSTM_no_adapt,3,1398,wed,1.0,0.017582327127456665,0.0,1.0000000000000002,,0.0,20
D,GAT+LSTM_no_adapt,3,1399,wed,1.0,0.016455089673399925,0.0,1.0000000000000002,,0.0,20
D,GAT+LSTM_no_adapt,3,1400,wed,1.0,0.01335316151380539,0.0,1.0000000000000002,,0.0,20
D,GAT+LSTM_no_adapt,3,1401,wed,1.0,0.012134412303566933,0.0,1.0000000000000002,,0.0,20
D,GAT+LSTM_no_adapt,3,1402,wed,1.0,0.013039181008934975,0.0,1.0000000000000002,,0.0,20
D,GAT+LSTM_no_adapt,3,1403,wed,1.0,0.012236075475811958,0.0,1.0000000000000002,,0.0,20
D,GAT+LSTM_no_adapt,3,1404,wed,1.0,0.01622772216796875,0.0,1.0000000000000002,,0.0,20
D,GAT+LSTM_no_adapt,3,1405,wed,1.0,0.015145800076425076,0.0,1.0000000000000002,,0.0,20
D,GAT+LSTM_no_adapt,3,1406,wed,1.0,0.013251353986561298,0.0,1.0000000000000002,,0.0,20
D,GAT+LSTM_no_adapt,3,1407,wed,1.0,0.01376336719840765,0.0,1.0000000000000002,,0.0,20
D,GAT+LSTM_no_adapt,3,1408,wed,1.0,0.014817669987678528,0.0,1.0000000000000002,,0.0,20
D,GAT+LSTM_no_adapt,3,1409,wed,1.0,0.01482449471950531,0.0,1.0000000000000002,,0.0,20
D,GAT+LSTM_no_adapt,3,1410,wed,1.0,0.017134731635451317,0.0,1.0000000000000002,,0.0,20
D,GAT+LSTM_no_adapt,3,1411,wed,1.0,0.012760316953063011,0.0,1.0000000000000002,,0.0,20
D,GAT+LSTM_no_adapt,3,1412,wed,1.0,0.016778448596596718,0.0,1.0000000000000002,,0.0,20
D,GAT+LSTM_no_adapt,3,1413,wed,1.0,0.019987935200333595,0.0,1.0000000000000002,,0.0,20
D,GAT+LSTM_no_adapt,3,1414,wed,1.0,0.01553078182041645,0.0,1.0000000000000002,,0.0,20
D,GAT+LSTM_no_adapt,3,1415,wed,1.0,0.014214291237294674,0.0,1.0000000000000002,,0.0,20
D,GAT+LSTM_no_adapt,3,1416,wed,1.0,0.015226061455905437,0.0,1.0000000000000002,,0.0,20
D,GAT+LSTM_no_adapt,3,1417,wed,1.0,0.0173320472240448,0.0,1.0000000000000002,,0.0,20
D,GAT+LSTM_no_adapt,3,1418,wed,1.0,0.017939493060112,0.0,1.0000000000000002,,0.0,20
D,GAT+LSTM_no_adapt,3,1419,wed,1.0,0.015612105838954449,0.0,1.0000000000000002,,0.0,20
D,GAT+LSTM_no_adapt,3,1420,wed,1.0,0.01685967855155468,0.0,1.0000000000000002,,0.0,20
D,GAT+LSTM_no_adapt,3,1421,wed,1.0,0.016977524384856224,0.0,1.0000000000000002,,0.0,20
D,GAT+LSTM_no_adapt,3,1422,wed,1.0,0.01652413234114647,0.0,1.0000000000000002,,0.0,20
D,GAT+LSTM_no_adapt,3,1423,wed,1.0,0.01465571392327547,0.0,1.0000000000000002,,0.0,20
D,GAT+LSTM_no_adapt,3,1424,wed,1.0,0.016644297167658806,0.0,1.0000000000000002,,0.0,20
D,GAT+LSTM_no_adapt,3,1425,wed,1.0,0.01837831176817417,0.0,1.0000000000000002,,0.0,20
D,GAT+LSTM_no_adapt,3,1426,wed,1.0,0.019375931471586227,0.0,1.0000000000000002,,0.0,20
D,GAT+LSTM_no_adapt,3,1427,wed,1.0,0.01962832175195217,0.0,1.0000000000000002,,0.0,20
D,GAT+LSTM_no_adapt,3,1428,wed,1.0,0.017905401065945625,0.0,1.0000000000000002,,0.0,20
D,GAT+LSTM_no_adapt,3,1429,wed,1.0,0.018779750913381577,0.0,1.0000000000000002,,0.0,20
D,GAT+LSTM_no_adapt,3,1430,wed,1.0,0.016634413972496986,0.0,1.0000000000000002,,0.0,20
D,GAT+LSTM_no_adapt,3,1431,wed,1.0,0.015443515032529831,0.0,1.0000000000000002,,0.0,20
D,GAT+LSTM_no_adapt,3,1432,wed,1.0,0.016067519783973694,0.0,1.0000000000000002,,0.0,20
D,GAT+LSTM_no_adapt,3,1433,wed,1.0,0.01164196152240038,0.0,1.0000000000000002,,0.0,20
D,GAT+LSTM_no_adapt,3,1434,wed,1.0,0.01308607216924429,0.0,1.0000000000000002,,0.0,20
D,GAT+LSTM_no_adapt,3,1435,wed,1.0,0.01558005716651678,0.0,1.0000000000000002,,0.0,20
D,GAT+LSTM_no_adapt,3,1436,wed,1.0,0.011592607013881207,0.0,1.0000000000000002,,0.0,20
D,GAT+LSTM_no_adapt,3,1437,wed,1.0,0.01003278512507677,0.0,1.0000000000000002,,0.0,20
D,GAT+LSTM_no_adapt,3,1438,wed,1.0,0.009407903999090195,0.0,1.0000000000000002,,0.0,20
D,GAT+LSTM_no_adapt,3,1439,wed,1.0,0.009326061233878136,0.0,1.0000000000000002,,0.0,20
D,GAT+LSTM_no_adapt,3,1440,wed,1.0,0.010472049936652184,0.0,1.0000000000000002,,0.0,20
D,GAT+LSTM_no_adapt,3,1441,wed,1.0,0.010851964354515076,0.0,1.0000000000000002,,0.0,20
D,GAT+LSTM_no_adapt,3,1442,wed,1.0,0.010713070631027222,0.0,1.0000000000000002,,0.0,20
D,GAT+LSTM_no_adapt,3,1443,wed,1.0,0.012858329340815544,0.0,1.0000000000000002,,0.0,20
D,GAT+LSTM_no_adapt,3,1444,wed,1.0,0.014387053437530994,0.0,1.0000000000000002,,0.0,20
D,GAT+LSTM_no_adapt,3,1445,wed,1.0,0.01620085909962654,0.0,1.0000000000000002,,0.0,20
D,GAT+LSTM_no_adapt,3,1446,wed,1.0,0.017315156757831573,0.0,1.0000000000000002,,0.0,20
D,GAT+LSTM_no_adapt,3,1447,wed,1.0,0.013547166250646114,0.0,1.0000000000000002,,0.0,20
D,GAT+LSTM_no_adapt,3,1448,wed,1.0,0.016790669411420822,0.0,1.0000000000000002,,0.0,20
D,GAT+LSTM_no_adapt,3,1449,wed,1.0,0.020056068897247314,0.0,1.0000000000000002,,0.0,20
D,GAT+LSTM_no_adapt,3,1450,wed,1.0,0.019499951973557472,0.0,1.0000000000000002,,0.0,20
D,GAT+LSTM_no_adapt,3,1451,wed,1.0,0.017252588644623756,0.0,1.0000000000000002,,0.0,20
D,GAT+LSTM_no_adapt,3,1452,wed,1.0,0.01959346979856491,0.0,1.0000000000000002,,0.0,20
D,GAT+LSTM_no_adapt,3,1453,wed,1.0,0.012456297874450684,0.0,1.0000000000000002,,0.0,20
D,GAT+LSTM_no_adapt,3,1454,wed,1.0,0.011533302254974842,0.0,1.0000000000000002,,0.0,20
D,GAT+LSTM_no_adapt,3,1455,wed,1.0,0.01200440339744091,0.0,1.0000000000000002,,0.0,20
D,GAT+LSTM_no_adapt,3,1456,wed,1.0,0.009910281747579575,0.0,1.0000000000000002,,0.0,20
D,GAT+LSTM_no_adapt,3,1457,wed,1.0,0.0093508530408144,0.0,1.0000000000000002,,0.0,20
D,GAT+LSTM_no_adapt,3,1458,wed,1.0,0.009683605283498764,0.0,1.0000000000000002,,0.0,20
D,GAT+LSTM_no_adapt,3,1459,wed,1.0,0.010526900179684162,0.0,1.0000000000000002,,0.0,20
D,GAT+LSTM_no_adapt,3,1460,wed,1.0,0.014455274678766727,0.0,1.0000000000000002,,0.0,20
D,GAT+LSTM_no_adapt,3,1461,wed,1.0,0.015951942652463913,0.0,1.0000000000000002,,0.0,20
D,GAT+LSTM_no_adapt,3,1462,wed,1.0,0.013298103585839272,0.0,1.0000000000000002,,0.0,20
D,GAT+LSTM_no_adapt,3,1463,wed,1.0,0.01562555879354477,0.0,1.0000000000000002,,0.0,20
D,GAT+LSTM_no_adapt,3,1464,wed,1.0,0.013100958429276943,0.0,1.0000000000000002,,0.0,20
D,GAT+LSTM_no_adapt,3,1465,wed,1.0,0.010263296775519848,0.0,1.0000000000000002,,0.0,20
D,GAT+LSTM_no_adapt,3,1466,wed,1.0,0.010823624208569527,0.0,1.0000000000000002,,0.0,20
D,GAT+LSTM_no_adapt,3,1467,wed,1.0,0.011500881984829903,0.0,1.0000000000000002,,0.0,20
D,GAT+LSTM_no_adapt,3,1468,wed,1.0,0.009199172258377075,0.0,1.0000000000000002,,0.0,20
D,GAT+LSTM_no_adapt,3,1469,wed,1.0,0.011271227151155472,0.0,1.0000000000000002,,0.0,20
D,GAT+LSTM_no_adapt,3,1470,wed,1.0,0.006827766075730324,0.0,1.0000000000000002,,0.0,20
D,GAT+LSTM_no_adapt,3,1471,wed,1.0,0.006208199542015791,0.0,1.0000000000000002,,0.0,20
D,GAT+LSTM_no_adapt,3,1472,wed,1.0,0.00413444684818387,0.0,1.0000000000000002,,0.0,20
D,GAT+LSTM_no_adapt,3,1473,wed,1.0,0.00232887570746243,0.0,1.0000000000000002,,0.0,20
D,GAT+LSTM_no_adapt,3,1474,wed,0.0,0.0019625243730843067,0.0,0.9999999999999998,1.0,0.0,20
D,GAT+LSTM_no_adapt,3,1475,wed,1.0,0.0011338654439896345,0.0,0.997299168975069,0.9473684210526315,0.0,20
D,GAT+LSTM_no_adapt,3,1476,wed,0.0,0.0009391973144374788,0.0,0.9969948018193633,0.9722222222222222,0.0,20
D,GAT+LSTM_no_adapt,3,1477,wed,0.0,0.000373105111066252,0.0,0.9966359092656671,0.9803921568627452,0.0,20
D,GAT+LSTM_no_adapt,3,1478,wed,1.0,0.000488374731503427,0.0,0.9900677118112468,0.9411764705882353,0.0,20
D,GAT+LSTM_no_adapt,3,1479,wed,1.0,0.000355211814166978,0.0,0.9804170713693114,0.8823529411764706,0.0,20
D,GAT+LSTM_no_adapt,3,1480,wed,1.0,0.0004071868897881359,0.0,0.9730177881266027,0.8431372549019608,0.0,20
D,GAT+LSTM_no_adapt,3,1481,wed,1.0,0.0005754732992500067,0.0,0.9651180897857278,0.803921568627451,0.0,20
D,GAT+LSTM_no_adapt,3,1482,wed,1.0,0.00033635133877396584,0.0,0.9538269582660405,0.7450980392156863,0.0,20
D,GAT+LSTM_no_adapt,3,1483,wed,1.0,0.00048109612544067204,0.0,0.9446890373634137,0.7058823529411764,0.0,20
D,GAT+LSTM_no_adapt,3,1484,wed,1.0,0.0004767893988173455,0.0,0.9347719936228405,0.6666666666666667,0.0,20
D,GAT+LSTM_no_adapt,3,1485,wed,1.0,0.0007950811414048076,0.0,0.9239282621908738,0.6274509803921569,0.0,20
D,GAT+LSTM_no_adapt,3,1486,wed,1.0,0.0004956634948030114,0.0,0.9119630215491625,0.5882352941176471,0.0,20
D,GAT+LSTM_no_adapt,3,1487,wed,1.0,0.0007578856311738491,0.0,0.898611014079508,0.5490196078431373,0.0,20
D,GAT+LSTM_no_adapt,3,1488,wed,1.0,0.0006297273794189095,0.0,0.8834966349945408,0.5098039215686274,0.0,20
D,GAT+LSTM_no_adapt,3,1489,wed,1.0,0.8980835676193237,0.1111111111111111,0.8834966349945408,0.5098039215686274,0.0,20
D,GAT+LSTM_no_adapt,3,1490,wed,1.0,0.9960435628890991,0.21052631578947367,0.8834966349945408,0.5098039215686274,0.0,20
D,GAT+LSTM_no_adapt,3,1491,wed,1.0,0.9984619617462158,0.3,0.8834966349945408,0.5098039215686274,0.0,20
D,GAT+LSTM_no_adapt,3,1492,wed,1.0,0.9990807771682739,0.38095238095238093,0.8834966349945408,0.5098039215686274,0.0,20
D,GAT+LSTM_no_adapt,3,1493,wed,1.0,0.9989840388298035,0.45454545454545453,0.8834966349945408,0.5098039215686274,0.0,20
D,GAT+LSTM_no_adapt,3,1494,wed,0.0,0.9895821809768677,0.43478260869565216,0.8727123212690504,0.49019607843137253,0.3333333333333333,20
D,GAT+LSTM_no_adapt,3,1495,wed,0.0,0.9555373787879944,0.43478260869565216,0.8127804948964005,0.421875,0.5,20
D,GAT+LSTM_no_adapt,3,1496,wed,0.0,0.9142907857894897,0.4166666666666667,0.8070141258487814,0.40625,0.75,20
D,GAT+LSTM_no_adapt,3,1497,wed,0.0,0.7895339727401733,0.4,0.775056653174397,0.265625,1.0,20
D,GAT+LSTM_no_adapt,3,1498,wed,0.0,0.21190166473388672,0.4166666666666667,0.7419571513224763,0.29333333333333333,0.8,20
D,GAT+LSTM_no_adapt,3,1499,wed,0.0,0.0001957390777533874,0.43478260869565216,0.7418525869432547,0.42857142857142855,0.6666666666666666,20
D,GAT+LSTM_no_adapt,3,1500,wed,0.0,0.002706459490582347,0.45454545454545453,0.7166313750946995,0.4395604395604396,0.5714285714285714,20
D,GAT+LSTM_no_adapt,3,1501,wed,0.0,0.0009325840510427952,0.47619047619047616,0.698254607736032,0.45833333333333337,0.5,20
D,GAT+LSTM_no_adapt,3,1502,wed,0.0,0.00022369707585312426,0.5,0.7052463875993289,0.5454545454545454,0.4444444444444444,20
D,GAT+LSTM_no_adapt,3,1503,wed,0.0,0.0002986131003126502,0.5263157894736842,0.7158037060978237,0.62,0.4,20
D,GAT+LSTM_no_adapt,3,1504,wed,0.0,0.00020576633687596768,0.5555555555555556,0.7314077126577128,0.6868686868686869,0.36363636363636365,20
D,GAT+LSTM_no_adapt,3,1505,wed,0.0,0.0001575208007125184,0.5882352941176471,0.7543440934065934,0.75,0.3333333333333333,20
D,GAT+LSTM_no_adapt,3,1506,wed,0.0,0.00027479504933580756,0.625,0.7882980115122971,0.8131868131868132,0.3076923076923077,20
D,GAT+LSTM_no_adapt,3,1507,wed,0.0,0.00022694056679029018,0.6666666666666666,0.8395528083028083,0.8809523809523809,0.2857142857142857,20
D,GAT+LSTM_no_adapt,3,1508,wed,0.0,0.00016446983499918133,0.7142857142857143,0.919642857142857,0.9600000000000001,0.26666666666666666,20
D,GAT+LSTM_no_adapt,3,1509,wed,0.0,0.00021535927953664213,0.6666666666666666,1.0,1.0,0.25,20
D,GAT+LSTM_no_adapt,3,1510,wed,0.0,0.0007135229534469545,0.6,1.0,1.0,0.23529411764705882,20
D,GAT+LSTM_no_adapt,3,1511,wed,0.0,0.00020101737754885107,0.5,1.0,1.0,0.2222222222222222,20
D,GAT+LSTM_no_adapt,3,1512,wed,0.0,0.00015022708976175636,0.3333333333333333,1.0,1.0,0.21052631578947367,20
D,GAT+LSTM_no_adapt,3,1513,wed,0.0,0.00014969345647841692,0.0,0.5,,0.2,20
D,GAT+LSTM_no_adapt,3,1514,wed,0.0,0.00013461036724038422,0.0,0.5,,0.15,20
D,GAT+LSTM_no_adapt,3,1515,wed,0.0,0.0003234047326259315,0.0,0.5,,0.1,20
D,GAT+LSTM_no_adapt,3,1516,wed,0.0,0.0002438458614051342,0.0,0.5,,0.05,20
D,GAT+LSTM_no_adapt,3,1517,wed,0.0,0.00014549917250405997,0.0,0.5,,0.0,20
D,GAT+LSTM_no_adapt,3,1518,wed,0.0,0.00014904710405971855,0.0,0.5,,0.0,20
D,GAT+LSTM_no_adapt,3,1519,wed,0.0,0.00015401521523017436,0.0,0.5,,0.0,20
D,GAT+LSTM_no_adapt,3,1520,wed,0.0,0.00013632941409014165,0.0,0.5,,0.0,20
D,GAT+LSTM_no_adapt,3,1521,wed,0.0,0.00013981234224047512,0.0,0.5,,0.0,20
D,GAT+LSTM_no_adapt,3,1522,wed,0.0,0.00013947198749519885,0.0,0.5,,0.0,20
D,GAT+LSTM_no_adapt,3,1523,wed,0.0,0.0001583270204719156,0.0,0.5,,0.0,20
D,GAT+LSTM_no_adapt,3,1524,wed,0.0,0.00015410703781526536,0.0,0.5,,0.0,20
D,GAT+LSTM_no_adapt,3,1525,wed,0.0,0.00015675753820687532,0.0,0.5,,0.0,20
D,GAT+LSTM_no_adapt,3,1526,wed,0.0,0.00015084230108186603,0.0,0.5,,0.0,20
D,GAT+LSTM_no_adapt,3,1527,wed,0.0,0.0001401259796693921,0.0,0.5,,0.0,20
D,GAT+LSTM_no_adapt,3,1528,wed,0.0,0.0001434107543900609,0.0,0.5,,0.0,20
D,GAT+LSTM_no_adapt,3,1529,wed,0.0,0.00015007247566245496,0.0,0.5,,0.0,20
D,GAT+LSTM_no_adapt,3,1530,wed,0.0,0.00018602379714138806,0.0,0.5,,0.0,20
D,GAT+LSTM_no_adapt,3,1531,wed,0.0,0.00015382413403131068,0.0,0.5,,0.0,20
D,GAT+LSTM_no_adapt,3,1532,wed,0.0,0.00016266766760963947,0.0,0.5,,0.0,20
D,GAT+LSTM_no_adapt,3,1533,wed,0.0,0.0001475355529692024,0.0,0.5,,0.0,20
D,GAT+LSTM_no_adapt,3,1534,wed,0.0,0.00014393929450307041,0.0,0.5,,0.0,20
D,GAT+LSTM_no_adapt,3,1535,wed,0.0,0.00019539242202881724,0.0,0.5,,0.0,20
D,GAT+LSTM_no_adapt,3,1536,wed,0.0,0.00014209475193638355,0.0,0.5,,0.0,20
D,GAT+LSTM_no_adapt,3,1537,wed,0.0,0.0001621943520149216,0.0,0.5,,0.0,20
D,GAT+LSTM_no_adapt,3,1538,wed,0.0,0.0002084499574266374,0.0,0.5,,0.0,20
D,GAT+LSTM_no_adapt,3,1539,wed,0.0,0.0001801647013053298,0.0,0.5,,0.0,20
D,GAT+LSTM_no_adapt,3,1540,wed,0.0,0.00017322821076959372,0.0,0.5,,0.0,20
D,GAT+LSTM_no_adapt,3,1541,wed,0.0,0.00013875277363695204,0.0,0.5,,0.0,20
D,GAT+LSTM_no_adapt,3,1542,wed,0.0,0.00015512564277742058,0.0,0.5,,0.0,20
D,GAT+LSTM_no_adapt,3,1543,wed,0.0,0.00015407486353069544,0.0,0.5,,0.0,20
D,GAT+LSTM_no_adapt,3,1544,wed,0.0,0.00015419213741552085,0.0,0.5,,0.0,20
D,GAT+LSTM_no_adapt,3,1545,wed,0.0,0.00015637328033335507,0.0,0.5,,0.0,20
D,GAT+LSTM_no_adapt,3,1546,wed,0.0,0.0001865378289949149,0.0,0.5,,0.0,20
D,GAT+LSTM_no_adapt,3,1547,wed,0.0,0.00013559033686760813,0.0,0.5,,0.0,20
D,GAT+LSTM_no_adapt,3,1548,wed,0.0,0.0002228746743639931,0.0,0.5,,0.0,20
D,GAT+LSTM_no_adapt,3,1549,wed,0.0,0.00013813575787935406,0.0,0.5,,0.0,20
D,GAT+LSTM_no_adapt,3,1550,wed,0.0,0.0001394855644321069,0.0,0.5,,0.0,20
D,GAT+LSTM_no_adapt,3,1551,wed,0.0,0.00013851429685018957,0.0,0.5,,0.0,20
D,GAT+LSTM_no_adapt,3,1552,wed,0.0,0.00014219044533092529,0.0,0.5,,0.0,20
D,GAT+LSTM_no_adapt,3,1553,wed,0.0,0.00014466236461885273,0.0,0.5,,0.0,20
D,GAT+LSTM_no_adapt,3,1554,wed,0.0,0.0001523733517387882,0.0,0.5,,0.0,20
D,GAT+LSTM_no_adapt,3,1555,wed,0.0,0.00014072505291551352,0.0,0.5,,0.0,20
D,GAT+LSTM_no_adapt,3,1556,wed,0.0,0.00013905132072977722,0.0,0.5,,0.0,20
D,GAT+LSTM_no_adapt,3,1557,wed,0.0,0.0001525374682387337,0.0,0.5,,0.0,20
D,GAT+LSTM_no_adapt,3,1558,wed,0.0,0.00015210406854748726,0.0,0.5,,0.0,20
D,GAT+LSTM_no_adapt,3,1559,wed,0.0,0.00014570313214790076,0.0,0.5,,0.0,20
D,GAT+LSTM_no_adapt,3,1560,wed,0.0,0.0001369686797261238,0.0,0.5,,0.0,20
D,GAT+LSTM_no_adapt,3,1561,wed,0.0,0.0001404258655384183,0.0,0.5,,0.0,20
D,GAT+LSTM_no_adapt,3,1562,wed,0.0,0.0001532614987809211,0.0,0.5,,0.0,20
D,GAT+LSTM_no_adapt,3,1563,wed,0.0,0.00013913090515416116,0.0,0.5,,0.0,20
D,GAT+LSTM_no_adapt,3,1564,wed,0.0,0.00014822649245616049,0.0,0.5,,0.0,20
D,GAT+LSTM_no_adapt,3,1565,wed,0.0,0.00015430775238201022,0.0,0.5,,0.0,20
D,GAT+LSTM_no_adapt,3,1566,wed,0.0,0.0001508402929175645,0.0,0.5,,0.0,20
D,GAT+LSTM_no_adapt,3,1567,wed,0.0,0.0001574400084791705,0.0,0.5,,0.0,20
D,GAT+LSTM_no_adapt,3,1568,wed,0.0,0.00014538393588736653,0.0,0.5,,0.0,20
D,GAT+LSTM_no_adapt,3,1569,wed,0.0,0.00015231917495839298,0.0,0.5,,0.0,20
D,GAT+LSTM_no_adapt,3,1570,wed,1.0,0.0001339103328064084,0.0,0.025,0.0,0.0,20
D,GAT+LSTM_no_adapt,3,1571,wed,0.0,0.00015134540444705635,0.0,0.025,0.0,0.0,20
D,GAT+LSTM_no_adapt,3,1572,wed,0.0,0.00023139500990509987,0.0,0.025,0.0,0.0,20
D,GAT+LSTM_no_adapt,3,1573,wed,0.0,0.06633598357439041,0.0,0.025,0.0,0.0,20
D,GAT+LSTM_no_adapt,3,1574,wed,0.0,0.0008208397193811834,0.0,0.025,0.0,0.0,20
D,GAT+LSTM_no_adapt,3,1575,wed,0.0,0.00041590709588490427,0.0,0.025,0.0,0.0,20
D,GAT+LSTM_no_adapt,3,1576,wed,0.0,0.0003227443667128682,0.0,0.025,0.0,0.0,20
D,GAT+LSTM_no_adapt,3,1577,wed,0.0,0.0008574200910516083,0.0,0.025,0.0,0.0,20
D,GAT+LSTM_no_adapt,3,1578,wed,0.0,0.0012747845612466335,0.0,0.025,0.0,0.0,20
D,GAT+LSTM_no_adapt,3,1579,wed,0.0,0.0017425946425646544,0.0,0.025,0.0,0.0,20
D,GAT+LSTM_no_adapt,3,1580,wed,0.0,0.00017502614355180413,0.0,0.025,0.0,0.0,20
D,GAT+LSTM_no_adapt,3,1581,wed,0.0,0.00019049140973947942,0.0,0.025,0.0,0.0,20
D,GAT+LSTM_no_adapt,3,1582,wed,0.0,0.00022270239423960447,0.0,0.025,0.0,0.0,20
D,GAT+LSTM_no_adapt,3,1583,wed,0.0,0.0003170057898387313,0.0,0.025,0.0,0.0,20
D,GAT+LSTM_no_adapt,3,1584,wed,0.0,0.0005420265952125192,0.0,0.025,0.0,0.0,20
D,GAT+LSTM_no_adapt,3,1585,wed,0.0,0.0008712834096513689,0.0,0.025,0.0,0.0,20
D,GAT+LSTM_no_adapt,3,1586,wed,0.0,0.000817407330032438,0.0,0.025,0.0,0.0,20
D,GAT+LSTM_no_adapt,3,1587,wed,0.0,0.00038472702726721764,0.0,0.025,0.0,0.0,20
D,GAT+LSTM_no_adapt,3,1588,wed,0.0,0.0007320906152017415,0.0,0.025,0.0,0.0,20
D,GAT+LSTM_no_adapt,3,1589,wed,0.0,0.0003572545538190752,0.0,0.025,0.0,0.0,20
D,GAT+LSTM_no_adapt,3,1590,wed,0.0,0.00022242145496420562,0.0,0.5,,0.0,20
D,GAT+LSTM_no_adapt,3,1591,wed,0.0,0.0001836015289882198,0.0,0.5,,0.0,20
D,GAT+LSTM_no_adapt,3,1592,wed,0.0,0.00021318451035767794,0.0,0.5,,0.0,20
D,GAT+LSTM_no_adapt,3,1593,wed,0.0,0.00020560277334880084,0.0,0.5,,0.0,20
D,GAT+LSTM_no_adapt,3,1594,wed,0.0,0.00019502575742080808,0.0,0.5,,0.0,20
D,GAT+LSTM_no_adapt,3,1595,wed,0.0,0.000204271127586253,0.0,0.5,,0.0,20
D,GAT+LSTM_no_adapt,3,1596,wed,0.0,0.0001805722713470459,0.0,0.5,,0.0,20
D,GAT+LSTM_no_adapt,3,1597,wed,0.0,0.00014649929653387517,0.0,0.5,,0.0,20
D,GAT+LSTM_no_adapt,3,1598,wed,0.0,0.00014097298844717443,0.0,0.5,,0.0,20
D,GAT+LSTM_no_adapt,3,1599,wed,0.0,0.00017968878091778606,0.0,0.5,,0.0,20
D,GAT+LSTM_no_adapt,3,1600,wed,0.0,0.00022428161173593253,0.0,0.5,,0.0,20
D,GAT+LSTM_no_adapt,3,1601,wed,0.0,0.0001621790579520166,0.0,0.5,,0.0,20
D,GAT+LSTM_no_adapt,3,1602,wed,0.0,0.00020162858709227294,0.0,0.5,,0.0,20
D,GAT+LSTM_no_adapt,3,1603,wed,0.0,0.00019104289822280407,0.0,0.5,,0.0,20
D,GAT+LSTM_no_adapt,3,1604,wed,0.0,0.0001448786788387224,0.0,0.5,,0.0,20
D,GAT+LSTM_no_adapt,3,1605,wed,0.0,0.001562857418321073,0.0,0.5,,0.0,20
D,GAT+LSTM_no_adapt,3,1606,wed,0.0,0.00019235859508626163,0.0,0.5,,0.0,20
D,GAT+LSTM_no_adapt,3,1607,wed,0.0,0.00027993592084385455,0.0,0.5,,0.0,20
D,GAT+LSTM_no_adapt,3,1608,wed,0.0,0.00038353557465597987,0.0,0.5,,0.0,20
D,GAT+LSTM_no_adapt,3,1609,wed,0.0,0.00021990746608935297,0.0,0.5,,0.0,20
D,GAT+LSTM_no_adapt,3,1610,wed,0.0,0.0001742357126204297,0.0,0.5,,0.0,20
D,GAT+LSTM_no_adapt,3,1611,wed,0.0,0.0001636373344808817,0.0,0.5,,0.0,20
D,GAT+LSTM_no_adapt,3,1612,wed,0.0,0.0021592990960925817,0.0,0.5,,0.0,20
D,GAT+LSTM_no_adapt,3,1613,wed,0.0,0.00025094335433095694,0.0,0.5,,0.0,20
D,GAT+LSTM_no_adapt,3,1614,wed,0.0,0.00017140638374257833,0.0,0.5,,0.0,20
D,GAT+LSTM_no_adapt,3,1615,wed,0.0,0.0001658614055486396,0.0,0.5,,0.0,20
D,GAT+LSTM_no_adapt,3,1616,wed,0.0,0.00017627842316869646,0.0,0.5,,0.0,20
D,GAT+LSTM_no_adapt,3,1617,wed,0.0,0.00018658833869267255,0.0,0.5,,0.0,20
D,GAT+LSTM_no_adapt,3,1618,wed,0.0,0.000626268214546144,0.0,0.5,,0.0,20
D,GAT+LSTM_no_adapt,3,1619,wed,0.0,0.00026631710352376103,0.0,0.5,,0.0,20
D,GAT+LSTM_no_adapt,3,1620,wed,0.0,0.0001662851427681744,0.0,0.5,,0.0,20
D,GAT+LSTM_no_adapt,3,1621,wed,0.0,0.00015281364903785288,0.0,0.5,,0.0,20
D,GAT+LSTM_no_adapt,3,1622,wed,0.0,0.00015317281940951943,0.0,0.5,,0.0,20
D,GAT+LSTM_no_adapt,3,1623,wed,0.0,0.0001479270140407607,0.0,0.5,,0.0,20
D,GAT+LSTM_no_adapt,3,1624,wed,0.0,0.00014712968550156802,0.0,0.5,,0.0,20
D,GAT+LSTM_no_adapt,3,1625,wed,0.0,0.00016632764891255647,0.0,0.5,,0.0,20
D,GAT+LSTM_no_adapt,3,1626,wed,0.0,0.0001501973019912839,0.0,0.5,,0.0,20
D,GAT+LSTM_no_adapt,3,1627,wed,0.0,0.0001484601671108976,0.0,0.5,,0.0,20
D,GAT+LSTM_no_adapt,3,1628,wed,0.0,0.00013991315790917724,0.0,0.5,,0.0,20
D,GAT+LSTM_no_adapt,3,1629,wed,0.0,0.0001376488507958129,0.0,0.5,,0.0,20
D,GAT+LSTM_no_adapt,3,1630,wed,0.0,0.000140191477839835,0.0,0.5,,0.0,20
D,GAT+LSTM_no_adapt,3,1631,wed,0.0,0.00014891002501826733,0.0,0.5,,0.0,20
D,GAT+LSTM_no_adapt,3,1632,wed,0.0,0.0002591745287645608,0.0,0.5,,0.0,20
D,GAT+LSTM_no_adapt,3,1633,wed,0.0,0.00015701139636803418,0.0,0.5,,0.0,20
D,GAT+LSTM_no_adapt,3,1634,wed,0.0,0.00014069526514504105,0.0,0.5,,0.0,20
D,GAT+LSTM_no_adapt,3,1635,wed,0.0,0.00015011253708507866,0.0,0.5,,0.0,20
D,GAT+LSTM_no_adapt,3,1636,wed,0.0,0.00015697353228460997,0.0,0.5,,0.0,20
D,GAT+LSTM_no_adapt,3,1637,wed,0.0,0.0001546586281619966,0.0,0.5,,0.0,20
D,GAT+LSTM_no_adapt,3,1638,wed,0.0,0.0009290449670515954,0.0,0.5,,0.0,20
D,GAT+LSTM_no_adapt,3,1639,wed,0.0,0.00023247614444699138,0.0,0.5,,0.0,20
D,GAT+LSTM_no_adapt,3,1640,wed,0.0,0.0001476623583585024,0.0,0.5,,0.0,20
D,GAT+LSTM_no_adapt,3,1641,wed,0.0,0.0001425769878551364,0.0,0.5,,0.0,20
D,GAT+LSTM_no_adapt,3,1642,wed,0.0,0.00017437266069464386,0.0,0.5,,0.0,20
D,GAT+LSTM_no_adapt,3,1643,wed,0.0,0.0001490232243668288,0.0,0.5,,0.0,20
D,GAT+LSTM_no_adapt,3,1644,wed,0.0,0.00017412376473657787,0.0,0.5,,0.0,20
D,GAT+LSTM_no_adapt,3,1645,wed,0.0,0.00013618312368635088,0.0,0.5,,0.0,20
D,GAT+LSTM_no_adapt,3,1646,wed,0.0,0.00015858796541579068,0.0,0.5,,0.0,20
D,GAT+LSTM_no_adapt,3,1647,wed,0.0,0.0001361415779683739,0.0,0.5,,0.0,20
D,GAT+LSTM_no_adapt,3,1648,wed,0.0,0.00014922487025614828,0.0,0.5,,0.0,20
D,GAT+LSTM_no_adapt,3,1649,wed,0.0,0.0001596456131665036,0.0,0.5,,0.0,20
D,GAT+LSTM_no_adapt,3,1650,wed,0.0,0.00015102652832865715,0.0,0.5,,0.0,20
D,GAT+LSTM_no_adapt,3,1651,wed,0.0,0.00016312510706484318,0.0,0.5,,0.0,20
D,GAT+LSTM_no_adapt,3,1652,wed,0.0,0.00014208581706043333,0.0,0.5,,0.0,20
D,GAT+LSTM_no_adapt,3,1653,wed,0.0,0.0001739110448397696,0.0,0.5,,0.0,20
D,GAT+LSTM_no_adapt,3,1654,wed,0.0,0.00013500370550900698,0.0,0.5,,0.0,20
D,GAT+LSTM_no_adapt,3,1655,wed,0.0,0.0002216090215370059,0.0,0.5,,0.0,20
D,GAT+LSTM_no_adapt,3,1656,wed,0.0,0.00014313124120235443,0.0,0.5,,0.0,20
D,GAT+LSTM_no_adapt,3,1657,wed,0.0,0.0002133490052074194,0.0,0.5,,0.0,20
D,GAT+LSTM_no_adapt,3,1658,wed,0.0,0.00019197272195015103,0.0,0.5,,0.0,20
D,GAT+LSTM_no_adapt,3,1659,wed,0.0,0.00018704043759498745,0.0,0.5,,0.0,20
D,GAT+LSTM_no_adapt,3,1660,wed,0.0,0.00018167358939535916,0.0,0.5,,0.0,20
D,GAT+LSTM_no_adapt,3,1661,wed,0.0,0.0001481954095652327,0.0,0.5,,0.0,20
D,GAT+LSTM_no_adapt,3,1662,wed,0.0,0.00015331542817875743,0.0,0.5,,0.0,20
D,GAT+LSTM_no_adapt,3,1663,wed,0.0,0.00015389440522994846,0.0,0.5,,0.0,20
D,GAT+LSTM_no_adapt,3,1664,wed,0.0,0.00013627651787828654,0.0,0.5,,0.0,20
D,GAT+LSTM_no_adapt,3,1665,wed,0.0,0.0001407964591635391,0.0,0.5,,0.0,20
D,GAT+LSTM_no_adapt,3,1666,wed,0.0,0.00016901674098335207,0.0,0.5,,0.0,20
D,GAT+LSTM_no_adapt,3,1667,wed,0.0,0.00013840208703186363,0.0,0.5,,0.0,20
D,GAT+LSTM_no_adapt,3,1668,wed,1.0,0.00017736692097969353,0.0,0.08333333333333333,0.736842105263158,0.0,20
D,GAT+LSTM_no_adapt,3,1669,wed,1.0,0.00013856000441592187,0.0,0.08670343137254902,0.4444444444444444,0.0,20
D,GAT+LSTM_no_adapt,3,1670,wed,1.0,0.00014226978237275034,0.0,0.1146529124470301,0.39215686274509803,0.0,20
D,GAT+LSTM_no_adapt,3,1671,wed,1.0,0.00015919763245619833,0.0,0.16310185933347698,0.4375,0.0,20
D,GAT+LSTM_no_adapt,3,1672,wed,1.0,0.00013930014392826706,0.0,0.18761384040795806,0.3733333333333333,0.0,20
D,GAT+LSTM_no_adapt,3,1673,wed,1.0,0.000142436329042539,0.0,0.2265042555483732,0.36904761904761907,0.0,20
D,GAT+LSTM_no_adapt,3,1674,wed,1.0,0.00013377198774833232,0.0,0.24170289573319206,0.2747252747252747,0.0,20
D,GAT+LSTM_no_adapt,3,1675,wed,1.0,0.0001380999165121466,0.0,0.2799702195164656,0.2708333333333333,0.0,20
D,GAT+LSTM_no_adapt,3,1676,wed,1.0,0.00014762618229724467,0.0,0.3206123437870084,0.2727272727272727,0.0,20
D,GAT+LSTM_no_adapt,3,1677,wed,1.0,0.00016602562391199172,0.0,0.3836779912553906,0.33,0.0,20
D,GAT+LSTM_no_adapt,3,1678,wed,1.0,0.00018334927153773606,0.0,0.4746710967598246,0.4141414141414142,0.0,20
D,GAT+LSTM_no_adapt,3,1679,wed,1.0,0.00015958413132466376,0.0,0.6275820180135195,0.4895833333333333,0.0,20
D,GAT+LSTM_no_adapt,3,1680,wed,1.0,0.00015265941328834742,0.0,0.7326549953380745,0.5494505494505495,0.0,20
D,GAT+LSTM_no_adapt,3,1681,wed,1.0,0.00018111459212377667,0.0,0.8002685677387136,0.5952380952380952,0.0,20
D,GAT+LSTM_no_adapt,3,1682,wed,1.0,0.00015637968317605555,0.0,0.8453484786340824,0.6399999999999999,0.0,20
D,GAT+LSTM_no_adapt,3,1683,wed,1.0,0.0001677480322541669,0.0,0.8857854641595934,0.6875,0.0,20
D,GAT+LSTM_no_adapt,3,1684,wed,1.0,0.00019251748744864017,0.0,0.9059274721312601,0.6274509803921569,0.0,20
D,GAT+LSTM_no_adapt,3,1685,wed,1.0,0.00018005854508373886,0.0,0.9303170664045278,0.5833333333333333,0.0,20
D,GAT+LSTM_no_adapt,3,1686,wed,1.0,0.0002035047800745815,0.0,0.994452139119729,0.8947368421052632,0.0,20
D,GAT+LSTM_no_adapt,3,1687,wed,1.0,0.00017240528541151434,0.0,1.0000000000000002,,0.0,20
D,GAT+LSTM_no_adapt,3,1688,wed,1.0,0.00017439179646316916,0.0,1.0000000000000002,,0.0,20
D,GAT+LSTM_no_adapt,3,1689,wed,1.0,0.0001904115197248757,0.0,1.0000000000000002,,0.0,20
D,GAT+LSTM_no_adapt,3,1690,wed,1.0,0.00017085291619878262,0.0,1.0000000000000002,,0.0,20
D,GAT+LSTM_no_adapt,3,1691,wed,1.0,0.0001797215227270499,0.0,1.0000000000000002,,0.0,20
D,GAT+LSTM_no_adapt,3,1692,wed,1.0,0.00019646175496745855,0.0,1.0000000000000002,,0.0,20
D,GAT+LSTM_no_adapt,3,1693,wed,1.0,0.0002088159671984613,0.0,1.0000000000000002,,0.0,20
D,GAT+LSTM_no_adapt,3,1694,wed,1.0,0.0001915686298161745,0.0,1.0000000000000002,,0.0,20
D,GAT+LSTM_no_adapt,3,1695,wed,1.0,0.00018308825383428484,0.0,1.0000000000000002,,0.0,20
D,GAT+LSTM_no_adapt,3,1696,wed,1.0,0.00016888802929315716,0.0,1.0000000000000002,,0.0,20
D,GAT+LSTM_no_adapt,3,1697,wed,1.0,0.00015255463949870318,0.0,1.0000000000000002,,0.0,20
D,GAT+LSTM_no_adapt,3,1698,wed,1.0,0.00014556647511199117,0.0,1.0000000000000002,,0.0,20
D,GAT+LSTM_no_adapt,3,1699,wed,1.0,0.0001466166868340224,0.0,1.0000000000000002,,0.0,20
D,GAT+LSTM_no_adapt,3,1700,wed,1.0,0.00015388002793770283,0.0,1.0000000000000002,,0.0,20
D,GAT+LSTM_no_adapt,3,1701,wed,1.0,0.00016055439482443035,0.0,1.0000000000000002,,0.0,20
D,GAT+LSTM_no_adapt,3,1702,wed,1.0,0.0002258450840599835,0.0,1.0000000000000002,,0.0,20
D,GAT+LSTM_no_adapt,3,1703,wed,1.0,0.000188598467502743,0.0,1.0000000000000002,,0.0,20
D,GAT+LSTM_no_adapt,3,1704,wed,1.0,0.00019987601262982935,0.0,1.0000000000000002,,0.0,20
D,GAT+LSTM_no_adapt,3,1705,wed,1.0,0.00023364054504781961,0.0,1.0000000000000002,,0.0,20
D,GAT+LSTM_no_adapt,3,1706,wed,1.0,0.00021309916337486356,0.0,1.0000000000000002,,0.0,20
D,GAT+LSTM_no_adapt,3,1707,wed,1.0,0.00017912237672135234,0.0,1.0000000000000002,,0.0,20
D,GAT+LSTM_no_adapt,3,1708,wed,1.0,0.00018371817714069039,0.0,1.0000000000000002,,0.0,20
D,GAT+LSTM_no_adapt,3,1709,wed,1.0,0.0001765748456818983,0.0,1.0000000000000002,,0.0,20
D,GAT+LSTM_no_adapt,3,1710,wed,1.0,0.00016602562391199172,0.0,1.0000000000000002,,0.0,20
D,GAT+LSTM_no_adapt,3,1711,wed,1.0,0.0001482891384512186,0.0,1.0000000000000002,,0.0,20
D,GAT+LSTM_no_adapt,3,1712,wed,1.0,0.00016767480701673776,0.0,1.0000000000000002,,0.0,20
D,GAT+LSTM_no_adapt,3,1713,wed,1.0,0.00015772190818097442,0.0,1.0000000000000002,,0.0,20
D,GAT+LSTM_no_adapt,3,1714,wed,1.0,0.00017299051978625357,0.0,1.0000000000000002,,0.0,20
D,GAT+LSTM_no_adapt,3,1715,wed,1.0,0.00018777666264213622,0.0,1.0000000000000002,,0.0,20
D,GAT+LSTM_no_adapt,3,1716,wed,1.0,0.00022654062195215374,0.0,1.0000000000000002,,0.0,20
D,GAT+LSTM_no_adapt,3,1717,wed,1.0,0.0002022319968091324,0.0,1.0000000000000002,,0.0,20
D,GAT+LSTM_no_adapt,3,1718,wed,1.0,0.0001627522287890315,0.0,1.0000000000000002,,0.0,20
D,GAT+LSTM_no_adapt,3,1719,wed,1.0,0.00016036268789321184,0.0,1.0000000000000002,,0.0,20
D,GAT+LSTM_no_adapt,3,1720,wed,1.0,0.00015211336722131819,0.0,1.0000000000000002,,0.0,20
D,GAT+LSTM_no_adapt,3,1721,wed,1.0,0.00014898502558935434,0.0,1.0000000000000002,,0.0,20
D,GAT+LSTM_no_adapt,3,1722,wed,1.0,0.0001677286927588284,0.0,1.0000000000000002,,0.0,20
D,GAT+LSTM_no_adapt,3,1723,wed,1.0,0.00019026087829843163,0.0,1.0000000000000002,,0.0,20
D,GAT+LSTM_no_adapt,3,1724,wed,1.0,0.00018720314255915582,0.0,1.0000000000000002,,0.0,20
D,GAT+LSTM_no_adapt,3,1725,wed,1.0,0.00018933646788354963,0.0,1.0000000000000002,,0.0,20
D,GAT+LSTM_no_adapt,3,1726,wed,1.0,0.00023128670000005513,0.0,1.0000000000000002,,0.0,20
D,GAT+LSTM_no_adapt,3,1727,wed,1.0,0.0002609710209071636,0.0,1.0000000000000002,,0.0,20
D,GAT+LSTM_no_adapt,3,1728,wed,1.0,0.0002240785543108359,0.0,1.0000000000000002,,0.0,20
D,GAT+LSTM_no_adapt,3,1729,wed,1.0,0.00023114231589715928,0.0,1.0000000000000002,,0.0,20
D,GAT+LSTM_no_adapt,3,1730,wed,1.0,0.0001907411206047982,0.0,1.0000000000000002,,0.0,20
D,GAT+LSTM_no_adapt,3,1731,wed,1.0,0.00016848639643285424,0.0,1.0000000000000002,,0.0,20
D,GAT+LSTM_no_adapt,3,1732,wed,1.0,0.00016477153985761106,0.0,1.0000000000000002,,0.0,20
D,GAT+LSTM_no_adapt,3,1733,wed,1.0,0.0001587515143910423,0.0,1.0000000000000002,,0.0,20
D,GAT+LSTM_no_adapt,3,1734,wed,1.0,0.00017970935732591897,0.0,1.0000000000000002,,0.0,20
D,GAT+LSTM_no_adapt,3,1735,wed,1.0,0.00014467575238086283,0.0,1.0000000000000002,,0.0,20
D,GAT+LSTM_no_adapt,3,1736,wed,1.0,0.0001422117347829044,0.0,1.0000000000000002,,0.0,20
D,GAT+LSTM_no_adapt,3,1737,wed,1.0,0.00015409867046400905,0.0,1.0000000000000002,,0.0,20
D,GAT+LSTM_no_adapt,3,1738,wed,1.0,0.00013483954535331577,0.0,1.0000000000000002,,0.0,20
D,GAT+LSTM_no_adapt,3,1739,wed,1.0,0.0001369966339552775,0.0,1.0000000000000002,,0.0,20
D,GAT+LSTM_no_adapt,3,1740,wed,1.0,0.00014187325723469257,0.0,1.0000000000000002,,0.0,20
D,GAT+LSTM_no_adapt,3,1741,wed,1.0,0.00014534650836139917,0.0,1.0000000000000002,,0.0,20
D,GAT+LSTM_no_adapt,3,1742,wed,1.0,0.0001588208688190207,0.0,1.0000000000000002,,0.0,20
D,GAT+LSTM_no_adapt,3,1743,wed,1.0,0.00016939589113462716,0.0,1.0000000000000002,,0.0,20
D,GAT+LSTM_no_adapt,3,1744,wed,1.0,0.00017605283937882632,0.0,1.0000000000000002,,0.0,20
D,GAT+LSTM_no_adapt,3,1745,wed,1.0,0.00017171523359138519,0.0,1.0000000000000002,,0.0,20
D,GAT+LSTM_no_adapt,3,1746,wed,1.0,0.00014920409012120217,0.0,1.0000000000000002,,0.0,20
D,GAT+LSTM_no_adapt,3,1747,wed,1.0,0.00015030690701678395,0.0,1.0000000000000002,,0.0,20
D,GAT+LSTM_no_adapt,3,1748,wed,1.0,0.00014862901298329234,0.0,1.0000000000000002,,0.0,20
D,GAT+LSTM_no_adapt,3,1749,wed,1.0,0.00015284803521353751,0.0,1.0000000000000002,,0.0,20
D,GAT+LSTM_no_adapt,3,1750,wed,1.0,0.0001612135674804449,0.0,1.0000000000000002,,0.0,20
D,GAT+LSTM_no_adapt,3,1751,wed,1.0,0.00015271954180207103,0.0,1.0000000000000002,,0.0,20
D,GAT+LSTM_no_adapt,3,1752,wed,1.0,0.0001416885934304446,0.0,1.0000000000000002,,0.0,20
D,GAT+LSTM_no_adapt,3,1753,wed,1.0,0.00013829969975631684,0.0,1.0000000000000002,,0.0,20
D,GAT+LSTM_no_adapt,3,1754,wed,1.0,0.00013863744970876724,0.0,1.0000000000000002,,0.0,20
D,GAT+LSTM_no_adapt,3,1755,wed,1.0,0.0001410394033882767,0.0,1.0000000000000002,,0.0,20
D,GAT+LSTM_no_adapt,3,1756,wed,1.0,0.00015110374079085886,0.0,1.0000000000000002,,0.0,20
D,GAT+LSTM_no_adapt,3,1757,wed,1.0,0.00018676136096473783,0.0,1.0000000000000002,,0.0,20
D,GAT+LSTM_no_adapt,3,1758,wed,1.0,0.00016558991046622396,0.0,1.0000000000000002,,0.0,20
D,GAT+LSTM_no_adapt,3,1759,wed,1.0,0.0001396389998262748,0.0,1.0000000000000002,,0.0,20
D,GAT+LSTM_no_adapt,3,1760,wed,1.0,0.00013517374463845044,0.0,1.0000000000000002,,0.0,20
D,GAT+LSTM_no_adapt,3,1761,wed,1.0,0.00013256135571282357,0.0,1.0000000000000002,,0.0,20
D,GAT+LSTM_no_adapt,3,1762,wed,1.0,0.00016975711332634091,0.0,1.0000000000000002,,0.0,20
D,GAT+LSTM_no_adapt,3,1763,wed,1.0,0.00017159493290819228,0.0,1.0000000000000002,,0.0,20
D,GAT+LSTM_no_adapt,3,1764,wed,1.0,0.00014888659643474966,0.0,1.0000000000000002,,0.0,20
D,GAT+LSTM_no_adapt,3,1765,wed,1.0,0.0001522020174888894,0.0,1.0000000000000002,,0.0,20
D,GAT+LSTM_no_adapt,3,1766,wed,1.0,0.0001662661088630557,0.0,1.0000000000000002,,0.0,20
D,GAT+LSTM_no_adapt,3,1767,wed,1.0,0.00018698014901019633,0.0,1.0000000000000002,,0.0,20
D,GAT+LSTM_no_adapt,3,1768,wed,1.0,0.00023976525699254125,0.0,1.0000000000000002,,0.0,20
D,GAT+LSTM_no_adapt,3,1769,wed,1.0,0.0002011424076044932,0.0,1.0000000000000002,,0.0,20
D,GAT+LSTM_no_adapt,3,1770,wed,1.0,0.00017960963305085897,0.0,1.0000000000000002,,0.0,20
D,GAT+LSTM_no_adapt,3,1771,wed,1.0,0.0001570006279507652,0.0,1.0000000000000002,,0.0,20
D,GAT+LSTM_no_adapt,3,1772,wed,1.0,0.0001481131766922772,0.0,1.0000000000000002,,0.0,20
D,GAT+LSTM_no_adapt,3,1773,wed,1.0,0.0001538487704237923,0.0,1.0000000000000002,,0.0,20
D,GAT+LSTM_no_adapt,3,1774,wed,1.0,0.00015527228242717683,0.0,1.0000000000000002,,0.0,20
D,GAT+LSTM_no_adapt,3,1775,wed,1.0,0.00015680791693739593,0.0,1.0000000000000002,,0.0,20
D,GAT+LSTM_no_adapt,3,1776,wed,1.0,0.0001624680298846215,0.0,1.0000000000000002,,0.0,20
D,GAT+LSTM_no_adapt,3,1777,wed,1.0,0.0001583354896865785,0.0,1.0000000000000002,,0.0,20
D,GAT+LSTM_no_adapt,3,1778,wed,1.0,0.00015167986566666514,0.0,1.0000000000000002,,0.0,20
D,GAT+LSTM_no_adapt,3,1779,wed,1.0,0.000142394783324562,0.0,1.0000000000000002,,0.0,20
D,GAT+LSTM_no_adapt,3,1780,wed,1.0,0.00016192719340324402,0.0,1.0000000000000002,,0.0,20
D,GAT+LSTM_no_adapt,3,1781,wed,1.0,0.00014007388381287456,0.0,1.0000000000000002,,0.0,20
D,GAT+LSTM_no_adapt,3,1782,wed,1.0,0.00014234658738132566,0.0,1.0000000000000002,,0.0,20
D,GAT+LSTM_no_adapt,3,1783,wed,1.0,0.00014048078446649015,0.0,1.0000000000000002,,0.0,20
D,GAT+LSTM_no_adapt,3,1784,wed,1.0,0.000152195047121495,0.0,1.0000000000000002,,0.0,20
D,GAT+LSTM_no_adapt,3,1785,wed,1.0,0.000142686054459773,0.0,1.0000000000000002,,0.0,20
D,GAT+LSTM_no_adapt,3,1786,wed,1.0,0.00014348776312544942,0.0,1.0000000000000002,,0.0,20
D,GAT+LSTM_no_adapt,3,1787,wed,1.0,0.00015407470345962793,0.0,1.0000000000000002,,0.0,20
D,GAT+LSTM_no_adapt,3,1788,wed,1.0,0.0001613987551536411,0.0,1.0000000000000002,,0.0,20
D,GAT+LSTM_no_adapt,3,1789,wed,1.0,0.00015525275375694036,0.0,1.0000000000000002,,0.0,20
D,GAT+LSTM_no_adapt,3,1790,wed,1.0,0.00015156927111092955,0.0,1.0000000000000002,,0.0,20
D,GAT+LSTM_no_adapt,3,1791,wed,1.0,0.00013827149814460427,0.0,1.0000000000000002,,0.0,20
D,GAT+LSTM_no_adapt,3,1792,wed,1.0,0.00013595438213087618,0.0,1.0000000000000002,,0.0,20
D,GAT+LSTM_no_adapt,3,1793,wed,1.0,0.0001375457359245047,0.0,1.0000000000000002,,0.0,20
D,GAT+LSTM_no_adapt,3,1794,wed,1.0,0.00016389905067626387,0.0,1.0000000000000002,,0.0,20
D,GAT+LSTM_no_adapt,3,1795,wed,1.0,0.00014620038564316928,0.0,1.0000000000000002,,0.0,20
D,GAT+LSTM_no_adapt,3,1796,wed,1.0,0.00015226485265884548,0.0,1.0000000000000002,,0.0,20
D,GAT+LSTM_no_adapt,3,1797,wed,1.0,0.0001354356500087306,0.0,1.0000000000000002,,0.0,20
D,GAT+LSTM_no_adapt,3,1798,wed,1.0,0.00013833795674145222,0.0,1.0000000000000002,,0.0,20
D,GAT+LSTM_no_adapt,3,1799,wed,1.0,0.00014258282317314297,0.0,1.0000000000000002,,0.0,20
D,GAT+LSTM_no_adapt,3,1800,wed,1.0,0.00015029701171442866,0.0,1.0000000000000002,,0.0,20
D,GAT+LSTM_no_adapt,3,1801,wed,1.0,0.00016325457545462996,0.0,1.0000000000000002,,0.0,20
D,GAT+LSTM_no_adapt,3,1802,wed,1.0,0.00016096365288831294,0.0,1.0000000000000002,,0.0,20
D,GAT+LSTM_no_adapt,3,1803,wed,1.0,0.00014509599714074284,0.0,1.0000000000000002,,0.0,20
D,GAT+LSTM_no_adapt,3,1804,wed,1.0,0.00015199388144537807,0.0,1.0000000000000002,,0.0,20
D,GAT+LSTM_no_adapt,3,1805,wed,1.0,0.00014553303481079638,0.0,1.0000000000000002,,0.0,20
D,GAT+LSTM_no_adapt,3,1806,wed,1.0,0.00015200432972051203,0.0,1.0000000000000002,,0.0,20
D,GAT+LSTM_no_adapt,3,1807,wed,1.0,0.00018001667922362685,0.0,1.0000000000000002,,0.0,20
D,GAT+LSTM_no_adapt,3,1808,wed,1.0,0.0001969956065295264,0.0,1.0000000000000002,,0.0,20
D,GAT+LSTM_no_adapt,3,1809,wed,1.0,0.00017526613373775035,0.0,1.0000000000000002,,0.0,20
D,GAT+LSTM_no_adapt,3,1810,wed,1.0,0.000185738448635675,0.0,1.0000000000000002,,0.0,20
D,GAT+LSTM_no_adapt,3,1811,wed,1.0,0.0001689448836259544,0.0,1.0000000000000002,,0.0,20
D,GAT+LSTM_no_adapt,3,1812,wed,1.0,0.00016641870024614036,0.0,1.0000000000000002,,0.0,20
D,GAT+LSTM_no_adapt,3,1813,wed,1.0,0.00018171533884014934,0.0,1.0000000000000002,,0.0,20
D,GAT+LSTM_no_adapt,3,1814,wed,1.0,0.00020338121976237744,0.0,1.0000000000000002,,0.0,20
D,GAT+LSTM_no_adapt,3,1815,wed,1.0,0.0002018147788476199,0.0,1.0000000000000002,,0.0,20
D,GAT+LSTM_no_adapt,3,1816,wed,1.0,0.00018938269931823015,0.0,1.0000000000000002,,0.0,20
D,GAT+LSTM_no_adapt,3,1817,wed,1.0,0.00023799286282155663,0.0,1.0000000000000002,,0.0,20
D,GAT+LSTM_no_adapt,3,1818,wed,1.0,0.0002292366261826828,0.0,1.0000000000000002,,0.0,20
D,GAT+LSTM_no_adapt,3,1819,wed,1.0,0.00023039795632939786,0.0,1.0000000000000002,,0.0,20
D,GAT+LSTM_no_adapt,3,1820,wed,1.0,0.00020557237439788878,0.0,1.0000000000000002,,0.0,20
D,GAT+LSTM_no_adapt,3,1821,wed,1.0,0.00019973237067461014,0.0,1.0000000000000002,,0.0,20
D,GAT+LSTM_no_adapt,3,1822,wed,1.0,0.00019343620806466788,0.0,1.0000000000000002,,0.0,20
D,GAT+LSTM_no_adapt,3,1823,wed,1.0,0.00018204172374680638,0.0,1.0000000000000002,,0.0,20
D,GAT+LSTM_no_adapt,3,1824,wed,1.0,0.0002031387557508424,0.0,1.0000000000000002,,0.0,20
D,GAT+LSTM_no_adapt,3,1825,wed,1.0,0.00020228212815709412,0.0,1.0000000000000002,,0.0,20
D,GAT+LSTM_no_adapt,3,1826,wed,1.0,0.00030726901604793966,0.0,1.0000000000000002,,0.0,20
D,GAT+LSTM_no_adapt,3,1827,wed,1.0,0.00021859965636394918,0.0,1.0000000000000002,,0.0,20
D,GAT+LSTM_no_adapt,3,1828,wed,1.0,0.0001893043372547254,0.0,1.0000000000000002,,0.0,20
D,GAT+LSTM_no_adapt,3,1829,wed,1.0,0.00016827284707687795,0.0,1.0000000000000002,,0.0,20
D,GAT+LSTM_no_adapt,3,1830,wed,1.0,0.00015598206664435565,0.0,1.0000000000000002,,0.0,20
D,GAT+LSTM_no_adapt,3,1831,wed,1.0,0.00016749919450376183,0.0,1.0000000000000002,,0.0,20
D,GAT+LSTM_no_adapt,3,1832,wed,1.0,0.00014092217315919697,0.0,1.0000000000000002,,0.0,20
D,GAT+LSTM_no_adapt,4,1833,thu_am,0.0,0.0001423365465598181,0.0,0.997299168975069,0.9473684210526315,0.0,20
D,GAT+LSTM_no_adapt,4,1834,thu_am,0.0,0.00016391530516557395,0.0,0.9911210488093873,0.9166666666666666,0.0,20
D,GAT+LSTM_no_adapt,4,1835,thu_am,0.0,0.00016930836136452854,0.0,0.9763554467194515,0.8627450980392157,0.0,20
D,GAT+LSTM_no_adapt,4,1836,thu_am,0.0,0.0001914469903567806,0.0,0.949291055790185,0.796875,0.0,20
D,GAT+LSTM_no_adapt,4,1837,thu_am,0.0,0.0004703523009084165,0.0,0.7600201958057996,0.6266666666666666,0.0,20
D,GAT+LSTM_no_adapt,4,1838,thu_am,0.0,0.0013964775716885924,0.0,0.6508534986807873,0.5119047619047619,0.0,20
D,GAT+LSTM_no_adapt,4,1839,thu_am,0.0,0.00033625002834014595,0.0,0.5633534635365427,0.4285714285714286,0.0,20
D,GAT+LSTM_no_adapt,4,1840,thu_am,0.0,0.0007433145656250417,0.0,0.48904786697936853,0.3645833333333333,0.0,20
D,GAT+LSTM_no_adapt,4,1841,thu_am,0.0,0.00047894922317937016,0.0,0.4239594346845261,0.31313131313131315,0.0,20
D,GAT+LSTM_no_adapt,4,1842,thu_am,0.0,0.0011709131067618728,0.0,0.36585331593071535,0.27,0.0,20
D,GAT+LSTM_no_adapt,4,1843,thu_am,0.0,0.0005497608217410743,0.0,0.316551898059896,0.24242424242424243,0.0,20
D,GAT+LSTM_no_adapt,4,1844,thu_am,0.0,0.000273557030595839,0.0,0.26901017261891874,0.21875,0.0,20
D,GAT+LSTM_no_adapt,4,1845,thu_am,1.0,0.0009265945409424603,0.0,0.2842879503966965,0.28125,0.0,20
D,GAT+LSTM_no_adapt,4,1846,thu_am,0.0,0.0004906494286842644,0.0,0.24042477959163053,0.2527472527472527,0.0,20
D,GAT+LSTM_no_adapt,4,1847,thu_am,1.0,0.0011703070485964417,0.0,0.27981871898557,0.32967032967032966,0.0,20
D,GAT+LSTM_no_adapt,4,1848,thu_am,1.0,0.0003087254299316555,0.0,0.28519667436352536,0.35164835164835156,0.0,20
D,GAT+LSTM_no_adapt,4,1849,thu_am,0.0,0.000595326186157763,0.0,0.26039288655387727,0.3809523809523809,0.0,20
D,GAT+LSTM_no_adapt,4,1850,thu_am,0.0,0.00027882863651029766,0.0,0.2481805281921381,0.45333333333333337,0.0,20
D,GAT+LSTM_no_adapt,4,1851,thu_am,1.0,0.0003395798848941922,0.0,0.2657612562875721,0.52,0.0,20
D,GAT+LSTM_no_adapt,4,1852,thu_am,1.0,0.00015675828035455197,0.0,0.2682466364045311,0.5333333333333334,0.0,20
D,GAT+LSTM_no_adapt,4,1853,thu_am,1.0,0.00014892267063260078,0.0,0.2704686882318461,0.4166666666666667,0.0,20
D,GAT+LSTM_no_adapt,4,1854,thu_am,1.0,0.000147585931699723,0.0,0.2835367762612344,0.34065934065934067,0.0,20
D,GAT+LSTM_no_adapt,4,1855,thu_am,1.0,0.0001388528326060623,0.0,0.30242689457085736,0.28125,0.0,20
D,GAT+LSTM_no_adapt,4,1856,thu_am,1.0,0.00014445367560256273,0.0,0.3258065726460979,0.23232323232323232,0.0,20
D,GAT+LSTM_no_adapt,4,1857,thu_am,1.0,0.00018171605188399553,0.0,0.35785585845183365,0.21000000000000002,0.0,20
D,GAT+LSTM_no_adapt,4,1858,thu_am,1.0,0.00015115302812773734,0.0,0.41611011068863585,0.21212121212121215,0.0,20
D,GAT+LSTM_no_adapt,4,1859,thu_am,1.0,0.00013731718354392797,0.0,0.4501751251557753,0.1875,0.0,20
D,GAT+LSTM_no_adapt,4,1860,thu_am,1.0,0.0015539888991042972,0.0,0.5842493532241091,0.25274725274725274,0.0,20
D,GAT+LSTM_no_adapt,4,1861,thu_am,1.0,0.00017868516442831606,0.0,0.6209877866003474,0.2380952380952381,0.0,20
D,GAT+LSTM_no_adapt,4,1862,thu_am,1.0,0.0001421755296178162,0.0,0.7110047703700955,0.2533333333333333,0.0,20
D,GAT+LSTM_no_adapt,4,1863,thu_am,1.0,0.00015841038839425892,0.0,0.7579063555553494,0.25,0.0,20
D,GAT+LSTM_no_adapt,4,1864,thu_am,1.0,0.0001581874385010451,0.0,0.7983330577029357,0.21568627450980393,0.0,20
D,GAT+LSTM_no_adapt,4,1865,thu_am,1.0,0.00015462603187188506,0.0,0.7664352985992943,0.1568627450980392,0.0,20
D,GAT+LSTM_no_adapt,4,1866,thu_am,1.0,0.00020325811055954546,0.0,0.8372881862432946,0.16666666666666666,0.0,20
D,GAT+LSTM_no_adapt,4,1867,thu_am,1.0,0.00014435852062888443,0.0,0.8062696677247762,0.1111111111111111,0.0,20
D,GAT+LSTM_no_adapt,4,1868,thu_am,1.0,0.0001775516866473481,0.0,0.7974733714284798,0.08333333333333333,0.0,20
D,GAT+LSTM_no_adapt,4,1869,thu_am,1.0,0.00016675704682711512,0.0,0.8996803689222621,0.10526315789473684,0.0,20
D,GAT+LSTM_no_adapt,4,1870,thu_am,1.0,0.0001374990533804521,0.0,1.0000000000000002,,0.0,20
D,GAT+LSTM_no_adapt,4,1871,thu_am,1.0,0.0001635719818295911,0.0,1.0000000000000002,,0.0,20
D,GAT+LSTM_no_adapt,4,1872,thu_am,1.0,0.0003355821536388248,0.0,1.0000000000000002,,0.0,20
D,GAT+LSTM_no_adapt,4,1873,thu_am,1.0,0.00017250559176318347,0.0,1.0000000000000002,,0.0,20
D,GAT+LSTM_no_adapt,4,1874,thu_am,1.0,0.00016909281839616597,0.0,1.0000000000000002,,0.0,20
D,GAT+LSTM_no_adapt,4,1875,thu_am,1.0,0.00017935723008122295,0.0,1.0000000000000002,,0.0,20
D,GAT+LSTM_no_adapt,4,1876,thu_am,1.0,0.0001410895783919841,0.0,1.0000000000000002,,0.0,20
D,GAT+LSTM_no_adapt,4,1877,thu_am,1.0,0.00018949920195154846,0.0,1.0000000000000002,,0.0,20
D,GAT+LSTM_no_adapt,4,1878,thu_am,1.0,0.00026373472064733505,0.0,1.0000000000000002,,0.0,20
D,GAT+LSTM_no_adapt,4,1879,thu_am,1.0,0.00014418903447221965,0.0,1.0000000000000002,,0.0,20
D,GAT+LSTM_no_adapt,4,1880,thu_am,1.0,0.000133813577122055,0.0,1.0000000000000002,,0.0,20
D,GAT+LSTM_no_adapt,4,1881,thu_am,1.0,0.00035596100497059524,0.0,1.0000000000000002,,0.0,20
D,GAT+LSTM_no_adapt,4,1882,thu_am,1.0,0.00020936521468684077,0.0,1.0000000000000002,,0.0,20
D,GAT+LSTM_no_adapt,4,1883,thu_am,1.0,0.00014930259203538299,0.0,1.0000000000000002,,0.0,20
D,GAT+LSTM_no_adapt,4,1884,thu_am,1.0,0.00013468174438457936,0.0,1.0000000000000002,,0.0,20
D,GAT+LSTM_no_adapt,4,1885,thu_am,1.0,0.00026398300542496145,0.0,1.0000000000000002,,0.0,20
D,GAT+LSTM_no_adapt,4,1886,thu_am,1.0,0.00016683147987350821,0.0,1.0000000000000002,,0.0,20
D,GAT+LSTM_no_adapt,4,1887,thu_am,1.0,0.00015585124492645264,0.0,1.0000000000000002,,0.0,20
D,GAT+LSTM_no_adapt,4,1888,thu_am,1.0,0.00026519945822656155,0.0,1.0000000000000002,,0.0,20
D,GAT+LSTM_no_adapt,4,1889,thu_am,1.0,0.0001639357942622155,0.0,1.0000000000000002,,0.0,20
D,GAT+LSTM_no_adapt,4,1890,thu_am,1.0,0.00013670080807060003,0.0,1.0000000000000002,,0.0,20
D,GAT+LSTM_no_adapt,4,1891,thu_am,1.0,0.00016290004714392126,0.0,1.0000000000000002,,0.0,20
D,GAT+LSTM_no_adapt,4,1892,thu_am,1.0,0.00014216358249541372,0.0,1.0000000000000002,,0.0,20
D,GAT+LSTM_no_adapt,4,1893,thu_am,1.0,0.00013757812848780304,0.0,1.0000000000000002,,0.0,20
D,GAT+LSTM_no_adapt,4,1894,thu_am,1.0,0.00016208659508265555,0.0,1.0000000000000002,,0.0,20
D,GAT+LSTM_no_adapt,4,1895,thu_am,0.0,0.0001607840385986492,0.0,0.9685096390673218,0.5263157894736842,0.0,20
D,GAT+LSTM_no_adapt,4,1896,thu_am,0.0,0.0001455985475331545,0.0,0.9510537416755167,0.6111111111111112,0.0,20
D,GAT+LSTM_no_adapt,4,1897,thu_am,0.0,0.0001439585175830871,0.0,0.9297376824899135,0.6274509803921569,0.0,20
D,GAT+LSTM_no_adapt,4,1898,thu_am,0.0,0.00013794437109027058,0.0,0.9086592484957423,0.640625,0.0,20
D,GAT+LSTM_no_adapt,4,1899,thu_am,0.0,0.00013521061919163913,0.0,0.9032290167119887,0.6933333333333334,0.0,20
D,GAT+LSTM_no_adapt,4,1900,thu_am,0.0,0.00014499822282232344,0.0,0.9018320107149718,0.7380952380952381,0.0,20
D,GAT+LSTM_no_adapt,4,1901,thu_am,0.0,0.00014895547064952552,0.0,0.8742178787844421,0.7142857142857143,0.0,20
D,GAT+LSTM_no_adapt,4,1902,thu_am,0.0,0.0007059566560201347,0.0,0.6567981688289352,0.6041666666666666,0.0,20
D,GAT+LSTM_no_adapt,4,1903,thu_am,1.0,0.00016731482173781842,0.0,0.6653133804691468,0.6145833333333334,0.0,20
D,GAT+LSTM_no_adapt,4,1904,thu_am,1.0,0.00015023769810795784,0.0,0.6896784072480667,0.6770833333333334,0.0,20
D,GAT+LSTM_no_adapt,4,1905,thu_am,1.0,0.0001898965856526047,0.0,0.6896784072480667,0.6770833333333334,0.0,20
D,GAT+LSTM_no_adapt,4,1906,thu_am,1.0,0.00015310886374209076,0.0,0.6811631956078551,0.6666666666666667,0.0,20
D,GAT+LSTM_no_adapt,4,1907,thu_am,1.0,0.00015819680993445218,0.0,0.6811631956078551,0.6666666666666667,0.0,20
D,GAT+LSTM_no_adapt,4,1908,thu_am,1.0,0.0009280598605982959,0.0,0.7436631956078551,0.6770833333333334,0.0,20
D,GAT+LSTM_no_adapt,4,1909,thu_am,1.0,0.0001938882633112371,0.0,0.7436631956078551,0.6770833333333334,0.0,20
D,GAT+LSTM_no_adapt,4,1910,thu_am,1.0,0.00016456004232168198,0.0,0.7729795559903919,0.7395833333333334,0.0,20
D,GAT+LSTM_no_adapt,4,1911,thu_am,1.0,0.00014027678116690367,0.0,0.7466928797037157,0.6875,0.0,20
D,GAT+LSTM_no_adapt,4,1912,thu_am,1.0,0.00013619715173263103,0.0,0.7436631956078551,0.6770833333333334,0.0,20
D,GAT+LSTM_no_adapt,4,1913,thu_am,1.0,0.0001787942455848679,0.0,0.7729795559903919,0.7395833333333334,0.0,20
D,GAT+LSTM_no_adapt,4,1914,thu_am,1.0,0.00014996090612839907,0.0,0.7644643443501803,0.7291666666666666,0.0,20
D,GAT+LSTM_no_adapt,4,1915,thu_am,1.0,0.00014025418204255402,0.0,0.7942146389901807,0.7252747252747254,0.0,20
D,GAT+LSTM_no_adapt,4,1916,thu_am,1.0,0.00031731478520669043,0.0,0.815500554288701,0.7261904761904763,0.0,20
D,GAT+LSTM_no_adapt,4,1917,thu_am,0.0,0.00021199911134317517,0.0,0.7460862384458138,0.6190476190476191,0.0,20
D,GAT+LSTM_no_adapt,4,1918,thu_am,0.0,0.0001516727643320337,0.0,0.7306084243598064,0.5714285714285714,0.0,20
D,GAT+LSTM_no_adapt,4,1919,thu_am,0.0,0.00014966448361519724,0.0,0.7223320655706768,0.5357142857142857,0.0,20
D,GAT+LSTM_no_adapt,4,1920,thu_am,1.0,0.00021135569841135293,0.0,0.7422831434131744,0.49333333333333335,0.0,20
D,GAT+LSTM_no_adapt,4,1921,thu_am,1.0,0.00013845303328707814,0.0,0.7533874369739307,0.390625,0.0,20
D,GAT+LSTM_no_adapt,4,1922,thu_am,1.0,0.00014485021529253572,0.0,0.8541237539348083,0.47058823529411764,0.0,20
D,GAT+LSTM_no_adapt,4,1923,thu_am,1.0,0.00017427043349016458,0.0,0.8541237539348083,0.47058823529411764,0.0,20
D,GAT+LSTM_no_adapt,4,1924,thu_am,0.0,0.00013764794857706875,0.0,0.8482673450238273,0.59375,0.0,20
D,GAT+LSTM_no_adapt,4,1925,thu_am,0.0,0.00032198679400607944,0.0,0.7365507866746256,0.47999999999999987,0.0,20
D,GAT+LSTM_no_adapt,4,1926,thu_am,0.0,0.0001531443267595023,0.0,0.7040174740611493,0.48809523809523814,0.0,20
D,GAT+LSTM_no_adapt,4,1927,thu_am,0.0,0.00029684838955290616,0.0,0.6328987278499068,0.4285714285714286,0.0,20
D,GAT+LSTM_no_adapt,4,1928,thu_am,0.0,0.00014225716586224735,0.0,0.5197110083042746,0.4166666666666667,0.0,20
D,GAT+LSTM_no_adapt,4,1929,thu_am,0.0,0.00013773013779427856,0.0,0.48899958986505565,0.45454545454545453,0.0,20
D,GAT+LSTM_no_adapt,4,1930,thu_am,0.0,0.00017877753998618573,0.0,0.4288161374229486,0.42000000000000004,0.0,20
D,GAT+LSTM_no_adapt,4,1931,thu_am,0.0,0.00093593675410375,0.0,0.3698970324099323,0.404040404040404,0.0,20
D,GAT+LSTM_no_adapt,4,1932,thu_am,0.0,0.00017658677825238556,0.0,0.34249813707534293,0.44791666666666663,0.0,20
D,GAT+LSTM_no_adapt,4,1933,thu_am,0.0,0.0001388546806992963,0.0,0.29793279782775584,0.4505494505494505,0.0,20
D,GAT+LSTM_no_adapt,4,1934,thu_am,0.0,0.00013535586185753345,0.0,0.2743484252675429,0.5,0.0,20
D,GAT+LSTM_no_adapt,4,1935,thu_am,0.0,0.0003331647312734276,0.0,0.22852043381455145,0.5066666666666667,0.0,20
D,GAT+LSTM_no_adapt,4,1936,thu_am,0.0,0.00015751841419842094,0.0,0.16310185933347698,0.4375,0.0,20
D,GAT+LSTM_no_adapt,4,1937,thu_am,0.0,0.0002273251739097759,0.0,0.16310185933347698,0.4375,0.0,20
D,GAT+LSTM_no_adapt,4,1938,thu_am,0.0,0.00040120765333995223,0.0,0.15561177996839762,0.40625,0.0,20
D,GAT+LSTM_no_adapt,4,1939,thu_am,0.0,0.00014406109403353184,0.0,0.1592747836314013,0.421875,0.0,20
D,GAT+LSTM_no_adapt,4,1940,thu_am,0.0,0.00013891376147512347,0.0,0.11169290948702715,0.37254901960784315,0.0,20
D,GAT+LSTM_no_adapt,4,1941,thu_am,0.0,0.00013997347559779882,0.0,0.09217171717171717,0.5,0.0,20
D,GAT+LSTM_no_adapt,4,1942,thu_am,0.0,0.0001597014779690653,0.0,0.05555555555555555,0.5789473684210527,0.0,20
D,GAT+LSTM_no_adapt,4,1943,thu_am,0.0,0.00016529382264707237,0.0,0.5,,0.0,20
D,GAT+LSTM_no_adapt,4,1944,thu_am,0.0,0.00015710139996372163,0.0,0.5,,0.0,20
D,GAT+LSTM_no_adapt,4,1945,thu_am,0.0,0.0001433255965821445,0.0,0.5,,0.0,20
D,GAT+LSTM_no_adapt,4,1946,thu_am,0.0,0.0001639531401451677,0.0,0.5,,0.0,20
D,GAT+LSTM_no_adapt,4,1947,thu_am,0.0,0.00022259562683757395,0.0,0.5,,0.0,20
D,GAT+LSTM_no_adapt,4,1948,thu_am,0.0,0.0002729533880483359,0.0,0.5,,0.0,20
D,GAT+LSTM_no_adapt,4,1949,thu_am,0.0,0.00019157408678438514,0.0,0.5,,0.0,20
D,GAT+LSTM_no_adapt,4,1950,thu_am,0.0,0.0001796925498638302,0.0,0.5,,0.0,20
D,GAT+LSTM_no_adapt,4,1951,thu_am,0.0,0.0002249538665637374,0.0,0.5,,0.0,20
D,GAT+LSTM_no_adapt,4,1952,thu_am,0.0,0.00017610237409826368,0.0,0.5,,0.0,20
D,GAT+LSTM_no_adapt,4,1953,thu_am,0.0,0.000146570717333816,0.0,0.5,,0.0,20
D,GAT+LSTM_no_adapt,4,1954,thu_am,0.0,0.00015444832388311625,0.0,0.5,,0.0,20
D,GAT+LSTM_no_adapt,4,1955,thu_am,0.0,0.00013449156540445983,0.0,0.5,,0.0,20
D,GAT+LSTM_no_adapt,4,1956,thu_am,0.0,0.0001546996209071949,0.0,0.5,,0.0,20
D,GAT+LSTM_no_adapt,4,1957,thu_am,0.0,0.00013674578804057091,0.0,0.5,,0.0,20
D,GAT+LSTM_no_adapt,4,1958,thu_am,0.0,0.00026284533669240773,0.0,0.5,,0.0,20
D,GAT+LSTM_no_adapt,4,1959,thu_am,0.0,0.00015820720000192523,0.0,0.5,,0.0,20
D,GAT+LSTM_no_adapt,4,1960,thu_am,0.0,0.0001474646560382098,0.0,0.5,,0.0,20
D,GAT+LSTM_no_adapt,4,1961,thu_am,0.0,0.00014681729953736067,0.0,0.5,,0.0,20
D,GAT+LSTM_no_adapt,4,1962,thu_am,0.0,0.000265479990048334,0.0,0.5,,0.0,20
D,GAT+LSTM_no_adapt,4,1963,thu_am,0.0,0.0003342075215186924,0.0,0.5,,0.0,20
D,GAT+LSTM_no_adapt,4,1964,thu_am,0.0,0.00027177188894711435,0.0,0.5,,0.0,20
D,GAT+LSTM_no_adapt,4,1965,thu_am,0.0,0.0002483782882336527,0.0,0.5,,0.0,20
D,GAT+LSTM_no_adapt,4,1966,thu_am,0.0,0.00018469242786522955,0.0,0.5,,0.0,20
D,GAT+LSTM_no_adapt,4,1967,thu_am,0.0,0.00019337407138664275,0.0,0.5,,0.0,20
D,GAT+LSTM_no_adapt,4,1968,thu_am,0.0,0.00016147264977917075,0.0,0.5,,0.0,20
D,GAT+LSTM_no_adapt,4,1969,thu_am,0.0,0.00015576106670778245,0.0,0.5,,0.0,20
D,GAT+LSTM_no_adapt,4,1970,thu_am,0.0,0.00016174123447854072,0.0,0.5,,0.0,20
D,GAT+LSTM_no_adapt,4,1971,thu_am,0.0,0.0002058356039924547,0.0,0.5,,0.0,20
D,GAT+LSTM_no_adapt,4,1972,thu_am,0.0,0.00017343097715638578,0.0,0.5,,0.0,20
D,GAT+LSTM_no_adapt,4,1973,thu_am,0.0,0.00015513983089476824,0.0,0.5,,0.0,20
D,GAT+LSTM_no_adapt,4,1974,thu_am,0.0,0.0001527925196569413,0.0,0.5,,0.0,20
D,GAT+LSTM_no_adapt,4,1975,thu_am,0.0,0.00018413187353871763,0.0,0.5,,0.0,20
D,GAT+LSTM_no_adapt,4,1976,thu_am,0.0,0.00015033670933917165,0.0,0.5,,0.0,20
D,GAT+LSTM_no_adapt,4,1977,thu_am,0.0,0.00015492770762648433,0.0,0.5,,0.0,20
D,GAT+LSTM_no_adapt,4,1978,thu_am,0.0,0.00023153955407906324,0.0,0.5,,0.0,20
D,GAT+LSTM_no_adapt,4,1979,thu_am,0.0,0.00014354784798342735,0.0,0.5,,0.0,20
D,GAT+LSTM_no_adapt,4,1980,thu_am,0.0,0.00018816307419911027,0.0,0.5,,0.0,20
D,GAT+LSTM_no_adapt,4,1981,thu_am,0.0,0.0001367577788187191,0.0,0.5,,0.0,20
D,GAT+LSTM_no_adapt,4,1982,thu_am,0.0,0.00017272548575419933,0.0,0.5,,0.0,20
D,GAT+LSTM_no_adapt,4,1983,thu_am,0.0,0.0001562154502607882,0.0,0.5,,0.0,20
D,GAT+LSTM_no_adapt,4,1984,thu_am,0.0,0.0003363627474755049,0.0,0.5,,0.0,20
D,GAT+LSTM_no_adapt,4,1985,thu_am,0.0,0.00014920721878297627,0.0,0.5,,0.0,20
D,GAT+LSTM_no_adapt,4,1986,thu_am,0.0,0.00013342472084332258,0.0,0.5,,0.0,20
D,GAT+LSTM_no_adapt,4,1987,thu_am,0.0,0.00014849344734102488,0.0,0.5,,0.0,20
D,GAT+LSTM_no_adapt,4,1988,thu_am,0.0,0.00019248556054662913,0.0,0.5,,0.0,20
D,GAT+LSTM_no_adapt,4,1989,thu_am,0.0,0.000259566237218678,0.0,0.5,,0.0,20
D,GAT+LSTM_no_adapt,4,1990,thu_am,0.0,0.0001992948236875236,0.0,0.5,,0.0,20
D,GAT+LSTM_no_adapt,4,1991,thu_am,0.0,0.00022769480710849166,0.0,0.5,,0.0,20
D,GAT+LSTM_no_adapt,4,1992,thu_am,0.0,0.00038561224937438965,0.0,0.5,,0.0,20
D,GAT+LSTM_no_adapt,4,1993,thu_am,0.0,0.00021286825358401984,0.0,0.5,,0.0,20
D,GAT+LSTM_no_adapt,4,1994,thu_am,0.0,0.00018243546946905553,0.0,0.5,,0.0,20
D,GAT+LSTM_no_adapt,4,1995,thu_am,0.0,0.00014210586959961802,0.0,0.5,,0.0,20
D,GAT+LSTM_no_adapt,4,1996,thu_am,0.0,0.00015678160707466304,0.0,0.5,,0.0,20
D,GAT+LSTM_no_adapt,4,1997,thu_am,0.0,0.00017264398047700524,0.0,0.5,,0.0,20
D,GAT+LSTM_no_adapt,4,2444,thu_pm,0.0,0.00017001952801365405,0.0,0.5,,0.0,20
D,GAT+LSTM_no_adapt,4,2445,thu_pm,0.0,0.000262697518337518,0.0,0.5,,0.0,20
D,GAT+LSTM_no_adapt,4,2446,thu_pm,0.0,0.00016159618098754436,0.0,0.5,,0.0,20
D,GAT+LSTM_no_adapt,4,2447,thu_pm,0.0,0.0001521985250292346,0.0,0.5,,0.0,20
D,GAT+LSTM_no_adapt,4,2448,thu_pm,0.0,0.0001655785454204306,0.0,0.5,,0.0,20
D,GAT+LSTM_no_adapt,4,2449,thu_pm,0.0,0.00021705814287997782,0.0,0.5,,0.0,20
D,GAT+LSTM_no_adapt,4,2450,thu_pm,0.0,0.0001941100344993174,0.0,0.5,,0.0,20
D,GAT+LSTM_no_adapt,4,2451,thu_pm,0.0,0.001032441621646285,0.0,0.5,,0.0,20
D,GAT+LSTM_no_adapt,4,2452,thu_pm,0.0,0.000500163936521858,0.0,0.5,,0.0,20
D,GAT+LSTM_no_adapt,4,2453,thu_pm,0.0,0.0001985791459446773,0.0,0.5,,0.0,20
D,GAT+LSTM_no_adapt,4,2454,thu_pm,0.0,0.00013455723819788545,0.0,0.5,,0.0,20
D,GAT+LSTM_no_adapt,4,2455,thu_pm,0.0,0.00013902175123803318,0.0,0.5,,0.0,20
D,GAT+LSTM_no_adapt,4,2456,thu_pm,0.0,0.00014451083552557975,0.0,0.5,,0.0,20
D,GAT+LSTM_no_adapt,4,2457,thu_pm,0.0,0.00015303863619919866,0.0,0.5,,0.0,20
D,GAT+LSTM_no_adapt,4,2458,thu_pm,0.0,0.00022888607054483145,0.0,0.5,,0.0,20
D,GAT+LSTM_no_adapt,4,2459,thu_pm,0.0,0.0001405662769684568,0.0,0.5,,0.0,20
D,GAT+LSTM_no_adapt,4,2460,thu_pm,0.0,0.00016411941032856703,0.0,0.5,,0.0,20
D,GAT+LSTM_no_adapt,4,2461,thu_pm,0.0,0.0001356235588900745,0.0,0.5,,0.0,20
D,GAT+LSTM_no_adapt,4,2462,thu_pm,0.0,0.00016431169933639467,0.0,0.5,,0.0,20
D,GAT+LSTM_no_adapt,4,2463,thu_pm,0.0,0.00015432614600285888,0.0,0.5,,0.0,20
D,GAT+LSTM_no_adapt,4,2464,thu_pm,0.0,0.00015220344357658178,0.0,0.5,,0.0,20
D,GAT+LSTM_no_adapt,4,2465,thu_pm,0.0,0.0002365718682995066,0.0,0.5,,0.0,20
D,GAT+LSTM_no_adapt,4,2466,thu_pm,0.0,0.00018050169455818832,0.0,0.5,,0.0,20
D,GAT+LSTM_no_adapt,4,2467,thu_pm,0.0,0.00015563901979476213,0.0,0.5,,0.0,20
D,GAT+LSTM_no_adapt,4,2468,thu_pm,0.0,0.0001494812167948112,0.0,0.5,,0.0,20
D,GAT+LSTM_no_adapt,4,2469,thu_pm,0.0,0.00014050595927983522,0.0,0.5,,0.0,20
D,GAT+LSTM_no_adapt,4,2470,thu_pm,0.0,0.000171747655258514,0.0,0.5,,0.0,20
D,GAT+LSTM_no_adapt,4,2471,thu_pm,0.0,0.00013588828733190894,0.0,0.5,,0.0,20
D,GAT+LSTM_no_adapt,4,2472,thu_pm,0.0,0.00013304738968145102,0.0,0.5,,0.0,20
D,GAT+LSTM_no_adapt,4,2473,thu_pm,0.0,0.00015120362513698637,0.0,0.5,,0.0,20
D,GAT+LSTM_no_adapt,4,2474,thu_pm,0.0,0.0002040001709247008,0.0,0.5,,0.0,20
D,GAT+LSTM_no_adapt,4,2475,thu_pm,0.0,0.00014622854359913617,0.0,0.5,,0.0,20
D,GAT+LSTM_no_adapt,4,2476,thu_pm,0.0,0.0001412466517649591,0.0,0.5,,0.0,20
D,GAT+LSTM_no_adapt,4,2477,thu_pm,0.0,0.00014590889622922987,0.0,0.5,,0.0,20
D,GAT+LSTM_no_adapt,4,2478,thu_pm,0.0,0.00016460915503557771,0.0,0.5,,0.0,20
D,GAT+LSTM_no_adapt,4,2479,thu_pm,0.0,0.00016688588948454708,0.0,0.5,,0.0,20
D,GAT+LSTM_no_adapt,4,2480,thu_pm,0.0,0.00013769781799055636,0.0,0.5,,0.0,20
D,GAT+LSTM_no_adapt,4,2481,thu_pm,0.0,0.0001582799304742366,0.0,0.5,,0.0,20
D,GAT+LSTM_no_adapt,4,2482,thu_pm,0.0,0.00013590615708380938,0.0,0.5,,0.0,20
D,GAT+LSTM_no_adapt,4,2483,thu_pm,0.0,0.0001440417254343629,0.0,0.5,,0.0,20
D,GAT+LSTM_no_adapt,4,2484,thu_pm,0.0,0.00014575621753465384,0.0,0.5,,0.0,20
D,GAT+LSTM_no_adapt,4,2485,thu_pm,0.0,0.00028824564651586115,0.0,0.5,,0.0,20
D,GAT+LSTM_no_adapt,4,2486,thu_pm,0.0,0.00018557380826678127,0.0,0.5,,0.0,20
D,GAT+LSTM_no_adapt,4,2487,thu_pm,0.0,0.00015198923938442022,0.0,0.5,,0.0,20
D,GAT+LSTM_no_adapt,4,2488,thu_pm,0.0,0.0001377046573907137,0.0,0.5,,0.0,20
D,GAT+LSTM_no_adapt,4,2489,thu_pm,0.0,0.00013962475350126624,0.0,0.5,,0.0,20
D,GAT+LSTM_no_adapt,4,2490,thu_pm,0.0,0.00014716868463438004,0.0,0.5,,0.0,20
D,GAT+LSTM_no_adapt,4,2491,thu_pm,0.0,0.00016437187150586396,0.0,0.5,,0.0,20
D,GAT+LSTM_no_adapt,4,2492,thu_pm,0.0,0.00035441439831629395,0.0,0.5,,0.0,20
D,GAT+LSTM_no_adapt,4,2493,thu_pm,0.0,0.9160645008087158,0.0,0.5,,0.05,20
D,GAT+LSTM_no_adapt,4,2494,thu_pm,0.0,0.9895444512367249,0.0,0.5,,0.1,20
D,GAT+LSTM_no_adapt,4,2495,thu_pm,0.0,0.908598780632019,0.0,0.5,,0.15,20
D,GAT+LSTM_no_adapt,4,2496,thu_pm,0.0,0.8145363926887512,0.0,0.5,,0.2,20
D,GAT+LSTM_no_adapt,4,2497,thu_pm,0.0,0.7492190003395081,0.0,0.5,,0.25,20
D,GAT+LSTM_no_adapt,4,2498,thu_pm,0.0,0.5537806153297424,0.0,0.5,,0.3,20
D,GAT+LSTM_no_adapt,4,2499,thu_pm,0.0,0.28014427423477173,0.0,0.5,,0.3,20
D,GAT+LSTM_no_adapt,4,2500,thu_pm,0.0,0.0010275053791701794,0.0,0.5,,0.3,20
D,GAT+LSTM_no_adapt,4,2501,thu_pm,0.0,0.0001584682468092069,0.0,0.5,,0.3,20
D,GAT+LSTM_no_adapt,4,2502,thu_pm,0.0,0.00014864373952150345,0.0,0.5,,0.3,20
D,GAT+LSTM_no_adapt,4,2503,thu_pm,0.0,0.0001396673615090549,0.0,0.5,,0.3,20
D,GAT+LSTM_no_adapt,4,2504,thu_pm,0.0,0.00017261976609006524,0.0,0.5,,0.3,20
D,GAT+LSTM_no_adapt,4,2505,thu_pm,0.0,0.0001580015814397484,0.0,0.5,,0.3,20
D,GAT+LSTM_no_adapt,4,2506,thu_pm,0.0,0.00017371101421304047,0.0,0.5,,0.3,20
D,GAT+LSTM_no_adapt,4,2507,thu_pm,0.0,0.00014087838644627482,0.0,0.5,,0.3,20
D,GAT+LSTM_no_adapt,4,2508,thu_pm,1.0,0.00014574134547729045,0.0,0.029411764705882353,0.1578947368421053,0.3157894736842105,20
D,GAT+LSTM_no_adapt,4,2509,thu_pm,0.0,0.00013419461902230978,0.0,0.029411764705882353,0.1578947368421053,0.3157894736842105,20
D,GAT+LSTM_no_adapt,4,2510,thu_pm,1.0,0.00014759830082766712,0.0,0.06066176470588235,0.16666666666666663,0.3333333333333333,20
D,GAT+LSTM_no_adapt,4,2511,thu_pm,0.0,0.0002085294690914452,0.0,0.06066176470588235,0.16666666666666663,0.3333333333333333,20
D,GAT+LSTM_no_adapt,4,2512,thu_pm,0.0,0.00014139583799988031,0.0,0.06458333333333333,0.2222222222222222,0.3333333333333333,20
D,GAT+LSTM_no_adapt,4,2513,thu_pm,0.0,0.00016519991913810372,0.0,0.06458333333333333,0.2222222222222222,0.2777777777777778,20
D,GAT+LSTM_no_adapt,4,2514,thu_pm,1.0,0.0003353739739395678,0.0,0.11140873015873015,0.37254901960784315,0.23529411764705882,20
D,GAT+LSTM_no_adapt,4,2515,thu_pm,1.0,0.0003570397093426436,0.0,0.17648809523809525,0.46875,0.1875,20
D,GAT+LSTM_no_adapt,4,2516,thu_pm,1.0,0.00044794115819968283,0.0,0.25553571428571425,0.5466666666666666,0.13333333333333333,20
D,GAT+LSTM_no_adapt,4,2517,thu_pm,0.0,0.0002399775112280622,0.0,0.28601190476190474,0.5866666666666667,0.06666666666666667,20
D,GAT+LSTM_no_adapt,4,2518,thu_pm,0.0,0.0003021639713551849,0.0,0.3326785714285714,0.6266666666666667,0.0,20
D,GAT+LSTM_no_adapt,4,2519,thu_pm,1.0,0.001340861665084958,0.0,0.6217261904761904,0.7261904761904763,0.0,20
D,GAT+LSTM_no_adapt,4,2520,thu_pm,0.0,0.0011786103714257479,0.0,0.6217261904761904,0.7261904761904763,0.0,20
D,GAT+LSTM_no_adapt,4,2521,thu_pm,0.0,0.0004455582529772073,0.0,0.5717261904761904,0.7023809523809523,0.0,20
D,GAT+LSTM_no_adapt,4,2522,thu_pm,0.0,0.0004666871973313391,0.0,0.5110119047619047,0.6666666666666667,0.0,20
D,GAT+LSTM_no_adapt,4,2523,thu_pm,1.0,0.0010435136500746012,0.0,0.5735444177671067,0.6813186813186813,0.0,20
D,GAT+LSTM_no_adapt,4,2524,thu_pm,1.0,0.0010322119342163205,0.0,0.6302302170868347,0.7083333333333334,0.0,20
D,GAT+LSTM_no_adapt,4,2525,thu_pm,1.0,0.0006387581233866513,0.0,0.6760387488328665,0.7272727272727273,0.0,20
D,GAT+LSTM_no_adapt,4,2526,thu_pm,1.0,0.001558674848638475,0.0,0.7552396867838044,0.75,0.0,20
D,GAT+LSTM_no_adapt,4,2527,thu_pm,0.0,0.0004390398971736431,0.0,0.7359029369323487,0.71,0.0,20
D,GAT+LSTM_no_adapt,4,2528,thu_pm,1.0,0.00021415672381408513,0.0,0.7430037772684831,0.73,0.0,20
D,GAT+LSTM_no_adapt,4,2529,thu_pm,1.0,0.0001707362971501425,0.0,0.7300157474182947,0.6565656565656566,0.0,20
D,GAT+LSTM_no_adapt,4,2530,thu_pm,0.0,0.00014325712982099503,0.0,0.7462921759612936,0.74,0.0,20
D,GAT+LSTM_no_adapt,4,2531,thu_pm,0.0,0.00016163977852556854,0.0,0.7500054112554112,0.75,0.0,20
D,GAT+LSTM_no_adapt,4,2532,thu_pm,0.0,0.00015664935926906765,0.0,0.7500054112554112,0.75,0.0,20
D,GAT+LSTM_no_adapt,4,2533,thu_pm,0.0,0.00030720632639713585,0.0,0.7425124140565317,0.73,0.0,20
D,GAT+LSTM_no_adapt,4,2534,thu_pm,0.0,0.00023359798069577664,0.0,0.7387070990012168,0.7474747474747474,0.0,20
D,GAT+LSTM_no_adapt,4,2535,thu_pm,0.0,0.00019861948385369033,0.0,0.7417257528011204,0.7708333333333334,0.0,20
D,GAT+LSTM_no_adapt,4,2536,thu_pm,0.0,0.0001362608018098399,0.0,0.7321919152276295,0.7802197802197802,0.0,20
D,GAT+LSTM_no_adapt,4,2537,thu_pm,0.0,0.00013493960432242602,0.0,0.7409602302459446,0.8021978021978022,0.0,20
D,GAT+LSTM_no_adapt,4,2538,thu_pm,0.0,0.0001318071153946221,0.0,0.7511488511488511,0.8241758241758241,0.0,20
D,GAT+LSTM_no_adapt,4,2539,thu_pm,0.0,0.00015203317161649466,0.0,0.6555069930069929,0.8095238095238095,0.0,20
D,GAT+LSTM_no_adapt,4,2540,thu_pm,0.0,0.00015752350736875087,0.0,0.8249158249158248,0.869047619047619,0.0,20
D,GAT+LSTM_no_adapt,4,2541,thu_pm,0.0,0.00021728716092184186,0.0,0.8249158249158248,0.869047619047619,0.0,20
D,GAT+LSTM_no_adapt,4,2542,thu_pm,0.0,0.00024699021014384925,0.0,0.8249158249158248,0.869047619047619,0.0,20
D,GAT+LSTM_no_adapt,4,2543,thu_pm,0.0,0.000579049636144191,0.0,0.7513636363636362,0.8266666666666667,0.0,20
D,GAT+LSTM_no_adapt,4,2544,thu_pm,0.0,0.0013714226661249995,0.0,0.5368686868686868,0.75,0.0,20
D,GAT+LSTM_no_adapt,4,2545,thu_pm,0.0,0.0013820199528709054,0.0,0.45715488215488215,0.6666666666666666,0.0,20
D,GAT+LSTM_no_adapt,4,2546,thu_pm,0.0,0.0023060201201587915,0.0,0.08939393939393939,0.4722222222222222,0.0,20
D,GAT+LSTM_no_adapt,4,2547,thu_pm,0.0,0.0005738080362789333,0.0,0.08939393939393939,0.4722222222222222,0.0,20
D,GAT+LSTM_no_adapt,4,2548,thu_pm,0.0,0.0006558400928042829,0.0,0.041666666666666664,0.42105263157894735,0.0,20
D,GAT+LSTM_no_adapt,4,2549,thu_pm,0.0,0.0004411341215018183,0.0,0.5,,0.0,20
D,GAT+LSTM_no_adapt,4,2550,thu_pm,0.0,0.0002945914748124778,0.0,0.5,,0.0,20
D,GAT+LSTM_no_adapt,4,2551,thu_pm,0.0,0.00021678762277588248,0.0,0.5,,0.0,20
D,GAT+LSTM_no_adapt,4,2552,thu_pm,0.0,0.00015747213910799474,0.0,0.5,,0.0,20
D,GAT+LSTM_no_adapt,4,2553,thu_pm,0.0,0.0001490829308750108,0.0,0.5,,0.0,20
D,GAT+LSTM_no_adapt,4,2554,thu_pm,1.0,0.00017019390361383557,0.0,0.038461538461538464,0.368421052631579,0.0,20
D,GAT+LSTM_no_adapt,4,2555,thu_pm,0.0,0.0002268272073706612,0.0,0.038461538461538464,0.368421052631579,0.0,20
D,GAT+LSTM_no_adapt,4,2556,thu_pm,0.0,0.00021880982967559248,0.0,0.03571428571428571,0.3157894736842105,0.0,20
D,GAT+LSTM_no_adapt,4,2557,thu_pm,0.0,0.0002908693568315357,0.0,0.03333333333333333,0.26315789473684215,0.0,20
D,GAT+LSTM_no_adapt,4,2558,thu_pm,0.0,0.0002108219196088612,0.0,0.03125,0.21052631578947367,0.0,20
D,GAT+LSTM_no_adapt,4,2559,thu_pm,1.0,0.00019730048370547593,0.0,0.06066176470588235,0.16666666666666663,0.0,20
D,GAT+LSTM_no_adapt,4,2560,thu_pm,0.0,0.0015089227817952633,0.0,0.057189542483660136,0.11111111111111116,0.0,20
D,GAT+LSTM_no_adapt,4,2561,thu_pm,0.0,0.0003124004288110882,0.0,0.057189542483660136,0.11111111111111116,0.0,20
D,GAT+LSTM_no_adapt,4,2562,thu_pm,0.0,0.8893451690673828,0.0,0.057189542483660136,0.11111111111111116,0.05555555555555555,20
D,GAT+LSTM_no_adapt,4,2563,thu_pm,1.0,0.9927237629890442,0.4,0.41074346405228757,0.4117647058823529,0.058823529411764705,20
D,GAT+LSTM_no_adapt,4,2564,thu_pm,0.0,0.9906790852546692,0.3333333333333333,0.41074346405228757,0.4117647058823529,0.11764705882352941,20
D,GAT+LSTM_no_adapt,4,2565,thu_pm,0.0,0.9879195690155029,0.2857142857142857,0.41074346405228757,0.4117647058823529,0.17647058823529413,20
D,GAT+LSTM_no_adapt,4,2566,thu_pm,0.0,0.9976429343223572,0.25,0.16074346405228757,0.39215686274509803,0.23529411764705882,20
D,GAT+LSTM_no_adapt,4,2567,thu_pm,0.0,0.9939377307891846,0.2222222222222222,0.1329656862745098,0.37254901960784315,0.29411764705882354,20
D,GAT+LSTM_no_adapt,4,2568,thu_pm,0.0,0.9944826364517212,0.2,0.11907679738562091,0.3529411764705882,0.35294117647058826,20
D,GAT+LSTM_no_adapt,4,2569,thu_pm,1.0,0.9976014494895935,0.3333333333333333,0.23127042483660132,0.5,0.375,20
D,GAT+LSTM_no_adapt,4,2570,thu_pm,0.0,0.9984607696533203,0.3076923076923077,0.19585375816993464,0.46875,0.4375,20
D,GAT+LSTM_no_adapt,4,2571,thu_pm,0.0,0.9981854557991028,0.2857142857142857,0.17531804388422034,0.4375,0.5,20
D,GAT+LSTM_no_adapt,4,2572,thu_pm,0.0,0.9975271821022034,0.26666666666666666,0.1630454813504349,0.390625,0.5625,20
D,GAT+LSTM_no_adapt,4,2573,thu_pm,1.0,0.9989880919456482,0.35294117647058826,0.40710526315789475,0.48,0.6,20
D,GAT+LSTM_no_adapt,4,2574,thu_pm,0.0,0.9991590976715088,0.35294117647058826,0.2391812865497076,0.5625,0.625,20
D,GAT+LSTM_no_adapt,4,2575,thu_pm,0.0,0.99126797914505,0.3333333333333333,0.2391812865497076,0.5625,0.6875,20
D,GAT+LSTM_no_adapt,4,2576,thu_pm,0.0,0.9578549265861511,0.3157894736842105,0.2391812865497076,0.5625,0.75,20
D,GAT+LSTM_no_adapt,4,2577,thu_pm,1.0,0.9916955828666687,0.38095238095238093,0.2679718234981393,0.5466666666666667,0.8,20
D,GAT+LSTM_no_adapt,4,2578,thu_pm,0.0,0.993740439414978,0.36363636363636365,0.2572647527910686,0.52,0.8666666666666667,20
D,GAT+LSTM_no_adapt,4,2579,thu_pm,0.0,0.9762410521507263,0.36363636363636365,0.2640151515151515,0.671875,0.875,20
D,GAT+LSTM_no_adapt,4,2580,thu_pm,0.0,0.8926289081573486,0.34782608695652173,0.2640151515151515,0.671875,0.9375,20
D,GAT+LSTM_no_adapt,4,2581,thu_pm,0.0,0.9911783337593079,0.3333333333333333,0.2640151515151515,0.671875,1.0,20
D,GAT+LSTM_no_adapt,4,2582,thu_pm,1.0,0.9970282912254333,0.4,0.30180569430569426,0.6533333333333333,1.0,20
D,GAT+LSTM_no_adapt,4,2583,thu_pm,0.0,0.9760898351669312,0.3333333333333333,0.28751352813852815,0.71875,1.0,20
D,GAT+LSTM_no_adapt,4,2584,thu_pm,0.0,0.9361169934272766,0.3333333333333333,0.28751352813852815,0.71875,1.0,20
D,GAT+LSTM_no_adapt,4,2585,thu_pm,0.0,0.9963117241859436,0.3333333333333333,0.28146749084249084,0.703125,1.0,20
D,GAT+LSTM_no_adapt,4,2586,thu_pm,0.0,0.8119103312492371,0.3333333333333333,0.31474567099567097,0.75,1.0,20
D,GAT+LSTM_no_adapt,4,2587,thu_pm,0.0,0.9911962747573853,0.3333333333333333,0.32194264069264067,0.765625,1.0,20
D,GAT+LSTM_no_adapt,4,2588,thu_pm,1.0,0.9983958601951599,0.4,0.40164502164502164,0.7866666666666666,1.0,20
D,GAT+LSTM_no_adapt,4,2589,thu_pm,0.0,0.9977335929870605,0.3333333333333333,0.33221049783549783,0.765625,1.0,20
D,GAT+LSTM_no_adapt,4,2590,thu_pm,0.0,0.9939858913421631,0.3333333333333333,0.386525974025974,0.796875,1.0,20
D,GAT+LSTM_no_adapt,4,2591,thu_pm,0.0,0.9945313930511475,0.3333333333333333,0.40378787878787875,0.8125,1.0,20
D,GAT+LSTM_no_adapt,4,2592,thu_pm,0.0,0.9974353909492493,0.3333333333333333,0.40378787878787875,0.8125,1.0,20
D,GAT+LSTM_no_adapt,4,2593,thu_pm,0.0,0.9990631937980652,0.2608695652173913,0.22323232323232323,0.7254901960784313,1.0,20
D,GAT+LSTM_no_adapt,4,2594,thu_pm,1.0,0.9991177916526794,0.3333333333333333,0.5912878787878788,0.828125,1.0,20
D,GAT+LSTM_no_adapt,4,2595,thu_pm,0.0,0.9991074204444885,0.3333333333333333,0.5251623376623377,0.78125,1.0,20
D,GAT+LSTM_no_adapt,4,2596,thu_pm,0.0,0.9748822450637817,0.3333333333333333,0.5251623376623377,0.78125,1.0,20
D,GAT+LSTM_no_adapt,4,2597,thu_pm,0.0,0.924663245677948,0.2608695652173913,0.5992063492063492,0.8823529411764706,1.0,20
D,GAT+LSTM_no_adapt,4,2598,thu_pm,1.0,0.9888618588447571,0.3333333333333333,0.5191163003663004,0.765625,1.0,20
D,GAT+LSTM_no_adapt,4,2599,thu_pm,0.0,0.9981896281242371,0.3333333333333333,0.5013163919413919,0.734375,1.0,20
D,GAT+LSTM_no_adapt,4,2600,thu_pm,0.0,0.9984808564186096,0.3333333333333333,0.4642857142857143,0.6875,1.0,20
D,GAT+LSTM_no_adapt,4,2601,thu_pm,1.0,0.9990248680114746,0.4,0.5085714285714286,0.72,1.0,20
D,GAT+LSTM_no_adapt,4,2602,thu_pm,0.0,0.9989207983016968,0.3333333333333333,0.5095238095238095,0.734375,1.0,20
D,GAT+LSTM_no_adapt,4,2603,thu_pm,0.0,0.9986706972122192,0.3333333333333333,0.49300595238095235,0.703125,1.0,20
D,GAT+LSTM_no_adapt,4,2604,thu_pm,0.0,0.9983206391334534,0.3333333333333333,0.4896052170868347,0.6875,1.0,20
D,GAT+LSTM_no_adapt,4,2605,thu_pm,0.0,0.9986357092857361,0.3333333333333333,0.4799325980392157,0.671875,1.0,20
D,GAT+LSTM_no_adapt,4,2606,thu_pm,1.0,0.9944487810134888,0.4,0.4410690943043884,0.5733333333333334,1.0,20
D,GAT+LSTM_no_adapt,4,2607,thu_pm,0.0,0.9959529638290405,0.4,0.4379738562091503,0.56,1.0,20
D,GAT+LSTM_no_adapt,4,2608,thu_pm,0.0,0.9851716756820679,0.3333333333333333,0.44987307422969186,0.578125,1.0,20
D,GAT+LSTM_no_adapt,4,2609,thu_pm,0.0,0.9930805563926697,0.3333333333333333,0.45303241488903256,0.59375,1.0,20
D,GAT+LSTM_no_adapt,4,2610,thu_pm,0.0,0.9969594478607178,0.3333333333333333,0.44987307422969186,0.578125,1.0,20
D,GAT+LSTM_no_adapt,4,2611,thu_pm,1.0,0.9979609251022339,0.4,0.43311306340718103,0.56,1.0,20
D,GAT+LSTM_no_adapt,4,2612,thu_pm,0.0,0.9971904158592224,0.4,0.43311306340718103,0.56,1.0,20
D,GAT+LSTM_no_adapt,4,2613,thu_pm,0.0,0.957683801651001,0.4,0.4784539072039072,0.6133333333333334,1.0,20
D,GAT+LSTM_no_adapt,4,2614,thu_pm,0.0,0.9899651408195496,0.3333333333333333,0.21183226495726498,0.53125,1.0,20
D,GAT+LSTM_no_adapt,4,2615,thu_pm,0.0,0.9980601668357849,0.3333333333333333,0.399332264957265,0.546875,1.0,20
D,GAT+LSTM_no_adapt,4,2616,thu_pm,1.0,0.9974338412284851,0.4,0.3930045607986784,0.52,1.0,20
D,GAT+LSTM_no_adapt,4,2617,thu_pm,0.0,0.9966104626655579,0.4,0.3863468720821662,0.49333333333333335,1.0,20
D,GAT+LSTM_no_adapt,4,2618,thu_pm,0.0,0.9911748170852661,0.3333333333333333,0.4187996031746032,0.609375,1.0,20
D,GAT+LSTM_no_adapt,4,2619,thu_pm,0.0,0.9442973732948303,0.3333333333333333,0.4365842490842491,0.65625,1.0,20
D,GAT+LSTM_no_adapt,4,2620,thu_pm,0.0,0.8457694053649902,0.3333333333333333,0.4588484432234432,0.703125,1.0,20
D,GAT+LSTM_no_adapt,4,2621,thu_pm,0.0,0.9928866028785706,0.2608695652173913,0.17514430014430013,0.6274509803921569,1.0,20
D,GAT+LSTM_no_adapt,4,2622,thu_pm,1.0,0.9958141446113586,0.3333333333333333,0.2265151515151515,0.625,1.0,20
D,GAT+LSTM_no_adapt,4,2623,thu_pm,0.0,0.9965246319770813,0.3333333333333333,0.24734848484848482,0.65625,1.0,20
D,GAT+LSTM_no_adapt,4,2624,thu_pm,0.0,0.9978972673416138,0.3333333333333333,0.2577651515151515,0.671875,1.0,20
D,GAT+LSTM_no_adapt,4,2625,thu_pm,0.0,0.9989460110664368,0.3333333333333333,0.2577651515151515,0.671875,1.0,20
D,GAT+LSTM_no_adapt,4,2626,thu_pm,0.0,0.9979410767555237,0.2608695652173913,0.21641414141414142,0.7058823529411764,1.0,20
D,GAT+LSTM_no_adapt,4,2627,thu_pm,1.0,0.9961349964141846,0.3333333333333333,0.24318181818181814,0.65625,1.0,20
D,GAT+LSTM_no_adapt,4,2628,thu_pm,0.0,0.9978469610214233,0.3333333333333333,0.2219030969030969,0.609375,1.0,20
D,GAT+LSTM_no_adapt,4,2629,thu_pm,0.0,0.9982619881629944,0.3333333333333333,0.1945970695970696,0.546875,1.0,20
D,GAT+LSTM_no_adapt,4,2630,thu_pm,0.0,0.9991310238838196,0.3333333333333333,0.18264270451770453,0.515625,1.0,20
D,GAT+LSTM_no_adapt,4,2631,thu_pm,0.0,0.9939467310905457,0.2608695652173913,0.13000194250194252,0.47058823529411764,1.0,20
D,GAT+LSTM_no_adapt,4,2632,thu_pm,1.0,0.9610772728919983,0.3333333333333333,0.1576788101604278,0.40625,1.0,20
D,GAT+LSTM_no_adapt,4,2633,thu_pm,0.0,0.9891549944877625,0.3333333333333333,0.154666146761735,0.390625,1.0,20
D,GAT+LSTM_no_adapt,4,2634,thu_pm,0.0,0.9981665015220642,0.3333333333333333,0.14560194707253532,0.34375,1.0,20
D,GAT+LSTM_no_adapt,4,2635,thu_pm,0.0,0.993727445602417,0.3333333333333333,0.154666146761735,0.390625,1.0,20
D,GAT+LSTM_no_adapt,4,2636,thu_pm,1.0,0.9743691682815552,0.3333333333333333,0.13524769756387406,0.28125,1.0,20
D,GAT+LSTM_no_adapt,4,2637,thu_pm,0.0,0.9128478765487671,0.3333333333333333,0.14573120915032678,0.34375,1.0,20
D,GAT+LSTM_no_adapt,4,2638,thu_pm,0.0,0.8505899310112,0.3333333333333333,0.15188492063492065,0.375,1.0,20
D,GAT+LSTM_no_adapt,4,2639,thu_pm,0.0,0.6512057781219482,0.3333333333333333,0.15188492063492065,0.375,1.0,20
D,GAT+LSTM_no_adapt,4,2640,thu_pm,0.0,0.005016440525650978,0.34782608695652173,0.15188492063492065,0.375,0.9375,20
D,GAT+LSTM_no_adapt,4,2641,thu_pm,0.0,0.0001344846241408959,0.36363636363636365,0.1589133089133089,0.40625,0.875,20
D,GAT+LSTM_no_adapt,4,2642,thu_pm,0.0,0.00015031076327431947,0.3,0.1194037444037444,0.4117647058823529,0.8235294117647058,20
D,GAT+LSTM_no_adapt,4,2643,thu_pm,0.0,0.00025943832588382065,0.3157894736842105,0.13000194250194252,0.47058823529411764,0.7647058823529411,20
D,GAT+LSTM_no_adapt,4,2644,thu_pm,0.0,0.00017106464656535536,0.3333333333333333,0.14274891774891776,0.5294117647058824,0.7058823529411765,20
D,GAT+LSTM_no_adapt,4,2645,thu_pm,0.0,0.00015957772848196328,0.35294117647058826,0.1584175084175084,0.5882352941176471,0.6470588235294118,20
D,GAT+LSTM_no_adapt,4,2646,thu_pm,0.0,0.00013595970813184977,0.375,0.17824074074074073,0.6470588235294118,0.5882352941176471,20
D,GAT+LSTM_no_adapt,4,2647,thu_pm,0.0,0.00015771227481309325,0.2857142857142857,0.11805555555555555,0.6111111111111112,0.5555555555555556,20
D,GAT+LSTM_no_adapt,4,2648,thu_pm,0.0,0.00015436190005857497,0.3076923076923077,0.13392857142857142,0.6666666666666667,0.5,20
D,GAT+LSTM_no_adapt,4,2649,thu_pm,0.0,0.00020847321138717234,0.3333333333333333,0.15476190476190474,0.7222222222222222,0.4444444444444444,20
D,GAT+LSTM_no_adapt,4,2650,thu_pm,0.0,0.00020257089636288583,0.36363636363636365,0.18333333333333335,0.7777777777777778,0.3888888888888889,20
D,GAT+LSTM_no_adapt,4,2651,thu_pm,0.0,0.00031217324431054294,0.4,0.225,0.8333333333333334,0.3333333333333333,20
D,GAT+LSTM_no_adapt,4,2652,thu_pm,0.0,0.00015068732318468392,0.25,0.125,0.8421052631578947,0.3157894736842105,20
D,GAT+LSTM_no_adapt,4,2653,thu_pm,0.0,0.00014940896653570235,0.2857142857142857,0.16666666666666666,0.8947368421052632,0.2631578947368421,20
D,GAT+LSTM_no_adapt,4,2654,thu_pm,0.0,0.00014272824046202004,0.3333333333333333,0.25,0.9473684210526316,0.21052631578947367,20
D,GAT+LSTM_no_adapt,4,2655,thu_pm,0.0,0.0001493991439929232,0.4,1.0,1.0,0.15789473684210525,20
D,GAT+LSTM_no_adapt,4,2656,thu_pm,0.0,0.0004872209101449698,0.0,0.5,,0.15,20
D,GAT+LSTM_no_adapt,4,2657,thu_pm,0.0,0.0006928335060365498,0.0,0.5,,0.1,20
D,GAT+LSTM_no_adapt,4,2658,thu_pm,0.0,0.002005763119086623,0.0,0.5,,0.05,20
D,GAT+LSTM_no_adapt,4,2659,thu_pm,0.0,0.000165360834216699,0.0,0.5,,0.0,20
D,GAT+LSTM_no_adapt,4,2660,thu_pm,0.0,0.001712846104055643,0.0,0.5,,0.0,20
D,GAT+LSTM_no_adapt,4,2661,thu_pm,0.0,0.0005087950848974288,0.0,0.5,,0.0,20
D,GAT+LSTM_no_adapt,4,2662,thu_pm,0.0,0.006746944505721331,0.0,0.5,,0.0,20
D,GAT+LSTM_no_adapt,4,2663,thu_pm,0.0,0.03757377341389656,0.0,0.5,,0.0,20
D,GAT+LSTM_no_adapt,4,2664,thu_pm,0.0,0.01060789730399847,0.0,0.5,,0.0,20
D,GAT+LSTM_no_adapt,4,2665,thu_pm,0.0,0.003722352208569646,0.0,0.5,,0.0,20
D,GAT+LSTM_no_adapt,4,2666,thu_pm,0.0,0.19610241055488586,0.0,0.5,,0.0,20
D,GAT+LSTM_no_adapt,4,2667,thu_pm,0.0,0.453402578830719,0.0,0.5,,0.0,20
D,GAT+LSTM_no_adapt,4,2668,thu_pm,0.0,0.12636670470237732,0.0,0.5,,0.0,20
D,GAT+LSTM_no_adapt,4,2669,thu_pm,0.0,0.9261696934700012,0.0,0.5,,0.05,20
D,GAT+LSTM_no_adapt,4,2670,thu_pm,0.0,0.9708187580108643,0.0,0.5,,0.1,20
D,GAT+LSTM_no_adapt,4,2671,thu_pm,0.0,0.8572004437446594,0.0,0.5,,0.15,20
D,GAT+LSTM_no_adapt,4,2672,thu_pm,0.0,0.6712185740470886,0.0,0.5,,0.2,20
D,GAT+LSTM_no_adapt,4,2673,thu_pm,0.0,0.3318895399570465,0.0,0.5,,0.2,20
D,GAT+LSTM_no_adapt,4,2674,thu_pm,0.0,0.11277265846729279,0.0,0.5,,0.2,20
D,GAT+LSTM_no_adapt,4,2675,thu_pm,0.0,0.015459625981748104,0.0,0.5,,0.2,20
D,GAT+LSTM_no_adapt,4,2676,thu_pm,0.0,0.00017749142716638744,0.0,0.5,,0.2,20
D,GAT+LSTM_no_adapt,4,2677,thu_pm,0.0,0.0001686416653683409,0.0,0.5,,0.2,20
D,GAT+LSTM_no_adapt,4,2678,thu_pm,0.0,0.0001348855730611831,0.0,0.5,,0.2,20
D,GAT+LSTM_no_adapt,4,2679,thu_pm,0.0,0.00013349662185646594,0.0,0.5,,0.2,20
D,GAT+LSTM_no_adapt,4,2680,thu_pm,0.0,0.00013785022019874305,0.0,0.5,,0.2,20
D,GAT+LSTM_no_adapt,4,2681,thu_pm,0.0,0.0001412903075106442,0.0,0.5,,0.2,20
D,GAT+LSTM_no_adapt,4,2682,thu_pm,0.0,0.0007019987679086626,0.0,0.5,,0.2,20
D,GAT+LSTM_no_adapt,4,2683,thu_pm,0.0,0.0001709169300738722,0.0,0.5,,0.2,20
D,GAT+LSTM_no_adapt,4,2684,thu_pm,0.0,0.00014273844135459512,0.0,0.5,,0.2,20
D,GAT+LSTM_no_adapt,4,2685,thu_pm,0.0,0.00015122971672099084,0.0,0.5,,0.2,20
D,GAT+LSTM_no_adapt,4,2686,thu_pm,0.0,0.00021809746976941824,0.0,0.5,,0.2,20
D,GAT+LSTM_no_adapt,4,2687,thu_pm,0.0,0.0001844778744271025,0.0,0.5,,0.2,20
D,GAT+LSTM_no_adapt,4,2688,thu_pm,0.0,0.0001760681188898161,0.0,0.5,,0.2,20
D,GAT+LSTM_no_adapt,4,2689,thu_pm,0.0,0.0001455094461562112,0.0,0.5,,0.15,20
D,GAT+LSTM_no_adapt,4,2690,thu_pm,0.0,0.00117537344340235,0.0,0.5,,0.1,20
D,GAT+LSTM_no_adapt,4,2691,thu_pm,0.0,0.0001692684891168028,0.0,0.5,,0.05,20
D,GAT+LSTM_no_adapt,4,2692,thu_pm,0.0,0.00014145598106551915,0.0,0.5,,0.0,20
D,GAT+LSTM_no_adapt,4,2693,thu_pm,0.0,0.0001386160438414663,0.0,0.5,,0.0,20
D,GAT+LSTM_no_adapt,4,2694,thu_pm,0.0,0.00022429080854635686,0.0,0.5,,0.0,20
D,GAT+LSTM_no_adapt,4,2695,thu_pm,0.0,0.0001431792916264385,0.0,0.5,,0.0,20
D,GAT+LSTM_no_adapt,4,2696,thu_pm,0.0,0.00018014665693044662,0.0,0.5,,0.0,20
D,GAT+LSTM_no_adapt,5,3055,fri_am,0.0,0.00018315600755158812,0.0,0.5,,0.0,20
D,GAT+LSTM_no_adapt,5,3056,fri_am,0.0,0.00019691709894686937,0.0,0.5,,0.0,20
D,GAT+LSTM_no_adapt,5,3057,fri_am,0.0,0.00018550852837506682,0.0,0.5,,0.0,20
D,GAT+LSTM_no_adapt,5,3058,fri_am,0.0,0.00020129859331063926,0.0,0.5,,0.0,20
D,GAT+LSTM_no_adapt,5,3059,fri_am,0.0,0.00024118818691931665,0.0,0.5,,0.0,20
D,GAT+LSTM_no_adapt,5,3060,fri_am,0.0,0.0002445620484650135,0.0,0.5,,0.0,20
D,GAT+LSTM_no_adapt,5,3061,fri_am,0.0,0.00024156144354492426,0.0,0.5,,0.0,20
D,GAT+LSTM_no_adapt,5,3062,fri_am,0.0,0.00023176903778221458,0.0,0.5,,0.0,20
D,GAT+LSTM_no_adapt,5,3063,fri_am,0.0,0.0002493418287485838,0.0,0.5,,0.0,20
D,GAT+LSTM_no_adapt,5,3064,fri_am,0.0,0.0008410648442804813,0.0,0.5,,0.0,20
D,GAT+LSTM_no_adapt,5,3065,fri_am,0.0,0.0002621678286232054,0.0,0.5,,0.0,20
D,GAT+LSTM_no_adapt,5,3066,fri_am,0.0,0.0005940514383837581,0.0,0.5,,0.0,20
D,GAT+LSTM_no_adapt,5,3067,fri_am,0.0,0.0008669027010910213,0.0,0.5,,0.0,20
D,GAT+LSTM_no_adapt,5,3068,fri_am,0.0,0.0004321006126701832,0.0,0.5,,0.0,20
D,GAT+LSTM_no_adapt,5,3069,fri_am,0.0,0.001283122692257166,0.0,0.5,,0.0,20
D,GAT+LSTM_no_adapt,5,3070,fri_am,0.0,0.0003405124298296869,0.0,0.5,,0.0,20
D,GAT+LSTM_no_adapt,5,3071,fri_am,0.0,0.0002521850692573935,0.0,0.5,,0.0,20
D,GAT+LSTM_no_adapt,5,3072,fri_am,0.0,0.00021743513934779912,0.0,0.5,,0.0,20
D,GAT+LSTM_no_adapt,5,3073,fri_am,0.0,0.00028594728792086244,0.0,0.5,,0.0,20
D,GAT+LSTM_no_adapt,5,3074,fri_am,0.0,0.00021976804418954998,0.0,0.5,,0.0,20
D,GAT+LSTM_no_adapt,5,3075,fri_am,0.0,0.00016757569392211735,0.0,0.5,,0.0,20
D,GAT+LSTM_no_adapt,5,3076,fri_am,0.0,0.00014951129560358822,0.0,0.5,,0.0,20
D,GAT+LSTM_no_adapt,5,3077,fri_am,0.0,0.0001646163873374462,0.0,0.5,,0.0,20
D,GAT+LSTM_no_adapt,5,3078,fri_am,1.0,0.00037353133666329086,0.0,0.08333333333333333,0.736842105263158,0.0,20
D,GAT+LSTM_no_adapt,5,3079,fri_am,1.0,0.00019010565301869065,0.0,0.08670343137254902,0.4444444444444444,0.0,20
D,GAT+LSTM_no_adapt,5,3080,fri_am,0.0,0.00018387519230600446,0.0,0.08958333333333332,0.4722222222222222,0.0,20
D,GAT+LSTM_no_adapt,5,3081,fri_am,0.0,0.0003905113262590021,0.0,0.08363095238095238,0.4444444444444444,0.0,20
D,GAT+LSTM_no_adapt,5,3082,fri_am,0.0,0.00026032686582766473,0.0,0.08363095238095238,0.4444444444444444,0.0,20
D,GAT+LSTM_no_adapt,5,3083,fri_am,0.0,0.00021730849402956665,0.0,0.08363095238095238,0.4444444444444444,0.0,20
D,GAT+LSTM_no_adapt,5,3084,fri_am,0.0,0.0001398336753481999,0.0,0.09285714285714286,0.5,0.0,20
D,GAT+LSTM_no_adapt,5,3085,fri_am,0.0,0.00013990742445457727,0.0,0.0966117216117216,0.5277777777777778,0.0,20
D,GAT+LSTM_no_adapt,5,3086,fri_am,0.0,0.0001378865126753226,0.0,0.1092948717948718,0.5833333333333333,0.0,20
D,GAT+LSTM_no_adapt,5,3087,fri_am,0.0,0.00021891039796173573,0.0,0.12179487179487179,0.6111111111111112,0.0,20
D,GAT+LSTM_no_adapt,5,3088,fri_am,0.0,0.00018072662351187319,0.0,0.1477272727272727,0.6666666666666666,0.0,20
D,GAT+LSTM_no_adapt,5,3089,fri_am,0.0,0.0001446558890165761,0.0,0.19545454545454546,0.7222222222222222,0.0,20
D,GAT+LSTM_no_adapt,5,3090,fri_am,0.0,0.0001438941399101168,0.0,0.20277777777777778,0.75,0.0,20
D,GAT+LSTM_no_adapt,5,3091,fri_am,0.0,0.00013732019579038024,0.0,0.21180555555555555,0.7777777777777779,0.0,20
D,GAT+LSTM_no_adapt,5,3092,fri_am,0.0,0.00015797867672517896,0.0,0.2232142857142857,0.8055555555555556,0.0,20
D,GAT+LSTM_no_adapt,5,3093,fri_am,0.0,0.0044127875007689,0.0,0.18154761904761904,0.7777777777777779,0.0,20
D,GAT+LSTM_no_adapt,5,3094,fri_am,0.0,0.0003443702298682183,0.0,0.18154761904761904,0.7777777777777779,0.0,20
D,GAT+LSTM_no_adapt,5,3095,fri_am,0.0,0.0001723438035696745,0.0,0.18154761904761904,0.7777777777777779,0.0,20
D,GAT+LSTM_no_adapt,5,3096,fri_am,0.0,0.0001419509353581816,0.0,0.18154761904761904,0.7777777777777779,0.0,20
D,GAT+LSTM_no_adapt,5,3097,fri_am,0.0,0.00014593283412978053,0.0,0.18154761904761904,0.7777777777777779,0.0,20
D,GAT+LSTM_no_adapt,5,3098,fri_am,0.0,0.00033497114782221615,0.0,0.0625,0.631578947368421,0.0,20
D,GAT+LSTM_no_adapt,5,3099,fri_am,0.0,0.001157787861302495,0.0,0.5,,0.0,20
D,GAT+LSTM_no_adapt,5,3100,fri_am,0.0,0.00017361415666528046,0.0,0.5,,0.0,20
D,GAT+LSTM_no_adapt,5,3101,fri_am,0.0,0.00019527396943885833,0.0,0.5,,0.0,20
D,GAT+LSTM_no_adapt,5,3102,fri_am,0.0,0.0001801698381314054,0.0,0.5,,0.0,20
D,GAT+LSTM_no_adapt,5,3103,fri_am,0.0,0.00017452803149353713,0.0,0.5,,0.0,20
D,GAT+LSTM_no_adapt,5,3104,fri_am,0.0,0.0002739130286499858,0.0,0.5,,0.0,20
D,GAT+LSTM_no_adapt,5,3105,fri_am,0.0,0.00014321492926683277,0.0,0.5,,0.0,20
D,GAT+LSTM_no_adapt,5,3106,fri_am,0.0,0.00015422522847075015,0.0,0.5,,0.0,20
D,GAT+LSTM_no_adapt,5,3107,fri_am,0.0,0.00014115942758508027,0.0,0.5,,0.0,20
D,GAT+LSTM_no_adapt,5,3108,fri_am,0.0,0.00017587616457603872,0.0,0.5,,0.0,20
D,GAT+LSTM_no_adapt,5,3109,fri_am,0.0,0.00016382031026296318,0.0,0.5,,0.0,20
D,GAT+LSTM_no_adapt,5,3110,fri_am,1.0,0.00016947246331255883,0.0,0.041666666666666664,0.42105263157894735,0.0,20
D,GAT+LSTM_no_adapt,5,3111,fri_am,1.0,0.00020539684919640422,0.0,0.10096153846153846,0.5555555555555556,0.0,20
D,GAT+LSTM_no_adapt,5,3112,fri_am,1.0,0.00024418599787168205,0.0,0.16452991452991453,0.588235294117647,0.0,20
D,GAT+LSTM_no_adapt,5,3113,fri_am,1.0,0.00021156012371648103,0.0,0.25146520146520146,0.65625,0.0,20
D,GAT+LSTM_no_adapt,5,3114,fri_am,1.0,0.00019018325838260353,0.0,0.3393406593406594,0.7066666666666668,0.0,20
D,GAT+LSTM_no_adapt,5,3115,fri_am,1.0,0.000267090363195166,0.0,0.39501424501424504,0.7142857142857144,0.0,20
D,GAT+LSTM_no_adapt,5,3116,fri_am,1.0,0.00026335756410844624,0.0,0.4370464852607709,0.7032967032967032,0.0,20
D,GAT+LSTM_no_adapt,5,3117,fri_am,1.0,0.0004196380905341357,0.0,0.488284632034632,0.7083333333333333,0.0,20
D,GAT+LSTM_no_adapt,5,3118,fri_am,1.0,0.0006789541803300381,0.0,0.6071919592752926,0.7777777777777778,0.0,20
D,GAT+LSTM_no_adapt,5,3119,fri_am,1.0,0.00041531023452989757,0.0,0.8606511544011544,0.87,0.0,20
D,GAT+LSTM_no_adapt,5,3120,fri_am,1.0,0.0007000262849032879,0.0,0.8915641807687262,0.8787878787878787,0.0,20
D,GAT+LSTM_no_adapt,5,3121,fri_am,1.0,0.000731415580958128,0.0,0.9205657768157768,0.8958333333333333,0.0,20
D,GAT+LSTM_no_adapt,5,3122,fri_am,1.0,0.0010765366023406386,0.0,0.9373851042120271,0.901098901098901,0.0,20
D,GAT+LSTM_no_adapt,5,3123,fri_am,1.0,0.00039213019772432745,0.0,0.9507387453816024,0.9047619047619049,0.0,20
D,GAT+LSTM_no_adapt,5,3124,fri_am,1.0,0.0002368052228121087,0.0,0.9956944444444444,0.9866666666666667,0.0,20
D,GAT+LSTM_no_adapt,5,3125,fri_am,1.0,0.00017526012379676104,0.0,0.992172181372549,0.96875,0.0,20
D,GAT+LSTM_no_adapt,5,3126,fri_am,1.0,0.00015309717855416238,0.0,0.9862686922034036,0.9215686274509803,0.0,20
D,GAT+LSTM_no_adapt,5,3127,fri_am,1.0,0.00014714497956447303,0.0,0.981329788250583,0.8333333333333333,0.0,20
D,GAT+LSTM_no_adapt,5,3128,fri_am,1.0,0.0001581176184117794,0.0,0.9914421631995363,0.8421052631578947,0.0,20
D,GAT+LSTM_no_adapt,5,3129,fri_am,1.0,0.0002053424104815349,0.0,1.0000000000000002,,0.0,20
D,GAT+LSTM_no_adapt,5,3130,fri_am,0.0,0.0002115593379130587,0.0,0.9773122399751859,0.631578947368421,0.0,20
D,GAT+LSTM_no_adapt,5,3131,fri_am,1.0,0.00018623268988449126,0.0,0.9773122399751859,0.631578947368421,0.0,20
D,GAT+LSTM_no_adapt,5,3132,fri_am,0.0,0.0001621929695829749,0.0,0.9659370677720782,0.7222222222222223,0.0,20
D,GAT+LSTM_no_adapt,5,3133,fri_am,0.0,0.0001510852889623493,0.0,0.9588163033368826,0.7843137254901961,0.0,20
D,GAT+LSTM_no_adapt,5,3134,fri_am,1.0,0.00015041831647977233,0.0,0.9524621466071111,0.7450980392156863,0.0,20
D,GAT+LSTM_no_adapt,5,3135,fri_am,1.0,0.0001813366252463311,0.0,0.9468471733450791,0.7254901960784315,0.0,20
D,GAT+LSTM_no_adapt,5,3136,fri_am,1.0,0.00014501537953037769,0.0,0.9339224634913035,0.6666666666666666,0.0,20
D,GAT+LSTM_no_adapt,5,3137,fri_am,1.0,0.00016029083053581417,0.0,0.922964875327833,0.6274509803921569,0.0,20
D,GAT+LSTM_no_adapt,5,3138,fri_am,1.0,0.0001514594623586163,0.0,0.9107846535887877,0.5882352941176471,0.0,20
D,GAT+LSTM_no_adapt,5,3139,fri_am,1.0,0.00017235004634130746,0.0,0.901681012132205,0.5686274509803921,0.0,20
D,GAT+LSTM_no_adapt,5,3140,fri_am,1.0,0.00028881948674097657,0.0,0.901681012132205,0.5686274509803921,0.0,20
D,GAT+LSTM_no_adapt,5,3141,fri_am,1.0,0.00032457351335324347,0.0,0.901681012132205,0.5686274509803921,0.0,20
D,GAT+LSTM_no_adapt,5,3142,fri_am,1.0,0.0004484384844545275,0.0,0.901681012132205,0.5686274509803921,0.0,20
D,GAT+LSTM_no_adapt,5,3143,fri_am,1.0,0.0005241445614956319,0.0,0.901681012132205,0.5686274509803921,0.0,20
D,GAT+LSTM_no_adapt,5,3144,fri_am,1.0,0.0005301809869706631,0.0,0.901681012132205,0.5686274509803921,0.0,20
D,GAT+LSTM_no_adapt,5,3145,fri_am,1.0,0.00035504321567714214,0.0,0.9107846535887877,0.5882352941176471,0.0,20
D,GAT+LSTM_no_adapt,5,3146,fri_am,1.0,0.0005571467336267233,0.0,0.922964875327833,0.6274509803921569,0.0,20
D,GAT+LSTM_no_adapt,5,3147,fri_am,1.0,0.00027791832690127194,0.0,0.9368780574936102,0.6862745098039216,0.0,20
D,GAT+LSTM_no_adapt,5,3148,fri_am,1.0,0.00016672175843268633,0.0,0.9406380230182816,0.7058823529411765,0.0,20
D,GAT+LSTM_no_adapt,5,3149,fri_am,1.0,0.0001540641242172569,0.0,0.9368780574936102,0.6862745098039216,0.0,20
D,GAT+LSTM_no_adapt,5,3150,fri_am,1.0,0.00020161745487712324,0.0,0.9774938094146042,0.8055555555555556,0.0,20
D,GAT+LSTM_no_adapt,5,3151,fri_am,1.0,0.00014020029630046338,0.0,0.9703886347236452,0.75,0.0,20
D,GAT+LSTM_no_adapt,5,3152,fri_am,1.0,0.0001316716952715069,0.0,0.9882494387413319,0.7894736842105263,0.0,20
D,GAT+LSTM_no_adapt,5,3153,fri_am,1.0,0.00013328051136340946,0.0,1.0000000000000002,,0.0,20
D,GAT+LSTM_no_adapt,5,3154,fri_am,1.0,0.00013916300667915493,0.0,1.0000000000000002,,0.0,20
D,GAT+LSTM_no_adapt,5,3155,fri_am,1.0,0.00017828778072725981,0.0,1.0000000000000002,,0.0,20
D,GAT+LSTM_no_adapt,5,3156,fri_am,1.0,0.00019651926413644105,0.0,1.0000000000000002,,0.0,20
D,GAT+LSTM_no_adapt,5,3157,fri_am,1.0,0.00024997119908221066,0.0,1.0000000000000002,,0.0,20
D,GAT+LSTM_no_adapt,5,3158,fri_am,1.0,0.0001956090418389067,0.0,1.0000000000000002,,0.0,20
D,GAT+LSTM_no_adapt,5,3159,fri_am,1.0,0.00015735311899334192,0.0,1.0000000000000002,,0.0,20
D,GAT+LSTM_no_adapt,5,3160,fri_am,1.0,0.00014770023699384183,0.0,1.0000000000000002,,0.0,20
D,GAT+LSTM_no_adapt,5,3161,fri_am,1.0,0.00014960055705159903,0.0,1.0000000000000002,,0.0,20
D,GAT+LSTM_no_adapt,5,3162,fri_am,1.0,0.0001625924778636545,0.0,1.0000000000000002,,0.0,20
D,GAT+LSTM_no_adapt,5,3163,fri_am,1.0,0.00020690762903541327,0.0,1.0000000000000002,,0.0,20
D,GAT+LSTM_no_adapt,5,3164,fri_am,1.0,0.00027603760827332735,0.0,1.0000000000000002,,0.0,20
D,GAT+LSTM_no_adapt,5,3165,fri_am,1.0,0.00028631853638216853,0.0,1.0000000000000002,,0.0,20
D,GAT+LSTM_no_adapt,5,3166,fri_am,1.0,0.0004644086875487119,0.0,1.0000000000000002,,0.0,20
D,GAT+LSTM_no_adapt,5,3167,fri_am,1.0,0.0006605100934393704,0.0,1.0000000000000002,,0.0,20
D,GAT+LSTM_no_adapt,5,3168,fri_am,1.0,0.00048364271060563624,0.0,1.0000000000000002,,0.0,20
D,GAT+LSTM_no_adapt,5,3169,fri_am,1.0,0.0006985930958762765,0.0,1.0000000000000002,,0.0,20
D,GAT+LSTM_no_adapt,5,3170,fri_am,1.0,0.0003531336260493845,0.0,1.0000000000000002,,0.0,20
D,GAT+LSTM_no_adapt,5,3171,fri_am,1.0,0.00032292192918248475,0.0,1.0000000000000002,,0.0,20
D,GAT+LSTM_no_adapt,5,3172,fri_am,1.0,0.0002040563995251432,0.0,1.0000000000000002,,0.0,20
D,GAT+LSTM_no_adapt,5,3173,fri_am,1.0,0.0001763453328749165,0.0,1.0000000000000002,,0.0,20
D,GAT+LSTM_no_adapt,5,3174,fri_am,1.0,0.0003328424645587802,0.0,1.0000000000000002,,0.0,20
D,GAT+LSTM_no_adapt,5,3175,fri_am,0.0,0.00021243092487566173,0.0,0.9685096390673218,0.5263157894736842,0.0,20
D,GAT+LSTM_no_adapt,5,3176,fri_am,1.0,0.0001768139045452699,0.0,0.9685096390673218,0.5263157894736842,0.0,20
D,GAT+LSTM_no_adapt,5,3177,fri_am,1.0,0.00017065035353880376,0.0,0.9634857156223458,0.47368421052631576,0.0,20
D,GAT+LSTM_no_adapt,5,3178,fri_am,1.0,0.00013806569040752947,0.0,0.9634857156223458,0.47368421052631576,0.0,20
D,GAT+LSTM_no_adapt,5,3179,fri_am,1.0,0.00013596825010608882,0.0,0.9634857156223458,0.47368421052631576,0.0,20
D,GAT+LSTM_no_adapt,5,3180,fri_am,1.0,0.0002844514965545386,0.0,0.9685096390673218,0.5263157894736842,0.0,20
D,GAT+LSTM_no_adapt,5,3181,fri_am,1.0,0.015272512100636959,0.0,0.9730949660210697,0.5789473684210527,0.0,20
D,GAT+LSTM_no_adapt,5,3182,fri_am,1.0,0.00030303551466204226,0.0,0.9773122399751859,0.631578947368421,0.0,20
D,GAT+LSTM_no_adapt,5,3183,fri_am,1.0,0.0002526184543967247,0.0,0.9812162307212817,0.6842105263157895,0.0,20
D,GAT+LSTM_no_adapt,5,3184,fri_am,1.0,0.00017680074961390346,0.0,0.9773122399751859,0.631578947368421,0.0,20
D,GAT+LSTM_no_adapt,5,3185,fri_am,1.0,0.00027620504260994494,0.0,0.9773122399751859,0.631578947368421,0.0,20
D,GAT+LSTM_no_adapt,5,3186,fri_am,1.0,0.00028003897750750184,0.0,0.9773122399751859,0.631578947368421,0.0,20
D,GAT+LSTM_no_adapt,5,3187,fri_am,0.0,0.00018881041614804417,0.0,0.9558938090155842,0.6388888888888888,0.0,20
D,GAT+LSTM_no_adapt,5,3188,fri_am,1.0,0.0001539689692435786,0.0,0.9472635503853255,0.5833333333333334,0.0,20
D,GAT+LSTM_no_adapt,5,3189,fri_am,1.0,0.0002481754345353693,0.0,0.9472635503853255,0.5833333333333334,0.0,20
D,GAT+LSTM_no_adapt,5,3190,fri_am,1.0,0.0009777303785085678,0.0,0.9472635503853255,0.5833333333333334,0.0,20
D,GAT+LSTM_no_adapt,5,3191,fri_am,1.0,0.0001624374999664724,0.0,0.9378974535192287,0.5277777777777778,0.0,20
D,GAT+LSTM_no_adapt,5,3192,fri_am,1.0,0.00024217441387008876,0.0,0.943200483822259,0.5555555555555556,0.0,20
D,GAT+LSTM_no_adapt,5,3193,fri_am,1.0,0.00016547925770282745,0.0,0.943200483822259,0.5555555555555556,0.0,20
D,GAT+LSTM_no_adapt,5,3194,fri_am,1.0,0.00014533915964420885,0.0,0.9335203491421243,0.5,0.0,20
D,GAT+LSTM_no_adapt,5,3195,fri_am,0.0,0.00013729505008086562,0.0,0.9616114652556862,0.7222222222222222,0.0,20
D,GAT+LSTM_no_adapt,5,3196,fri_am,0.0,0.00017229205695912242,0.0,0.9375897357867855,0.6862745098039216,0.0,20
D,GAT+LSTM_no_adapt,5,3197,fri_am,0.0,0.00014293020649347454,0.0,0.9344902316143608,0.75,0.0,20
D,GAT+LSTM_no_adapt,5,3198,fri_am,1.0,0.00017612554074730724,0.0,0.9422015001252617,0.78125,0.0,20
D,GAT+LSTM_no_adapt,5,3199,fri_am,0.0,0.00018590145919006318,0.0,0.9274036257859787,0.7866666666666666,0.0,20
D,GAT+LSTM_no_adapt,5,3200,fri_am,1.0,0.00015944585902616382,0.0,0.9105249489073017,0.7466666666666667,0.0,20
D,GAT+LSTM_no_adapt,5,3201,fri_am,0.0,0.0001549182488815859,0.0,0.8897514017261916,0.75,0.0,20
D,GAT+LSTM_no_adapt,5,3202,fri_am,1.0,0.0001543764810776338,0.0,0.8641973922436106,0.7023809523809523,0.0,20
D,GAT+LSTM_no_adapt,5,3203,fri_am,0.0,0.00015123952471185476,0.0,0.8374960258444419,0.7142857142857143,0.0,20
D,GAT+LSTM_no_adapt,5,3204,fri_am,1.0,0.00016399128071498126,0.0,0.8312994446478608,0.7032967032967034,0.0,20
D,GAT+LSTM_no_adapt,5,3205,fri_am,1.0,0.00020027357095386833,0.0,0.8312994446478608,0.7032967032967034,0.0,20
D,GAT+LSTM_no_adapt,5,3206,fri_am,1.0,0.00014655910490546376,0.0,0.7930588673518537,0.6483516483516484,0.0,20
D,GAT+LSTM_no_adapt,5,3207,fri_am,1.0,0.0003493408439680934,0.0,0.8665563428168469,0.7261904761904762,0.0,20
D,GAT+LSTM_no_adapt,5,3208,fri_am,0.0,0.00027578294975683093,0.0,0.773993637709701,0.6593406593406593,0.0,20
D,GAT+LSTM_no_adapt,5,3209,fri_am,1.0,0.0004255888925399631,0.0,0.7964295351455983,0.6703296703296704,0.0,20
D,GAT+LSTM_no_adapt,5,3210,fri_am,1.0,0.00013995238987263292,0.0,0.7467506713339054,0.6043956043956045,0.0,20
D,GAT+LSTM_no_adapt,5,3211,fri_am,1.0,0.0001744624605635181,0.0,0.7533898654730995,0.6153846153846154,0.0,20
D,GAT+LSTM_no_adapt,5,3212,fri_am,1.0,0.00030606388463638723,0.0,0.7758257629089969,0.6263736263736264,0.0,20
D,GAT+LSTM_no_adapt,5,3213,fri_am,1.0,0.00017192757513839751,0.0,0.7758257629089969,0.6263736263736264,0.0,20
D,GAT+LSTM_no_adapt,5,3214,fri_am,1.0,0.0008555063977837563,0.0,0.8169635247198355,0.6813186813186813,0.0,20
D,GAT+LSTM_no_adapt,5,3215,fri_am,0.0,0.00016452364798169583,0.0,0.7987580162487877,0.6263736263736264,0.0,20
D,GAT+LSTM_no_adapt,5,3216,fri_am,1.0,0.0009942069882526994,0.0,0.8494299222572109,0.6666666666666667,0.0,20
D,GAT+LSTM_no_adapt,5,3217,fri_am,1.0,0.0006160220364108682,0.0,0.8726963086792807,0.64,0.0,20
D,GAT+LSTM_no_adapt,5,3218,fri_am,1.0,0.0001500098005635664,0.0,0.8619874206174515,0.6000000000000001,0.0,20
D,GAT+LSTM_no_adapt,5,3219,fri_am,1.0,0.00017946412845049053,0.0,0.8996407572851555,0.640625,0.0,20
D,GAT+LSTM_no_adapt,5,3220,fri_am,1.0,0.0002811314770951867,0.0,0.9125822428828911,0.671875,0.0,20
D,GAT+LSTM_no_adapt,5,3221,fri_am,1.0,0.00016722948930691928,0.0,0.9269780190468591,0.6470588235294117,0.0,20
D,GAT+LSTM_no_adapt,5,3222,fri_am,1.0,0.0002490128099452704,0.0,0.9307379845715305,0.6666666666666666,0.0,20
D,GAT+LSTM_no_adapt,5,3223,fri_am,0.0,0.00016379203589167446,0.0,0.9307379845715305,0.6666666666666666,0.0,20
D,GAT+LSTM_no_adapt,5,3224,fri_am,0.0,0.0017326236702501774,0.0,0.7607050835838569,0.515625,0.0,20
D,GAT+LSTM_no_adapt,5,3225,fri_am,1.0,0.0001926006661960855,0.0,0.7607050835838569,0.515625,0.0,20
D,GAT+LSTM_no_adapt,5,3226,fri_am,1.0,0.0001486937835579738,0.0,0.7607050835838569,0.515625,0.0,20
D,GAT+LSTM_no_adapt,5,3227,fri_am,1.0,0.00017889690934680402,0.0,0.7543186748536982,0.5,0.0,20
D,GAT+LSTM_no_adapt,5,3228,fri_am,1.0,0.004820602014660835,0.0,0.8516063319104659,0.5686274509803922,0.0,20
D,GAT+LSTM_no_adapt,5,3229,fri_am,1.0,0.00025129481218755245,0.0,0.8516063319104659,0.5686274509803922,0.0,20
D,GAT+LSTM_no_adapt,5,3230,fri_am,1.0,0.0002842993999365717,0.0,0.8578995845056216,0.607843137254902,0.0,20
D,GAT+LSTM_no_adapt,5,3231,fri_am,1.0,0.0001717306295176968,0.0,0.8578995845056216,0.607843137254902,0.0,20
D,GAT+LSTM_no_adapt,5,3232,fri_am,1.0,0.0002266949013574049,0.0,0.8578995845056216,0.607843137254902,0.0,20
D,GAT+LSTM_no_adapt,5,3233,fri_am,1.0,0.0007100116927176714,0.0,0.8578995845056216,0.607843137254902,0.0,20
D,GAT+LSTM_no_adapt,5,3234,fri_am,1.0,0.0001940152869792655,0.0,0.8578995845056216,0.607843137254902,0.0,20
D,GAT+LSTM_no_adapt,5,3235,fri_am,1.0,0.00017648680659476668,0.0,0.8682800293674907,0.4722222222222222,0.0,20
D,GAT+LSTM_no_adapt,5,3236,fri_am,1.0,0.0008047428564168513,0.0,0.8682800293674907,0.4722222222222222,0.0,20
D,GAT+LSTM_no_adapt,5,3237,fri_am,1.0,0.0032850243151187897,0.0,0.8914281775156389,0.5,0.0,20
D,GAT+LSTM_no_adapt,5,3238,fri_am,1.0,0.00018763687694445252,0.0,0.8942613770722646,0.5277777777777778,0.0,20
D,GAT+LSTM_no_adapt,5,3239,fri_am,1.0,0.7694568634033203,0.10526315789473684,0.9104650807759683,0.5555555555555556,0.0,20
D,GAT+LSTM_no_adapt,5,3666,fri_pm_scan,0.0,0.11007469147443771,0.1111111111111111,0.7982191390632476,0.3921568627450981,0.0,20
D,GAT+LSTM_no_adapt,5,3667,fri_pm_scan,1.0,0.10565243661403656,0.1111111111111111,0.8065524723965809,0.411764705882353,0.0,20
D,GAT+LSTM_no_adapt,5,3668,fri_pm_scan,0.0,0.038871508091688156,0.11764705882352941,0.7327311451126274,0.34375,0.0,20
D,GAT+LSTM_no_adapt,5,3669,fri_pm_scan,0.0,0.005882585421204567,0.11764705882352941,0.6812198476188415,0.140625,0.0,20
D,GAT+LSTM_no_adapt,5,3670,fri_pm_scan,0.0,0.004200809635221958,0.11764705882352941,0.6767555619045558,0.125,0.0,20
D,GAT+LSTM_no_adapt,5,3671,fri_pm_scan,0.0,0.0005071988562121987,0.125,0.6407726876380127,0.18666666666666665,0.0,20
D,GAT+LSTM_no_adapt,5,3672,fri_pm_scan,0.0,0.0001527007552795112,0.13333333333333333,0.6334406615670437,0.3333333333333333,0.0,20
D,GAT+LSTM_no_adapt,5,3673,fri_pm_scan,0.0,0.0003094739804510027,0.14285714285714285,0.6033765743398989,0.3626373626373627,0.0,20
D,GAT+LSTM_no_adapt,5,3674,fri_pm_scan,0.0,0.00017807423137128353,0.15384615384615385,0.5772525229471824,0.40625,0.0,20
D,GAT+LSTM_no_adapt,5,3675,fri_pm_scan,0.0,0.0003137196181342006,0.16666666666666666,0.5500490415157597,0.42424242424242425,0.0,20
D,GAT+LSTM_no_adapt,5,3676,fri_pm_scan,0.0,0.0001405078510288149,0.18181818181818182,0.5450077210371328,0.5,0.0,20
D,GAT+LSTM_no_adapt,5,3677,fri_pm_scan,0.0,0.00016969609714578837,0.2,0.5452881722489566,0.5757575757575757,0.0,20
D,GAT+LSTM_no_adapt,5,3678,fri_pm_scan,0.0,0.00018382014241069555,0.2222222222222222,0.5412831398585075,0.625,0.0,20
D,GAT+LSTM_no_adapt,5,3679,fri_pm_scan,0.0,0.0001582492986926809,0.25,0.5252250725465011,0.6483516483516483,0.0,20
D,GAT+LSTM_no_adapt,5,3680,fri_pm_scan,0.0,0.00014097917301114649,0.2857142857142857,0.5328823953823953,0.7023809523809523,0.0,20
D,GAT+LSTM_no_adapt,5,3681,fri_pm_scan,0.0,0.0001407720410497859,0.3333333333333333,0.5637445887445887,0.7866666666666667,0.0,20
D,GAT+LSTM_no_adapt,5,3682,fri_pm_scan,0.0,0.00014679112064186484,0.4,0.574025974025974,0.8125,0.0,20
D,GAT+LSTM_no_adapt,5,3683,fri_pm_scan,0.0,0.00019841241009999067,0.5,0.6065656565656565,0.8235294117647058,0.0,20
D,GAT+LSTM_no_adapt,5,3684,fri_pm_scan,0.0,0.0002600021834950894,0.6666666666666666,0.7916666666666666,0.9722222222222222,0.0,20
D,GAT+LSTM_no_adapt,5,3685,fri_pm_scan,0.0,0.0002298996114404872,0.0,0.25,0.9473684210526316,0.0,20
D,GAT+LSTM_no_adapt,5,3686,fri_pm_scan,0.0,0.00016230296751018614,0.0,1.0,1.0,0.0,20
D,GAT+LSTM_no_adapt,5,3687,fri_pm_scan,0.0,0.00511999661102891,0.0,0.5,,0.0,20
D,GAT+LSTM_no_adapt,5,3688,fri_pm_scan,0.0,0.0010822218609973788,0.0,0.5,,0.0,20
D,GAT+LSTM_no_adapt,5,3689,fri_pm_scan,0.0,0.0006034899270161986,0.0,0.5,,0.0,20
D,GAT+LSTM_no_adapt,5,3690,fri_pm_scan,0.0,0.06002810597419739,0.0,0.5,,0.0,20
D,GAT+LSTM_no_adapt,5,3691,fri_pm_scan,0.0,0.021413076668977737,0.0,0.5,,0.0,20
D,GAT+LSTM_no_adapt,5,3692,fri_pm_scan,0.0,0.09063868969678879,0.0,0.5,,0.0,20
D,GAT+LSTM_no_adapt,5,3693,fri_pm_scan,0.0,0.1327594518661499,0.0,0.5,,0.0,20
D,GAT+LSTM_no_adapt,5,3694,fri_pm_scan,0.0,0.0007140507805161178,0.0,0.5,,0.0,20
D,GAT+LSTM_no_adapt,5,3695,fri_pm_scan,0.0,0.0008145614992827177,0.0,0.5,,0.0,20
D,GAT+LSTM_no_adapt,5,3696,fri_pm_scan,0.0,0.0007529028225690126,0.0,0.5,,0.0,20
D,GAT+LSTM_no_adapt,5,3697,fri_pm_scan,0.0,0.00013495917664840817,0.0,0.5,,0.0,20
D,GAT+LSTM_no_adapt,5,3698,fri_pm_scan,0.0,0.00013746325566899031,0.0,0.5,,0.0,20
D,GAT+LSTM_no_adapt,5,3699,fri_pm_scan,0.0,0.0001492322626290843,0.0,0.5,,0.0,20
D,GAT+LSTM_no_adapt,5,3700,fri_pm_scan,0.0,0.00014502560952678323,0.0,0.5,,0.0,20
D,GAT+LSTM_no_adapt,5,3701,fri_pm_scan,1.0,0.00016001808398868889,0.0,0.03333333333333333,0.26315789473684215,0.0,20
D,GAT+LSTM_no_adapt,5,3702,fri_pm_scan,0.0,0.0001427762908861041,0.0,0.03333333333333333,0.26315789473684215,0.0,20
D,GAT+LSTM_no_adapt,5,3703,fri_pm_scan,1.0,0.00013955820759292692,0.0,0.06034080298786181,0.19444444444444448,0.0,20
D,GAT+LSTM_no_adapt,5,3704,fri_pm_scan,1.0,0.00014150913921184838,0.0,0.09023064353946707,0.1764705882352941,0.0,20
D,GAT+LSTM_no_adapt,5,3705,fri_pm_scan,1.0,0.00014710091636516154,0.0,0.12540961897579544,0.203125,0.0,20
D,GAT+LSTM_no_adapt,5,3706,fri_pm_scan,1.0,0.00015169489779509604,0.0,0.1652482729688612,0.24000000000000002,0.0,20
D,GAT+LSTM_no_adapt,5,3707,fri_pm_scan,1.0,0.00015943811740726233,0.0,0.20847404229757172,0.2738095238095238,0.0,20
D,GAT+LSTM_no_adapt,5,3708,fri_pm_scan,1.0,0.00017068046145141125,0.0,0.2552226076910951,0.30769230769230765,0.0,20
D,GAT+LSTM_no_adapt,5,3709,fri_pm_scan,0.0,0.0001428923278581351,0.0,0.27023576913282793,0.3626373626373626,0.0,20
D,GAT+LSTM_no_adapt,5,3710,fri_pm_scan,0.0,0.0001486932160332799,0.0,0.2841143508685525,0.4065934065934066,0.0,20
D,GAT+LSTM_no_adapt,5,3711,fri_pm_scan,0.0,0.00014783338701818138,0.0,0.3017447363560809,0.4505494505494505,0.0,20
D,GAT+LSTM_no_adapt,5,3712,fri_pm_scan,0.0,0.00017411696899216622,0.0,0.3017447363560809,0.4505494505494505,0.0,20
D,GAT+LSTM_no_adapt,5,3713,fri_pm_scan,0.0,0.00013965737889520824,0.0,0.3324482823432403,0.5164835164835164,0.0,20
D,GAT+LSTM_no_adapt,5,3714,fri_pm_scan,0.0,0.000144211167935282,0.0,0.3697241017619169,0.5714285714285714,0.0,20
D,GAT+LSTM_no_adapt,5,3715,fri_pm_scan,0.0,0.00013786704221274704,0.0,0.4301203814859277,0.6483516483516483,0.0,20
D,GAT+LSTM_no_adapt,5,3716,fri_pm_scan,0.0,0.0001326082565356046,0.0,0.5242554072911215,0.7252747252747253,0.0,20
D,GAT+LSTM_no_adapt,5,3717,fri_pm_scan,0.0,0.0005637414287775755,0.0,0.4301203814859277,0.6483516483516483,0.0,20
D,GAT+LSTM_no_adapt,5,3718,fri_pm_scan,0.0,0.00015314403572119772,0.0,0.40305743509525027,0.6043956043956044,0.0,20
D,GAT+LSTM_no_adapt,5,3719,fri_pm_scan,1.0,0.0001519176730653271,0.0,0.45460546908157196,0.625,0.0,20
D,GAT+LSTM_no_adapt,5,3720,fri_pm_scan,1.0,0.00016595568740740418,0.0,0.504859519565402,0.6363636363636364,0.0,20
D,GAT+LSTM_no_adapt,5,3721,fri_pm_scan,1.0,0.0002058807440334931,0.0,0.5141187788246612,0.6464646464646464,0.0,20
D,GAT+LSTM_no_adapt,5,3722,fri_pm_scan,0.0,0.00016655396029818803,0.0,0.4717549697941855,0.595959595959596,0.0,20
D,GAT+LSTM_no_adapt,5,3723,fri_pm_scan,0.0,0.00018448808987159282,0.0,0.41875011732548495,0.6041666666666666,0.0,20
D,GAT+LSTM_no_adapt,5,3724,fri_pm_scan,0.0,0.0001827715168474242,0.0,0.37270150484436193,0.6153846153846154,0.0,20
D,GAT+LSTM_no_adapt,5,3725,fri_pm_scan,0.0,0.0001326873170910403,0.0,0.36021524771524777,0.6785714285714285,0.0,20
D,GAT+LSTM_no_adapt,5,3726,fri_pm_scan,0.0,0.0001453700679121539,0.0,0.3368037518037518,0.72,0.0,20
D,GAT+LSTM_no_adapt,5,3727,fri_pm_scan,0.0,0.00015278378850780427,0.0,0.29471049783549785,0.734375,0.0,20
D,GAT+LSTM_no_adapt,5,3728,fri_pm_scan,0.0,0.00013390713138505816,0.0,0.24576719576719575,0.7450980392156863,0.0,20
D,GAT+LSTM_no_adapt,5,3729,fri_pm_scan,0.0,0.00014275245484896004,0.0,0.24576719576719575,0.7450980392156863,0.0,20
D,GAT+LSTM_no_adapt,5,3730,fri_pm_scan,0.0,0.00014471658505499363,0.0,0.24576719576719575,0.7450980392156863,0.0,20
D,GAT+LSTM_no_adapt,5,3731,fri_pm_scan,0.0,0.0001720656582619995,0.0,0.22759740259740258,0.7058823529411764,0.0,20
D,GAT+LSTM_no_adapt,5,3732,fri_pm_scan,0.0,0.00016320102440658957,0.0,0.23751803751803752,0.7254901960784313,0.0,20
D,GAT+LSTM_no_adapt,5,3733,fri_pm_scan,0.0,0.00017034407937899232,0.0,0.22077922077922074,0.6862745098039216,0.0,20
D,GAT+LSTM_no_adapt,5,3734,fri_pm_scan,0.0,0.00015738297952339053,0.0,0.21504884004884006,0.6666666666666666,0.0,20
D,GAT+LSTM_no_adapt,5,3735,fri_pm_scan,0.0,0.0001463552180211991,0.0,0.21504884004884006,0.6666666666666666,0.0,20
D,GAT+LSTM_no_adapt,5,3736,fri_pm_scan,0.0,0.00014656175335403532,0.0,0.21504884004884006,0.6666666666666666,0.0,20
D,GAT+LSTM_no_adapt,5,3737,fri_pm_scan,0.0,0.00013546149421017617,0.0,0.4806998556998557,0.7254901960784313,0.0,20
D,GAT+LSTM_no_adapt,5,3738,fri_pm_scan,0.0,0.00014950572222005576,0.0,0.48751803751803746,0.7450980392156863,0.0,20
D,GAT+LSTM_no_adapt,5,3739,fri_pm_scan,0.0,0.0002787377452477813,0.0,0.2232142857142857,0.8055555555555556,0.0,20
D,GAT+LSTM_no_adapt,5,3740,fri_pm_scan,0.0,0.00036977429408580065,0.0,0.16666666666666666,0.8947368421052632,0.0,20
D,GAT+LSTM_no_adapt,5,3741,fri_pm_scan,0.0,0.00015528220683336258,0.0,0.5,,0.0,20
D,GAT+LSTM_no_adapt,5,3742,fri_pm_scan,0.0,0.00013328331988304853,0.0,0.5,,0.0,20
D,GAT+LSTM_no_adapt,5,3743,fri_pm_scan,0.0,0.00014242167526390404,0.0,0.5,,0.0,20
D,GAT+LSTM_no_adapt,5,3744,fri_pm_scan,0.0,0.0006728595471940935,0.0,0.5,,0.0,20
D,GAT+LSTM_no_adapt,5,3745,fri_pm_scan,0.0,0.00016171086463145912,0.0,0.5,,0.0,20
D,GAT+LSTM_no_adapt,5,3746,fri_pm_scan,0.0,0.00015296789933927357,0.0,0.5,,0.0,20
D,GAT+LSTM_no_adapt,5,3747,fri_pm_scan,0.0,0.00014912075130268931,0.0,0.5,,0.0,20
D,GAT+LSTM_no_adapt,5,3748,fri_pm_scan,0.0,0.00013833795674145222,0.0,0.5,,0.0,20
D,GAT+LSTM_no_adapt,5,3749,fri_pm_scan,0.0,0.00013923905498813838,0.0,0.5,,0.0,20
D,GAT+LSTM_no_adapt,5,3750,fri_pm_scan,0.0,0.00015411718050017953,0.0,0.5,,0.0,20
D,GAT+LSTM_no_adapt,5,3751,fri_pm_scan,1.0,0.9596464037895203,1.0,1.0,1.0,0.0,20
D,GAT+LSTM_no_adapt,5,3752,fri_pm_scan,1.0,0.9921127557754517,1.0,1.0,1.0,0.0,20
D,GAT+LSTM_no_adapt,5,3753,fri_pm_scan,1.0,0.9969673752784729,1.0,1.0,1.0,0.0,20
D,GAT+LSTM_no_adapt,5,3754,fri_pm_scan,1.0,0.9972143769264221,1.0,1.0,1.0,0.0,20
D,GAT+LSTM_no_adapt,5,3755,fri_pm_scan,1.0,0.9972687363624573,1.0,1.0,1.0,0.0,20
D,GAT+LSTM_no_adapt,5,3756,fri_pm_scan,1.0,0.9972690939903259,1.0,1.0,1.0,0.0,20
D,GAT+LSTM_no_adapt,5,3757,fri_pm_scan,1.0,0.9972432851791382,1.0,0.9999999999999998,1.0,0.0,20
D,GAT+LSTM_no_adapt,5,3758,fri_pm_scan,1.0,0.9972878694534302,1.0,1.0,1.0,0.0,20
D,GAT+LSTM_no_adapt,5,3759,fri_pm_scan,1.0,0.9972478747367859,1.0,1.0000000000000002,1.0,0.0,20
D,GAT+LSTM_no_adapt,5,3760,fri_pm_scan,1.0,0.997300922870636,1.0,0.9999999999999999,1.0,0.0,20
D,GAT+LSTM_no_adapt,5,3761,fri_pm_scan,1.0,0.9972634315490723,1.0,1.0,1.0,0.0,20
D,GAT+LSTM_no_adapt,5,3762,fri_pm_scan,1.0,0.9972659349441528,1.0,1.0,1.0,0.0,20
D,GAT+LSTM_no_adapt,5,3763,fri_pm_scan,1.0,0.9972877502441406,1.0,0.9999999999999998,1.0,0.0,20
D,GAT+LSTM_no_adapt,5,3764,fri_pm_scan,1.0,0.9972677230834961,1.0,0.9999999999999999,1.0,0.0,20
D,GAT+LSTM_no_adapt,5,3765,fri_pm_scan,1.0,0.9972990155220032,1.0,1.0,1.0,0.0,20
D,GAT+LSTM_no_adapt,5,3766,fri_pm_scan,1.0,0.9973462820053101,1.0,1.0,1.0,0.0,20
D,GAT+LSTM_no_adapt,5,3767,fri_pm_scan,1.0,0.9973751306533813,1.0,1.0,1.0,0.0,20
D,GAT+LSTM_no_adapt,5,3768,fri_pm_scan,1.0,0.9973427653312683,1.0,1.0,1.0,0.0,20
D,GAT+LSTM_no_adapt,5,3769,fri_pm_scan,1.0,0.9972795844078064,1.0,0.9999999999999998,1.0,0.0,20
D,GAT+LSTM_no_adapt,5,3770,fri_pm_scan,1.0,0.9972984194755554,1.0,1.0000000000000002,,0.0,20
D,GAT+LSTM_no_adapt,5,3771,fri_pm_scan,1.0,0.9973300695419312,1.0,1.0000000000000002,,0.0,20
D,GAT+LSTM_no_adapt,5,3772,fri_pm_scan,1.0,0.9974592328071594,1.0,1.0000000000000002,,0.0,20
D,GAT+LSTM_no_adapt,5,3773,fri_pm_scan,1.0,0.997336208820343,1.0,1.0000000000000002,,0.0,20
D,GAT+LSTM_no_adapt,5,3774,fri_pm_scan,1.0,0.9973267316818237,1.0,1.0000000000000002,,0.0,20
D,GAT+LSTM_no_adapt,5,3775,fri_pm_scan,1.0,0.9972836971282959,1.0,1.0000000000000002,,0.0,20
D,GAT+LSTM_no_adapt,5,3776,fri_pm_scan,1.0,0.9973049163818359,1.0,1.0000000000000002,,0.0,20
D,GAT+LSTM_no_adapt,5,3777,fri_pm_scan,1.0,0.9973416924476624,1.0,1.0000000000000002,,0.0,20
D,GAT+LSTM_no_adapt,5,3778,fri_pm_scan,1.0,0.9973556995391846,1.0,1.0000000000000002,,0.0,20
D,GAT+LSTM_no_adapt,5,3779,fri_pm_scan,1.0,0.9976662397384644,1.0,1.0000000000000002,,0.0,20
D,GAT+LSTM_no_adapt,5,3780,fri_pm_scan,1.0,0.9972935318946838,1.0,1.0000000000000002,,0.0,20
D,GAT+LSTM_no_adapt,5,3781,fri_pm_scan,1.0,0.9973399043083191,1.0,1.0000000000000002,,0.0,20
D,GAT+LSTM_no_adapt,5,3782,fri_pm_scan,1.0,0.9974220991134644,1.0,1.0000000000000002,,0.0,20
D,GAT+LSTM_no_adapt,5,3783,fri_pm_scan,1.0,0.9973340034484863,1.0,1.0000000000000002,,0.0,20
D,GAT+LSTM_no_adapt,5,3784,fri_pm_scan,1.0,0.9973475933074951,1.0,1.0000000000000002,,0.0,20
D,GAT+LSTM_no_adapt,5,3785,fri_pm_scan,1.0,0.997326135635376,1.0,1.0000000000000002,,0.0,20
D,GAT+LSTM_no_adapt,5,3786,fri_pm_scan,1.0,0.9976857900619507,1.0,1.0000000000000002,,0.0,20
D,GAT+LSTM_no_adapt,5,3787,fri_pm_scan,1.0,0.9975395202636719,1.0,1.0000000000000002,,0.0,20
D,GAT+LSTM_no_adapt,5,3788,fri_pm_scan,1.0,0.9977133274078369,1.0,1.0000000000000002,,0.0,20
D,GAT+LSTM_no_adapt,5,3789,fri_pm_scan,1.0,0.9990708827972412,1.0,1.0000000000000002,,0.0,20
D,GAT+LSTM_no_adapt,5,3790,fri_pm_scan,1.0,0.9967695474624634,1.0,1.0000000000000002,,0.0,20
D,GAT+LSTM_no_adapt,5,3791,fri_pm_scan,1.0,0.9971290230751038,1.0,1.0000000000000002,,0.0,20
D,GAT+LSTM_no_adapt,5,3792,fri_pm_scan,1.0,0.9973401427268982,1.0,1.0000000000000002,,0.0,20
D,GAT+LSTM_no_adapt,5,3793,fri_pm_scan,1.0,0.9969087243080139,1.0,1.0000000000000002,,0.0,20
D,GAT+LSTM_no_adapt,5,3794,fri_pm_scan,1.0,0.9970024228096008,1.0,1.0000000000000002,,0.0,20
D,GAT+LSTM_no_adapt,5,3795,fri_pm_scan,1.0,0.9968848824501038,1.0,1.0000000000000002,,0.0,20
D,GAT+LSTM_no_adapt,5,3796,fri_pm_scan,1.0,0.9968019723892212,1.0,1.0000000000000002,,0.0,20
D,GAT+LSTM_no_adapt,5,3797,fri_pm_scan,1.0,0.9968245029449463,1.0,1.0000000000000002,,0.0,20
D,GAT+LSTM_no_adapt,5,3798,fri_pm_scan,1.0,0.9969112277030945,1.0,1.0000000000000002,,0.0,20
D,GAT+LSTM_no_adapt,5,3799,fri_pm_scan,1.0,0.996871292591095,1.0,1.0000000000000002,,0.0,20
D,GAT+LSTM_no_adapt,5,3800,fri_pm_scan,1.0,0.9968075752258301,1.0,1.0000000000000002,,0.0,20
D,GAT+LSTM_no_adapt,5,3801,fri_pm_scan,1.0,0.9969760179519653,1.0,1.0000000000000002,,0.0,20
D,GAT+LSTM_no_adapt,5,3802,fri_pm_scan,1.0,0.9970679879188538,1.0,1.0000000000000002,,0.0,20
D,GAT+LSTM_no_adapt,5,3803,fri_pm_scan,1.0,0.9972310662269592,1.0,1.0000000000000002,,0.0,20
D,GAT+LSTM_no_adapt,5,3804,fri_pm_scan,1.0,0.9969953298568726,1.0,1.0000000000000002,,0.0,20
D,GAT+LSTM_no_adapt,5,3805,fri_pm_scan,1.0,0.9969844222068787,1.0,1.0000000000000002,,0.0,20
D,GAT+LSTM_no_adapt,5,3806,fri_pm_scan,1.0,0.9970278143882751,1.0,1.0000000000000002,,0.0,20
D,GAT+LSTM_no_adapt,5,3807,fri_pm_scan,1.0,0.9968473315238953,1.0,1.0000000000000002,,0.0,20
D,GAT+LSTM_no_adapt,5,3808,fri_pm_scan,1.0,0.9969346523284912,1.0,1.0000000000000002,,0.0,20
D,GAT+LSTM_no_adapt,5,3809,fri_pm_scan,1.0,0.996882438659668,1.0,1.0000000000000002,,0.0,20
D,GAT+LSTM_no_adapt,5,3810,fri_pm_scan,1.0,0.9970537424087524,1.0,1.0000000000000002,,0.0,20
D,GAT+LSTM_no_adapt,5,3811,fri_pm_scan,1.0,0.9969276785850525,1.0,1.0000000000000002,,0.0,20
D,GAT+LSTM_no_adapt,5,3812,fri_pm_scan,1.0,0.996931791305542,1.0,1.0000000000000002,,0.0,20
D,GAT+LSTM_no_adapt,5,3813,fri_pm_scan,1.0,0.9970217347145081,1.0,1.0000000000000002,,0.0,20
D,GAT+LSTM_no_adapt,5,3814,fri_pm_scan,1.0,0.9969847798347473,1.0,1.0000000000000002,,0.0,20
D,GAT+LSTM_no_adapt,5,3815,fri_pm_scan,1.0,0.9968612194061279,1.0,1.0000000000000002,,0.0,20
D,GAT+LSTM_no_adapt,5,3816,fri_pm_scan,1.0,0.9968562126159668,1.0,1.0000000000000002,,0.0,20
D,GAT+LSTM_no_adapt,5,3817,fri_pm_scan,1.0,0.9970518350601196,1.0,1.0000000000000002,,0.0,20
D,GAT+LSTM_no_adapt,5,3818,fri_pm_scan,1.0,0.9969503283500671,1.0,1.0000000000000002,,0.0,20
D,GAT+LSTM_no_adapt,5,3819,fri_pm_scan,1.0,0.9970281720161438,1.0,1.0000000000000002,,0.0,20
D,GAT+LSTM_no_adapt,5,3820,fri_pm_scan,1.0,0.9970786571502686,1.0,1.0000000000000002,,0.0,20
D,GAT+LSTM_no_adapt,5,3821,fri_pm_scan,1.0,0.9970224499702454,1.0,1.0000000000000002,,0.0,20
D,GAT+LSTM_no_adapt,5,3822,fri_pm_scan,1.0,0.9975966811180115,1.0,1.0000000000000002,,0.0,20
D,GAT+LSTM_no_adapt,5,3823,fri_pm_scan,1.0,0.9969229102134705,1.0,1.0000000000000002,,0.0,20
D,GAT+LSTM_no_adapt,5,3824,fri_pm_scan,1.0,0.9971230626106262,1.0,1.0000000000000002,,0.0,20
D,GAT+LSTM_no_adapt,5,3825,fri_pm_scan,1.0,0.9968632459640503,1.0,1.0000000000000002,,0.0,20
D,GAT+LSTM_no_adapt,5,3826,fri_pm_scan,1.0,0.9970274567604065,1.0,1.0000000000000002,,0.0,20
D,GAT+LSTM_no_adapt,5,3827,fri_pm_scan,1.0,0.99703049659729,1.0,1.0000000000000002,,0.0,20
D,GAT+LSTM_no_adapt,5,3828,fri_pm_scan,1.0,0.9969471096992493,1.0,1.0000000000000002,,0.0,20
D,GAT+LSTM_no_adapt,5,3829,fri_pm_scan,1.0,0.9971400499343872,1.0,1.0000000000000002,,0.0,20
D,GAT+LSTM_no_adapt,5,3830,fri_pm_scan,1.0,0.9973400235176086,1.0,1.0000000000000002,,0.0,20
D,GAT+LSTM_no_adapt,5,3831,fri_pm_scan,1.0,0.9976916313171387,1.0,1.0000000000000002,,0.0,20
D,GAT+LSTM_no_adapt,5,3832,fri_pm_scan,1.0,0.9974246025085449,1.0,1.0000000000000002,,0.0,20
D,GAT+LSTM_no_adapt,5,3833,fri_pm_scan,1.0,0.9980490207672119,1.0,1.0000000000000002,,0.0,20
D,GAT+LSTM_no_adapt,5,3834,fri_pm_scan,1.0,0.9973545074462891,1.0,1.0000000000000002,,0.0,20
D,GAT+LSTM_no_adapt,5,3835,fri_pm_scan,1.0,0.9970811009407043,1.0,1.0000000000000002,,0.0,20
D,GAT+LSTM_no_adapt,5,3836,fri_pm_scan,1.0,0.9970219731330872,1.0,1.0000000000000002,,0.0,20
D,GAT+LSTM_no_adapt,5,3837,fri_pm_scan,1.0,0.9976733326911926,1.0,1.0000000000000002,,0.0,20
D,GAT+LSTM_no_adapt,5,3838,fri_pm_scan,0.0,0.9915720224380493,0.9743589743589743,0.9999999999999998,1.0,1.0,20
D,GAT+LSTM_no_adapt,5,3839,fri_pm_scan,0.0,0.9361776113510132,0.9473684210526315,1.0,1.0,1.0,20
D,GAT+LSTM_no_adapt,5,3840,fri_pm_scan,0.0,0.8660755157470703,0.918918918918919,1.0,1.0,1.0,20
D,GAT+LSTM_no_adapt,5,3841,fri_pm_scan,0.0,0.9287810921669006,0.8888888888888888,1.0,1.0,1.0,20
D,GAT+LSTM_no_adapt,5,3842,fri_pm_scan,0.0,0.3185015618801117,0.8823529411764706,1.0,1.0,0.8,20
D,GAT+LSTM_no_adapt,5,3843,fri_pm_scan,1.0,0.022228438407182693,0.8484848484848485,0.9828947368421053,0.9333333333333333,0.8,20
D,GAT+LSTM_no_adapt,5,3844,fri_pm_scan,0.0,0.00018393217760603875,0.8387096774193549,0.9806808688387635,0.9404761904761905,0.6666666666666666,20
D,GAT+LSTM_no_adapt,5,3845,fri_pm_scan,0.0,0.00015790684847161174,0.8275862068965517,0.978004022121669,0.9450549450549451,0.5714285714285714,20
D,GAT+LSTM_no_adapt,5,3846,fri_pm_scan,0.0,0.0002759010239969939,0.8148148148148148,0.9747242647058824,0.9479166666666666,0.5,20
D,GAT+LSTM_no_adapt,5,3847,fri_pm_scan,1.0,0.040951602160930634,0.7692307692307693,0.9478145424836603,0.8958333333333334,0.5,20
D,GAT+LSTM_no_adapt,5,3848,fri_pm_scan,1.0,0.9811710119247437,0.7692307692307693,0.9398599970291147,0.8854166666666667,0.5,20
D,GAT+LSTM_no_adapt,5,3849,fri_pm_scan,1.0,0.9973949193954468,0.7692307692307693,0.9398599970291147,0.8854166666666667,0.5,20
D,GAT+LSTM_no_adapt,5,3850,fri_pm_scan,1.0,0.9978870749473572,0.7692307692307693,0.9398599970291147,0.8854166666666667,0.5,20
D,GAT+LSTM_no_adapt,5,3851,fri_pm_scan,1.0,0.9975046515464783,0.7692307692307693,0.9398599970291147,0.8854166666666667,0.5,20
D,GAT+LSTM_no_adapt,5,3852,fri_pm_scan,1.0,0.9975107908248901,0.7692307692307693,0.9398599970291147,0.8854166666666667,0.5,20
D,GAT+LSTM_no_adapt,5,3853,fri_pm_scan,1.0,0.9991645812988281,0.7692307692307693,0.9398599970291147,0.8854166666666667,0.5,20
D,GAT+LSTM_no_adapt,5,3854,fri_pm_scan,1.0,0.9983507394790649,0.7692307692307693,0.9398599970291147,0.8854166666666667,0.5,20
D,GAT+LSTM_no_adapt,5,3855,fri_pm_scan,0.0,0.9872925281524658,0.72,0.9143291200777832,0.8585858585858587,0.5555555555555556,20
D,GAT+LSTM_no_adapt,5,3856,fri_pm_scan,0.0,0.9540761709213257,0.6666666666666666,0.8912173202614379,0.84,0.6,20
D,GAT+LSTM_no_adapt,5,3857,fri_pm_scan,1.0,0.9205795526504517,0.6666666666666666,0.8486532176973353,0.79,0.6,20
D,GAT+LSTM_no_adapt,5,3858,fri_pm_scan,0.0,0.7817810773849487,0.6666666666666666,0.8640870893812069,0.81,0.6,20
D,GAT+LSTM_no_adapt,5,3859,fri_pm_scan,1.0,0.007911276072263718,0.6666666666666666,0.8558137717897076,0.7777777777777779,0.5555555555555556,20
D,GAT+LSTM_no_adapt,5,3860,fri_pm_scan,0.0,0.00013657416275236756,0.6956521739130435,0.86733399176581,0.8080808080808082,0.4444444444444444,20
D,GAT+LSTM_no_adapt,5,3861,fri_pm_scan,0.0,0.0001365604839520529,0.7272727272727273,0.8874139749139749,0.8484848484848485,0.3333333333333333,20
D,GAT+LSTM_no_adapt,5,3862,fri_pm_scan,0.0,0.00013529225543607026,0.7272727272727273,0.9027895084713267,0.8787878787878789,0.3333333333333333,20
D,GAT+LSTM_no_adapt,5,3863,fri_pm_scan,0.0,0.00017444016702938825,0.7619047619047619,0.9153212065712065,0.9099999999999999,0.3,20
D,GAT+LSTM_no_adapt,5,3864,fri_pm_scan,0.0,0.0002307470713276416,0.7619047619047619,0.9153212065712065,0.9099999999999999,0.3,20
D,GAT+LSTM_no_adapt,5,3865,fri_pm_scan,1.0,0.00018076332344207913,0.7272727272727273,0.8936632180950363,0.8585858585858586,0.3333333333333333,20
D,GAT+LSTM_no_adapt,5,3866,fri_pm_scan,1.0,0.009556190110743046,0.6956521739130435,0.889362604987605,0.8333333333333333,0.375,20
D,GAT+LSTM_no_adapt,5,3867,fri_pm_scan,1.0,0.5278559923171997,0.75,0.889362604987605,0.8333333333333333,0.375,20
D,GAT+LSTM_no_adapt,5,3868,fri_pm_scan,1.0,0.9844879508018494,0.75,0.889362604987605,0.8333333333333333,0.375,20
D,GAT+LSTM_no_adapt,5,3869,fri_pm_scan,1.0,0.9980196952819824,0.75,0.889362604987605,0.8333333333333333,0.375,20
D,GAT+LSTM_no_adapt,5,3870,fri_pm_scan,1.0,0.9972115159034729,0.75,0.889362604987605,0.8333333333333333,0.375,20
D,GAT+LSTM_no_adapt,5,3871,fri_pm_scan,1.0,0.9989659786224365,0.75,0.889362604987605,0.8333333333333333,0.375,20
D,GAT+LSTM_no_adapt,5,3872,fri_pm_scan,1.0,0.9983950257301331,0.75,0.889362604987605,0.8333333333333333,0.375,20
D,GAT+LSTM_no_adapt,5,3873,fri_pm_scan,0.0,0.9937955141067505,0.6956521739130435,0.8297144143735053,0.7777777777777778,0.4444444444444444,20
D,GAT+LSTM_no_adapt,5,3874,fri_pm_scan,0.0,0.955396294593811,0.6363636363636364,0.7673627761127761,0.73,0.5,20
D,GAT+LSTM_no_adapt,5,3875,fri_pm_scan,0.0,0.8972700238227844,0.6363636363636364,0.7867873792873792,0.75,0.5,20
D,GAT+LSTM_no_adapt,5,3876,fri_pm_scan,0.0,0.794642448425293,0.6363636363636364,0.7954183316683316,0.76,0.5,20
D,GAT+LSTM_no_adapt,5,3877,fri_pm_scan,0.0,0.30924656987190247,0.6,0.7734984922484924,0.7474747474747475,0.45454545454545453,20
D,GAT+LSTM_no_adapt,5,3878,fri_pm_scan,0.0,0.004151880741119385,0.631578947368421,0.7895682249848917,0.7777777777777777,0.36363636363636365,20
D,GAT+LSTM_no_adapt,5,3879,fri_pm_scan,0.0,0.00018796099175233394,0.6666666666666666,0.8052714646464647,0.8125,0.3333333333333333,20
D,GAT+LSTM_no_adapt,5,4277,fri_pm_ddos,0.0,0.00017257979197893292,0.6666666666666666,0.8052714646464647,0.8125,0.3333333333333333,20
D,GAT+LSTM_no_adapt,5,4278,fri_pm_ddos,0.0,0.00015792701742611825,0.6666666666666666,0.8052714646464647,0.8125,0.3333333333333333,20
D,GAT+LSTM_no_adapt,5,4279,fri_pm_ddos,0.0,0.000172961808857508,0.6666666666666666,0.8052714646464647,0.8125,0.3333333333333333,20
D,GAT+LSTM_no_adapt,5,4280,fri_pm_ddos,0.0,0.00016000175673980266,0.6666666666666666,0.8052714646464647,0.8125,0.3333333333333333,20
D,GAT+LSTM_no_adapt,5,4281,fri_pm_ddos,0.0,0.00013395349378697574,0.6666666666666666,0.8094381313131314,0.8229166666666666,0.3333333333333333,20
D,GAT+LSTM_no_adapt,5,4282,fri_pm_ddos,0.0,0.00033685998641885817,0.7058823529411765,0.8512626262626262,0.8901098901098902,0.3076923076923077,20
D,GAT+LSTM_no_adapt,5,4283,fri_pm_ddos,0.0,0.00015076551062520593,0.75,0.899074074074074,0.9404761904761905,0.2857142857142857,20
D,GAT+LSTM_no_adapt,5,4284,fri_pm_ddos,0.0,0.0001339465961791575,0.7142857142857143,0.9633333333333334,0.9866666666666667,0.26666666666666666,20
D,GAT+LSTM_no_adapt,5,4285,fri_pm_ddos,0.0,0.00014851907326374203,0.6666666666666666,1.0,1.0,0.25,20
D,GAT+LSTM_no_adapt,5,4286,fri_pm_ddos,0.0,0.0001382704358547926,0.6,1.0,1.0,0.23529411764705882,20
D,GAT+LSTM_no_adapt,5,4287,fri_pm_ddos,0.0,0.000144331410410814,0.5,1.0,1.0,0.2222222222222222,20
D,GAT+LSTM_no_adapt,5,4288,fri_pm_ddos,0.0,0.0003297752409707755,0.3333333333333333,1.0,1.0,0.21052631578947367,20
D,GAT+LSTM_no_adapt,5,4289,fri_pm_ddos,0.0,0.00024864106671884656,0.0,0.5,,0.2,20
D,GAT+LSTM_no_adapt,5,4290,fri_pm_ddos,0.0,0.00021253321028780192,0.0,0.5,,0.15,20
D,GAT+LSTM_no_adapt,5,4291,fri_pm_ddos,0.0,0.00020922670955769718,0.0,0.5,,0.1,20
D,GAT+LSTM_no_adapt,5,4292,fri_pm_ddos,0.0,0.00019285683811176568,0.0,0.5,,0.05,20
D,GAT+LSTM_no_adapt,5,4293,fri_pm_ddos,0.0,0.0001622907439013943,0.0,0.5,,0.0,20
D,GAT+LSTM_no_adapt,5,4294,fri_pm_ddos,0.0,0.00016172797768376768,0.0,0.5,,0.0,20
D,GAT+LSTM_no_adapt,5,4295,fri_pm_ddos,1.0,0.008111177943646908,0.0,1.0,1.0,0.0,20
D,GAT+LSTM_no_adapt,5,4296,fri_pm_ddos,1.0,0.9848323464393616,0.6666666666666666,1.0,1.0,0.0,20
D,GAT+LSTM_no_adapt,5,4297,fri_pm_ddos,1.0,0.9954355359077454,0.8,1.0,1.0,0.0,20
D,GAT+LSTM_no_adapt,5,4298,fri_pm_ddos,1.0,0.9570367336273193,0.8571428571428571,1.0,1.0,0.0,20
D,GAT+LSTM_no_adapt,5,4299,fri_pm_ddos,1.0,0.9916062355041504,0.8888888888888888,1.0,1.0,0.0,20
D,GAT+LSTM_no_adapt,5,4300,fri_pm_ddos,1.0,0.9970318078994751,0.9090909090909091,1.0,1.0,0.0,20
D,GAT+LSTM_no_adapt,5,4301,fri_pm_ddos,1.0,0.997437596321106,0.9230769230769231,0.9999999999999998,1.0,0.0,20
D,GAT+LSTM_no_adapt,5,4302,fri_pm_ddos,1.0,0.9975300431251526,0.9333333333333333,1.0,1.0,0.0,20
D,GAT+LSTM_no_adapt,5,4303,fri_pm_ddos,1.0,0.9976298809051514,0.9411764705882353,1.0000000000000002,1.0,0.0,20
D,GAT+LSTM_no_adapt,5,4304,fri_pm_ddos,1.0,0.9976298809051514,0.9473684210526315,1.0,1.0,0.0,20
D,GAT+LSTM_no_adapt,5,4305,fri_pm_ddos,1.0,0.9977116584777832,0.9523809523809523,1.0,1.0,0.0,20
D,GAT+LSTM_no_adapt,5,4306,fri_pm_ddos,1.0,0.9975385665893555,0.9565217391304348,1.0,1.0,0.0,20
D,GAT+LSTM_no_adapt,5,4307,fri_pm_ddos,1.0,0.9986072182655334,0.96,1.0,1.0,0.0,20
D,GAT+LSTM_no_adapt,5,4308,fri_pm_ddos,0.0,0.9991207718849182,0.9230769230769231,0.7898065609604071,0.8571428571428572,0.14285714285714285,20
D,GAT+LSTM_no_adapt,5,4309,fri_pm_ddos,1.0,0.998469889163971,0.9285714285714286,0.8004836433407863,0.8333333333333334,0.16666666666666666,20
D,GAT+LSTM_no_adapt,5,4310,fri_pm_ddos,1.0,0.9973682761192322,0.9333333333333333,0.8094791782291781,0.8,0.2,20
D,GAT+LSTM_no_adapt,5,4311,fri_pm_ddos,1.0,0.9975104331970215,0.9375,0.8175953692957368,0.75,0.25,20
D,GAT+LSTM_no_adapt,5,4312,fri_pm_ddos,1.0,0.9978335499763489,0.9411764705882353,0.8251710467540917,0.6666666666666667,0.3333333333333333,20
D,GAT+LSTM_no_adapt,5,4313,fri_pm_ddos,1.0,0.9990236759185791,0.9444444444444444,0.8319777745474339,0.5,0.5,20
D,GAT+LSTM_no_adapt,5,4314,fri_pm_ddos,1.0,0.9975752234458923,0.9473684210526315,0.8381202185463226,0.0,1.0,20
D,GAT+LSTM_no_adapt,5,4315,fri_pm_ddos,1.0,0.9976509213447571,0.9743589743589743,0.8381724324143258,0.0,1.0,20
D,GAT+LSTM_no_adapt,5,4316,fri_pm_ddos,1.0,0.9984118938446045,0.9743589743589743,0.8382037607351279,0.0,1.0,20
D,GAT+LSTM_no_adapt,5,4317,fri_pm_ddos,0.0,0.9928646087646484,0.9473684210526315,0.8265362022069969,0.4444444444444444,1.0,20
D,GAT+LSTM_no_adapt,5,4318,fri_pm_ddos,0.0,0.9917703866958618,0.918918918918919,0.8196778226326576,0.627450980392157,1.0,20
D,GAT+LSTM_no_adapt,5,4319,fri_pm_ddos,1.0,0.997071385383606,0.918918918918919,0.8253694594525044,0.6666666666666667,1.0,20
D,GAT+LSTM_no_adapt,5,4320,fri_pm_ddos,1.0,0.9965429902076721,0.918918918918919,0.8253694594525044,0.6666666666666667,1.0,20
D,GAT+LSTM_no_adapt,5,4321,fri_pm_ddos,1.0,0.9972858428955078,0.918918918918919,0.8253694594525044,0.6666666666666667,1.0,20
D,GAT+LSTM_no_adapt,5,4322,fri_pm_ddos,1.0,0.998869001865387,0.918918918918919,0.8253917410924331,0.6666666666666667,1.0,20
D,GAT+LSTM_no_adapt,5,4323,fri_pm_ddos,1.0,0.9977532029151917,0.918918918918919,0.8254511587989095,0.6666666666666667,1.0,20
D,GAT+LSTM_no_adapt,5,4324,fri_pm_ddos,1.0,0.997688889503479,0.918918918918919,0.8254511587989095,0.6666666666666667,1.0,20
D,GAT+LSTM_no_adapt,5,4325,fri_pm_ddos,1.0,0.9976711869239807,0.918918918918919,0.8254511587989095,0.6666666666666667,1.0,20
D,GAT+LSTM_no_adapt,5,4326,fri_pm_ddos,1.0,0.9991568326950073,0.918918918918919,0.8695688058577331,0.6862745098039217,1.0,20
D,GAT+LSTM_no_adapt,5,4327,fri_pm_ddos,0.0,0.9983653426170349,0.8888888888888888,0.8119706172095879,0.59375,1.0,20
D,GAT+LSTM_no_adapt,5,4328,fri_pm_ddos,0.0,0.998691976070404,0.8888888888888888,0.8562414505429211,0.625,1.0,20
D,GAT+LSTM_no_adapt,5,4329,fri_pm_ddos,1.0,0.997398853302002,0.8888888888888888,0.8483545457810164,0.609375,1.0,20
D,GAT+LSTM_no_adapt,5,4330,fri_pm_ddos,1.0,0.9975294470787048,0.8888888888888888,0.8483545457810164,0.609375,1.0,20
D,GAT+LSTM_no_adapt,5,4331,fri_pm_ddos,1.0,0.9979028701782227,0.8888888888888888,0.8483545457810164,0.609375,1.0,20
D,GAT+LSTM_no_adapt,5,4332,fri_pm_ddos,1.0,0.9987887740135193,0.8888888888888888,0.8703039505429211,0.640625,1.0,20
D,GAT+LSTM_no_adapt,5,4333,fri_pm_ddos,1.0,0.9977370500564575,0.8888888888888888,0.8483545457810164,0.609375,1.0,20
D,GAT+LSTM_no_adapt,5,4334,fri_pm_ddos,1.0,0.9977349042892456,0.8888888888888888,0.8483545457810164,0.609375,1.0,20
D,GAT+LSTM_no_adapt,5,4335,fri_pm_ddos,1.0,0.9981221556663513,0.8888888888888888,0.8483545457810164,0.609375,1.0,20
D,GAT+LSTM_no_adapt,5,4336,fri_pm_ddos,0.0,0.9991139769554138,0.8571428571428571,0.732645051027404,0.49333333333333335,1.0,20
D,GAT+LSTM_no_adapt,5,4337,fri_pm_ddos,0.0,0.9989860653877258,0.8571428571428571,0.6644456987800641,0.30666666666666664,1.0,20
D,GAT+LSTM_no_adapt,5,4338,fri_pm_ddos,1.0,0.9975531697273254,0.8888888888888888,0.672588895237889,0.125,1.0,20
D,GAT+LSTM_no_adapt,5,4339,fri_pm_ddos,1.0,0.997612714767456,0.8888888888888888,0.672588895237889,0.125,1.0,20
D,GAT+LSTM_no_adapt,5,4340,fri_pm_ddos,1.0,0.9975563287734985,0.8888888888888888,0.672588895237889,0.125,1.0,20
D,GAT+LSTM_no_adapt,5,4341,fri_pm_ddos,1.0,0.9991483688354492,0.8888888888888888,0.7196127047616986,0.1875,1.0,20
D,GAT+LSTM_no_adapt,5,4342,fri_pm_ddos,1.0,0.9977185726165771,0.8888888888888888,0.7090472285712224,0.15625,1.0,20
D,GAT+LSTM_no_adapt,5,4343,fri_pm_ddos,1.0,0.9977790713310242,0.8888888888888888,0.7090472285712224,0.15625,1.0,20
D,GAT+LSTM_no_adapt,5,4344,fri_pm_ddos,1.0,0.9977127313613892,0.8888888888888888,0.7090472285712224,0.15625,1.0,20
D,GAT+LSTM_no_adapt,5,4345,fri_pm_ddos,1.0,0.9981221556663513,0.8888888888888888,0.7085511968251906,0.15625,1.0,20
D,GAT+LSTM_no_adapt,5,4346,fri_pm_ddos,0.0,0.9956800937652588,0.8571428571428571,0.652382206716572,0.27999999999999997,1.0,20
D,GAT+LSTM_no_adapt,5,4347,fri_pm_ddos,1.0,0.9971222281455994,0.8888888888888888,0.711756834335685,0.3125,1.0,20
D,GAT+LSTM_no_adapt,5,4348,fri_pm_ddos,1.0,0.9973516464233398,0.918918918918919,0.7808128783133337,0.37254901960784315,1.0,20
D,GAT+LSTM_no_adapt,5,4349,fri_pm_ddos,1.0,0.9975144863128662,0.918918918918919,0.7808128783133337,0.37254901960784315,1.0,20
D,GAT+LSTM_no_adapt,5,4350,fri_pm_ddos,1.0,0.9990512728691101,0.918918918918919,0.791036967949188,0.3921568627450981,1.0,20
D,GAT+LSTM_no_adapt,5,4351,fri_pm_ddos,1.0,0.9980311989784241,0.918918918918919,0.791036967949188,0.3921568627450981,1.0,20
D,GAT+LSTM_no_adapt,5,4352,fri_pm_ddos,1.0,0.997812032699585,0.918918918918919,0.7906167998819611,0.3921568627450981,1.0,20
D,GAT+LSTM_no_adapt,5,4353,fri_pm_ddos,1.0,0.9977929592132568,0.918918918918919,0.7906167998819611,0.3921568627450981,1.0,20
D,GAT+LSTM_no_adapt,5,4354,fri_pm_ddos,1.0,0.9991303086280823,0.918918918918919,0.8248604973609528,0.43137254901960786,1.0,20
D,GAT+LSTM_no_adapt,5,4355,fri_pm_ddos,1.0,0.9986534118652344,0.918918918918919,0.8254207214505885,0.43137254901960786,1.0,20
D,GAT+LSTM_no_adapt,5,4356,fri_pm_ddos,1.0,0.997422456741333,0.9473684210526315,0.9131616369812965,0.5833333333333334,1.0,20
D,GAT+LSTM_no_adapt,5,4357,fri_pm_ddos,1.0,0.9975200295448303,0.9743589743589743,0.9999999999999998,1.0,1.0,20
D,GAT+LSTM_no_adapt,5,4358,fri_pm_ddos,1.0,0.9986909031867981,0.9743589743589743,0.9999999999999998,1.0,1.0,20
D,GAT+LSTM_no_adapt,5,4359,fri_pm_ddos,1.0,0.9981929659843445,0.9743589743589743,0.9999999999999998,1.0,1.0,20
D,GAT+LSTM_no_adapt,5,4360,fri_pm_ddos,1.0,0.9977928400039673,0.9743589743589743,0.9999999999999998,1.0,1.0,20
D,GAT+LSTM_no_adapt,5,4361,fri_pm_ddos,1.0,0.9976422190666199,0.9743589743589743,0.9999999999999998,1.0,1.0,20
D,GAT+LSTM_no_adapt,5,4362,fri_pm_ddos,1.0,0.9987720847129822,0.9743589743589743,0.9999999999999998,1.0,1.0,20
D,GAT+LSTM_no_adapt,5,4363,fri_pm_ddos,0.0,0.9990505576133728,0.9473684210526315,0.8969579332775928,0.5555555555555556,1.0,20
D,GAT+LSTM_no_adapt,5,4364,fri_pm_ddos,1.0,0.9983293414115906,0.9473684210526315,0.8969579332775928,0.5555555555555556,1.0,20
D,GAT+LSTM_no_adapt,5,4365,fri_pm_ddos,1.0,0.9974907636642456,0.9473684210526315,0.8969579332775928,0.5555555555555556,1.0,20
D,GAT+LSTM_no_adapt,5,4366,fri_pm_ddos,1.0,0.9976601600646973,0.9743589743589743,0.8996803689222621,0.10526315789473684,1.0,20
D,GAT+LSTM_no_adapt,5,4367,fri_pm_ddos,1.0,0.9987710118293762,0.9743589743589743,0.8996803689222621,0.10526315789473684,1.0,20
D,GAT+LSTM_no_adapt,5,4368,fri_pm_ddos,1.0,0.9977867603302002,0.9743589743589743,0.8996803689222621,0.10526315789473684,1.0,20
D,GAT+LSTM_no_adapt,5,4369,fri_pm_ddos,1.0,0.997745931148529,0.9743589743589743,0.8996803689222621,0.10526315789473684,1.0,20
D,GAT+LSTM_no_adapt,5,4370,fri_pm_ddos,1.0,0.9982374906539917,0.9743589743589743,0.8777505443608586,0.05263157894736842,1.0,20
D,GAT+LSTM_no_adapt,5,4371,fri_pm_ddos,0.0,0.9988874793052673,0.9473684210526315,0.7882141121692205,0.05555555555555555,1.0,20
D,GAT+LSTM_no_adapt,5,4372,fri_pm_ddos,1.0,0.9979208111763,0.9473684210526315,0.7882141121692205,0.05555555555555555,1.0,20
D,GAT+LSTM_no_adapt,5,4373,fri_pm_ddos,1.0,0.9976031184196472,0.9473684210526315,0.7882141121692205,0.05555555555555555,1.0,20
D,GAT+LSTM_no_adapt,5,4374,fri_pm_ddos,1.0,0.9982839226722717,0.9473684210526315,0.7419178158729243,0.0,1.0,20
D,GAT+LSTM_no_adapt,5,4375,fri_pm_ddos,1.0,0.9988725781440735,0.9473684210526315,0.7419178158729243,0.0,1.0,20
D,GAT+LSTM_no_adapt,5,4376,fri_pm_ddos,1.0,0.9978591799736023,0.9473684210526315,0.7419178158729243,0.0,1.0,20
D,GAT+LSTM_no_adapt,5,4377,fri_pm_ddos,1.0,0.9975581169128418,0.9473684210526315,0.7419178158729243,0.0,1.0,20
D,GAT+LSTM_no_adapt,5,4378,fri_pm_ddos,1.0,0.9979318380355835,0.9473684210526315,0.7419178158729243,0.0,1.0,20
D,GAT+LSTM_no_adapt,5,4379,fri_pm_ddos,0.0,0.9985132813453674,0.918918918918919,0.6773596683471934,0.05882352941176472,1.0,20
D,GAT+LSTM_no_adapt,5,4380,fri_pm_ddos,1.0,0.9339720010757446,0.918918918918919,0.6773596683471934,0.05882352941176472,1.0,20
D,GAT+LSTM_no_adapt,5,4381,fri_pm_ddos,1.0,0.9886819124221802,0.918918918918919,0.6773596683471934,0.05882352941176472,1.0,20
D,GAT+LSTM_no_adapt,5,4382,fri_pm_ddos,1.0,0.9971588850021362,0.918918918918919,0.6714773154060169,0.03921568627450981,1.0,20
D,GAT+LSTM_no_adapt,5,4383,fri_pm_ddos,1.0,0.9977843165397644,0.9473684210526315,0.7558067047618131,0.05555555555555555,1.0,20
D,GAT+LSTM_no_adapt,5,4384,fri_pm_ddos,1.0,0.9980366826057434,0.9473684210526315,0.7558067047618131,0.05555555555555555,1.0,20
D,GAT+LSTM_no_adapt,5,4385,fri_pm_ddos,1.0,0.9975558519363403,0.9473684210526315,0.7558067047618131,0.05555555555555555,1.0,20
D,GAT+LSTM_no_adapt,5,4386,fri_pm_ddos,1.0,0.9979276657104492,0.9473684210526315,0.7558067047618131,0.05555555555555555,1.0,20
D,GAT+LSTM_no_adapt,5,4387,fri_pm_ddos,1.0,0.9952031373977661,0.9473684210526315,0.7465474455025538,0.027777777777777776,1.0,20
D,GAT+LSTM_no_adapt,5,4388,fri_pm_ddos,0.0,0.9738962650299072,0.918918918918919,0.7349838449456005,0.33333333333333337,1.0,20
D,GAT+LSTM_no_adapt,5,4389,fri_pm_ddos,1.0,0.9956499934196472,0.918918918918919,0.7349838449456005,0.33333333333333337,1.0,20
D,GAT+LSTM_no_adapt,5,4390,fri_pm_ddos,1.0,0.9975905418395996,0.918918918918919,0.7349838449456005,0.33333333333333337,1.0,20
D,GAT+LSTM_no_adapt,5,4391,fri_pm_ddos,1.0,0.9977284073829651,0.9473684210526315,0.8711132289241165,0.5,1.0,20
D,GAT+LSTM_no_adapt,5,4392,fri_pm_ddos,1.0,0.9981142282485962,0.9473684210526315,0.8711132289241165,0.5,1.0,20
D,GAT+LSTM_no_adapt,5,4393,fri_pm_ddos,1.0,0.9975047707557678,0.9473684210526315,0.8711132289241165,0.5,1.0,20
D,GAT+LSTM_no_adapt,5,4394,fri_pm_ddos,1.0,0.9975875616073608,0.9473684210526315,0.8711132289241165,0.5,1.0,20
D,GAT+LSTM_no_adapt,5,4395,fri_pm_ddos,1.0,0.9982113838195801,0.9473684210526315,0.8294465622574497,0.4722222222222222,1.0,20
D,GAT+LSTM_no_adapt,5,4396,fri_pm_ddos,0.0,0.9985503554344177,0.918918918918919,0.7300818841612868,0.3137254901960785,1.0,20
D,GAT+LSTM_no_adapt,5,4397,fri_pm_ddos,1.0,0.9965787529945374,0.918918918918919,0.7300818841612868,0.3137254901960785,1.0,20
D,GAT+LSTM_no_adapt,5,4398,fri_pm_ddos,1.0,0.9981303811073303,0.918918918918919,0.7300818841612868,0.3137254901960785,1.0,20
D,GAT+LSTM_no_adapt,5,4399,fri_pm_ddos,1.0,0.9985411167144775,0.9473684210526315,0.8294465622574497,0.4722222222222222,1.0,20
D,GAT+LSTM_no_adapt,5,4400,fri_pm_ddos,1.0,0.9979351758956909,0.9473684210526315,0.8321431184627779,0.5,1.0,20
D,GAT+LSTM_no_adapt,5,4401,fri_pm_ddos,1.0,0.9979169964790344,0.9473684210526315,0.8321431184627779,0.5,1.0,20
D,GAT+LSTM_no_adapt,5,4402,fri_pm_ddos,1.0,0.997495174407959,0.9473684210526315,0.8321431184627779,0.5,1.0,20
D,GAT+LSTM_no_adapt,5,4403,fri_pm_ddos,1.0,0.9975643157958984,0.9473684210526315,0.8321431184627779,0.5,1.0,20
D,GAT+LSTM_no_adapt,5,4404,fri_pm_ddos,1.0,0.9871633052825928,0.9473684210526315,0.8321431184627779,0.5,1.0,20
D,GAT+LSTM_no_adapt,5,4405,fri_pm_ddos,0.0,0.9959558844566345,0.918918918918919,0.8159537994836663,0.607843137254902,1.0,20
D,GAT+LSTM_no_adapt,5,4406,fri_pm_ddos,1.0,0.9886776804924011,0.918918918918919,0.81241738491784,0.5882352941176471,1.0,20
D,GAT+LSTM_no_adapt,5,4407,fri_pm_ddos,1.0,0.9907264709472656,0.918918918918919,0.81241738491784,0.5882352941176471,1.0,20
D,GAT+LSTM_no_adapt,5,4408,fri_pm_ddos,1.0,0.997383177280426,0.9473684210526315,0.8204768340152757,0.3888888888888889,1.0,20
D,GAT+LSTM_no_adapt,5,4409,fri_pm_ddos,1.0,0.9981194138526917,0.9473684210526315,0.8236290671307441,0.4166666666666667,1.0,20
D,GAT+LSTM_no_adapt,5,4410,fri_pm_ddos,1.0,0.9976551532745361,0.9473684210526315,0.8236290671307441,0.4166666666666667,1.0,20
D,GAT+LSTM_no_adapt,5,4411,fri_pm_ddos,1.0,0.9975451827049255,0.9473684210526315,0.8236290671307441,0.4166666666666667,1.0,20
D,GAT+LSTM_no_adapt,5,4412,fri_pm_ddos,1.0,0.9975594282150269,0.9473684210526315,0.8236290671307441,0.4166666666666667,1.0,20
D,GAT+LSTM_no_adapt,5,4413,fri_pm_ddos,1.0,0.9954989552497864,0.9473684210526315,0.8204768340152757,0.3888888888888889,1.0,20
D,GAT+LSTM_no_adapt,5,4414,fri_pm_ddos,0.0,0.9954356551170349,0.918918918918919,0.803952270285816,0.5294117647058824,1.0,20
D,GAT+LSTM_no_adapt,5,4415,fri_pm_ddos,1.0,0.9959922432899475,0.918918918918919,0.803952270285816,0.5294117647058824,1.0,20
D,GAT+LSTM_no_adapt,5,4416,fri_pm_ddos,1.0,0.9973534345626831,0.9473684210526315,0.9783454926805031,0.8055555555555556,1.0,20
D,GAT+LSTM_no_adapt,5,4417,fri_pm_ddos,1.0,0.9980649352073669,0.9473684210526315,0.9783454926805031,0.8055555555555556,1.0,20
D,GAT+LSTM_no_adapt,5,4418,fri_pm_ddos,1.0,0.9980155229568481,0.9473684210526315,0.9783454926805031,0.8055555555555556,1.0,20
D,GAT+LSTM_no_adapt,5,4419,fri_pm_ddos,1.0,0.9974709749221802,0.9473684210526315,0.9783454926805031,0.8055555555555556,1.0,20
D,GAT+LSTM_no_adapt,5,4420,fri_pm_ddos,1.0,0.9975365400314331,0.9473684210526315,0.9783454926805031,0.8055555555555556,1.0,20
D,GAT+LSTM_no_adapt,5,4421,fri_pm_ddos,1.0,0.9975371360778809,0.9473684210526315,0.9783454926805031,0.8055555555555556,1.0,20
D,GAT+LSTM_no_adapt,5,4422,fri_pm_ddos,0.0,0.9987409710884094,0.918918918918919,0.803952270285816,0.5294117647058824,1.0,20
D,GAT+LSTM_no_adapt,5,4423,fri_pm_ddos,0.0,0.9965952038764954,0.8888888888888888,0.7778724214543198,0.5625,1.0,20
D,GAT+LSTM_no_adapt,5,4424,fri_pm_ddos,1.0,0.9973600506782532,0.8888888888888888,0.7885381140133947,0.609375,1.0,20
D,GAT+LSTM_no_adapt,5,4425,fri_pm_ddos,1.0,0.9985436201095581,0.918918918918919,0.8069078642881227,0.5490196078431373,1.0,20
D,GAT+LSTM_no_adapt,5,4426,fri_pm_ddos,1.0,0.9986135959625244,0.918918918918919,0.813262021017894,0.5882352941176471,1.0,20
D,GAT+LSTM_no_adapt,5,4427,fri_pm_ddos,1.0,0.9977879524230957,0.918918918918919,0.8192914580765154,0.6274509803921569,1.0,20
D,GAT+LSTM_no_adapt,5,4428,fri_pm_ddos,1.0,0.9974541068077087,0.918918918918919,0.8192914580765154,0.6274509803921569,1.0,20
D,GAT+LSTM_no_adapt,5,4429,fri_pm_ddos,1.0,0.9975796341896057,0.918918918918919,0.8192914580765154,0.6274509803921569,1.0,20
D,GAT+LSTM_no_adapt,5,4430,fri_pm_ddos,1.0,0.9986714124679565,0.918918918918919,0.8192914580765154,0.6274509803921569,1.0,20
D,GAT+LSTM_no_adapt,5,4431,fri_pm_ddos,0.0,0.9970883727073669,0.8888888888888888,0.805078438181186,0.6875,1.0,20
D,GAT+LSTM_no_adapt,5,4432,fri_pm_ddos,0.0,0.9754424691200256,0.8571428571428571,0.7953732025055555,0.7466666666666666,1.0,20
D,GAT+LSTM_no_adapt,5,4433,fri_pm_ddos,1.0,0.9227088093757629,0.8571428571428571,0.7897058478443928,0.72,1.0,20
D,GAT+LSTM_no_adapt,5,4434,fri_pm_ddos,1.0,0.9747866988182068,0.8888888888888888,0.7925330773833581,0.625,1.0,20
D,GAT+LSTM_no_adapt,5,4435,fri_pm_ddos,1.0,0.9965295195579529,0.8888888888888888,0.7925330773833581,0.625,1.0,20
D,GAT+LSTM_no_adapt,5,4436,fri_pm_ddos,1.0,0.998197615146637,0.8888888888888888,0.7925330773833581,0.625,1.0,20
D,GAT+LSTM_no_adapt,5,4437,fri_pm_ddos,1.0,0.9974086880683899,0.8888888888888888,0.7925330773833581,0.625,1.0,20
D,GAT+LSTM_no_adapt,5,4438,fri_pm_ddos,1.0,0.9975553154945374,0.8888888888888888,0.7925330773833581,0.625,1.0,20
D,GAT+LSTM_no_adapt,5,4439,fri_pm_ddos,1.0,0.9975816011428833,0.8888888888888888,0.7925330773833581,0.625,1.0,20
D,GAT+LSTM_no_adapt,5,4440,fri_pm_ddos,1.0,0.9623677134513855,0.8888888888888888,0.7821363866557849,0.578125,1.0,20
D,GAT+LSTM_no_adapt,5,4441,fri_pm_ddos,0.0,0.8272594809532166,0.8571428571428571,0.7695689089032742,0.6533333333333333,1.0,20
D,GAT+LSTM_no_adapt,5,4442,fri_pm_ddos,1.0,0.5207987427711487,0.8888888888888888,0.9436925795115617,0.765625,1.0,20
D,GAT+LSTM_no_adapt,5,4443,fri_pm_ddos,1.0,0.6295753717422485,0.918918918918919,0.9538269582660405,0.7450980392156863,1.0,20
D,GAT+LSTM_no_adapt,5,4444,fri_pm_ddos,1.0,0.9892256855964661,0.918918918918919,0.9487021810824398,0.7254901960784313,1.0,20
D,GAT+LSTM_no_adapt,5,4445,fri_pm_ddos,1.0,0.9969766139984131,0.918918918918919,0.9430872078204077,0.7058823529411764,1.0,20
D,GAT+LSTM_no_adapt,5,4446,fri_pm_ddos,1.0,0.9971638321876526,0.918918918918919,0.9430872078204077,0.7058823529411764,1.0,20
D,GAT+LSTM_no_adapt,5,4447,fri_pm_ddos,1.0,0.9975343942642212,0.918918918918919,0.9430872078204077,0.7058823529411764,1.0,20
D,GAT+LSTM_no_adapt,5,4448,fri_pm_ddos,1.0,0.9977372884750366,0.918918918918919,0.9430872078204077,0.7058823529411764,1.0,20
D,GAT+LSTM_no_adapt,5,4449,fri_pm_ddos,0.0,0.9946576952934265,0.8888888888888888,0.914638619410775,0.671875,1.0,20
D,GAT+LSTM_no_adapt,5,4450,fri_pm_ddos,0.0,0.9594560861587524,0.8571428571428571,0.8935188195017916,0.68,1.0,20
D,GAT+LSTM_no_adapt,5,4451,fri_pm_ddos,0.0,0.8533763289451599,0.8571428571428571,0.925009374154111,0.76,1.0,20
D,GAT+LSTM_no_adapt,5,4452,fri_pm_ddos,0.0,0.7696980237960815,0.8571428571428571,0.9381436010383377,0.8,1.0,20
D,GAT+LSTM_no_adapt,5,4453,fri_pm_ddos,1.0,0.9601933360099792,0.8571428571428571,0.942404895299632,0.8133333333333334,1.0,20
D,GAT+LSTM_no_adapt,5,4454,fri_pm_ddos,1.0,0.9901139736175537,0.8571428571428571,0.942404895299632,0.8133333333333334,1.0,20
D,GAT+LSTM_no_adapt,5,4455,fri_pm_ddos,1.0,0.9967553019523621,0.8571428571428571,0.942404895299632,0.8133333333333334,1.0,20
D,GAT+LSTM_no_adapt,5,4456,fri_pm_ddos,1.0,0.997319757938385,0.8571428571428571,0.942404895299632,0.8133333333333334,1.0,20
D,GAT+LSTM_no_adapt,5,4457,fri_pm_ddos,1.0,0.9974699020385742,0.8571428571428571,0.942404895299632,0.8133333333333334,1.0,20
D,GAT+LSTM_no_adapt,5,4458,fri_pm_ddos,1.0,0.9975351095199585,0.8571428571428571,0.942404895299632,0.8133333333333334,1.0,20
D,GAT+LSTM_no_adapt,5,4459,fri_pm_ddos,1.0,0.9979268312454224,0.8571428571428571,0.942404895299632,0.8133333333333334,1.0,20
D,GAT+LSTM_no_adapt,5,4460,fri_pm_ddos,0.0,0.9584052562713623,0.8235294117647058,0.9360599926389399,0.8214285714285714,1.0,20
D,GAT+LSTM_no_adapt,5,4461,fri_pm_ddos,0.0,0.9397343397140503,0.8235294117647058,0.9360599926389399,0.8214285714285714,1.0,20
D,GAT+LSTM_no_adapt,5,4462,fri_pm_ddos,1.0,0.9926499724388123,0.8235294117647058,0.9539446768770077,0.8809523809523809,1.0,20
D,GAT+LSTM_no_adapt,5,4463,fri_pm_ddos,1.0,0.9973089694976807,0.8235294117647058,0.9778233671090812,0.9523809523809524,1.0,20
D,GAT+LSTM_no_adapt,5,4464,fri_pm_ddos,1.0,0.9970259070396423,0.8235294117647058,0.984046310832025,0.9642857142857143,1.0,20
D,GAT+LSTM_no_adapt,5,4465,fri_pm_ddos,1.0,0.9974799752235413,0.8235294117647058,0.984046310832025,0.9642857142857143,1.0,20
D,GAT+LSTM_no_adapt,5,4466,fri_pm_ddos,1.0,0.9975511431694031,0.8235294117647058,0.984046310832025,0.9642857142857143,1.0,20
D,GAT+LSTM_no_adapt,5,4467,fri_pm_ddos,1.0,0.9975307583808899,0.8235294117647058,0.984046310832025,0.9642857142857143,1.0,20
D,GAT+LSTM_no_adapt,5,4468,fri_pm_ddos,1.0,0.9976623058319092,0.8235294117647058,0.984046310832025,0.9642857142857143,1.0,20
D,GAT+LSTM_no_adapt,5,4469,fri_pm_ddos,0.0,0.9989373087882996,0.8235294117647058,0.8010788814360243,0.8333333333333334,1.0,20
D,GAT+LSTM_no_adapt,5,4470,fri_pm_ddos,0.0,0.9980469942092896,0.8235294117647058,0.7000744295387152,0.6666666666666667,1.0,20
D,GAT+LSTM_no_adapt,5,4471,fri_pm_ddos,1.0,0.9980169534683228,0.8571428571428571,0.7119812322753499,0.6,1.0,20
D,GAT+LSTM_no_adapt,5,4472,fri_pm_ddos,1.0,0.998006284236908,0.8888888888888888,0.7228337124476829,0.5,1.0,20
D,GAT+LSTM_no_adapt,5,4473,fri_pm_ddos,0.0,0.9990465044975281,0.8571428571428571,0.6398672732496262,0.4,1.0,20
D,GAT+LSTM_no_adapt,5,4474,fri_pm_ddos,0.0,0.9983514547348022,0.8235294117647058,0.5688580094042279,0.33333333333333337,1.0,20
D,GAT+LSTM_no_adapt,5,4475,fri_pm_ddos,0.0,0.9790488481521606,0.7878787878787878,0.5532900231995255,0.4285714285714286,1.0,20
D,GAT+LSTM_no_adapt,5,4476,fri_pm_ddos,0.0,0.9415397644042969,0.75,0.5362847800347801,0.5,1.0,20
D,GAT+LSTM_no_adapt,5,4477,fri_pm_ddos,0.0,0.891242504119873,0.7096774193548387,0.5176136994318812,0.5555555555555556,1.0,20
D,GAT+LSTM_no_adapt,5,4478,fri_pm_ddos,0.0,0.7142320871353149,0.6666666666666666,0.49699411699411694,0.6,1.0,20
D,GAT+LSTM_no_adapt,5,4479,fri_pm_ddos,0.0,0.03312072157859802,0.6428571428571429,0.4740716074049408,0.6363636363636364,0.9090909090909091,20
D,GAT+LSTM_no_adapt,5,4480,fri_pm_ddos,0.0,0.00016503727238159627,0.6666666666666666,0.4740716074049408,0.6363636363636364,0.8181818181818182,20
D,GAT+LSTM_no_adapt,5,4481,fri_pm_ddos,0.0,0.00015052620437927544,0.6923076923076923,0.4740716074049408,0.6363636363636364,0.7272727272727273,20
D,GAT+LSTM_no_adapt,5,4482,fri_pm_ddos,0.0,0.00017563717847224325,0.6666666666666666,0.4483946608946609,0.6666666666666667,0.6666666666666666,20
D,GAT+LSTM_no_adapt,5,4483,fri_pm_ddos,0.0,0.00016350772057194263,0.6363636363636364,0.41937744794887655,0.6923076923076923,0.6153846153846154,20
D,GAT+LSTM_no_adapt,5,4484,fri_pm_ddos,0.0,0.00025146978441625834,0.6,0.3862433862433863,0.7142857142857143,0.5714285714285714,20
D,GAT+LSTM_no_adapt,5,4485,fri_pm_ddos,0.0,0.000500018591992557,0.5555555555555556,0.34793650793650793,0.7333333333333334,0.5333333333333333,20
D,GAT+LSTM_no_adapt,5,4486,fri_pm_ddos,0.0,0.00014874697080813348,0.5,0.3029761904761905,0.75,0.5,20
D,GAT+LSTM_no_adapt,5,4487,fri_pm_ddos,0.0,0.00013485395174939185,0.42857142857142855,0.2492063492063492,0.7647058823529411,0.47058823529411764,20
D,GAT+LSTM_no_adapt,5,4488,fri_pm_ddos,0.0,0.00013466877862811089,0.3333333333333333,0.18333333333333335,0.7777777777777778,0.4444444444444444,20
D,GAT+LSTM_no_adapt,5,4489,fri_pm_ddos,0.0,0.00016079569468274713,0.36363636363636365,0.225,0.8333333333333334,0.3888888888888889,20
D,GAT+LSTM_no_adapt,5,4490,fri_pm_ddos,0.0,0.00014291153638623655,0.4,0.29166666666666663,0.8888888888888888,0.3333333333333333,20
D,GAT+LSTM_no_adapt,5,4491,fri_pm_ddos,0.0,0.00014721907791681588,0.25,0.16666666666666666,0.8947368421052632,0.3157894736842105,20
D,GAT+LSTM_no_adapt,5,4492,fri_pm_ddos,0.0,0.00014298078895080835,0.0,0.5,,0.3,20
D,GAT+LSTM_no_adapt,5,4493,fri_pm_ddos,0.0,0.0001413066202076152,0.0,0.5,,0.25,20
D,GAT+LSTM_no_adapt,5,4494,fri_pm_ddos,0.0,0.00016947150288615376,0.0,0.5,,0.2,20
D,GAT+LSTM_no_adapt,5,4495,fri_pm_ddos,0.0,0.00014423634274862707,0.0,0.5,,0.15,20
D,GAT+LSTM_no_adapt,5,4496,fri_pm_ddos,0.0,0.00015638743934687227,0.0,0.5,,0.1,20
D,GAT+LSTM_no_adapt,5,4497,fri_pm_ddos,0.0,0.00017521869449410588,0.0,0.5,,0.05,20
D,GAT+LSTM_no_adapt,5,4498,fri_pm_ddos,0.0,0.00013684439181815833,0.0,0.5,,0.0,20
D,GAT+LSTM_no_adapt,5,4499,fri_pm_ddos,0.0,0.0002984417660627514,0.0,0.5,,0.0,20
D,GAT+LSTM_no_adapt,5,4500,fri_pm_ddos,0.0,0.07020018994808197,0.0,0.5,,0.0,20
D,GAT+LSTM_full_retrain,1,6,mon,0.0,0.00029727519722655416,0.0,0.5,,0.0,1
D,GAT+LSTM_full_retrain,1,7,mon,0.0,0.000955468334723264,0.0,0.5,,0.0,2
D,GAT+LSTM_full_retrain,1,8,mon,0.0,0.000989758875221014,0.0,0.5,,0.0,3
D,GAT+LSTM_full_retrain,1,9,mon,0.0,0.0003420895372983068,0.0,0.5,,0.0,4
D,GAT+LSTM_full_retrain,1,10,mon,0.0,0.00018979956803377718,0.0,0.5,,0.0,5
D,GAT+LSTM_full_retrain,1,11,mon,0.0,0.00034275397774763405,0.0,0.5,,0.0,6
D,GAT+LSTM_full_retrain,1,12,mon,0.0,0.00019160789088346064,0.0,0.5,,0.0,7
D,GAT+LSTM_full_retrain,1,13,mon,0.0,0.00017582955479156226,0.0,0.5,,0.0,8
D,GAT+LSTM_full_retrain,1,14,mon,0.0,0.00015086216444615275,0.0,0.5,,0.0,9
D,GAT+LSTM_full_retrain,1,15,mon,0.0,0.0001498642668593675,0.0,0.5,,0.0,10
D,GAT+LSTM_full_retrain,1,16,mon,0.0,0.00014545867452397943,0.0,0.5,,0.0,11
D,GAT+LSTM_full_retrain,1,17,mon,0.0,0.00039065693272277713,0.0,0.5,,0.0,12
D,GAT+LSTM_full_retrain,1,18,mon,0.0,0.0005132833612151444,0.0,0.5,,0.0,13
D,GAT+LSTM_full_retrain,1,19,mon,0.0,0.00028366531478241086,0.0,0.5,,0.0,14
D,GAT+LSTM_full_retrain,1,20,mon,0.0,0.000600577041041106,0.0,0.5,,0.0,15
D,GAT+LSTM_full_retrain,1,21,mon,0.0,0.00023667654022574425,0.0,0.5,,0.0,16
D,GAT+LSTM_full_retrain,1,22,mon,0.0,0.0006714346236549318,0.0,0.5,,0.0,17
D,GAT+LSTM_full_retrain,1,23,mon,0.0,0.00023668761423323303,0.0,0.5,,0.0,18
D,GAT+LSTM_full_retrain,1,24,mon,0.0,0.00015864134184084833,0.0,0.5,,0.0,19
D,GAT+LSTM_full_retrain,1,25,mon,0.0,0.00018428133626002818,0.0,0.5,,0.0,20
D,GAT+LSTM_full_retrain,1,26,mon,0.0,0.000168996601132676,0.0,0.5,,0.0,20
D,GAT+LSTM_full_retrain,1,27,mon,0.0,0.0001455385790904984,0.0,0.5,,0.0,20
D,GAT+LSTM_full_retrain,1,28,mon,0.0,0.00014875576016493142,0.0,0.5,,0.0,20
D,GAT+LSTM_full_retrain,1,29,mon,0.0,0.00015900300059001893,0.0,0.5,,0.0,20
D,GAT+LSTM_full_retrain,1,30,mon,0.0,0.0001899157650768757,0.0,0.5,,0.0,20
D,GAT+LSTM_full_retrain,1,31,mon,0.0,0.00015077099669724703,0.0,0.5,,0.0,20
D,GAT+LSTM_full_retrain,1,32,mon,0.0,0.0003778293030336499,0.0,0.5,,0.0,20
D,GAT+LSTM_full_retrain,1,33,mon,0.0,0.00017853597819339484,0.0,0.5,,0.0,20
D,GAT+LSTM_full_retrain,1,34,mon,0.0,0.00025002914480865,0.0,0.5,,0.0,20
D,GAT+LSTM_full_retrain,1,35,mon,0.0,0.00016189167217817158,0.0,0.5,,0.0,20
D,GAT+LSTM_full_retrain,1,36,mon,0.0,0.0001748815120663494,0.0,0.5,,0.0,20
D,GAT+LSTM_full_retrain,1,37,mon,0.0,0.00015904757310636342,0.0,0.5,,0.0,20
D,GAT+LSTM_full_retrain,1,38,mon,0.0,0.00016580669034738094,0.0,0.5,,0.0,20
D,GAT+LSTM_full_retrain,1,39,mon,0.0,0.00018890693900175393,0.0,0.5,,0.0,20
D,GAT+LSTM_full_retrain,1,40,mon,0.0,0.00019488150428514928,0.0,0.5,,0.0,20
D,GAT+LSTM_full_retrain,1,41,mon,0.0,0.00018593849381431937,0.0,0.5,,0.0,20
D,GAT+LSTM_full_retrain,1,42,mon,0.0,0.00015847021131776273,0.0,0.5,,0.0,20
D,GAT+LSTM_full_retrain,1,43,mon,0.0,0.00017303868662565947,0.0,0.5,,0.0,20
D,GAT+LSTM_full_retrain,1,44,mon,0.0,0.00017875384946819395,0.0,0.5,,0.0,20
D,GAT+LSTM_full_retrain,1,45,mon,0.0,0.00017403597303200513,0.0,0.5,,0.0,20
D,GAT+LSTM_full_retrain,1,46,mon,0.0,0.000202680254005827,0.0,0.5,,0.0,20
D,GAT+LSTM_full_retrain,1,47,mon,0.0,0.00020891854364890605,0.0,0.5,,0.0,20
D,GAT+LSTM_full_retrain,1,48,mon,0.0,0.00020576555107254535,0.0,0.5,,0.0,20
D,GAT+LSTM_full_retrain,1,49,mon,0.0,0.0001479029015172273,0.0,0.5,,0.0,20
D,GAT+LSTM_full_retrain,1,50,mon,0.0,0.00015109451487660408,0.0,0.5,,0.0,20
D,GAT+LSTM_full_retrain,1,51,mon,0.0,0.00013900677731726319,0.0,0.5,,0.0,20
D,GAT+LSTM_full_retrain,1,52,mon,0.0,0.00013517581101041287,0.0,0.5,,0.0,20
D,GAT+LSTM_full_retrain,1,53,mon,0.0,0.00013729793136008084,0.0,0.5,,0.0,20
D,GAT+LSTM_full_retrain,1,54,mon,0.0,0.00019044690998271108,0.0,0.5,,0.0,20
D,GAT+LSTM_full_retrain,1,55,mon,0.0,0.00015730586892459542,0.0,0.5,,0.0,20
D,GAT+LSTM_full_retrain,1,56,mon,0.0,0.0001397294399794191,0.0,0.5,,0.0,20
D,GAT+LSTM_full_retrain,1,57,mon,0.0,0.00015794328646734357,0.0,0.5,,0.0,20
D,GAT+LSTM_full_retrain,1,58,mon,0.0,0.00014343851944431663,0.0,0.5,,0.0,20
D,GAT+LSTM_full_retrain,1,59,mon,0.0,0.00014862148964311928,0.0,0.5,,0.0,20
D,GAT+LSTM_full_retrain,1,60,mon,0.0,0.00013695783854927868,0.0,0.5,,0.0,20
D,GAT+LSTM_full_retrain,1,61,mon,0.0,0.00015851433272473514,0.0,0.5,,0.0,20
D,GAT+LSTM_full_retrain,1,62,mon,0.0,0.00014491377805825323,0.0,0.5,,0.0,20
D,GAT+LSTM_full_retrain,1,63,mon,0.0,0.00017837263294495642,0.0,0.5,,0.0,20
D,GAT+LSTM_full_retrain,1,64,mon,0.0,0.0001621917326701805,0.0,0.5,,0.0,20
D,GAT+LSTM_full_retrain,1,65,mon,0.0,0.00013567140558734536,0.0,0.5,,0.0,20
D,GAT+LSTM_full_retrain,1,66,mon,0.0,0.0001959779328899458,0.0,0.5,,0.0,20
D,GAT+LSTM_full_retrain,1,67,mon,0.0,0.00020247066277079284,0.0,0.5,,0.0,20
D,GAT+LSTM_full_retrain,1,68,mon,0.0,0.00014416745398193598,0.0,0.5,,0.0,20
D,GAT+LSTM_full_retrain,1,69,mon,0.0,0.00014469159941654652,0.0,0.5,,0.0,20
D,GAT+LSTM_full_retrain,1,70,mon,0.0,0.00016422521730419248,0.0,0.5,,0.0,20
D,GAT+LSTM_full_retrain,1,71,mon,0.0,0.00018769520102068782,0.0,0.5,,0.0,20
D,GAT+LSTM_full_retrain,1,72,mon,0.0,0.00015681644435971975,0.0,0.5,,0.0,20
D,GAT+LSTM_full_retrain,1,73,mon,0.0,0.0001484226668253541,0.0,0.5,,0.0,20
D,GAT+LSTM_full_retrain,1,74,mon,0.0,0.00817951187491417,0.0,0.5,,0.0,20
D,GAT+LSTM_full_retrain,1,75,mon,0.0,0.00026417814660817385,0.0,0.5,,0.0,20
D,GAT+LSTM_full_retrain,1,76,mon,0.0,0.00026332263951189816,0.0,0.5,,0.0,20
D,GAT+LSTM_full_retrain,1,77,mon,0.0,0.00022199685918167233,0.0,0.5,,0.0,20
D,GAT+LSTM_full_retrain,1,78,mon,0.0,0.00021908621420152485,0.0,0.5,,0.0,20
D,GAT+LSTM_full_retrain,1,79,mon,0.0,0.00022761190484743565,0.0,0.5,,0.0,20
D,GAT+LSTM_full_retrain,1,80,mon,0.0,0.00021463935263454914,0.0,0.5,,0.0,20
D,GAT+LSTM_full_retrain,1,81,mon,0.0,0.00013953066081739962,0.0,0.5,,0.0,20
D,GAT+LSTM_full_retrain,1,82,mon,0.0,0.00013997133646626025,0.0,0.5,,0.0,20
D,GAT+LSTM_full_retrain,1,83,mon,0.0,0.0001433512952644378,0.0,0.5,,0.0,20
D,GAT+LSTM_full_retrain,1,84,mon,0.0,0.0001402695634169504,0.0,0.5,,0.0,20
D,GAT+LSTM_full_retrain,1,85,mon,0.0,0.0001559197553433478,0.0,0.5,,0.0,20
D,GAT+LSTM_full_retrain,1,86,mon,0.0,0.00015636387979611754,0.0,0.5,,0.0,20
D,GAT+LSTM_full_retrain,1,87,mon,0.0,0.0001432207936886698,0.0,0.5,,0.0,20
D,GAT+LSTM_full_retrain,1,88,mon,0.0,0.0001418467436451465,0.0,0.5,,0.0,20
D,GAT+LSTM_full_retrain,1,89,mon,0.0,0.00047249466297216713,0.0,0.5,,0.0,20
D,GAT+LSTM_full_retrain,1,90,mon,0.0,0.0001580015814397484,0.0,0.5,,0.0,20
D,GAT+LSTM_full_retrain,1,91,mon,0.0,0.00016893989231903106,0.0,0.5,,0.0,20
D,GAT+LSTM_full_retrain,1,92,mon,0.0,0.00015504607290495187,0.0,0.5,,0.0,20
D,GAT+LSTM_full_retrain,1,93,mon,0.0,0.00013905132072977722,0.0,0.5,,0.0,20
D,GAT+LSTM_full_retrain,1,94,mon,0.0,0.0001367034128634259,0.0,0.5,,0.0,20
D,GAT+LSTM_full_retrain,1,95,mon,0.0,0.00017367259715683758,0.0,0.5,,0.0,20
D,GAT+LSTM_full_retrain,1,96,mon,0.0,0.00015232179430313408,0.0,0.5,,0.0,20
D,GAT+LSTM_full_retrain,1,97,mon,0.0,0.00017602463776711375,0.0,0.5,,0.0,20
D,GAT+LSTM_full_retrain,1,98,mon,0.0,0.00022126951080281287,0.0,0.5,,0.0,20
D,GAT+LSTM_full_retrain,1,99,mon,0.0,0.0001478786434745416,0.0,0.5,,0.0,20
D,GAT+LSTM_full_retrain,1,100,mon,0.0,0.00016576526104472578,0.0,0.5,,0.0,20
D,GAT+LSTM_full_retrain,1,101,mon,0.0,0.0001520963996881619,0.0,0.5,,0.0,20
D,GAT+LSTM_full_retrain,1,102,mon,0.0,0.00014645126066170633,0.0,0.5,,0.0,20
D,GAT+LSTM_full_retrain,1,103,mon,0.0,0.0001572121400386095,0.0,0.5,,0.0,20
D,GAT+LSTM_full_retrain,1,104,mon,0.0,0.00016415132267866284,0.0,0.5,,0.0,20
D,GAT+LSTM_full_retrain,1,105,mon,0.0,0.0001461679203202948,0.0,0.5,,0.0,20
D,GAT+LSTM_full_retrain,1,106,mon,0.0,0.00013865900109522045,0.0,0.5,,0.0,20
D,GAT+LSTM_full_retrain,1,107,mon,0.0,0.00014416374324355274,0.0,0.5,,0.0,20
D,GAT+LSTM_full_retrain,1,108,mon,0.0,0.0001469495182391256,0.0,0.5,,0.0,20
D,GAT+LSTM_full_retrain,1,109,mon,0.0,0.00020211481023579836,0.0,0.5,,0.0,20
D,GAT+LSTM_full_retrain,1,110,mon,0.0,0.0001663638249738142,0.0,0.5,,0.0,20
D,GAT+LSTM_full_retrain,1,111,mon,0.0,0.0003027046041097492,0.0,0.5,,0.0,20
D,GAT+LSTM_full_retrain,1,112,mon,0.0,0.00015695765614509583,0.0,0.5,,0.0,20
D,GAT+LSTM_full_retrain,1,113,mon,0.0,0.00013718735135626048,0.0,0.5,,0.0,20
D,GAT+LSTM_full_retrain,1,114,mon,0.0,0.00013502867659553885,0.0,0.5,,0.0,20
D,GAT+LSTM_full_retrain,1,115,mon,0.0,0.00014240076416172087,0.0,0.5,,0.0,20
D,GAT+LSTM_full_retrain,1,116,mon,0.0,0.00014561243006028235,0.0,0.5,,0.0,20
D,GAT+LSTM_full_retrain,1,117,mon,0.0,0.00017820265202317387,0.0,0.5,,0.0,20
D,GAT+LSTM_full_retrain,1,118,mon,0.0,0.00024382353876717389,0.0,0.5,,0.0,20
D,GAT+LSTM_full_retrain,1,119,mon,0.0,0.00019930719281546772,0.0,0.5,,0.0,20
D,GAT+LSTM_full_retrain,1,120,mon,0.0,0.00015569703828077763,0.0,0.5,,0.0,20
D,GAT+LSTM_full_retrain,1,121,mon,0.0,0.00013875396689400077,0.0,0.5,,0.0,20
D,GAT+LSTM_full_retrain,1,122,mon,0.0,0.000134989561047405,0.0,0.5,,0.0,20
D,GAT+LSTM_full_retrain,1,123,mon,0.0,0.00016036847955547273,0.0,0.5,,0.0,20
D,GAT+LSTM_full_retrain,1,124,mon,0.0,0.0001552443136461079,0.0,0.5,,0.0,20
D,GAT+LSTM_full_retrain,1,125,mon,0.0,0.00015862940927036107,0.0,0.5,,0.0,20
D,GAT+LSTM_full_retrain,1,126,mon,0.0,0.00017817392654251307,0.0,0.5,,0.0,20
D,GAT+LSTM_full_retrain,1,127,mon,0.0,0.0001470790448365733,0.0,0.5,,0.0,20
D,GAT+LSTM_full_retrain,1,128,mon,0.0,0.0001493055751780048,0.0,0.5,,0.0,20
D,GAT+LSTM_full_retrain,1,129,mon,0.0,0.0001712903758743778,0.0,0.5,,0.0,20
D,GAT+LSTM_full_retrain,1,130,mon,0.0,0.00018486914632376283,0.0,0.5,,0.0,20
D,GAT+LSTM_full_retrain,1,131,mon,0.0,0.00016818271251395345,0.0,0.5,,0.0,20
D,GAT+LSTM_full_retrain,1,132,mon,0.0,0.00013443628267850727,0.0,0.5,,0.0,20
D,GAT+LSTM_full_retrain,1,133,mon,0.0,0.00014238079893402755,0.0,0.5,,0.0,20
D,GAT+LSTM_full_retrain,1,134,mon,0.0,0.00014336290769279003,0.0,0.5,,0.0,20
D,GAT+LSTM_full_retrain,1,135,mon,0.0,0.00022120789799373597,0.0,0.5,,0.0,20
D,GAT+LSTM_full_retrain,1,136,mon,0.0,0.00016874828725121915,0.0,0.5,,0.0,20
D,GAT+LSTM_full_retrain,1,137,mon,0.0,0.00023999078257475048,0.0,0.5,,0.0,20
D,GAT+LSTM_full_retrain,1,138,mon,0.0,0.00016602990217506886,0.0,0.5,,0.0,20
D,GAT+LSTM_full_retrain,1,139,mon,0.0,0.0002669047680683434,0.0,0.5,,0.0,20
D,GAT+LSTM_full_retrain,1,140,mon,0.0,0.0002049664471996948,0.0,0.5,,0.0,20
D,GAT+LSTM_full_retrain,1,141,mon,0.0,0.00036096578696742654,0.0,0.5,,0.0,20
D,GAT+LSTM_full_retrain,1,142,mon,0.0,0.00014795438619330525,0.0,0.5,,0.0,20
D,GAT+LSTM_full_retrain,1,143,mon,0.0,0.00014396346523426473,0.0,0.5,,0.0,20
D,GAT+LSTM_full_retrain,1,144,mon,0.0,0.00014578443369828165,0.0,0.5,,0.0,20
D,GAT+LSTM_full_retrain,1,145,mon,0.0,0.00015714485198259354,0.0,0.5,,0.0,20
D,GAT+LSTM_full_retrain,1,146,mon,0.0,0.00017241119348909706,0.0,0.5,,0.0,20
D,GAT+LSTM_full_retrain,1,147,mon,0.0,0.00014795847528148443,0.0,0.5,,0.0,20
D,GAT+LSTM_full_retrain,1,148,mon,0.0,0.00017334980657324195,0.0,0.5,,0.0,20
D,GAT+LSTM_full_retrain,1,149,mon,0.0,0.00017209698853548616,0.0,0.5,,0.0,20
D,GAT+LSTM_full_retrain,1,150,mon,0.0,0.00015762762632220984,0.0,0.5,,0.0,20
D,GAT+LSTM_full_retrain,1,151,mon,0.0,0.00015486714255530387,0.0,0.5,,0.0,20
D,GAT+LSTM_full_retrain,1,152,mon,0.0,0.00014163024025037885,0.0,0.5,,0.0,20
D,GAT+LSTM_full_retrain,1,153,mon,0.0,0.00014627946075052023,0.0,0.5,,0.0,20
D,GAT+LSTM_full_retrain,1,154,mon,0.0,0.0001853773428592831,0.0,0.5,,0.0,20
D,GAT+LSTM_full_retrain,1,155,mon,0.0,0.0001459151681046933,0.0,0.5,,0.0,20
D,GAT+LSTM_full_retrain,1,156,mon,0.0,0.00027198056341148913,0.0,0.5,,0.0,20
D,GAT+LSTM_full_retrain,1,157,mon,0.0,0.000159943345352076,0.0,0.5,,0.0,20
D,GAT+LSTM_full_retrain,1,158,mon,0.0,0.00014295693836174905,0.0,0.5,,0.0,20
D,GAT+LSTM_full_retrain,1,159,mon,0.0,0.00014984825975261629,0.0,0.5,,0.0,20
D,GAT+LSTM_full_retrain,1,160,mon,0.0,0.00013748697529081255,0.0,0.5,,0.0,20
D,GAT+LSTM_full_retrain,1,161,mon,0.0,0.00015587813686579466,0.0,0.5,,0.0,20
D,GAT+LSTM_full_retrain,1,162,mon,0.0,0.0001388478121953085,0.0,0.5,,0.0,20
D,GAT+LSTM_full_retrain,1,163,mon,0.0,0.00015623973740730435,0.0,0.5,,0.0,20
D,GAT+LSTM_full_retrain,1,164,mon,0.0,0.00014407937123905867,0.0,0.5,,0.0,20
D,GAT+LSTM_full_retrain,1,165,mon,0.0,0.00017219352594111115,0.0,0.5,,0.0,20
D,GAT+LSTM_full_retrain,1,166,mon,0.0,0.00014043149712961167,0.0,0.5,,0.0,20
D,GAT+LSTM_full_retrain,1,167,mon,0.0,0.0004584706330206245,0.0,0.5,,0.0,20
D,GAT+LSTM_full_retrain,1,168,mon,0.0,0.00019486255769152194,0.0,0.5,,0.0,20
D,GAT+LSTM_full_retrain,1,169,mon,0.0,0.00014289819227997214,0.0,0.5,,0.0,20
D,GAT+LSTM_full_retrain,1,170,mon,0.0,0.00014456156350206584,0.0,0.5,,0.0,20
D,GAT+LSTM_full_retrain,1,171,mon,0.0,0.0001650099002290517,0.0,0.5,,0.0,20
D,GAT+LSTM_full_retrain,1,172,mon,0.0,0.00014372507575899363,0.0,0.5,,0.0,20
D,GAT+LSTM_full_retrain,1,173,mon,0.0,0.0002493468637112528,0.0,0.5,,0.0,20
D,GAT+LSTM_full_retrain,1,174,mon,0.0,0.00016487542598042637,0.0,0.5,,0.0,20
D,GAT+LSTM_full_retrain,1,175,mon,0.0,0.00014072023623157293,0.0,0.5,,0.0,20
D,GAT+LSTM_full_retrain,1,176,mon,0.0,0.00014070038741920143,0.0,0.5,,0.0,20
D,GAT+LSTM_full_retrain,1,177,mon,0.0,0.00014015217311680317,0.0,0.5,,0.0,20
D,GAT+LSTM_full_retrain,1,178,mon,0.0,0.00015903118764981627,0.0,0.5,,0.0,20
D,GAT+LSTM_full_retrain,1,179,mon,0.0,0.0001535016344860196,0.0,0.5,,0.0,20
D,GAT+LSTM_full_retrain,1,180,mon,0.0,0.000151119296788238,0.0,0.5,,0.0,20
D,GAT+LSTM_full_retrain,1,181,mon,0.0,0.00013814761769026518,0.0,0.5,,0.0,20
D,GAT+LSTM_full_retrain,1,182,mon,0.0,0.0001493162417318672,0.0,0.5,,0.0,20
D,GAT+LSTM_full_retrain,1,183,mon,0.0,0.00014202838065102696,0.0,0.5,,0.0,20
D,GAT+LSTM_full_retrain,1,184,mon,0.0,0.00015610155242029577,0.0,0.5,,0.0,20
D,GAT+LSTM_full_retrain,1,185,mon,0.0,0.00015175393491517752,0.0,0.5,,0.0,20
D,GAT+LSTM_full_retrain,1,186,mon,0.0,0.00015179965703282505,0.0,0.5,,0.0,20
D,GAT+LSTM_full_retrain,1,187,mon,0.0,0.00017069120076484978,0.0,0.5,,0.0,20
D,GAT+LSTM_full_retrain,1,188,mon,0.0,0.00014246160571929067,0.0,0.5,,0.0,20
D,GAT+LSTM_full_retrain,1,189,mon,0.0,0.00014376592298503965,0.0,0.5,,0.0,20
D,GAT+LSTM_full_retrain,1,190,mon,0.0,0.0001430312404409051,0.0,0.5,,0.0,20
D,GAT+LSTM_full_retrain,1,191,mon,0.0,0.00014821179502177984,0.0,0.5,,0.0,20
D,GAT+LSTM_full_retrain,1,192,mon,0.0,0.00017777511675376445,0.0,0.5,,0.0,20
D,GAT+LSTM_full_retrain,1,193,mon,0.0,0.0001638040557736531,0.0,0.5,,0.0,20
D,GAT+LSTM_full_retrain,1,194,mon,0.0,0.0004431082052178681,0.0,0.5,,0.0,20
D,GAT+LSTM_full_retrain,1,195,mon,0.0,0.00020142510766163468,0.0,0.5,,0.0,20
D,GAT+LSTM_full_retrain,1,196,mon,0.0,0.00016733954544179142,0.0,0.5,,0.0,20
D,GAT+LSTM_full_retrain,1,197,mon,0.0,0.00013707359903492033,0.0,0.5,,0.0,20
D,GAT+LSTM_full_retrain,1,198,mon,0.0,0.0001822758640628308,0.0,0.5,,0.0,20
D,GAT+LSTM_full_retrain,1,199,mon,0.0,0.0001597074297023937,0.0,0.5,,0.0,20
D,GAT+LSTM_full_retrain,1,200,mon,0.0,0.00015122423064894974,0.0,0.5,,0.0,20
D,GAT+LSTM_full_retrain,1,201,mon,0.0,0.00015058247663546354,0.0,0.5,,0.0,20
D,GAT+LSTM_full_retrain,1,202,mon,0.0,0.00014002874377183616,0.0,0.5,,0.0,20
D,GAT+LSTM_full_retrain,1,203,mon,0.0,0.0001351273531327024,0.0,0.5,,0.0,20
D,GAT+LSTM_full_retrain,1,204,mon,0.0,0.00021289709548000246,0.0,0.5,,0.0,20
D,GAT+LSTM_full_retrain,1,205,mon,0.0,0.0001503825915278867,0.0,0.5,,0.0,20
D,GAT+LSTM_full_retrain,1,206,mon,0.0,0.00019892462296411395,0.0,0.5,,0.0,20
D,GAT+LSTM_full_retrain,1,207,mon,0.0,0.00013873768330086023,0.0,0.5,,0.0,20
D,GAT+LSTM_full_retrain,1,208,mon,0.0,0.00014841347001492977,0.0,0.5,,0.0,20
D,GAT+LSTM_full_retrain,1,209,mon,0.0,0.0001440255146007985,0.0,0.5,,0.0,20
D,GAT+LSTM_full_retrain,1,210,mon,0.0,0.0001734086690703407,0.0,0.5,,0.0,20
D,GAT+LSTM_full_retrain,1,211,mon,0.0,0.0001424641814082861,0.0,0.5,,0.0,20
D,GAT+LSTM_full_retrain,1,212,mon,0.0,0.00017353369912598282,0.0,0.5,,0.0,20
D,GAT+LSTM_full_retrain,1,213,mon,0.0,0.00019575066107790917,0.0,0.5,,0.0,20
D,GAT+LSTM_full_retrain,1,214,mon,0.0,0.00013926760584581643,0.0,0.5,,0.0,20
D,GAT+LSTM_full_retrain,1,215,mon,0.0,0.00014350377023220062,0.0,0.5,,0.0,20
D,GAT+LSTM_full_retrain,1,216,mon,0.0,0.0001404188951710239,0.0,0.5,,0.0,20
D,GAT+LSTM_full_retrain,1,217,mon,0.0,0.00014331232523545623,0.0,0.5,,0.0,20
D,GAT+LSTM_full_retrain,1,218,mon,0.0,0.00014351306890603155,0.0,0.5,,0.0,20
D,GAT+LSTM_full_retrain,1,219,mon,0.0,0.00036408103187568486,0.0,0.5,,0.0,20
D,GAT+LSTM_full_retrain,1,220,mon,0.0,0.00015751810860820115,0.0,0.5,,0.0,20
D,GAT+LSTM_full_retrain,1,221,mon,0.0,0.00027660824707709253,0.0,0.5,,0.0,20
D,GAT+LSTM_full_retrain,1,222,mon,0.0,0.00018855350208468735,0.0,0.5,,0.0,20
D,GAT+LSTM_full_retrain,1,223,mon,0.0,0.00020144220616202801,0.0,0.5,,0.0,20
D,GAT+LSTM_full_retrain,1,224,mon,0.0,0.0001373215054627508,0.0,0.5,,0.0,20
D,GAT+LSTM_full_retrain,1,225,mon,0.0,0.00013554275210481137,0.0,0.5,,0.0,20
D,GAT+LSTM_full_retrain,1,226,mon,0.0,0.0001444761292077601,0.0,0.5,,0.0,20
D,GAT+LSTM_full_retrain,1,227,mon,0.0,0.00015542989422101527,0.0,0.5,,0.0,20
D,GAT+LSTM_full_retrain,1,228,mon,0.0,0.00016586804122198373,0.0,0.5,,0.0,20
D,GAT+LSTM_full_retrain,1,229,mon,0.0,0.00017911267059389502,0.0,0.5,,0.0,20
D,GAT+LSTM_full_retrain,1,230,mon,0.0,0.0001524822146166116,0.0,0.5,,0.0,20
D,GAT+LSTM_full_retrain,1,231,mon,0.0,0.00015611016715411097,0.0,0.5,,0.0,20
D,GAT+LSTM_full_retrain,1,232,mon,0.0,0.00014272292901296169,0.0,0.5,,0.0,20
D,GAT+LSTM_full_retrain,1,233,mon,0.0,0.00016031406994443387,0.0,0.5,,0.0,20
D,GAT+LSTM_full_retrain,1,234,mon,0.0,0.00020190812938380986,0.0,0.5,,0.0,20
D,GAT+LSTM_full_retrain,1,235,mon,0.0,0.00014612289669457823,0.0,0.5,,0.0,20
D,GAT+LSTM_full_retrain,1,236,mon,0.0,0.00014225798076950014,0.0,0.5,,0.0,20
D,GAT+LSTM_full_retrain,1,237,mon,0.0,0.00013634761853609234,0.0,0.5,,0.0,20
D,GAT+LSTM_full_retrain,1,238,mon,0.0,0.00014512561028823256,0.0,0.5,,0.0,20
D,GAT+LSTM_full_retrain,1,239,mon,0.0,0.00016697455430403352,0.0,0.5,,0.0,20
D,GAT+LSTM_full_retrain,1,240,mon,0.0,0.00037489121314138174,0.0,0.5,,0.0,20
D,GAT+LSTM_full_retrain,1,241,mon,0.0,0.0006220336654223502,0.0,0.5,,0.0,20
D,GAT+LSTM_full_retrain,1,242,mon,0.0,0.00038372777635231614,0.0,0.5,,0.0,20
D,GAT+LSTM_full_retrain,1,243,mon,0.0,0.00021828929311595857,0.0,0.5,,0.0,20
D,GAT+LSTM_full_retrain,1,244,mon,0.0,0.00015194606385193765,0.0,0.5,,0.0,20
D,GAT+LSTM_full_retrain,1,245,mon,0.0,0.0001398501917719841,0.0,0.5,,0.0,20
D,GAT+LSTM_full_retrain,1,246,mon,0.0,0.00014257658040151,0.0,0.5,,0.0,20
D,GAT+LSTM_full_retrain,1,247,mon,0.0,0.0001347973884548992,0.0,0.5,,0.0,20
D,GAT+LSTM_full_retrain,1,248,mon,0.0,0.0001587269944138825,0.0,0.5,,0.0,20
D,GAT+LSTM_full_retrain,1,249,mon,0.0,0.0001428126561222598,0.0,0.5,,0.0,20
D,GAT+LSTM_full_retrain,1,250,mon,0.0,0.00016303679149132222,0.0,0.5,,0.0,20
D,GAT+LSTM_full_retrain,1,251,mon,0.0,0.00016306943143717945,0.0,0.5,,0.0,20
D,GAT+LSTM_full_retrain,1,252,mon,0.0,0.0001360386813757941,0.0,0.5,,0.0,20
D,GAT+LSTM_full_retrain,1,253,mon,0.0,0.00014410189760383219,0.0,0.5,,0.0,20
D,GAT+LSTM_full_retrain,1,254,mon,0.0,0.00015841008280403912,0.0,0.5,,0.0,20
D,GAT+LSTM_full_retrain,1,255,mon,0.0,0.00013991209561936557,0.0,0.5,,0.0,20
D,GAT+LSTM_full_retrain,1,256,mon,0.0,0.000145541358506307,0.0,0.5,,0.0,20
D,GAT+LSTM_full_retrain,1,257,mon,0.0,0.0001502904196968302,0.0,0.5,,0.0,20
D,GAT+LSTM_full_retrain,1,258,mon,0.0,0.00013872564886696637,0.0,0.5,,0.0,20
D,GAT+LSTM_full_retrain,1,259,mon,0.0,0.00013824485358782113,0.0,0.5,,0.0,20
D,GAT+LSTM_full_retrain,1,260,mon,0.0,0.00014134260709397495,0.0,0.5,,0.0,20
D,GAT+LSTM_full_retrain,1,261,mon,0.0,0.00014828643179498613,0.0,0.5,,0.0,20
D,GAT+LSTM_full_retrain,1,262,mon,0.0,0.00014371027646120638,0.0,0.5,,0.0,20
D,GAT+LSTM_full_retrain,1,263,mon,0.0,0.00017855028272606432,0.0,0.5,,0.0,20
D,GAT+LSTM_full_retrain,1,264,mon,0.0,0.00014937946980353445,0.0,0.5,,0.0,20
D,GAT+LSTM_full_retrain,1,265,mon,0.0,0.0001437956525478512,0.0,0.5,,0.0,20
D,GAT+LSTM_full_retrain,1,266,mon,0.0,0.0001541631791042164,0.0,0.5,,0.0,20
D,GAT+LSTM_full_retrain,1,267,mon,0.0,0.00013762274465989321,0.0,0.5,,0.0,20
D,GAT+LSTM_full_retrain,1,268,mon,0.0,0.00014277575246524066,0.0,0.5,,0.0,20
D,GAT+LSTM_full_retrain,1,269,mon,0.0,0.00014754525909665972,0.0,0.5,,0.0,20
D,GAT+LSTM_full_retrain,1,270,mon,0.0,0.0001469167327741161,0.0,0.5,,0.0,20
D,GAT+LSTM_full_retrain,1,271,mon,0.0,0.00014635492698289454,0.0,0.5,,0.0,20
D,GAT+LSTM_full_retrain,1,272,mon,0.0,0.00017139330157078803,0.0,0.5,,0.0,20
D,GAT+LSTM_full_retrain,1,273,mon,0.0,0.00014478035154752433,0.0,0.5,,0.0,20
D,GAT+LSTM_full_retrain,1,274,mon,0.0,0.00015457886911462992,0.0,0.5,,0.0,20
D,GAT+LSTM_full_retrain,1,275,mon,0.0,0.0001657655811868608,0.0,0.5,,0.0,20
D,GAT+LSTM_full_retrain,1,276,mon,0.0,0.00016684405272826552,0.0,0.5,,0.0,20
D,GAT+LSTM_full_retrain,1,277,mon,0.0,0.00013613456394523382,0.0,0.5,,0.0,20
D,GAT+LSTM_full_retrain,1,278,mon,0.0,0.0001452446886105463,0.0,0.5,,0.0,20
D,GAT+LSTM_full_retrain,1,279,mon,0.0,0.0001816585281630978,0.0,0.5,,0.0,20
D,GAT+LSTM_full_retrain,1,280,mon,0.0,0.00016312387015204877,0.0,0.5,,0.0,20
D,GAT+LSTM_full_retrain,1,281,mon,0.0,0.0001415547594660893,0.0,0.5,,0.0,20
D,GAT+LSTM_full_retrain,1,282,mon,0.0,0.00014026487770024687,0.0,0.5,,0.0,20
D,GAT+LSTM_full_retrain,1,283,mon,0.0,0.0001360040478175506,0.0,0.5,,0.0,20
D,GAT+LSTM_full_retrain,1,284,mon,0.0,0.00017014473269227892,0.0,0.5,,0.0,20
D,GAT+LSTM_full_retrain,1,285,mon,0.0,0.0001386982767144218,0.0,0.5,,0.0,20
D,GAT+LSTM_full_retrain,1,286,mon,0.0,0.0001408102980349213,0.0,0.5,,0.0,20
D,GAT+LSTM_full_retrain,1,287,mon,0.0,0.00015625180094502866,0.0,0.5,,0.0,20
D,GAT+LSTM_full_retrain,1,288,mon,0.0,0.00014103429566603154,0.0,0.5,,0.0,20
D,GAT+LSTM_full_retrain,1,289,mon,0.0,0.00014215383271221071,0.0,0.5,,0.0,20
D,GAT+LSTM_full_retrain,1,290,mon,0.0,0.00014315498992800713,0.0,0.5,,0.0,20
D,GAT+LSTM_full_retrain,1,291,mon,0.0,0.00014324949006550014,0.0,0.5,,0.0,20
D,GAT+LSTM_full_retrain,1,292,mon,0.0,0.0001644758158363402,0.0,0.5,,0.0,20
D,GAT+LSTM_full_retrain,1,293,mon,0.0,0.00014335689775180072,0.0,0.5,,0.0,20
D,GAT+LSTM_full_retrain,1,294,mon,0.0,0.00014154329255688936,0.0,0.5,,0.0,20
D,GAT+LSTM_full_retrain,1,295,mon,0.0,0.00014236329298000783,0.0,0.5,,0.0,20
D,GAT+LSTM_full_retrain,1,296,mon,0.0,0.0001576149952597916,0.0,0.5,,0.0,20
D,GAT+LSTM_full_retrain,1,297,mon,0.0,0.00014082306006457657,0.0,0.5,,0.0,20
D,GAT+LSTM_full_retrain,1,298,mon,0.0,0.0001444196532247588,0.0,0.5,,0.0,20
D,GAT+LSTM_full_retrain,1,299,mon,0.0,0.0003405065799597651,0.0,0.5,,0.0,20
D,GAT+LSTM_full_retrain,1,300,mon,0.0,0.00018184258078690618,0.0,0.5,,0.0,20
D,GAT+LSTM_full_retrain,1,301,mon,0.0,0.00013856581063009799,0.0,0.5,,0.0,20
D,GAT+LSTM_full_retrain,1,302,mon,0.0,0.0001379297609673813,0.0,0.5,,0.0,20
D,GAT+LSTM_full_retrain,1,303,mon,0.0,0.00014795198512729257,0.0,0.5,,0.0,20
D,GAT+LSTM_full_retrain,1,304,mon,0.0,0.00019957397307734936,0.0,0.5,,0.0,20
D,GAT+LSTM_full_retrain,1,305,mon,0.0,0.00014439404185395688,0.0,0.5,,0.0,20
D,GAT+LSTM_full_retrain,1,306,mon,0.0,0.0001716726692393422,0.0,0.5,,0.0,20
D,GAT+LSTM_full_retrain,1,307,mon,0.0,0.0001636526285437867,0.0,0.5,,0.0,20
D,GAT+LSTM_full_retrain,1,308,mon,0.0,0.00013642759586218745,0.0,0.5,,0.0,20
D,GAT+LSTM_full_retrain,1,309,mon,0.0,0.00013370988017413765,0.0,0.5,,0.0,20
D,GAT+LSTM_full_retrain,1,310,mon,0.0,0.0001561872923048213,0.0,0.5,,0.0,20
D,GAT+LSTM_full_retrain,1,311,mon,0.0,0.0001390574179822579,0.0,0.5,,0.0,20
D,GAT+LSTM_full_retrain,1,312,mon,0.0,0.0001758585567586124,0.0,0.5,,0.0,20
D,GAT+LSTM_full_retrain,1,313,mon,0.0,0.00017151724023278803,0.0,0.5,,0.0,20
D,GAT+LSTM_full_retrain,1,314,mon,0.0,0.00015053825336508453,0.0,0.5,,0.0,20
D,GAT+LSTM_full_retrain,1,315,mon,0.0,0.0004012396093457937,0.0,0.5,,0.0,20
D,GAT+LSTM_full_retrain,1,316,mon,0.0,0.0001787197688827291,0.0,0.5,,0.0,20
D,GAT+LSTM_full_retrain,1,317,mon,0.0,0.00018357405497226864,0.0,0.5,,0.0,20
D,GAT+LSTM_full_retrain,1,318,mon,0.0,0.00014415523037314415,0.0,0.5,,0.0,20
D,GAT+LSTM_full_retrain,1,319,mon,0.0,0.00014001726231072098,0.0,0.5,,0.0,20
D,GAT+LSTM_full_retrain,1,320,mon,0.0,0.0001442309730919078,0.0,0.5,,0.0,20
D,GAT+LSTM_full_retrain,1,321,mon,0.0,0.00022016193543095142,0.0,0.5,,0.0,20
D,GAT+LSTM_full_retrain,1,322,mon,0.0,0.00014930286852177233,0.0,0.5,,0.0,20
D,GAT+LSTM_full_retrain,1,323,mon,0.0,0.00013591043534688652,0.0,0.5,,0.0,20
D,GAT+LSTM_full_retrain,1,324,mon,0.0,0.0001396838779328391,0.0,0.5,,0.0,20
D,GAT+LSTM_full_retrain,1,325,mon,0.0,0.00018885903409682214,0.0,0.5,,0.0,20
D,GAT+LSTM_full_retrain,1,326,mon,0.0,0.00017212833336088806,0.0,0.5,,0.0,20
D,GAT+LSTM_full_retrain,1,327,mon,0.0,0.0001895602763397619,0.0,0.5,,0.0,20
D,GAT+LSTM_full_retrain,1,328,mon,0.0,0.0001451073621865362,0.0,0.5,,0.0,20
D,GAT+LSTM_full_retrain,1,329,mon,0.0,0.0001468607079004869,0.0,0.5,,0.0,20
D,GAT+LSTM_full_retrain,1,330,mon,0.0,0.0001542388927191496,0.0,0.5,,0.0,20
D,GAT+LSTM_full_retrain,1,331,mon,0.0,0.0001800794998416677,0.0,0.5,,0.0,20
D,GAT+LSTM_full_retrain,1,332,mon,0.0,0.00019982112280558795,0.0,0.5,,0.0,20
D,GAT+LSTM_full_retrain,1,333,mon,0.0,0.00019622773106675595,0.0,0.5,,0.0,20
D,GAT+LSTM_full_retrain,1,334,mon,0.0,0.00021424943406600505,0.0,0.5,,0.0,20
D,GAT+LSTM_full_retrain,1,335,mon,0.0,0.00018513445684220642,0.0,0.5,,0.0,20
D,GAT+LSTM_full_retrain,1,336,mon,0.0,0.00016764075553510338,0.0,0.5,,0.0,20
D,GAT+LSTM_full_retrain,1,337,mon,0.0,0.00015582464402541518,0.0,0.5,,0.0,20
D,GAT+LSTM_full_retrain,1,338,mon,0.0,0.00015374259965028614,0.0,0.5,,0.0,20
D,GAT+LSTM_full_retrain,1,339,mon,0.0,0.00017565779853612185,0.0,0.5,,0.0,20
D,GAT+LSTM_full_retrain,1,340,mon,0.0,0.00017740242765285075,0.0,0.5,,0.0,20
D,GAT+LSTM_full_retrain,1,341,mon,0.0,0.00018409447511658072,0.0,0.5,,0.0,20
D,GAT+LSTM_full_retrain,1,342,mon,0.0,0.0002540434943512082,0.0,0.5,,0.0,20
D,GAT+LSTM_full_retrain,1,343,mon,0.0,0.00023035358753986657,0.0,0.5,,0.0,20
D,GAT+LSTM_full_retrain,1,344,mon,0.0,0.0003013983659911901,0.0,0.5,,0.0,20
D,GAT+LSTM_full_retrain,1,345,mon,0.0,0.00039740398642607033,0.0,0.5,,0.0,20
D,GAT+LSTM_full_retrain,1,346,mon,0.0,0.00030043438891880214,0.0,0.5,,0.0,20
D,GAT+LSTM_full_retrain,1,347,mon,0.0,0.00041462210356257856,0.0,0.5,,0.0,20
D,GAT+LSTM_full_retrain,1,348,mon,0.0,0.00023470645828638226,0.0,0.5,,0.0,20
D,GAT+LSTM_full_retrain,1,349,mon,0.0,0.00035547622246667743,0.0,0.5,,0.0,20
D,GAT+LSTM_full_retrain,1,350,mon,0.0,0.00029935623751953244,0.0,0.5,,0.0,20
D,GAT+LSTM_full_retrain,1,351,mon,0.0,0.00024069796199910343,0.0,0.5,,0.0,20
D,GAT+LSTM_full_retrain,1,352,mon,0.0,0.00027114219847135246,0.0,0.5,,0.0,20
D,GAT+LSTM_full_retrain,1,353,mon,0.0,0.00021289545111358166,0.0,0.5,,0.0,20
D,GAT+LSTM_full_retrain,1,354,mon,0.0,0.00018355496285948902,0.0,0.5,,0.0,20
D,GAT+LSTM_full_retrain,1,355,mon,0.0,0.0001593283814145252,0.0,0.5,,0.0,20
D,GAT+LSTM_full_retrain,1,356,mon,0.0,0.0001485517859691754,0.0,0.5,,0.0,20
D,GAT+LSTM_full_retrain,1,357,mon,0.0,0.00015345041174441576,0.0,0.5,,0.0,20
D,GAT+LSTM_full_retrain,1,358,mon,0.0,0.00016360910376533866,0.0,0.5,,0.0,20
D,GAT+LSTM_full_retrain,1,359,mon,0.0,0.00017843660316430032,0.0,0.5,,0.0,20
D,GAT+LSTM_full_retrain,1,360,mon,0.0,0.00017647720233071595,0.0,0.5,,0.0,20
D,GAT+LSTM_full_retrain,1,361,mon,0.0,0.00018410570919513702,0.0,0.5,,0.0,20
D,GAT+LSTM_full_retrain,1,362,mon,0.0,0.00020755136210937053,0.0,0.5,,0.0,20
D,GAT+LSTM_full_retrain,1,363,mon,0.0,0.0002066775195999071,0.0,0.5,,0.0,20
D,GAT+LSTM_full_retrain,1,364,mon,0.0,0.00018543055921327323,0.0,0.5,,0.0,20
D,GAT+LSTM_full_retrain,1,365,mon,0.0,0.0001742588065098971,0.0,0.5,,0.0,20
D,GAT+LSTM_full_retrain,1,366,mon,0.0,0.0001755943230818957,0.0,0.5,,0.0,20
D,GAT+LSTM_full_retrain,1,367,mon,0.0,0.00018228054977953434,0.0,0.5,,0.0,20
D,GAT+LSTM_full_retrain,1,368,mon,0.0,0.00016377578140236437,0.0,0.5,,0.0,20
D,GAT+LSTM_full_retrain,1,369,mon,0.0,0.00019652207265608013,0.0,0.5,,0.0,20
D,GAT+LSTM_full_retrain,1,370,mon,0.0,0.00021960490266792476,0.0,0.5,,0.0,20
D,GAT+LSTM_full_retrain,1,371,mon,0.0,0.0002858355001080781,0.0,0.5,,0.0,20
D,GAT+LSTM_full_retrain,1,372,mon,0.0,0.00033124073524959385,0.0,0.5,,0.0,20
D,GAT+LSTM_full_retrain,1,373,mon,0.0,0.0003858800046145916,0.0,0.5,,0.0,20
D,GAT+LSTM_full_retrain,1,374,mon,0.0,0.00038003557710908353,0.0,0.5,,0.0,20
D,GAT+LSTM_full_retrain,1,375,mon,0.0,0.0004911698051728308,0.0,0.5,,0.0,20
D,GAT+LSTM_full_retrain,1,376,mon,0.0,0.000572553719393909,0.0,0.5,,0.0,20
D,GAT+LSTM_full_retrain,1,377,mon,0.0,0.0005329768173396587,0.0,0.5,,0.0,20
D,GAT+LSTM_full_retrain,1,378,mon,0.0,0.00028711865888908505,0.0,0.5,,0.0,20
D,GAT+LSTM_full_retrain,1,379,mon,0.0,0.00021438387921079993,0.0,0.5,,0.0,20
D,GAT+LSTM_full_retrain,1,380,mon,0.0,0.00019276823149994016,0.0,0.5,,0.0,20
D,GAT+LSTM_full_retrain,1,381,mon,0.0,0.00018694112077355385,0.0,0.5,,0.0,20
D,GAT+LSTM_full_retrain,1,382,mon,0.0,0.00018372938211541623,0.0,0.5,,0.0,20
D,GAT+LSTM_full_retrain,1,383,mon,0.0,0.00017301394836977124,0.0,0.5,,0.0,20
D,GAT+LSTM_full_retrain,1,384,mon,0.0,0.00016421364853158593,0.0,0.5,,0.0,20
D,GAT+LSTM_full_retrain,1,385,mon,0.0,0.0001619980757823214,0.0,0.5,,0.0,20
D,GAT+LSTM_full_retrain,1,386,mon,0.0,0.00015332640032283962,0.0,0.5,,0.0,20
D,GAT+LSTM_full_retrain,1,387,mon,0.0,0.0001576806971570477,0.0,0.5,,0.0,20
D,GAT+LSTM_full_retrain,1,388,mon,0.0,0.00020121029228903353,0.0,0.5,,0.0,20
D,GAT+LSTM_full_retrain,1,389,mon,0.0,0.0003115999570582062,0.0,0.5,,0.0,20
D,GAT+LSTM_full_retrain,1,390,mon,0.0,0.000463142991065979,0.0,0.5,,0.0,20
D,GAT+LSTM_full_retrain,1,391,mon,0.0,0.0006414757226593792,0.0,0.5,,0.0,20
D,GAT+LSTM_full_retrain,1,392,mon,0.0,0.0004463510704226792,0.0,0.5,,0.0,20
D,GAT+LSTM_full_retrain,1,393,mon,0.0,0.0003526575455907732,0.0,0.5,,0.0,20
D,GAT+LSTM_full_retrain,1,394,mon,0.0,0.00033313361927866936,0.0,0.5,,0.0,20
D,GAT+LSTM_full_retrain,1,395,mon,0.0,0.0002341746585443616,0.0,0.5,,0.0,20
D,GAT+LSTM_full_retrain,1,396,mon,0.0,0.00021375725918915123,0.0,0.5,,0.0,20
D,GAT+LSTM_full_retrain,1,397,mon,0.0,0.00019006687216460705,0.0,0.5,,0.0,20
D,GAT+LSTM_full_retrain,1,398,mon,0.0,0.0002221166796516627,0.0,0.5,,0.0,20
D,GAT+LSTM_full_retrain,1,399,mon,0.0,0.0002601784944999963,0.0,0.5,,0.0,20
D,GAT+LSTM_full_retrain,1,400,mon,0.0,0.00019948113185819238,0.0,0.5,,0.0,20
D,GAT+LSTM_full_retrain,1,401,mon,0.0,0.00021065957844257355,0.0,0.5,,0.0,20
D,GAT+LSTM_full_retrain,1,402,mon,0.0,0.00017915877106133848,0.0,0.5,,0.0,20
D,GAT+LSTM_full_retrain,1,403,mon,0.0,0.00016116793267428875,0.0,0.5,,0.0,20
D,GAT+LSTM_full_retrain,1,404,mon,0.0,0.00015666070976294577,0.0,0.5,,0.0,20
D,GAT+LSTM_full_retrain,1,405,mon,0.0,0.0001594542118255049,0.0,0.5,,0.0,20
D,GAT+LSTM_full_retrain,1,406,mon,0.0,0.00015417655231431127,0.0,0.5,,0.0,20
D,GAT+LSTM_full_retrain,1,407,mon,0.0,0.00015159700706135482,0.0,0.5,,0.0,20
D,GAT+LSTM_full_retrain,1,408,mon,0.0,0.0001580329262651503,0.0,0.5,,0.0,20
D,GAT+LSTM_full_retrain,1,409,mon,0.0,0.00016167215653695166,0.0,0.5,,0.0,20
D,GAT+LSTM_full_retrain,1,410,mon,0.0,0.00018816415104083717,0.0,0.5,,0.0,20
D,GAT+LSTM_full_retrain,1,411,mon,0.0,0.000185959434020333,0.0,0.5,,0.0,20
D,GAT+LSTM_full_retrain,1,412,mon,0.0,0.00020759945618920028,0.0,0.5,,0.0,20
D,GAT+LSTM_full_retrain,1,413,mon,0.0,0.00019940678612329066,0.0,0.5,,0.0,20
D,GAT+LSTM_full_retrain,1,414,mon,0.0,0.00026761111803352833,0.0,0.5,,0.0,20
D,GAT+LSTM_full_retrain,1,415,mon,0.0,0.00030243201763369143,0.0,0.5,,0.0,20
D,GAT+LSTM_full_retrain,1,416,mon,0.0,0.00023127191525418311,0.0,0.5,,0.0,20
D,GAT+LSTM_full_retrain,1,417,mon,0.0,0.00019455362053122371,0.0,0.5,,0.0,20
D,GAT+LSTM_full_retrain,1,418,mon,0.0,0.0001791297399904579,0.0,0.5,,0.0,20
D,GAT+LSTM_full_retrain,1,419,mon,0.0,0.00016381281602662057,0.0,0.5,,0.0,20
D,GAT+LSTM_full_retrain,1,420,mon,0.0,0.0001763900654623285,0.0,0.5,,0.0,20
D,GAT+LSTM_full_retrain,1,421,mon,0.0,0.00022644302225671709,0.0,0.5,,0.0,20
D,GAT+LSTM_full_retrain,1,422,mon,0.0,0.00033405108842998743,0.0,0.5,,0.0,20
D,GAT+LSTM_full_retrain,1,423,mon,0.0,0.00035071015008725226,0.0,0.5,,0.0,20
D,GAT+LSTM_full_retrain,1,424,mon,0.0,0.00037609165883623064,0.0,0.5,,0.0,20
D,GAT+LSTM_full_retrain,1,425,mon,0.0,0.00023043133842293173,0.0,0.5,,0.0,20
D,GAT+LSTM_full_retrain,1,426,mon,0.0,0.0001928430428961292,0.0,0.5,,0.0,20
D,GAT+LSTM_full_retrain,1,427,mon,0.0,0.0001643618306843564,0.0,0.5,,0.0,20
D,GAT+LSTM_full_retrain,1,428,mon,0.0,0.00015188190445769578,0.0,0.5,,0.0,20
D,GAT+LSTM_full_retrain,1,429,mon,0.0,0.00014689977979287505,0.0,0.5,,0.0,20
D,GAT+LSTM_full_retrain,1,430,mon,0.0,0.00014383529196493328,0.0,0.5,,0.0,20
D,GAT+LSTM_full_retrain,1,431,mon,0.0,0.00017215560365002602,0.0,0.5,,0.0,20
D,GAT+LSTM_full_retrain,1,432,mon,0.0,0.00016099789354484528,0.0,0.5,,0.0,20
D,GAT+LSTM_full_retrain,1,433,mon,0.0,0.0001681185676716268,0.0,0.5,,0.0,20
D,GAT+LSTM_full_retrain,1,434,mon,0.0,0.00017117822426371276,0.0,0.5,,0.0,20
D,GAT+LSTM_full_retrain,1,435,mon,0.0,0.00018191940034739673,0.0,0.5,,0.0,20
D,GAT+LSTM_full_retrain,1,436,mon,0.0,0.00015199418703559786,0.0,0.5,,0.0,20
D,GAT+LSTM_full_retrain,1,437,mon,0.0,0.00014863410615362227,0.0,0.5,,0.0,20
D,GAT+LSTM_full_retrain,1,438,mon,0.0,0.0001458342158002779,0.0,0.5,,0.0,20
D,GAT+LSTM_full_retrain,1,439,mon,0.0,0.000146913094795309,0.0,0.5,,0.0,20
D,GAT+LSTM_full_retrain,1,440,mon,0.0,0.00016160619270522147,0.0,0.5,,0.0,20
D,GAT+LSTM_full_retrain,1,441,mon,0.0,0.00018294446635991335,0.0,0.5,,0.0,20
D,GAT+LSTM_full_retrain,1,442,mon,0.0,0.00018211151473224163,0.0,0.5,,0.0,20
D,GAT+LSTM_full_retrain,1,443,mon,0.0,0.00019411781977396458,0.0,0.5,,0.0,20
D,GAT+LSTM_full_retrain,1,444,mon,0.0,0.0001812571135815233,0.0,0.5,,0.0,20
D,GAT+LSTM_full_retrain,1,445,mon,0.0,0.00017198167915921658,0.0,0.5,,0.0,20
D,GAT+LSTM_full_retrain,1,446,mon,0.0,0.0001865113154053688,0.0,0.5,,0.0,20
D,GAT+LSTM_full_retrain,1,447,mon,0.0,0.00018819213437382132,0.0,0.5,,0.0,20
D,GAT+LSTM_full_retrain,1,448,mon,0.0,0.00019366339256521314,0.0,0.5,,0.0,20
D,GAT+LSTM_full_retrain,1,449,mon,0.0,0.00019580665684770793,0.0,0.5,,0.0,20
D,GAT+LSTM_full_retrain,1,450,mon,0.0,0.00020598834089469165,0.0,0.5,,0.0,20
D,GAT+LSTM_full_retrain,1,451,mon,0.0,0.0001801968173822388,0.0,0.5,,0.0,20
D,GAT+LSTM_full_retrain,1,452,mon,0.0,0.00016181003593374044,0.0,0.5,,0.0,20
D,GAT+LSTM_full_retrain,1,453,mon,0.0,0.00015255216567311436,0.0,0.5,,0.0,20
D,GAT+LSTM_full_retrain,1,454,mon,0.0,0.00015282414096873254,0.0,0.5,,0.0,20
D,GAT+LSTM_full_retrain,1,455,mon,0.0,0.0001545663399156183,0.0,0.5,,0.0,20
D,GAT+LSTM_full_retrain,1,456,mon,0.0,0.0001516280899522826,0.0,0.5,,0.0,20
D,GAT+LSTM_full_retrain,1,457,mon,0.0,0.0001460042258258909,0.0,0.5,,0.0,20
D,GAT+LSTM_full_retrain,1,458,mon,0.0,0.00014661556633654982,0.0,0.5,,0.0,20
D,GAT+LSTM_full_retrain,1,459,mon,0.0,0.0001437576866010204,0.0,0.5,,0.0,20
D,GAT+LSTM_full_retrain,1,460,mon,0.0,0.00014382295194081962,0.0,0.5,,0.0,20
D,GAT+LSTM_full_retrain,1,461,mon,0.0,0.00014452461618930101,0.0,0.5,,0.0,20
D,GAT+LSTM_full_retrain,1,462,mon,0.0,0.0001822593476390466,0.0,0.5,,0.0,20
D,GAT+LSTM_full_retrain,1,463,mon,0.0,0.00017362473590765148,0.0,0.5,,0.0,20
D,GAT+LSTM_full_retrain,1,464,mon,0.0,0.00017598217527847737,0.0,0.5,,0.0,20
D,GAT+LSTM_full_retrain,1,465,mon,0.0,0.00017055211355909705,0.0,0.5,,0.0,20
D,GAT+LSTM_full_retrain,1,466,mon,0.0,0.00017315454897470772,0.0,0.5,,0.0,20
D,GAT+LSTM_full_retrain,1,467,mon,0.0,0.00017891106836032122,0.0,0.5,,0.0,20
D,GAT+LSTM_full_retrain,1,468,mon,0.0,0.0001633866340853274,0.0,0.5,,0.0,20
D,GAT+LSTM_full_retrain,1,469,mon,0.0,0.00016106899420265108,0.0,0.5,,0.0,20
D,GAT+LSTM_full_retrain,1,470,mon,0.0,0.00014994415687397122,0.0,0.5,,0.0,20
D,GAT+LSTM_full_retrain,1,471,mon,0.0,0.0001587398728588596,0.0,0.5,,0.0,20
D,GAT+LSTM_full_retrain,1,472,mon,0.0,0.00015055692347232252,0.0,0.5,,0.0,20
D,GAT+LSTM_full_retrain,1,473,mon,0.0,0.00015774100029375404,0.0,0.5,,0.0,20
D,GAT+LSTM_full_retrain,1,474,mon,0.0,0.00017918850062415004,0.0,0.5,,0.0,20
D,GAT+LSTM_full_retrain,1,475,mon,0.0,0.00019778551359195262,0.0,0.5,,0.0,20
D,GAT+LSTM_full_retrain,1,476,mon,0.0,0.00017806065443437546,0.0,0.5,,0.0,20
D,GAT+LSTM_full_retrain,1,477,mon,0.0,0.00017142240540124476,0.0,0.5,,0.0,20
D,GAT+LSTM_full_retrain,1,478,mon,0.0,0.0001624374999664724,0.0,0.5,,0.0,20
D,GAT+LSTM_full_retrain,1,479,mon,0.0,0.00015219315537251532,0.0,0.5,,0.0,20
D,GAT+LSTM_full_retrain,1,480,mon,0.0,0.00014734068827237934,0.0,0.5,,0.0,20
D,GAT+LSTM_full_retrain,1,481,mon,0.0,0.00014602678129449487,0.0,0.5,,0.0,20
D,GAT+LSTM_full_retrain,1,482,mon,0.0,0.00014833650493528694,0.0,0.5,,0.0,20
D,GAT+LSTM_full_retrain,1,483,mon,0.0,0.00014990914496593177,0.0,0.5,,0.0,20
D,GAT+LSTM_full_retrain,1,484,mon,0.0,0.00014875207853037864,0.0,0.5,,0.0,20
D,GAT+LSTM_full_retrain,1,485,mon,0.0,0.00015414583322126418,0.0,0.5,,0.0,20
D,GAT+LSTM_full_retrain,1,486,mon,0.0,0.0001448270195396617,0.0,0.5,,0.0,20
D,GAT+LSTM_full_retrain,1,487,mon,0.0,0.00014233464025892317,0.0,0.5,,0.0,20
D,GAT+LSTM_full_retrain,1,488,mon,0.0,0.0001455100136809051,0.0,0.5,,0.0,20
D,GAT+LSTM_full_retrain,1,489,mon,0.0,0.00014245780766941607,0.0,0.5,,0.0,20
D,GAT+LSTM_full_retrain,1,490,mon,0.0,0.0001460262283217162,0.0,0.5,,0.0,20
D,GAT+LSTM_full_retrain,1,491,mon,0.0,0.00015488662756979465,0.0,0.5,,0.0,20
D,GAT+LSTM_full_retrain,1,492,mon,0.0,0.00015738057845737785,0.0,0.5,,0.0,20
D,GAT+LSTM_full_retrain,1,493,mon,0.0,0.00017184905300382525,0.0,0.5,,0.0,20
D,GAT+LSTM_full_retrain,1,494,mon,0.0,0.00016455580771435052,0.0,0.5,,0.0,20
D,GAT+LSTM_full_retrain,1,495,mon,0.0,0.0001583785196999088,0.0,0.5,,0.0,20
D,GAT+LSTM_full_retrain,1,496,mon,0.0,0.00038887676782906055,0.0,0.5,,0.0,20
D,GAT+LSTM_full_retrain,1,497,mon,0.0,0.00023166810569819063,0.0,0.5,,0.0,20
D,GAT+LSTM_full_retrain,1,498,mon,0.0,0.00022109615383669734,0.0,0.5,,0.0,20
D,GAT+LSTM_full_retrain,1,499,mon,0.0,0.0003730654716491699,0.0,0.5,,0.0,20
D,GAT+LSTM_full_retrain,1,500,mon,0.0,0.00032604296575300395,0.0,0.5,,0.0,20
D,GAT+LSTM_full_retrain,1,501,mon,0.0,0.00026557999080978334,0.0,0.5,,0.0,20
D,GAT+LSTM_full_retrain,1,502,mon,0.0,0.0001965520641533658,0.0,0.5,,0.0,20
D,GAT+LSTM_full_retrain,2,611,tue,0.0,0.0001547847641631961,0.0,0.5,,0.0,20
D,GAT+LSTM_full_retrain,2,612,tue,0.0,0.0001610608451301232,0.0,0.5,,0.0,20
D,GAT+LSTM_full_retrain,2,613,tue,0.0,0.0001715232792776078,0.0,0.5,,0.0,20
D,GAT+LSTM_full_retrain,2,614,tue,0.0,0.00015660753706470132,0.0,0.5,,0.0,20
D,GAT+LSTM_full_retrain,2,615,tue,0.0,0.00015558040468022227,0.0,0.5,,0.0,20
D,GAT+LSTM_full_retrain,2,616,tue,0.0,0.00018052614177577198,0.0,0.5,,0.0,20
D,GAT+LSTM_full_retrain,2,617,tue,0.0,0.0001336215646006167,0.0,0.5,,0.0,20
D,GAT+LSTM_full_retrain,2,618,tue,0.0,0.0001866029342636466,0.0,0.5,,0.0,20
D,GAT+LSTM_full_retrain,2,619,tue,0.0,0.0006372288917191327,0.0,0.5,,0.0,20
D,GAT+LSTM_full_retrain,2,620,tue,0.0,0.0001987448922591284,0.0,0.5,,0.0,20
D,GAT+LSTM_full_retrain,2,621,tue,0.0,0.00023934226192068309,0.0,0.5,,0.0,20
D,GAT+LSTM_full_retrain,2,622,tue,1.0,0.014640592969954014,0.0,1.0,1.0,0.0,20
D,GAT+LSTM_full_retrain,2,623,tue,1.0,0.980961263179779,0.6666666666666666,1.0,1.0,0.0,20
D,GAT+LSTM_full_retrain,2,624,tue,1.0,0.9947063326835632,0.8,1.0,1.0,0.0,20
D,GAT+LSTM_full_retrain,2,625,tue,1.0,0.9974269270896912,0.8571428571428571,1.0,1.0,0.0,20
D,GAT+LSTM_full_retrain,2,626,tue,1.0,0.9990050196647644,0.8888888888888888,1.0,1.0,0.0,20
D,GAT+LSTM_full_retrain,2,627,tue,1.0,0.9921671748161316,0.9090909090909091,1.0,1.0,0.0,20
D,GAT+LSTM_full_retrain,2,628,tue,1.0,0.9945893287658691,0.9230769230769231,0.9999999999999998,1.0,0.0,20
D,GAT+LSTM_full_retrain,2,629,tue,1.0,0.9985306262969971,0.9333333333333333,1.0,1.0,0.0,20
D,GAT+LSTM_full_retrain,2,630,tue,1.0,0.9974936246871948,0.9411764705882353,1.0000000000000002,1.0,0.0,20
D,GAT+LSTM_full_retrain,2,631,tue,1.0,0.9985660910606384,0.9473684210526315,0.9999999999999999,1.0,0.0,20
D,GAT+LSTM_full_retrain,2,632,tue,1.0,0.9982830286026001,0.9523809523809523,1.0,1.0,0.0,20
D,GAT+LSTM_full_retrain,2,633,tue,1.0,0.9987553358078003,0.9565217391304348,1.0,1.0,0.0,20
D,GAT+LSTM_full_retrain,2,634,tue,1.0,0.9946286082267761,0.96,0.9999999999999998,1.0,0.0,20
D,GAT+LSTM_full_retrain,2,635,tue,1.0,0.9943568110466003,0.9629629629629629,0.9999999999999999,1.0,0.0,20
D,GAT+LSTM_full_retrain,2,636,tue,1.0,0.9965481162071228,0.9655172413793104,1.0,1.0,0.0,20
D,GAT+LSTM_full_retrain,2,637,tue,1.0,0.991248369216919,0.967741935483871,1.0,1.0,0.0,20
D,GAT+LSTM_full_retrain,2,638,tue,1.0,0.9963350296020508,0.9696969696969697,1.0,1.0,0.0,20
D,GAT+LSTM_full_retrain,2,639,tue,1.0,0.9961234927177429,0.9714285714285714,1.0,1.0,0.0,20
D,GAT+LSTM_full_retrain,2,640,tue,1.0,0.9978006482124329,0.972972972972973,0.9999999999999998,1.0,0.0,20
D,GAT+LSTM_full_retrain,2,641,tue,1.0,0.9982989430427551,0.9743589743589743,1.0000000000000002,,0.0,20
D,GAT+LSTM_full_retrain,2,642,tue,1.0,0.9879941940307617,1.0,1.0000000000000002,,0.0,20
D,GAT+LSTM_full_retrain,2,643,tue,1.0,0.9896848201751709,1.0,1.0000000000000002,,0.0,20
D,GAT+LSTM_full_retrain,2,644,tue,1.0,0.996371865272522,1.0,1.0000000000000002,,0.0,20
D,GAT+LSTM_full_retrain,2,645,tue,1.0,0.9976063966751099,1.0,1.0000000000000002,,0.0,20
D,GAT+LSTM_full_retrain,2,646,tue,1.0,0.9939642548561096,1.0,1.0000000000000002,,0.0,20
D,GAT+LSTM_full_retrain,2,647,tue,1.0,0.9688985347747803,1.0,1.0000000000000002,,0.0,20
D,GAT+LSTM_full_retrain,2,648,tue,1.0,0.9503487944602966,1.0,1.0000000000000002,,0.0,20
D,GAT+LSTM_full_retrain,2,649,tue,1.0,0.9953008890151978,1.0,1.0000000000000002,,0.0,20
D,GAT+LSTM_full_retrain,2,650,tue,1.0,0.9859195947647095,1.0,1.0000000000000002,,0.0,20
D,GAT+LSTM_full_retrain,2,651,tue,1.0,0.9470507502555847,1.0,1.0000000000000002,,0.0,20
D,GAT+LSTM_full_retrain,2,652,tue,1.0,0.9930785298347473,1.0,1.0000000000000002,,0.0,20
D,GAT+LSTM_full_retrain,2,653,tue,1.0,0.9977738261222839,1.0,1.0000000000000002,,0.0,20
D,GAT+LSTM_full_retrain,2,654,tue,1.0,0.9962730407714844,1.0,1.0000000000000002,,0.0,20
D,GAT+LSTM_full_retrain,2,655,tue,1.0,0.9981541037559509,1.0,1.0000000000000002,,0.0,20
D,GAT+LSTM_full_retrain,2,656,tue,1.0,0.9969350099563599,1.0,1.0000000000000002,,0.0,20
D,GAT+LSTM_full_retrain,2,657,tue,1.0,0.9968570470809937,1.0,1.0000000000000002,,0.0,20
D,GAT+LSTM_full_retrain,2,658,tue,1.0,0.972502589225769,1.0,1.0000000000000002,,0.0,20
D,GAT+LSTM_full_retrain,2,659,tue,1.0,0.9702052474021912,1.0,1.0000000000000002,,0.0,20
D,GAT+LSTM_full_retrain,2,660,tue,1.0,0.9716119170188904,1.0,1.0000000000000002,,0.0,20
D,GAT+LSTM_full_retrain,2,661,tue,1.0,0.9710167646408081,1.0,1.0000000000000002,,0.0,20
D,GAT+LSTM_full_retrain,2,662,tue,1.0,0.9714266061782837,1.0,1.0000000000000002,,0.0,20
D,GAT+LSTM_full_retrain,2,663,tue,1.0,0.9695265293121338,1.0,1.0000000000000002,,0.0,20
D,GAT+LSTM_full_retrain,2,664,tue,1.0,0.9695829749107361,1.0,1.0000000000000002,,0.0,20
D,GAT+LSTM_full_retrain,2,665,tue,1.0,0.9690372943878174,1.0,1.0000000000000002,,0.0,20
D,GAT+LSTM_full_retrain,2,666,tue,1.0,0.9670861959457397,1.0,1.0000000000000002,,0.0,20
D,GAT+LSTM_full_retrain,2,667,tue,1.0,0.9628454446792603,1.0,1.0000000000000002,,0.0,20
D,GAT+LSTM_full_retrain,2,668,tue,1.0,0.9640499353408813,1.0,1.0000000000000002,,0.0,20
D,GAT+LSTM_full_retrain,2,669,tue,1.0,0.9668465256690979,1.0,1.0000000000000002,,0.0,20
D,GAT+LSTM_full_retrain,2,670,tue,1.0,0.9683690071105957,1.0,1.0000000000000002,,0.0,20
D,GAT+LSTM_full_retrain,2,671,tue,1.0,0.9670624136924744,1.0,1.0000000000000002,,0.0,20
D,GAT+LSTM_full_retrain,2,672,tue,1.0,0.8576741218566895,1.0,1.0000000000000002,,0.0,20
D,GAT+LSTM_full_retrain,2,673,tue,1.0,0.9617087841033936,1.0,1.0000000000000002,,0.0,20
D,GAT+LSTM_full_retrain,2,674,tue,0.0,0.9677601456642151,0.9743589743589743,0.9773122399751859,0.631578947368421,1.0,20
D,GAT+LSTM_full_retrain,2,675,tue,0.0,0.9634771347045898,0.9473684210526315,0.9659370677720782,0.7222222222222223,1.0,20
D,GAT+LSTM_full_retrain,2,676,tue,0.0,0.9559669494628906,0.918918918918919,0.9588163033368826,0.7843137254901961,1.0,20
D,GAT+LSTM_full_retrain,2,677,tue,0.0,0.9446592330932617,0.8888888888888888,0.9504604286966903,0.8125,1.0,20
D,GAT+LSTM_full_retrain,2,678,tue,1.0,0.899787187576294,0.8888888888888888,0.9339275718798745,0.75,1.0,20
D,GAT+LSTM_full_retrain,2,679,tue,0.0,0.8523409366607666,0.8571428571428571,0.9241489203950504,0.7866666666666666,1.0,20
D,GAT+LSTM_full_retrain,2,680,tue,0.0,0.8373922109603882,0.8235294117647058,0.9119280346171101,0.8095238095238095,1.0,20
D,GAT+LSTM_full_retrain,2,681,tue,0.0,0.4499998390674591,0.8125,0.8963245527725163,0.8241758241758241,0.8571428571428571,20
D,GAT+LSTM_full_retrain,2,682,tue,0.0,0.6411082744598389,0.7741935483870968,0.875853775853776,0.8333333333333334,0.875,20
D,GAT+LSTM_full_retrain,2,683,tue,0.0,0.44358304142951965,0.7586206896551724,0.8480056559602014,0.8383838383838385,0.7777777777777778,20
D,GAT+LSTM_full_retrain,2,684,tue,0.0,0.12939521670341492,0.7407407407407407,0.8080799755799755,0.8400000000000001,0.7,20
D,GAT+LSTM_full_retrain,2,685,tue,0.0,0.2271350920200348,0.72,0.7455963789297122,0.8383838383838385,0.6363636363636364,20
D,GAT+LSTM_full_retrain,2,686,tue,0.0,0.1779780089855194,0.6956521739130435,0.7198728354978354,0.8437500000000001,0.5833333333333334,20
D,GAT+LSTM_full_retrain,2,687,tue,0.0,0.05272809416055679,0.6666666666666666,0.7075860647289218,0.8571428571428572,0.5384615384615384,20
D,GAT+LSTM_full_retrain,2,688,tue,0.0,0.09836521744728088,0.631578947368421,0.6717592592592592,0.8571428571428572,0.5,20
D,GAT+LSTM_full_retrain,2,689,tue,0.0,0.08462496101856232,0.5882352941176471,0.6250793650793651,0.8533333333333334,0.4666666666666667,20
D,GAT+LSTM_full_retrain,2,690,tue,0.0,0.11032237112522125,0.5333333333333333,0.37797619047619047,0.828125,0.4375,20
D,GAT+LSTM_full_retrain,2,691,tue,0.0,0.03880582004785538,0.46153846153846156,0.27142857142857146,0.8039215686274509,0.4117647058823529,20
D,GAT+LSTM_full_retrain,2,692,tue,0.0,0.04073334485292435,0.36363636363636365,0.21666666666666667,0.8333333333333334,0.3888888888888889,20
D,GAT+LSTM_full_retrain,2,693,tue,0.0,0.12480437010526657,0.2222222222222222,0.1,0.7894736842105263,0.3684210526315789,20
D,GAT+LSTM_full_retrain,2,694,tue,0.0,0.3335210084915161,0.25,0.125,0.8421052631578947,0.3157894736842105,20
D,GAT+LSTM_full_retrain,2,695,tue,0.0,0.45662587881088257,0.2857142857142857,0.16666666666666666,0.8947368421052632,0.2631578947368421,20
D,GAT+LSTM_full_retrain,2,696,tue,0.0,0.5645879507064819,0.2857142857142857,0.25,0.9473684210526316,0.2631578947368421,20
D,GAT+LSTM_full_retrain,2,697,tue,0.0,0.622871994972229,0.2857142857142857,1.0,1.0,0.2631578947368421,20
D,GAT+LSTM_full_retrain,2,698,tue,0.0,0.8222059607505798,0.0,0.5,,0.3,20
D,GAT+LSTM_full_retrain,2,699,tue,0.0,0.5524221062660217,0.0,0.5,,0.3,20
D,GAT+LSTM_full_retrain,2,700,tue,0.0,0.3604797422885895,0.0,0.5,,0.25,20
D,GAT+LSTM_full_retrain,2,701,tue,0.0,0.2617313861846924,0.0,0.5,,0.25,20
D,GAT+LSTM_full_retrain,2,702,tue,0.0,0.49627795815467834,0.0,0.5,,0.2,20
D,GAT+LSTM_full_retrain,2,703,tue,0.0,0.3374495804309845,0.0,0.5,,0.2,20
D,GAT+LSTM_full_retrain,2,704,tue,0.0,0.28206491470336914,0.0,0.5,,0.2,20
D,GAT+LSTM_full_retrain,2,705,tue,0.0,0.3336251378059387,0.0,0.5,,0.2,20
D,GAT+LSTM_full_retrain,2,706,tue,0.0,0.5340920090675354,0.0,0.5,,0.25,20
D,GAT+LSTM_full_retrain,2,707,tue,0.0,0.7789062857627869,0.0,0.5,,0.3,20
D,GAT+LSTM_full_retrain,2,708,tue,0.0,0.787396252155304,0.0,0.5,,0.35,20
D,GAT+LSTM_full_retrain,2,709,tue,0.0,0.7460458278656006,0.0,0.5,,0.4,20
D,GAT+LSTM_full_retrain,2,710,tue,0.0,0.8464332222938538,0.0,0.5,,0.45,20
D,GAT+LSTM_full_retrain,2,711,tue,0.0,0.8347071409225464,0.0,0.5,,0.5,20
D,GAT+LSTM_full_retrain,2,712,tue,0.0,0.692810595035553,0.0,0.5,,0.55,20
D,GAT+LSTM_full_retrain,2,713,tue,0.0,0.7009912729263306,0.0,0.5,,0.6,20
D,GAT+LSTM_full_retrain,2,714,tue,0.0,0.726355254650116,0.0,0.5,,0.65,20
D,GAT+LSTM_full_retrain,2,715,tue,0.0,0.6048786044120789,0.0,0.5,,0.7,20
D,GAT+LSTM_full_retrain,2,716,tue,0.0,0.7604569792747498,0.0,0.5,,0.7,20
D,GAT+LSTM_full_retrain,2,717,tue,0.0,0.6302469968795776,0.0,0.5,,0.7,20
D,GAT+LSTM_full_retrain,2,718,tue,0.0,0.557830810546875,0.0,0.5,,0.7,20
D,GAT+LSTM_full_retrain,2,719,tue,0.0,0.5422606468200684,0.0,0.5,,0.7,20
D,GAT+LSTM_full_retrain,2,720,tue,0.0,0.5058431625366211,0.0,0.5,,0.75,20
D,GAT+LSTM_full_retrain,2,721,tue,0.0,0.4792453348636627,0.0,0.5,,0.75,20
D,GAT+LSTM_full_retrain,2,722,tue,0.0,0.3771325647830963,0.0,0.5,,0.75,20
D,GAT+LSTM_full_retrain,2,723,tue,0.0,0.4120722711086273,0.0,0.5,,0.75,20
D,GAT+LSTM_full_retrain,2,724,tue,0.0,0.2219097912311554,0.0,0.5,,0.75,20
D,GAT+LSTM_full_retrain,2,725,tue,0.0,0.10913535952568054,0.0,0.5,,0.75,20
D,GAT+LSTM_full_retrain,2,726,tue,0.0,0.4521162211894989,0.0,0.5,,0.7,20
D,GAT+LSTM_full_retrain,2,727,tue,0.0,0.42189639806747437,0.0,0.5,,0.65,20
D,GAT+LSTM_full_retrain,2,728,tue,0.0,0.1438579112291336,0.0,0.5,,0.6,20
D,GAT+LSTM_full_retrain,2,729,tue,0.0,0.2547526955604553,0.0,0.5,,0.55,20
D,GAT+LSTM_full_retrain,2,730,tue,0.0,0.08531763404607773,0.0,0.5,,0.5,20
D,GAT+LSTM_full_retrain,2,731,tue,0.0,0.037544380873441696,0.0,0.5,,0.45,20
D,GAT+LSTM_full_retrain,2,732,tue,0.0,0.021483182907104492,0.0,0.5,,0.4,20
D,GAT+LSTM_full_retrain,2,733,tue,0.0,0.008215339854359627,0.0,0.5,,0.35,20
D,GAT+LSTM_full_retrain,2,734,tue,0.0,0.004266649950295687,0.0,0.5,,0.3,20
D,GAT+LSTM_full_retrain,2,735,tue,0.0,0.011928828433156013,0.0,0.5,,0.25,20
D,GAT+LSTM_full_retrain,2,736,tue,0.0,0.00809723325073719,0.0,0.5,,0.2,20
D,GAT+LSTM_full_retrain,2,737,tue,0.0,0.010176955722272396,0.0,0.5,,0.15,20
D,GAT+LSTM_full_retrain,2,738,tue,0.0,0.006784518714994192,0.0,0.5,,0.1,20
D,GAT+LSTM_full_retrain,2,739,tue,0.0,0.0069853379391133785,0.0,0.5,,0.05,20
D,GAT+LSTM_full_retrain,2,740,tue,0.0,0.030749503523111343,0.0,0.5,,0.0,20
D,GAT+LSTM_full_retrain,2,741,tue,0.0,0.01495890598744154,0.0,0.5,,0.0,20
D,GAT+LSTM_full_retrain,2,742,tue,0.0,0.01698167994618416,0.0,0.5,,0.0,20
D,GAT+LSTM_full_retrain,2,743,tue,0.0,0.010710337199270725,0.0,0.5,,0.0,20
D,GAT+LSTM_full_retrain,2,744,tue,0.0,0.009259391576051712,0.0,0.5,,0.0,20
D,GAT+LSTM_full_retrain,2,745,tue,0.0,0.009430109523236752,0.0,0.5,,0.0,20
D,GAT+LSTM_full_retrain,2,746,tue,0.0,0.006573553197085857,0.0,0.5,,0.0,20
D,GAT+LSTM_full_retrain,2,747,tue,0.0,0.006199714262038469,0.0,0.5,,0.0,20
D,GAT+LSTM_full_retrain,2,748,tue,0.0,0.019708843901753426,0.0,0.5,,0.0,20
D,GAT+LSTM_full_retrain,2,749,tue,0.0,0.011688480153679848,0.0,0.5,,0.0,20
D,GAT+LSTM_full_retrain,2,750,tue,0.0,0.030640389770269394,0.0,0.5,,0.0,20
D,GAT+LSTM_full_retrain,2,751,tue,0.0,0.019307326525449753,0.0,0.5,,0.0,20
D,GAT+LSTM_full_retrain,2,752,tue,0.0,0.03714699670672417,0.0,0.5,,0.0,20
D,GAT+LSTM_full_retrain,2,753,tue,0.0,0.05070607736706734,0.0,0.5,,0.0,20
D,GAT+LSTM_full_retrain,2,754,tue,0.0,0.00080825574696064,0.0,0.5,,0.0,20
D,GAT+LSTM_full_retrain,2,755,tue,0.0,0.0009183467482216656,0.0,0.5,,0.0,20
D,GAT+LSTM_full_retrain,2,756,tue,0.0,0.001429215190000832,0.0,0.5,,0.0,20
D,GAT+LSTM_full_retrain,2,757,tue,0.0,0.0009868611814454198,0.0,0.5,,0.0,20
D,GAT+LSTM_full_retrain,2,758,tue,0.0,0.0010460243793204427,0.0,0.5,,0.0,20
D,GAT+LSTM_full_retrain,2,759,tue,0.0,0.0012159779435023665,0.0,0.5,,0.0,20
D,GAT+LSTM_full_retrain,2,760,tue,0.0,0.00103041622787714,0.0,0.5,,0.0,20
D,GAT+LSTM_full_retrain,2,761,tue,0.0,0.0013810963137075305,0.0,0.5,,0.0,20
D,GAT+LSTM_full_retrain,2,762,tue,0.0,0.001266378560103476,0.0,0.5,,0.0,20
D,GAT+LSTM_full_retrain,2,763,tue,0.0,0.001029242412187159,0.0,0.5,,0.0,20
D,GAT+LSTM_full_retrain,2,764,tue,0.0,0.0011530498741194606,0.0,0.5,,0.0,20
D,GAT+LSTM_full_retrain,2,765,tue,0.0,0.0014892740873619914,0.0,0.5,,0.0,20
D,GAT+LSTM_full_retrain,2,766,tue,1.0,0.0012514687841758132,0.0,0.041666666666666664,0.42105263157894735,0.0,20
D,GAT+LSTM_full_retrain,2,767,tue,1.0,0.0010497111361473799,0.0,0.07767232767232768,0.3888888888888889,0.0,20
D,GAT+LSTM_full_retrain,2,768,tue,1.0,0.00104920519515872,0.0,0.11755189255189255,0.39215686274509803,0.0,20
D,GAT+LSTM_full_retrain,2,769,tue,1.0,0.0012231742730364203,0.0,0.1670177045177045,0.4375,0.0,20
D,GAT+LSTM_full_retrain,2,770,tue,1.0,0.0009653773158788681,0.0,0.1974804607157548,0.4,0.0,20
D,GAT+LSTM_full_retrain,2,771,tue,1.0,0.000878660473972559,0.0,0.22934892191858136,0.36904761904761907,0.0,20
D,GAT+LSTM_full_retrain,2,772,tue,1.0,0.0007958724745549262,0.0,0.2626652375463742,0.3406593406593406,0.0,20
D,GAT+LSTM_full_retrain,2,773,tue,1.0,0.000979937263764441,0.0,0.30547700439825054,0.34375,0.0,20
D,GAT+LSTM_full_retrain,2,774,tue,1.0,0.000769438105635345,0.0,0.32223362054373406,0.2626262626262626,0.0,20
D,GAT+LSTM_full_retrain,2,775,tue,1.0,0.0008805525721982121,0.0,0.3456083837043589,0.2,0.0,20
D,GAT+LSTM_full_retrain,2,776,tue,1.0,0.000808388227596879,0.0,0.39186112734874345,0.20202020202020202,0.0,20
D,GAT+LSTM_full_retrain,2,777,tue,1.0,0.0007535279728472233,0.0,0.42504285002350023,0.16666666666666666,0.0,20
D,GAT+LSTM_full_retrain,2,778,tue,1.0,0.0010743533493950963,0.0,0.4679947744695304,0.15384615384615385,0.0,20
D,GAT+LSTM_full_retrain,2,779,tue,1.0,0.0010311950463801622,0.0,0.5238299840854019,0.16666666666666669,0.0,20
D,GAT+LSTM_full_retrain,2,780,tue,1.0,0.0008339384221471846,0.0,0.5606139574792826,0.10666666666666666,0.0,20
D,GAT+LSTM_full_retrain,2,781,tue,1.0,0.001469750190153718,0.0,0.6429059046173983,0.171875,0.0,20
D,GAT+LSTM_full_retrain,2,782,tue,1.0,0.002415659138932824,0.0,0.779241936405932,0.25490196078431376,0.0,20
D,GAT+LSTM_full_retrain,2,783,tue,1.0,0.001207644585520029,0.0,0.8211506201057286,0.16666666666666669,0.0,20
D,GAT+LSTM_full_retrain,2,784,tue,1.0,0.000922958948649466,0.0,0.8777505443608586,0.05263157894736842,0.0,20
D,GAT+LSTM_full_retrain,2,785,tue,1.0,0.0014365871902555227,0.0,1.0000000000000002,,0.0,20
D,GAT+LSTM_full_retrain,2,786,tue,1.0,0.0011007566936314106,0.0,1.0000000000000002,,0.0,20
D,GAT+LSTM_full_retrain,2,787,tue,1.0,0.0008954855147749186,0.0,1.0000000000000002,,0.0,20
D,GAT+LSTM_full_retrain,2,788,tue,1.0,0.0009565194486640394,0.0,1.0000000000000002,,0.0,20
D,GAT+LSTM_full_retrain,2,789,tue,1.0,0.0007938297349028289,0.0,1.0000000000000002,,0.0,20
D,GAT+LSTM_full_retrain,2,790,tue,1.0,0.0008442537509836257,0.0,1.0000000000000002,,0.0,20
D,GAT+LSTM_full_retrain,2,791,tue,1.0,0.0010115683544427156,0.0,1.0000000000000002,,0.0,20
D,GAT+LSTM_full_retrain,2,792,tue,1.0,0.0012436860706657171,0.0,1.0000000000000002,,0.0,20
D,GAT+LSTM_full_retrain,2,793,tue,1.0,0.0011392886517569423,0.0,1.0000000000000002,,0.0,20
D,GAT+LSTM_full_retrain,2,794,tue,1.0,0.0010024146176874638,0.0,1.0000000000000002,,0.0,20
D,GAT+LSTM_full_retrain,2,795,tue,1.0,0.0010958643397316337,0.0,1.0000000000000002,,0.0,20
D,GAT+LSTM_full_retrain,2,796,tue,1.0,0.0017869471339508891,0.0,1.0000000000000002,,0.0,20
D,GAT+LSTM_full_retrain,2,797,tue,1.0,0.0021229248959571123,0.0,1.0000000000000002,,0.0,20
D,GAT+LSTM_full_retrain,2,798,tue,1.0,0.001870158826932311,0.0,1.0000000000000002,,0.0,20
D,GAT+LSTM_full_retrain,2,799,tue,1.0,0.0015583474887534976,0.0,1.0000000000000002,,0.0,20
D,GAT+LSTM_full_retrain,2,800,tue,1.0,0.0011756484163925052,0.0,1.0000000000000002,,0.0,20
D,GAT+LSTM_full_retrain,2,801,tue,1.0,0.0010717649711295962,0.0,1.0000000000000002,,0.0,20
D,GAT+LSTM_full_retrain,2,802,tue,1.0,0.0008617541752755642,0.0,1.0000000000000002,,0.0,20
D,GAT+LSTM_full_retrain,2,803,tue,1.0,0.0007941190851852298,0.0,1.0000000000000002,,0.0,20
D,GAT+LSTM_full_retrain,2,804,tue,1.0,0.0009398731053806841,0.0,1.0000000000000002,,0.0,20
D,GAT+LSTM_full_retrain,2,805,tue,1.0,0.0009794911602512002,0.0,1.0000000000000002,,0.0,20
D,GAT+LSTM_full_retrain,2,806,tue,1.0,0.0010488429106771946,0.0,1.0000000000000002,,0.0,20
D,GAT+LSTM_full_retrain,2,807,tue,1.0,0.0009993118001148105,0.0,1.0000000000000002,,0.0,20
D,GAT+LSTM_full_retrain,2,808,tue,1.0,0.0009707794524729252,0.0,1.0000000000000002,,0.0,20
D,GAT+LSTM_full_retrain,2,809,tue,1.0,0.0010211898479610682,0.0,1.0000000000000002,,0.0,20
D,GAT+LSTM_full_retrain,2,810,tue,1.0,0.0015065817860886455,0.0,1.0000000000000002,,0.0,20
D,GAT+LSTM_full_retrain,2,811,tue,1.0,0.0011176281841471791,0.0,1.0000000000000002,,0.0,20
D,GAT+LSTM_full_retrain,2,812,tue,0.0,0.0012793982168659568,0.0,0.9365224741854201,0.2631578947368421,0.0,20
D,GAT+LSTM_full_retrain,2,813,tue,0.0,0.0010146425338461995,0.0,0.9134993207877626,0.4444444444444445,0.0,20
D,GAT+LSTM_full_retrain,2,814,tue,0.0,0.000933662464376539,0.0,0.9089386766130528,0.6078431372549019,0.0,20
D,GAT+LSTM_full_retrain,2,815,tue,0.0,0.0011455329367890954,0.0,0.8628638316984872,0.546875,0.0,20
D,GAT+LSTM_full_retrain,2,816,tue,0.0,0.0007735047256574035,0.0,0.8401160551121851,0.6133333333333333,0.0,20
D,GAT+LSTM_full_retrain,2,817,tue,0.0,0.0011021018726751208,0.0,0.7714374103831201,0.5476190476190476,0.0,20
D,GAT+LSTM_full_retrain,2,818,tue,0.0,0.0007424017530865967,0.0,0.7259922800929588,0.5824175824175825,0.0,20
D,GAT+LSTM_full_retrain,2,819,tue,0.0,0.0007609392050653696,0.0,0.6616125500316677,0.6041666666666667,0.0,20
D,GAT+LSTM_full_retrain,2,820,tue,0.0,0.0007787123904563487,0.0,0.6235820366502185,0.6262626262626263,0.0,20
D,GAT+LSTM_full_retrain,2,821,tue,0.0,0.0007259051199071109,0.0,0.6061516261516261,0.66,0.0,20
D,GAT+LSTM_full_retrain,2,822,tue,0.0,0.0007888181717135012,0.0,0.6007504840838174,0.707070707070707,0.0,20
D,GAT+LSTM_full_retrain,2,823,tue,0.0,0.0007611644105054438,0.0,0.5972041847041847,0.75,0.0,20
D,GAT+LSTM_full_retrain,2,824,tue,0.0,0.0011519234394654632,0.0,0.53279736136879,0.7142857142857143,0.0,20
D,GAT+LSTM_full_retrain,2,825,tue,0.0,0.0011567814508453012,0.0,0.4852152477152477,0.6904761904761904,0.0,20
D,GAT+LSTM_full_retrain,2,826,tue,0.0,0.0016784662147983909,0.0,0.29796536796536793,0.6533333333333333,0.0,20
D,GAT+LSTM_full_retrain,2,827,tue,0.0,0.00202120840549469,0.0,0.23180916305916302,0.640625,0.0,20
D,GAT+LSTM_full_retrain,2,828,tue,0.0,0.0024055899120867252,0.0,0.1783249158249158,0.6470588235294117,0.0,20
D,GAT+LSTM_full_retrain,2,829,tue,0.0,0.003168031107634306,0.0,0.12777777777777777,0.6666666666666667,0.0,20
D,GAT+LSTM_full_retrain,2,830,tue,0.0,0.0038584833964705467,0.0,0.05,0.5263157894736843,0.0,20
D,GAT+LSTM_full_retrain,2,831,tue,0.0,0.0019790525548160076,0.0,0.5,,0.0,20
D,GAT+LSTM_full_retrain,2,832,tue,0.0,0.002888729330152273,0.0,0.5,,0.0,20
D,GAT+LSTM_full_retrain,2,833,tue,0.0,0.0039884671568870544,0.0,0.5,,0.0,20
D,GAT+LSTM_full_retrain,2,834,tue,0.0,0.003950107377022505,0.0,0.5,,0.0,20
D,GAT+LSTM_full_retrain,2,835,tue,0.0,0.004423667211085558,0.0,0.5,,0.0,20
D,GAT+LSTM_full_retrain,2,836,tue,0.0,0.006820274982601404,0.0,0.5,,0.0,20
D,GAT+LSTM_full_retrain,2,837,tue,0.0,0.009188825264573097,0.0,0.5,,0.0,20
D,GAT+LSTM_full_retrain,2,838,tue,0.0,0.009511369280517101,0.0,0.5,,0.0,20
D,GAT+LSTM_full_retrain,2,839,tue,0.0,0.005998020526021719,0.0,0.5,,0.0,20
D,GAT+LSTM_full_retrain,2,840,tue,0.0,0.0052280849777162075,0.0,0.5,,0.0,20
D,GAT+LSTM_full_retrain,2,841,tue,0.0,0.004711108282208443,0.0,0.5,,0.0,20
D,GAT+LSTM_full_retrain,2,842,tue,0.0,0.003622661344707012,0.0,0.5,,0.0,20
D,GAT+LSTM_full_retrain,2,843,tue,0.0,0.004096072167158127,0.0,0.5,,0.0,20
D,GAT+LSTM_full_retrain,2,844,tue,0.0,0.003578488016501069,0.0,0.5,,0.0,20
D,GAT+LSTM_full_retrain,2,845,tue,0.0,0.00413125567138195,0.0,0.5,,0.0,20
D,GAT+LSTM_full_retrain,2,846,tue,0.0,0.008488520979881287,0.0,0.5,,0.0,20
D,GAT+LSTM_full_retrain,2,847,tue,0.0,0.011249392293393612,0.0,0.5,,0.0,20
D,GAT+LSTM_full_retrain,2,848,tue,0.0,0.005109662190079689,0.0,0.5,,0.0,20
D,GAT+LSTM_full_retrain,2,849,tue,0.0,0.006206601858139038,0.0,0.5,,0.0,20
D,GAT+LSTM_full_retrain,2,850,tue,0.0,0.0005027177976444364,0.0,0.5,,0.0,20
D,GAT+LSTM_full_retrain,2,851,tue,0.0,0.000746443634852767,0.0,0.5,,0.0,20
D,GAT+LSTM_full_retrain,2,852,tue,0.0,0.0010725585743784904,0.0,0.5,,0.0,20
D,GAT+LSTM_full_retrain,2,853,tue,0.0,0.0018864511512219906,0.0,0.5,,0.0,20
D,GAT+LSTM_full_retrain,2,854,tue,0.0,0.0033272774890065193,0.0,0.5,,0.0,20
D,GAT+LSTM_full_retrain,2,855,tue,0.0,0.001670590485446155,0.0,0.5,,0.0,20
D,GAT+LSTM_full_retrain,2,856,tue,0.0,0.0018774047493934631,0.0,0.5,,0.0,20
D,GAT+LSTM_full_retrain,2,857,tue,0.0,0.0016716771060600877,0.0,0.5,,0.0,20
D,GAT+LSTM_full_retrain,2,858,tue,0.0,0.0010787930805236101,0.0,0.5,,0.0,20
D,GAT+LSTM_full_retrain,2,859,tue,0.0,0.0010893107391893864,0.0,0.5,,0.0,20
D,GAT+LSTM_full_retrain,2,860,tue,0.0,0.005026021506637335,0.0,0.5,,0.0,20
D,GAT+LSTM_full_retrain,2,861,tue,0.0,0.0016806024359539151,0.0,0.5,,0.0,20
D,GAT+LSTM_full_retrain,2,862,tue,0.0,0.3667197525501251,0.0,0.5,,0.0,20
D,GAT+LSTM_full_retrain,2,863,tue,0.0,0.10466798394918442,0.0,0.5,,0.0,20
D,GAT+LSTM_full_retrain,2,864,tue,0.0,0.10147854685783386,0.0,0.5,,0.0,20
D,GAT+LSTM_full_retrain,2,865,tue,0.0,0.5834671854972839,0.0,0.5,,0.05,20
D,GAT+LSTM_full_retrain,2,866,tue,0.0,0.61957848072052,0.0,0.5,,0.1,20
D,GAT+LSTM_full_retrain,2,867,tue,0.0,0.7530010342597961,0.0,0.5,,0.15,20
D,GAT+LSTM_full_retrain,2,868,tue,0.0,0.6595660448074341,0.0,0.5,,0.2,20
D,GAT+LSTM_full_retrain,2,869,tue,0.0,0.0031124581582844257,0.0,0.5,,0.2,20
D,GAT+LSTM_full_retrain,2,870,tue,0.0,0.005654734093695879,0.0,0.5,,0.2,20
D,GAT+LSTM_full_retrain,2,871,tue,0.0,0.008095785975456238,0.0,0.5,,0.2,20
D,GAT+LSTM_full_retrain,2,872,tue,0.0,0.006390279624611139,0.0,0.5,,0.2,20
D,GAT+LSTM_full_retrain,2,873,tue,0.0,0.006955503486096859,0.0,0.5,,0.2,20
D,GAT+LSTM_full_retrain,2,874,tue,0.0,0.0008473218767903745,0.0,0.5,,0.2,20
D,GAT+LSTM_full_retrain,2,875,tue,0.0,0.0009617231553420424,0.0,0.5,,0.2,20
D,GAT+LSTM_full_retrain,2,876,tue,0.0,0.0007952213054522872,0.0,0.5,,0.2,20
D,GAT+LSTM_full_retrain,2,877,tue,1.0,0.0004956701304763556,0.0,0.025,0.0,0.21052631578947367,20
D,GAT+LSTM_full_retrain,2,878,tue,1.0,0.00045087607577443123,0.0,0.05131578947368421,0.0,0.2222222222222222,20
D,GAT+LSTM_full_retrain,2,879,tue,1.0,0.00048605844494886696,0.0,0.07860623781676414,0.0,0.23529411764705882,20
D,GAT+LSTM_full_retrain,2,880,tue,1.0,0.0005738186882808805,0.0,0.10695734434124526,0.0,0.25,20
D,GAT+LSTM_full_retrain,2,881,tue,1.0,0.000563866866286844,0.0,0.13646800825593394,0.0,0.26666666666666666,20
D,GAT+LSTM_full_retrain,2,882,tue,1.0,0.0006742592668160796,0.0,0.16725289531017087,0.0,0.2857142857142857,20
D,GAT+LSTM_full_retrain,2,883,tue,1.0,0.0006950892857275903,0.0,0.19944618198156455,0.0,0.3076923076923077,20
D,GAT+LSTM_full_retrain,2,884,tue,1.0,0.0006568199023604393,0.0,0.23320653160049445,0.0,0.3333333333333333,20
D,GAT+LSTM_full_retrain,2,885,tue,1.0,0.0006113455747254193,0.0,0.26872384056336585,0.0,0.2727272727272727,20
D,GAT+LSTM_full_retrain,2,886,tue,1.0,0.0005767178372479975,0.0,0.30622859682457204,0.0,0.2,20
D,GAT+LSTM_full_retrain,2,887,tue,1.0,0.0005871584289707243,0.0,0.34600521558374076,0.0,0.1111111111111111,20
D,GAT+LSTM_full_retrain,2,888,tue,1.0,0.0005787287373095751,0.0,0.3884116571423073,0.0,0.0,20
D,GAT+LSTM_full_retrain,2,889,tue,1.0,0.0005970288766548038,0.0,0.43390941538417127,0.0,0.0,20
D,GAT+LSTM_full_retrain,2,890,tue,1.0,0.0005916093941777945,0.0,0.4831115755098506,0.0,0.0,20
D,GAT+LSTM_full_retrain,2,891,tue,1.0,0.0006319847889244556,0.0,0.5368645587298837,0.0,0.0,20
D,GAT+LSTM_full_retrain,2,892,tue,1.0,0.0006422443548217416,0.0,0.5963984190474129,0.0,0.0,20
D,GAT+LSTM_full_retrain,2,893,tue,1.0,0.0006359026301652193,0.0,0.6636341781511149,0.0,0.0,20
D,GAT+LSTM_full_retrain,2,894,tue,1.0,0.000578839099034667,0.0,0.7419178158729243,0.0,0.0,20
D,GAT+LSTM_full_retrain,2,895,tue,1.0,0.0005622841999866068,0.0,0.8382768601503324,0.0,0.0,20
D,GAT+LSTM_full_retrain,2,896,tue,1.0,0.0005890770698897541,0.0,1.0000000000000002,,0.0,20
D,GAT+LSTM_full_retrain,2,897,tue,1.0,0.0005775963654741645,0.0,1.0000000000000002,,0.0,20
D,GAT+LSTM_full_retrain,2,898,tue,1.0,0.0005721074412576854,0.0,1.0000000000000002,,0.0,20
D,GAT+LSTM_full_retrain,2,899,tue,1.0,0.0005604040925391018,0.0,1.0000000000000002,,0.0,20
D,GAT+LSTM_full_retrain,2,900,tue,1.0,0.000557097140699625,0.0,1.0000000000000002,,0.0,20
D,GAT+LSTM_full_retrain,2,901,tue,1.0,0.0027382867410779,0.0,1.0000000000000002,,0.0,20
D,GAT+LSTM_full_retrain,2,902,tue,1.0,0.0006340411491692066,0.0,1.0000000000000002,,0.0,20
D,GAT+LSTM_full_retrain,2,903,tue,1.0,0.0005908461171202362,0.0,1.0000000000000002,,0.0,20
D,GAT+LSTM_full_retrain,2,904,tue,1.0,0.0005801254301331937,0.0,1.0000000000000002,,0.0,20
D,GAT+LSTM_full_retrain,2,905,tue,1.0,0.0005854085320606828,0.0,1.0000000000000002,,0.0,20
D,GAT+LSTM_full_retrain,2,906,tue,1.0,0.0005700021283701062,0.0,1.0000000000000002,,0.0,20
D,GAT+LSTM_full_retrain,2,907,tue,1.0,0.0005768887931481004,0.0,1.0000000000000002,,0.0,20
D,GAT+LSTM_full_retrain,2,908,tue,1.0,0.0005569056957028806,0.0,1.0000000000000002,,0.0,20
D,GAT+LSTM_full_retrain,2,909,tue,1.0,0.0005648181540891528,0.0,1.0000000000000002,,0.0,20
D,GAT+LSTM_full_retrain,2,910,tue,1.0,0.0006572764832526445,0.0,1.0000000000000002,,0.0,20
D,GAT+LSTM_full_retrain,2,911,tue,1.0,0.0005174534162506461,0.0,1.0000000000000002,,0.0,20
D,GAT+LSTM_full_retrain,2,912,tue,1.0,0.0005212468677200377,0.0,1.0000000000000002,,0.0,20
D,GAT+LSTM_full_retrain,2,913,tue,1.0,0.0004911929718218744,0.0,1.0000000000000002,,0.0,20
D,GAT+LSTM_full_retrain,2,914,tue,1.0,0.0004950048169121146,0.0,1.0000000000000002,,0.0,20
D,GAT+LSTM_full_retrain,2,915,tue,1.0,0.0005101657588966191,0.0,1.0000000000000002,,0.0,20
D,GAT+LSTM_full_retrain,2,916,tue,1.0,0.0005489625036716461,0.0,1.0000000000000002,,0.0,20
D,GAT+LSTM_full_retrain,2,917,tue,1.0,0.0005526056047528982,0.0,1.0000000000000002,,0.0,20
D,GAT+LSTM_full_retrain,2,918,tue,1.0,0.0005461117252707481,0.0,1.0000000000000002,,0.0,20
D,GAT+LSTM_full_retrain,2,919,tue,1.0,0.0005757185281254351,0.0,1.0000000000000002,,0.0,20
D,GAT+LSTM_full_retrain,2,920,tue,1.0,0.0005642988835461438,0.0,1.0000000000000002,,0.0,20
D,GAT+LSTM_full_retrain,2,921,tue,1.0,0.0005796191981062293,0.0,1.0000000000000002,,0.0,20
D,GAT+LSTM_full_retrain,2,922,tue,1.0,0.0005794893368147314,0.0,1.0000000000000002,,0.0,20
D,GAT+LSTM_full_retrain,2,923,tue,1.0,0.0005586441839113832,0.0,1.0000000000000002,,0.0,20
D,GAT+LSTM_full_retrain,2,924,tue,1.0,0.0005734072765335441,0.0,1.0000000000000002,,0.0,20
D,GAT+LSTM_full_retrain,2,925,tue,1.0,0.0005761552602052689,0.0,1.0000000000000002,,0.0,20
D,GAT+LSTM_full_retrain,2,926,tue,1.0,0.0005464738351292908,0.0,1.0000000000000002,,0.0,20
D,GAT+LSTM_full_retrain,2,927,tue,1.0,0.0005450134631246328,0.0,1.0000000000000002,,0.0,20
D,GAT+LSTM_full_retrain,2,928,tue,1.0,0.0005243291961960495,0.0,1.0000000000000002,,0.0,20
D,GAT+LSTM_full_retrain,2,929,tue,1.0,0.0005302563076838851,0.0,1.0000000000000002,,0.0,20
D,GAT+LSTM_full_retrain,2,930,tue,1.0,0.0005334220477379858,0.0,1.0000000000000002,,0.0,20
D,GAT+LSTM_full_retrain,2,931,tue,1.0,0.000559077481739223,0.0,1.0000000000000002,,0.0,20
D,GAT+LSTM_full_retrain,2,932,tue,1.0,0.0005797290941700339,0.0,1.0000000000000002,,0.0,20
D,GAT+LSTM_full_retrain,2,933,tue,1.0,0.0005443450063467026,0.0,1.0000000000000002,,0.0,20
D,GAT+LSTM_full_retrain,2,934,tue,1.0,0.0005449583986774087,0.0,1.0000000000000002,,0.0,20
D,GAT+LSTM_full_retrain,2,935,tue,1.0,0.0005435235216282308,0.0,1.0000000000000002,,0.0,20
D,GAT+LSTM_full_retrain,2,936,tue,1.0,0.0005402748938649893,0.0,1.0000000000000002,,0.0,20
D,GAT+LSTM_full_retrain,2,937,tue,1.0,0.0005427630385383964,0.0,1.0000000000000002,,0.0,20
D,GAT+LSTM_full_retrain,2,938,tue,1.0,0.0005599993746727705,0.0,1.0000000000000002,,0.0,20
D,GAT+LSTM_full_retrain,2,939,tue,1.0,0.0005588579806499183,0.0,1.0000000000000002,,0.0,20
D,GAT+LSTM_full_retrain,2,940,tue,1.0,0.0005532240611501038,0.0,1.0000000000000002,,0.0,20
D,GAT+LSTM_full_retrain,2,941,tue,1.0,0.000585211324505508,0.0,1.0000000000000002,,0.0,20
D,GAT+LSTM_full_retrain,2,942,tue,1.0,0.000603142601903528,0.0,1.0000000000000002,,0.0,20
D,GAT+LSTM_full_retrain,2,943,tue,1.0,0.0005946623859927058,0.0,1.0000000000000002,,0.0,20
D,GAT+LSTM_full_retrain,2,944,tue,1.0,0.0005691851256415248,0.0,1.0000000000000002,,0.0,20
D,GAT+LSTM_full_retrain,2,945,tue,1.0,0.0005327548715285957,0.0,1.0000000000000002,,0.0,20
D,GAT+LSTM_full_retrain,2,946,tue,1.0,0.9974740147590637,0.09523809523809523,1.0000000000000002,,0.0,20
D,GAT+LSTM_full_retrain,2,947,tue,1.0,0.9976785778999329,0.18181818181818182,1.0000000000000002,,0.0,20
D,GAT+LSTM_full_retrain,2,948,tue,1.0,0.996994137763977,0.2608695652173913,1.0000000000000002,,0.0,20
D,GAT+LSTM_full_retrain,2,949,tue,1.0,0.9965547323226929,0.3333333333333333,1.0000000000000002,,0.0,20
D,GAT+LSTM_full_retrain,2,950,tue,1.0,0.9966256618499756,0.4,1.0000000000000002,,0.0,20
D,GAT+LSTM_full_retrain,2,951,tue,1.0,0.997122585773468,0.46153846153846156,1.0000000000000002,,0.0,20
D,GAT+LSTM_full_retrain,2,952,tue,1.0,0.9973044395446777,0.5185185185185185,1.0000000000000002,,0.0,20
D,GAT+LSTM_full_retrain,2,953,tue,1.0,0.9969555139541626,0.5714285714285714,1.0000000000000002,,0.0,20
D,GAT+LSTM_full_retrain,2,954,tue,1.0,0.9977350234985352,0.6206896551724138,1.0000000000000002,,0.0,20
D,GAT+LSTM_full_retrain,2,955,tue,1.0,0.9972856044769287,0.6666666666666666,1.0000000000000002,,0.0,20
D,GAT+LSTM_full_retrain,2,956,tue,1.0,0.9972203969955444,0.7096774193548387,1.0000000000000002,,0.0,20
D,GAT+LSTM_full_retrain,2,957,tue,1.0,0.9974356293678284,0.75,1.0000000000000002,,0.0,20
D,GAT+LSTM_full_retrain,2,958,tue,1.0,0.9949938654899597,0.7878787878787878,1.0000000000000002,,0.0,20
D,GAT+LSTM_full_retrain,2,959,tue,1.0,0.9965415596961975,0.8235294117647058,1.0000000000000002,,0.0,20
D,GAT+LSTM_full_retrain,2,960,tue,1.0,0.9957615733146667,0.8571428571428571,1.0000000000000002,,0.0,20
D,GAT+LSTM_full_retrain,2,961,tue,1.0,0.9965069890022278,0.8888888888888888,1.0000000000000002,,0.0,20
D,GAT+LSTM_full_retrain,2,962,tue,1.0,0.9973167777061462,0.918918918918919,1.0000000000000002,,0.0,20
D,GAT+LSTM_full_retrain,2,963,tue,1.0,0.9975062012672424,0.9473684210526315,1.0000000000000002,,0.0,20
D,GAT+LSTM_full_retrain,2,964,tue,1.0,0.9942451119422913,0.9743589743589743,1.0000000000000002,,0.0,20
D,GAT+LSTM_full_retrain,2,965,tue,1.0,0.9962253570556641,1.0,1.0000000000000002,,0.0,20
D,GAT+LSTM_full_retrain,2,966,tue,1.0,0.9967262744903564,1.0,1.0000000000000002,,0.0,20
D,GAT+LSTM_full_retrain,2,967,tue,1.0,0.9975723624229431,1.0,1.0000000000000002,,0.0,20
D,GAT+LSTM_full_retrain,2,968,tue,1.0,0.9972414970397949,1.0,1.0000000000000002,,0.0,20
D,GAT+LSTM_full_retrain,2,969,tue,1.0,0.9975576400756836,1.0,1.0000000000000002,,0.0,20
D,GAT+LSTM_full_retrain,2,970,tue,1.0,0.9939863681793213,1.0,1.0000000000000002,,0.0,20
D,GAT+LSTM_full_retrain,2,971,tue,1.0,0.9968746900558472,1.0,1.0000000000000002,,0.0,20
D,GAT+LSTM_full_retrain,2,972,tue,1.0,0.9976018071174622,1.0,1.0000000000000002,,0.0,20
D,GAT+LSTM_full_retrain,2,973,tue,1.0,0.9974411725997925,1.0,1.0000000000000002,,0.0,20
D,GAT+LSTM_full_retrain,2,974,tue,1.0,0.995266318321228,1.0,1.0000000000000002,,0.0,20
D,GAT+LSTM_full_retrain,2,975,tue,1.0,0.9963114857673645,1.0,1.0000000000000002,,0.0,20
D,GAT+LSTM_full_retrain,2,976,tue,1.0,0.9973849654197693,1.0,1.0000000000000002,,0.0,20
D,GAT+LSTM_full_retrain,2,977,tue,1.0,0.9969695210456848,1.0,1.0000000000000002,,0.0,20
D,GAT+LSTM_full_retrain,2,978,tue,1.0,0.9974765181541443,1.0,1.0000000000000002,,0.0,20
D,GAT+LSTM_full_retrain,2,979,tue,1.0,0.997718334197998,1.0,1.0000000000000002,,0.0,20
D,GAT+LSTM_full_retrain,2,980,tue,1.0,0.9969713687896729,1.0,1.0000000000000002,,0.0,20
D,GAT+LSTM_full_retrain,2,981,tue,1.0,0.9975389242172241,1.0,1.0000000000000002,,0.0,20
D,GAT+LSTM_full_retrain,2,982,tue,1.0,0.997098445892334,1.0,1.0000000000000002,,0.0,20
D,GAT+LSTM_full_retrain,2,983,tue,1.0,0.996857762336731,1.0,1.0000000000000002,,0.0,20
D,GAT+LSTM_full_retrain,2,984,tue,1.0,0.9928608536720276,1.0,1.0000000000000002,,0.0,20
D,GAT+LSTM_full_retrain,2,985,tue,1.0,0.9962165951728821,1.0,1.0000000000000002,,0.0,20
D,GAT+LSTM_full_retrain,2,986,tue,1.0,0.9951005578041077,1.0,1.0000000000000002,,0.0,20
D,GAT+LSTM_full_retrain,2,987,tue,1.0,0.9966869950294495,1.0,1.0000000000000002,,0.0,20
D,GAT+LSTM_full_retrain,2,988,tue,1.0,0.9972322583198547,1.0,1.0000000000000002,,0.0,20
D,GAT+LSTM_full_retrain,2,989,tue,1.0,0.9975122213363647,1.0,1.0000000000000002,,0.0,20
D,GAT+LSTM_full_retrain,2,990,tue,1.0,0.9974258542060852,1.0,1.0000000000000002,,0.0,20
D,GAT+LSTM_full_retrain,2,991,tue,1.0,0.9977397918701172,1.0,1.0000000000000002,,0.0,20
D,GAT+LSTM_full_retrain,2,992,tue,1.0,0.9971824884414673,1.0,1.0000000000000002,,0.0,20
D,GAT+LSTM_full_retrain,2,993,tue,1.0,0.9977568984031677,1.0,1.0000000000000002,,0.0,20
D,GAT+LSTM_full_retrain,2,994,tue,1.0,0.9970033764839172,1.0,1.0000000000000002,,0.0,20
D,GAT+LSTM_full_retrain,2,995,tue,1.0,0.9967742562294006,1.0,1.0000000000000002,,0.0,20
D,GAT+LSTM_full_retrain,2,996,tue,1.0,0.9944317936897278,1.0,1.0000000000000002,,0.0,20
D,GAT+LSTM_full_retrain,2,997,tue,1.0,0.9964295029640198,1.0,1.0000000000000002,,0.0,20
D,GAT+LSTM_full_retrain,2,998,tue,1.0,0.997101366519928,1.0,1.0000000000000002,,0.0,20
D,GAT+LSTM_full_retrain,2,999,tue,1.0,0.9974034428596497,1.0,1.0000000000000002,,0.0,20
D,GAT+LSTM_full_retrain,2,1000,tue,1.0,0.9971087574958801,1.0,1.0000000000000002,,0.0,20
D,GAT+LSTM_full_retrain,2,1001,tue,1.0,0.9967851638793945,1.0,1.0000000000000002,,0.0,20
D,GAT+LSTM_full_retrain,2,1002,tue,1.0,0.9973932504653931,1.0,1.0000000000000002,,0.0,20
D,GAT+LSTM_full_retrain,2,1003,tue,1.0,0.9963016510009766,1.0,1.0000000000000002,,0.0,20
D,GAT+LSTM_full_retrain,2,1004,tue,1.0,0.9968973398208618,1.0,1.0000000000000002,,0.0,20
D,GAT+LSTM_full_retrain,2,1005,tue,1.0,0.9970510005950928,1.0,1.0000000000000002,,0.0,20
D,GAT+LSTM_full_retrain,2,1006,tue,1.0,0.9956445693969727,1.0,1.0000000000000002,,0.0,20
D,GAT+LSTM_full_retrain,2,1007,tue,1.0,0.9968817234039307,1.0,1.0000000000000002,,0.0,20
D,GAT+LSTM_full_retrain,2,1008,tue,1.0,0.9972620010375977,1.0,1.0000000000000002,,0.0,20
D,GAT+LSTM_full_retrain,2,1009,tue,1.0,0.9973124265670776,1.0,1.0000000000000002,,0.0,20
D,GAT+LSTM_full_retrain,2,1010,tue,1.0,0.997298538684845,1.0,1.0000000000000002,,0.0,20
D,GAT+LSTM_full_retrain,2,1011,tue,1.0,0.9971799850463867,1.0,1.0000000000000002,,0.0,20
D,GAT+LSTM_full_retrain,2,1012,tue,1.0,0.9968017339706421,1.0,1.0000000000000002,,0.0,20
D,GAT+LSTM_full_retrain,2,1013,tue,1.0,0.9974409341812134,1.0,1.0000000000000002,,0.0,20
D,GAT+LSTM_full_retrain,2,1014,tue,1.0,0.996823787689209,1.0,1.0000000000000002,,0.0,20
D,GAT+LSTM_full_retrain,2,1015,tue,1.0,0.9965871572494507,1.0,1.0000000000000002,,0.0,20
D,GAT+LSTM_full_retrain,2,1016,tue,1.0,0.9970972537994385,1.0,1.0000000000000002,,0.0,20
D,GAT+LSTM_full_retrain,2,1017,tue,1.0,0.9968859553337097,1.0,1.0000000000000002,,0.0,20
D,GAT+LSTM_full_retrain,2,1018,tue,1.0,0.997552216053009,1.0,1.0000000000000002,,0.0,20
D,GAT+LSTM_full_retrain,2,1019,tue,1.0,0.9976874589920044,1.0,1.0000000000000002,,0.0,20
D,GAT+LSTM_full_retrain,2,1020,tue,1.0,0.9972201585769653,1.0,1.0000000000000002,,0.0,20
D,GAT+LSTM_full_retrain,2,1021,tue,1.0,0.9946447610855103,1.0,1.0000000000000002,,0.0,20
D,GAT+LSTM_full_retrain,2,1022,tue,1.0,0.9963105320930481,1.0,1.0000000000000002,,0.0,20
D,GAT+LSTM_full_retrain,2,1023,tue,1.0,0.9973317384719849,1.0,1.0000000000000002,,0.0,20
D,GAT+LSTM_full_retrain,2,1024,tue,1.0,0.9972188472747803,1.0,1.0000000000000002,,0.0,20
D,GAT+LSTM_full_retrain,2,1025,tue,1.0,0.9949800372123718,1.0,1.0000000000000002,,0.0,20
D,GAT+LSTM_full_retrain,2,1026,tue,1.0,0.9942747950553894,1.0,1.0000000000000002,,0.0,20
D,GAT+LSTM_full_retrain,2,1027,tue,1.0,0.9962886571884155,1.0,1.0000000000000002,,0.0,20
D,GAT+LSTM_full_retrain,2,1028,tue,1.0,0.9968894124031067,1.0,1.0000000000000002,,0.0,20
D,GAT+LSTM_full_retrain,2,1029,tue,1.0,0.9970172643661499,1.0,1.0000000000000002,,0.0,20
D,GAT+LSTM_full_retrain,2,1030,tue,1.0,0.9972570538520813,1.0,1.0000000000000002,,0.0,20
D,GAT+LSTM_full_retrain,2,1031,tue,1.0,0.9974604845046997,1.0,1.0000000000000002,,0.0,20
D,GAT+LSTM_full_retrain,2,1032,tue,1.0,0.9968999624252319,1.0,1.0000000000000002,,0.0,20
D,GAT+LSTM_full_retrain,3,1222,wed,0.0,0.9864025712013245,0.9743589743589743,0.9999999999999998,1.0,1.0,20
D,GAT+LSTM_full_retrain,3,1223,wed,0.0,0.9758585691452026,0.9473684210526315,1.0,1.0,1.0,20
D,GAT+LSTM_full_retrain,3,1224,wed,0.0,0.95882648229599,0.918918918918919,1.0,1.0,1.0,20
D,GAT+LSTM_full_retrain,3,1225,wed,0.0,0.9399560689926147,0.8888888888888888,1.0,1.0,1.0,20
D,GAT+LSTM_full_retrain,3,1226,wed,0.0,0.8900587558746338,0.8571428571428571,1.0,1.0,1.0,20
D,GAT+LSTM_full_retrain,3,1227,wed,0.0,0.8727623820304871,0.8235294117647058,0.9999999999999999,1.0,1.0,20
D,GAT+LSTM_full_retrain,3,1228,wed,1.0,0.08072315156459808,0.7878787878787878,0.9780075187969923,0.9285714285714286,1.0,20
D,GAT+LSTM_full_retrain,3,1229,wed,0.0,0.08051436394453049,0.7741935483870968,0.9750337381916327,0.9340659340659341,0.8571428571428571,20
D,GAT+LSTM_full_retrain,3,1230,wed,0.0,0.09598571807146072,0.7586206896551724,0.9684454191033139,0.9270833333333333,0.75,20
D,GAT+LSTM_full_retrain,3,1231,wed,0.0,0.08060991764068604,0.7407407407407407,0.9636066547831255,0.9292929292929293,0.6666666666666666,20
D,GAT+LSTM_full_retrain,3,1232,wed,0.0,0.09159926325082779,0.72,0.954248366013072,0.92,0.6,20
D,GAT+LSTM_full_retrain,3,1233,wed,0.0,0.09124801307916641,0.6956521739130435,0.9428104575163401,0.9090909090909091,0.5454545454545454,20
D,GAT+LSTM_full_retrain,3,1234,wed,0.0,0.08144737780094147,0.6666666666666666,0.9285130718954249,0.8958333333333334,0.5,20
D,GAT+LSTM_full_retrain,3,1235,wed,0.0,0.10405655950307846,0.631578947368421,0.9101307189542482,0.8791208791208791,0.46153846153846156,20
D,GAT+LSTM_full_retrain,3,1236,wed,0.0,0.10580934584140778,0.5882352941176471,0.8856209150326797,0.8571428571428572,0.42857142857142855,20
D,GAT+LSTM_full_retrain,3,1237,wed,0.0,0.10759703069925308,0.5333333333333333,0.8513071895424837,0.8266666666666667,0.4,20
D,GAT+LSTM_full_retrain,3,1238,wed,0.0,0.10341138392686844,0.46153846153846156,0.7998366013071896,0.78125,0.375,20
D,GAT+LSTM_full_retrain,3,1239,wed,0.0,0.10366588085889816,0.36363636363636365,0.7140522875816993,0.7058823529411764,0.35294117647058826,20
D,GAT+LSTM_full_retrain,3,1240,wed,0.0,0.11684466898441315,0.2222222222222222,0.5424836601307189,0.5555555555555556,0.3333333333333333,20
D,GAT+LSTM_full_retrain,3,1241,wed,0.0,0.11538442224264145,0.0,0.027777777777777776,0.10526315789473684,0.3157894736842105,20
D,GAT+LSTM_full_retrain,3,1242,wed,0.0,0.10781029611825943,0.0,0.027777777777777776,0.10526315789473684,0.2631578947368421,20
D,GAT+LSTM_full_retrain,3,1243,wed,0.0,0.11713435500860214,0.0,0.027777777777777776,0.10526315789473684,0.21052631578947367,20
D,GAT+LSTM_full_retrain,3,1244,wed,0.0,0.09962344169616699,0.0,0.027777777777777776,0.10526315789473684,0.15789473684210525,20
D,GAT+LSTM_full_retrain,3,1245,wed,0.0,0.10885412245988846,0.0,0.027777777777777776,0.10526315789473684,0.10526315789473684,20
D,GAT+LSTM_full_retrain,3,1246,wed,0.0,0.10065066069364548,0.0,0.027777777777777776,0.10526315789473684,0.05263157894736842,20
D,GAT+LSTM_full_retrain,3,1247,wed,0.0,0.1018085777759552,0.0,0.027777777777777776,0.10526315789473684,0.0,20
D,GAT+LSTM_full_retrain,3,1248,wed,1.0,0.08979886770248413,0.0,0.029411764705882353,0.1578947368421053,0.0,20
D,GAT+LSTM_full_retrain,3,1249,wed,1.0,0.0913027748465538,0.0,0.058108660130718956,0.1388888888888889,0.0,20
D,GAT+LSTM_full_retrain,3,1250,wed,1.0,0.08422324061393738,0.0,0.08852124183006536,0.13725490196078435,0.0,20
D,GAT+LSTM_full_retrain,3,1251,wed,1.0,0.09613782167434692,0.0,0.1155752432551968,0.109375,0.0,20
D,GAT+LSTM_full_retrain,3,1252,wed,1.0,0.08607517182826996,0.0,0.1461733991842351,0.09333333333333331,0.0,20
D,GAT+LSTM_full_retrain,3,1253,wed,1.0,0.0883575901389122,0.0,0.1772047561714744,0.0714285714285714,0.0,20
D,GAT+LSTM_full_retrain,3,1254,wed,1.0,0.09338647127151489,0.0,0.19944618198156455,0.0,0.0,20
D,GAT+LSTM_full_retrain,3,1255,wed,1.0,0.0904393345117569,0.0,0.23320653160049445,0.0,0.0,20
D,GAT+LSTM_full_retrain,3,1256,wed,1.0,0.12102188915014267,0.0,0.37520532204484736,0.1111111111111111,0.0,20
D,GAT+LSTM_full_retrain,3,1257,wed,1.0,0.114902064204216,0.0,0.42130435440032965,0.16999999999999998,0.0,20
D,GAT+LSTM_full_retrain,3,1258,wed,1.0,0.11180373281240463,0.0,0.47038538087299697,0.21212121212121213,0.0,20
D,GAT+LSTM_full_retrain,3,1259,wed,1.0,0.1200544685125351,0.0,0.5746790934097435,0.2708333333333333,0.0,20
D,GAT+LSTM_full_retrain,3,1260,wed,1.0,0.10115554183721542,0.0,0.6213220027967585,0.2857142857142857,0.0,20
D,GAT+LSTM_full_retrain,3,1261,wed,1.0,0.11546289920806885,0.0,0.7007574217271254,0.34523809523809523,0.0,20
D,GAT+LSTM_full_retrain,3,1262,wed,1.0,0.11280995607376099,0.0,0.7515062133715386,0.37333333333333335,0.0,20
D,GAT+LSTM_full_retrain,3,1263,wed,1.0,0.11330723762512207,0.0,0.859006644155638,0.46875,0.0,20
D,GAT+LSTM_full_retrain,3,1264,wed,1.0,0.09896688163280487,0.0,0.8819963715133083,0.43137254901960786,0.0,20
D,GAT+LSTM_full_retrain,3,1265,wed,0.0,0.09037012606859207,0.0,0.9059004494615039,0.5490196078431373,0.0,20
D,GAT+LSTM_full_retrain,3,1266,wed,1.0,0.0896679237484932,0.0,0.9368789504173922,0.5555555555555556,0.0,20
D,GAT+LSTM_full_retrain,3,1267,wed,1.0,0.09588153660297394,0.0,0.9848503159343145,0.7368421052631579,0.0,20
D,GAT+LSTM_full_retrain,3,1268,wed,1.0,0.09687983244657516,0.0,0.9882494387413319,0.7894736842105263,0.0,20
D,GAT+LSTM_full_retrain,3,1269,wed,1.0,0.084758460521698,0.0,0.9848503159343145,0.7368421052631579,0.0,20
D,GAT+LSTM_full_retrain,3,1270,wed,1.0,0.08401899039745331,0.0,0.9848503159343145,0.7368421052631579,0.0,20
D,GAT+LSTM_full_retrain,3,1271,wed,1.0,0.10747438669204712,0.0,0.9848503159343145,0.7368421052631579,0.0,20
D,GAT+LSTM_full_retrain,3,1272,wed,1.0,0.09162773191928864,0.0,0.9882494387413319,0.7894736842105263,0.0,20
D,GAT+LSTM_full_retrain,3,1273,wed,1.0,0.09615081548690796,0.0,0.9914421631995363,0.8421052631578947,0.0,20
D,GAT+LSTM_full_retrain,3,1274,wed,1.0,0.10050023347139359,0.0,0.9914421631995363,0.8421052631578947,0.0,20
D,GAT+LSTM_full_retrain,3,1275,wed,1.0,0.10751551389694214,0.0,0.9914421631995363,0.8421052631578947,0.0,20
D,GAT+LSTM_full_retrain,3,1276,wed,1.0,0.08462709188461304,0.0,0.9882494387413319,0.7894736842105263,0.0,20
D,GAT+LSTM_full_retrain,3,1277,wed,1.0,0.10042937099933624,0.0,0.9882494387413319,0.7894736842105263,0.0,20
D,GAT+LSTM_full_retrain,3,1278,wed,1.0,0.0852922797203064,0.0,0.9848503159343145,0.7368421052631579,0.0,20
D,GAT+LSTM_full_retrain,3,1279,wed,0.0,0.0829077810049057,0.0,0.9830235651765581,0.8611111111111112,0.0,20
D,GAT+LSTM_full_retrain,3,1280,wed,1.0,0.09457255154848099,0.0,0.9830235651765581,0.8611111111111112,0.0,20
D,GAT+LSTM_full_retrain,3,1281,wed,1.0,0.09577352553606033,0.0,0.9830235651765581,0.8611111111111112,0.0,20
D,GAT+LSTM_full_retrain,3,1282,wed,1.0,0.09132721275091171,0.0,0.9830235651765581,0.8611111111111112,0.0,20
D,GAT+LSTM_full_retrain,3,1283,wed,0.0,0.10295949131250381,0.0,0.8772848703735608,0.607843137254902,0.0,20
D,GAT+LSTM_full_retrain,3,1284,wed,1.0,0.09625695645809174,0.0,0.8772848703735608,0.607843137254902,0.0,20
D,GAT+LSTM_full_retrain,3,1285,wed,0.0,0.08544819056987762,0.0,0.8810448358982322,0.6274509803921569,0.0,20
D,GAT+LSTM_full_retrain,3,1286,wed,0.0,0.09205147624015808,0.0,0.8546281990820498,0.625,0.0,20
D,GAT+LSTM_full_retrain,3,1287,wed,0.0,0.0868978351354599,0.0,0.8338057831401484,0.6399999999999999,0.0,20
D,GAT+LSTM_full_retrain,3,1288,wed,1.0,0.09698155522346497,0.0,0.8338057831401484,0.6399999999999999,0.0,20
D,GAT+LSTM_full_retrain,3,1289,wed,1.0,0.08024085313081741,0.0,0.8311254712493102,0.6266666666666666,0.0,20
D,GAT+LSTM_full_retrain,3,1290,wed,1.0,0.0814565122127533,0.0,0.828344826827799,0.6133333333333333,0.0,20
D,GAT+LSTM_full_retrain,3,1291,wed,1.0,0.08295456320047379,0.0,0.7871478756308478,0.5599999999999999,0.0,20
D,GAT+LSTM_full_retrain,3,1292,wed,1.0,0.0963609516620636,0.0,0.7928381113210835,0.5733333333333333,0.0,20
D,GAT+LSTM_full_retrain,3,1293,wed,1.0,0.1554197072982788,0.0,0.8206158890988613,0.5866666666666667,0.0,20
D,GAT+LSTM_full_retrain,3,1294,wed,1.0,0.2136159986257553,0.0,0.8400603335433057,0.6,0.0,20
D,GAT+LSTM_full_retrain,3,1295,wed,1.0,0.32939305901527405,0.0,0.8400603335433057,0.6,0.0,20
D,GAT+LSTM_full_retrain,3,1296,wed,1.0,0.25630950927734375,0.0,0.8680417965247686,0.6533333333333333,0.0,20
D,GAT+LSTM_full_retrain,3,1297,wed,1.0,0.3061380386352539,0.0,0.8802640187469909,0.6666666666666666,0.0,20
D,GAT+LSTM_full_retrain,3,1298,wed,1.0,0.22821757197380066,0.0,0.9027892712722434,0.7200000000000001,0.0,20
D,GAT+LSTM_full_retrain,3,1299,wed,1.0,0.21972844004631042,0.0,0.9203246307034039,0.703125,0.0,20
D,GAT+LSTM_full_retrain,3,1300,wed,1.0,0.29718512296676636,0.0,0.9277031029256261,0.71875,0.0,20
D,GAT+LSTM_full_retrain,3,1301,wed,1.0,0.2905341684818268,0.0,0.9343003251478483,0.734375,0.0,20
D,GAT+LSTM_full_retrain,3,1302,wed,1.0,0.22054673731327057,0.0,0.9442611976087208,0.765625,0.0,20
D,GAT+LSTM_full_retrain,3,1303,wed,1.0,0.2749923765659332,0.0,0.9713060766102106,0.8235294117647058,0.0,20
D,GAT+LSTM_full_retrain,3,1304,wed,1.0,0.19513311982154846,0.0,0.9713060766102106,0.8235294117647058,0.0,20
D,GAT+LSTM_full_retrain,3,1305,wed,1.0,0.2966071665287018,0.0,0.981933455643466,0.8333333333333334,0.0,20
D,GAT+LSTM_full_retrain,3,1306,wed,1.0,0.3388565480709076,0.0,0.9914421631995363,0.8421052631578947,0.0,20
D,GAT+LSTM_full_retrain,3,1307,wed,1.0,0.22743399441242218,0.0,1.0000000000000002,,0.0,20
D,GAT+LSTM_full_retrain,3,1308,wed,1.0,0.3192358613014221,0.0,1.0000000000000002,,0.0,20
D,GAT+LSTM_full_retrain,3,1309,wed,1.0,0.21845656633377075,0.0,1.0000000000000002,,0.0,20
D,GAT+LSTM_full_retrain,3,1310,wed,1.0,0.24709786474704742,0.0,1.0000000000000002,,0.0,20
D,GAT+LSTM_full_retrain,3,1311,wed,1.0,0.3282097578048706,0.0,1.0000000000000002,,0.0,20
D,GAT+LSTM_full_retrain,3,1312,wed,1.0,0.2387823760509491,0.0,1.0000000000000002,,0.0,20
D,GAT+LSTM_full_retrain,3,1313,wed,1.0,0.3085455596446991,0.0,1.0000000000000002,,0.0,20
D,GAT+LSTM_full_retrain,3,1314,wed,1.0,0.25041186809539795,0.0,1.0000000000000002,,0.0,20
D,GAT+LSTM_full_retrain,3,1315,wed,1.0,0.2486552596092224,0.0,1.0000000000000002,,0.0,20
D,GAT+LSTM_full_retrain,3,1316,wed,1.0,0.3168501555919647,0.0,1.0000000000000002,,0.0,20
D,GAT+LSTM_full_retrain,3,1317,wed,1.0,0.33689746260643005,0.0,1.0000000000000002,,0.0,20
D,GAT+LSTM_full_retrain,3,1318,wed,1.0,0.25803038477897644,0.0,1.0000000000000002,,0.0,20
D,GAT+LSTM_full_retrain,3,1319,wed,1.0,0.20949509739875793,0.0,1.0000000000000002,,0.0,20
D,GAT+LSTM_full_retrain,3,1320,wed,1.0,0.23176707327365875,0.0,1.0000000000000002,,0.0,20
D,GAT+LSTM_full_retrain,3,1321,wed,1.0,0.27823227643966675,0.0,1.0000000000000002,,0.0,20
D,GAT+LSTM_full_retrain,3,1322,wed,1.0,0.2888128459453583,0.0,1.0000000000000002,,0.0,20
D,GAT+LSTM_full_retrain,3,1323,wed,1.0,0.21443216502666473,0.0,1.0000000000000002,,0.0,20
D,GAT+LSTM_full_retrain,3,1324,wed,1.0,0.19629253447055817,0.0,1.0000000000000002,,0.0,20
D,GAT+LSTM_full_retrain,3,1325,wed,1.0,0.19922076165676117,0.0,1.0000000000000002,,0.0,20
D,GAT+LSTM_full_retrain,3,1326,wed,1.0,0.20409002900123596,0.0,1.0000000000000002,,0.0,20
D,GAT+LSTM_full_retrain,3,1327,wed,1.0,0.9917954802513123,0.09523809523809523,1.0000000000000002,,0.0,20
D,GAT+LSTM_full_retrain,3,1328,wed,1.0,0.9912420511245728,0.18181818181818182,1.0000000000000002,,0.0,20
D,GAT+LSTM_full_retrain,3,1329,wed,1.0,0.9929388761520386,0.2608695652173913,1.0000000000000002,,0.0,20
D,GAT+LSTM_full_retrain,3,1330,wed,1.0,0.9929538369178772,0.3333333333333333,1.0000000000000002,,0.0,20
D,GAT+LSTM_full_retrain,3,1331,wed,1.0,0.9918238520622253,0.4,1.0000000000000002,,0.0,20
D,GAT+LSTM_full_retrain,3,1332,wed,1.0,0.9929326772689819,0.46153846153846156,1.0000000000000002,,0.0,20
D,GAT+LSTM_full_retrain,3,1333,wed,1.0,0.9927536845207214,0.5185185185185185,1.0000000000000002,,0.0,20
D,GAT+LSTM_full_retrain,3,1334,wed,1.0,0.9914816617965698,0.5714285714285714,1.0000000000000002,,0.0,20
D,GAT+LSTM_full_retrain,3,1335,wed,1.0,0.9929651021957397,0.6206896551724138,1.0000000000000002,,0.0,20
D,GAT+LSTM_full_retrain,3,1336,wed,1.0,0.9928256273269653,0.6666666666666666,1.0000000000000002,,0.0,20
D,GAT+LSTM_full_retrain,3,1337,wed,1.0,0.9922136664390564,0.7096774193548387,1.0000000000000002,,0.0,20
D,GAT+LSTM_full_retrain,3,1338,wed,1.0,0.99318528175354,0.75,1.0000000000000002,,0.0,20
D,GAT+LSTM_full_retrain,3,1339,wed,1.0,0.9916184544563293,0.7878787878787878,1.0000000000000002,,0.0,20
D,GAT+LSTM_full_retrain,3,1340,wed,1.0,0.9930288195610046,0.8235294117647058,1.0000000000000002,,0.0,20
D,GAT+LSTM_full_retrain,3,1341,wed,1.0,0.9926069974899292,0.8571428571428571,1.0000000000000002,,0.0,20
D,GAT+LSTM_full_retrain,3,1342,wed,1.0,0.9922022819519043,0.8888888888888888,1.0000000000000002,,0.0,20
D,GAT+LSTM_full_retrain,3,1343,wed,1.0,0.9927507638931274,0.918918918918919,1.0000000000000002,,0.0,20
D,GAT+LSTM_full_retrain,3,1344,wed,1.0,0.9929251670837402,0.9473684210526315,1.0000000000000002,,0.0,20
D,GAT+LSTM_full_retrain,3,1345,wed,1.0,0.9914127588272095,0.9743589743589743,1.0000000000000002,,0.0,20
D,GAT+LSTM_full_retrain,3,1346,wed,1.0,0.9929798245429993,1.0,1.0000000000000002,,0.0,20
D,GAT+LSTM_full_retrain,3,1347,wed,1.0,0.9926983714103699,1.0,1.0000000000000002,,0.0,20
D,GAT+LSTM_full_retrain,3,1348,wed,1.0,0.9928538203239441,1.0,1.0000000000000002,,0.0,20
D,GAT+LSTM_full_retrain,3,1349,wed,1.0,0.9932109713554382,1.0,1.0000000000000002,,0.0,20
D,GAT+LSTM_full_retrain,3,1350,wed,1.0,0.9919863939285278,1.0,1.0000000000000002,,0.0,20
D,GAT+LSTM_full_retrain,3,1351,wed,1.0,0.9930819869041443,1.0,1.0000000000000002,,0.0,20
D,GAT+LSTM_full_retrain,3,1352,wed,1.0,0.9929525256156921,1.0,1.0000000000000002,,0.0,20
D,GAT+LSTM_full_retrain,3,1353,wed,1.0,0.9914066791534424,1.0,1.0000000000000002,,0.0,20
D,GAT+LSTM_full_retrain,3,1354,wed,1.0,0.9930751323699951,1.0,1.0000000000000002,,0.0,20
D,GAT+LSTM_full_retrain,3,1355,wed,1.0,0.9927448034286499,1.0,1.0000000000000002,,0.0,20
D,GAT+LSTM_full_retrain,3,1356,wed,1.0,0.9924835562705994,1.0,1.0000000000000002,,0.0,20
D,GAT+LSTM_full_retrain,3,1357,wed,1.0,0.9931602478027344,1.0,1.0000000000000002,,0.0,20
D,GAT+LSTM_full_retrain,3,1358,wed,1.0,0.9924106597900391,1.0,1.0000000000000002,,0.0,20
D,GAT+LSTM_full_retrain,3,1359,wed,1.0,0.9924728870391846,1.0,1.0000000000000002,,0.0,20
D,GAT+LSTM_full_retrain,3,1360,wed,1.0,0.9930658340454102,1.0,1.0000000000000002,,0.0,20
D,GAT+LSTM_full_retrain,3,1361,wed,1.0,0.9915871620178223,1.0,1.0000000000000002,,0.0,20
D,GAT+LSTM_full_retrain,3,1362,wed,1.0,0.9928528666496277,1.0,1.0000000000000002,,0.0,20
D,GAT+LSTM_full_retrain,3,1363,wed,1.0,0.9922405481338501,1.0,1.0000000000000002,,0.0,20
D,GAT+LSTM_full_retrain,3,1364,wed,1.0,0.9916165471076965,1.0,1.0000000000000002,,0.0,20
D,GAT+LSTM_full_retrain,3,1365,wed,1.0,0.9933859705924988,1.0,1.0000000000000002,,0.0,20
D,GAT+LSTM_full_retrain,3,1366,wed,1.0,0.9931076169013977,1.0,1.0000000000000002,,0.0,20
D,GAT+LSTM_full_retrain,3,1367,wed,1.0,0.9915896058082581,1.0,1.0000000000000002,,0.0,20
D,GAT+LSTM_full_retrain,3,1368,wed,1.0,0.9932906627655029,1.0,1.0000000000000002,,0.0,20
D,GAT+LSTM_full_retrain,3,1369,wed,1.0,0.9929908514022827,1.0,1.0000000000000002,,0.0,20
D,GAT+LSTM_full_retrain,3,1370,wed,1.0,0.9924666285514832,1.0,1.0000000000000002,,0.0,20
D,GAT+LSTM_full_retrain,3,1371,wed,1.0,0.9930217862129211,1.0,1.0000000000000002,,0.0,20
D,GAT+LSTM_full_retrain,3,1372,wed,1.0,0.9923902153968811,1.0,1.0000000000000002,,0.0,20
D,GAT+LSTM_full_retrain,3,1373,wed,1.0,0.9929732084274292,1.0,1.0000000000000002,,0.0,20
D,GAT+LSTM_full_retrain,3,1374,wed,1.0,0.9927532076835632,1.0,1.0000000000000002,,0.0,20
D,GAT+LSTM_full_retrain,3,1375,wed,1.0,0.9915738701820374,1.0,1.0000000000000002,,0.0,20
D,GAT+LSTM_full_retrain,3,1376,wed,1.0,0.9927148222923279,1.0,1.0000000000000002,,0.0,20
D,GAT+LSTM_full_retrain,3,1377,wed,1.0,0.9927693605422974,1.0,1.0000000000000002,,0.0,20
D,GAT+LSTM_full_retrain,3,1378,wed,1.0,0.9917763471603394,1.0,1.0000000000000002,,0.0,20
D,GAT+LSTM_full_retrain,3,1379,wed,1.0,0.9930034279823303,1.0,1.0000000000000002,,0.0,20
D,GAT+LSTM_full_retrain,3,1380,wed,1.0,0.9925761222839355,1.0,1.0000000000000002,,0.0,20
D,GAT+LSTM_full_retrain,3,1381,wed,1.0,0.9913711547851562,1.0,1.0000000000000002,,0.0,20
D,GAT+LSTM_full_retrain,3,1382,wed,1.0,0.9929499626159668,1.0,1.0000000000000002,,0.0,20
D,GAT+LSTM_full_retrain,3,1383,wed,1.0,0.9924952983856201,1.0,1.0000000000000002,,0.0,20
D,GAT+LSTM_full_retrain,3,1384,wed,1.0,0.9917568564414978,1.0,1.0000000000000002,,0.0,20
D,GAT+LSTM_full_retrain,3,1385,wed,1.0,0.9930082559585571,1.0,1.0000000000000002,,0.0,20
D,GAT+LSTM_full_retrain,3,1386,wed,1.0,0.991940975189209,1.0,1.0000000000000002,,0.0,20
D,GAT+LSTM_full_retrain,3,1387,wed,1.0,0.9926613569259644,1.0,1.0000000000000002,,0.0,20
D,GAT+LSTM_full_retrain,3,1388,wed,1.0,0.9930806756019592,1.0,1.0000000000000002,,0.0,20
D,GAT+LSTM_full_retrain,3,1389,wed,1.0,0.992202639579773,1.0,1.0000000000000002,,0.0,20
D,GAT+LSTM_full_retrain,3,1390,wed,1.0,0.993025541305542,1.0,1.0000000000000002,,0.0,20
D,GAT+LSTM_full_retrain,3,1391,wed,1.0,0.9930967688560486,1.0,1.0000000000000002,,0.0,20
D,GAT+LSTM_full_retrain,3,1392,wed,1.0,0.9924901127815247,1.0,1.0000000000000002,,0.0,20
D,GAT+LSTM_full_retrain,3,1393,wed,1.0,0.9927433729171753,1.0,1.0000000000000002,,0.0,20
D,GAT+LSTM_full_retrain,3,1394,wed,1.0,0.992580771446228,1.0,1.0000000000000002,,0.0,20
D,GAT+LSTM_full_retrain,3,1395,wed,1.0,0.992624044418335,1.0,1.0000000000000002,,0.0,20
D,GAT+LSTM_full_retrain,3,1396,wed,1.0,0.9928094148635864,1.0,1.0000000000000002,,0.0,20
D,GAT+LSTM_full_retrain,3,1397,wed,1.0,0.9919288158416748,1.0,1.0000000000000002,,0.0,20
D,GAT+LSTM_full_retrain,3,1398,wed,1.0,0.9929035305976868,1.0,1.0000000000000002,,0.0,20
D,GAT+LSTM_full_retrain,3,1399,wed,1.0,0.9933552742004395,1.0,1.0000000000000002,,0.0,20
D,GAT+LSTM_full_retrain,3,1400,wed,1.0,0.9926338791847229,1.0,1.0000000000000002,,0.0,20
D,GAT+LSTM_full_retrain,3,1401,wed,1.0,0.9925175905227661,1.0,1.0000000000000002,,0.0,20
D,GAT+LSTM_full_retrain,3,1402,wed,1.0,0.9927456974983215,1.0,1.0000000000000002,,0.0,20
D,GAT+LSTM_full_retrain,3,1403,wed,1.0,0.991835355758667,1.0,1.0000000000000002,,0.0,20
D,GAT+LSTM_full_retrain,3,1404,wed,1.0,0.9930816292762756,1.0,1.0000000000000002,,0.0,20
D,GAT+LSTM_full_retrain,3,1405,wed,1.0,0.9928787350654602,1.0,1.0000000000000002,,0.0,20
D,GAT+LSTM_full_retrain,3,1406,wed,1.0,0.9921330809593201,1.0,1.0000000000000002,,0.0,20
D,GAT+LSTM_full_retrain,3,1407,wed,1.0,0.99294114112854,1.0,1.0000000000000002,,0.0,20
D,GAT+LSTM_full_retrain,3,1408,wed,1.0,0.9928203225135803,1.0,1.0000000000000002,,0.0,20
D,GAT+LSTM_full_retrain,3,1409,wed,1.0,0.9927835464477539,1.0,1.0000000000000002,,0.0,20
D,GAT+LSTM_full_retrain,3,1410,wed,1.0,0.9926168322563171,1.0,1.0000000000000002,,0.0,20
D,GAT+LSTM_full_retrain,3,1411,wed,1.0,0.99160236120224,1.0,1.0000000000000002,,0.0,20
D,GAT+LSTM_full_retrain,3,1412,wed,1.0,0.9932435154914856,1.0,1.0000000000000002,,0.0,20
D,GAT+LSTM_full_retrain,3,1413,wed,1.0,0.992466151714325,1.0,1.0000000000000002,,0.0,20
D,GAT+LSTM_full_retrain,3,1414,wed,1.0,0.9912973642349243,1.0,1.0000000000000002,,0.0,20
D,GAT+LSTM_full_retrain,3,1415,wed,1.0,0.991976797580719,1.0,1.0000000000000002,,0.0,20
D,GAT+LSTM_full_retrain,3,1416,wed,1.0,0.992588222026825,1.0,1.0000000000000002,,0.0,20
D,GAT+LSTM_full_retrain,3,1417,wed,1.0,0.992449164390564,1.0,1.0000000000000002,,0.0,20
D,GAT+LSTM_full_retrain,3,1418,wed,1.0,0.9929764866828918,1.0,1.0000000000000002,,0.0,20
D,GAT+LSTM_full_retrain,3,1419,wed,1.0,0.9924629926681519,1.0,1.0000000000000002,,0.0,20
D,GAT+LSTM_full_retrain,3,1420,wed,1.0,0.9928537011146545,1.0,1.0000000000000002,,0.0,20
D,GAT+LSTM_full_retrain,3,1421,wed,1.0,0.9923561811447144,1.0,1.0000000000000002,,0.0,20
D,GAT+LSTM_full_retrain,3,1422,wed,1.0,0.9923197627067566,1.0,1.0000000000000002,,0.0,20
D,GAT+LSTM_full_retrain,3,1423,wed,1.0,0.9920880198478699,1.0,1.0000000000000002,,0.0,20
D,GAT+LSTM_full_retrain,3,1424,wed,1.0,0.9927350282669067,1.0,1.0000000000000002,,0.0,20
D,GAT+LSTM_full_retrain,3,1425,wed,1.0,0.9918015599250793,1.0,1.0000000000000002,,0.0,20
D,GAT+LSTM_full_retrain,3,1426,wed,1.0,0.9925051927566528,1.0,1.0000000000000002,,0.0,20
D,GAT+LSTM_full_retrain,3,1427,wed,1.0,0.9935664534568787,1.0,1.0000000000000002,,0.0,20
D,GAT+LSTM_full_retrain,3,1428,wed,1.0,0.9921056032180786,1.0,1.0000000000000002,,0.0,20
D,GAT+LSTM_full_retrain,3,1429,wed,1.0,0.9928022027015686,1.0,1.0000000000000002,,0.0,20
D,GAT+LSTM_full_retrain,3,1430,wed,1.0,0.9919875860214233,1.0,1.0000000000000002,,0.0,20
D,GAT+LSTM_full_retrain,3,1431,wed,1.0,0.9924629926681519,1.0,1.0,,0.0,20
D,GAT+LSTM_full_retrain,3,1432,wed,1.0,0.9930452704429626,1.0,1.0,,0.0,20
D,GAT+LSTM_full_retrain,3,1433,wed,1.0,0.9915307760238647,1.0,1.0,,0.0,20
D,GAT+LSTM_full_retrain,3,1434,wed,1.0,0.9924846291542053,1.0,1.0,,0.0,20
D,GAT+LSTM_full_retrain,3,1435,wed,1.0,0.9919942617416382,1.0,1.0,,0.0,20
D,GAT+LSTM_full_retrain,3,1436,wed,1.0,0.9910455346107483,1.0,1.0,,0.0,20
D,GAT+LSTM_full_retrain,3,1437,wed,1.0,0.9920523166656494,1.0,1.0,,0.0,20
D,GAT+LSTM_full_retrain,3,1438,wed,1.0,0.9930398464202881,1.0,1.0,,0.0,20
D,GAT+LSTM_full_retrain,3,1439,wed,1.0,0.9915148019790649,1.0,1.0000000000000002,,0.0,20
D,GAT+LSTM_full_retrain,3,1440,wed,1.0,0.9928402900695801,1.0,1.0000000000000002,,0.0,20
D,GAT+LSTM_full_retrain,3,1441,wed,1.0,0.9929932951927185,1.0,1.0000000000000002,,0.0,20
D,GAT+LSTM_full_retrain,3,1442,wed,1.0,0.9911487102508545,1.0,1.0000000000000002,,0.0,20
D,GAT+LSTM_full_retrain,3,1443,wed,1.0,0.9927393794059753,1.0,1.0000000000000002,,0.0,20
D,GAT+LSTM_full_retrain,3,1444,wed,1.0,0.9926487803459167,1.0,1.0000000000000002,,0.0,20
D,GAT+LSTM_full_retrain,3,1445,wed,1.0,0.9924454092979431,1.0,1.0000000000000002,,0.0,20
D,GAT+LSTM_full_retrain,3,1446,wed,1.0,0.9931186437606812,1.0,1.0000000000000002,,0.0,20
D,GAT+LSTM_full_retrain,3,1447,wed,1.0,0.9933282136917114,1.0,1.0000000000000002,,0.0,20
D,GAT+LSTM_full_retrain,3,1448,wed,1.0,0.9934571385383606,1.0,1.0000000000000002,,0.0,20
D,GAT+LSTM_full_retrain,3,1449,wed,1.0,0.9927767515182495,1.0,1.0000000000000002,,0.0,20
D,GAT+LSTM_full_retrain,3,1450,wed,1.0,0.9926020503044128,1.0,1.0000000000000002,,0.0,20
D,GAT+LSTM_full_retrain,3,1451,wed,1.0,0.9927757978439331,1.0,1.0000000000000002,,0.0,20
D,GAT+LSTM_full_retrain,3,1452,wed,1.0,0.9929075241088867,1.0,1.0000000000000002,,0.0,20
D,GAT+LSTM_full_retrain,3,1453,wed,1.0,0.9920235872268677,1.0,1.0000000000000002,,0.0,20
D,GAT+LSTM_full_retrain,3,1454,wed,1.0,0.9915174245834351,1.0,1.0000000000000002,,0.0,20
D,GAT+LSTM_full_retrain,3,1455,wed,1.0,0.9927532076835632,1.0,1.0000000000000002,,0.0,20
D,GAT+LSTM_full_retrain,3,1456,wed,1.0,0.9918423891067505,1.0,1.0000000000000002,,0.0,20
D,GAT+LSTM_full_retrain,3,1457,wed,1.0,0.9930912256240845,1.0,1.0000000000000002,,0.0,20
D,GAT+LSTM_full_retrain,3,1458,wed,1.0,0.9928680658340454,1.0,1.0000000000000002,,0.0,20
D,GAT+LSTM_full_retrain,3,1459,wed,1.0,0.9926844239234924,1.0,1.0000000000000002,,0.0,20
D,GAT+LSTM_full_retrain,3,1460,wed,1.0,0.9928956627845764,1.0,1.0000000000000002,,0.0,20
D,GAT+LSTM_full_retrain,3,1461,wed,1.0,0.9930625557899475,1.0,1.0000000000000002,,0.0,20
D,GAT+LSTM_full_retrain,3,1462,wed,1.0,0.9914843440055847,1.0,1.0000000000000002,,0.0,20
D,GAT+LSTM_full_retrain,3,1463,wed,1.0,0.9928780198097229,1.0,1.0000000000000002,,0.0,20
D,GAT+LSTM_full_retrain,3,1464,wed,1.0,0.9923801422119141,1.0,1.0000000000000002,,0.0,20
D,GAT+LSTM_full_retrain,3,1465,wed,1.0,0.9915839433670044,1.0,1.0000000000000002,,0.0,20
D,GAT+LSTM_full_retrain,3,1466,wed,1.0,0.9930682182312012,1.0,1.0000000000000002,,0.0,20
D,GAT+LSTM_full_retrain,3,1467,wed,1.0,0.9932438731193542,1.0,1.0000000000000002,,0.0,20
D,GAT+LSTM_full_retrain,3,1468,wed,1.0,0.9939828515052795,1.0,1.0000000000000002,,0.0,20
D,GAT+LSTM_full_retrain,3,1469,wed,1.0,0.9953665733337402,1.0,1.0000000000000002,,0.0,20
D,GAT+LSTM_full_retrain,3,1470,wed,1.0,0.9941352605819702,1.0,1.0000000000000002,,0.0,20
D,GAT+LSTM_full_retrain,3,1471,wed,1.0,0.994060218334198,1.0,1.0000000000000002,,0.0,20
D,GAT+LSTM_full_retrain,3,1472,wed,1.0,0.9894150495529175,1.0,1.0000000000000002,,0.0,20
D,GAT+LSTM_full_retrain,3,1473,wed,1.0,0.9822772145271301,1.0,1.0000000000000002,,0.0,20
D,GAT+LSTM_full_retrain,3,1474,wed,0.0,0.17722800374031067,1.0,0.9999999999999998,1.0,0.0,20
D,GAT+LSTM_full_retrain,3,1475,wed,1.0,0.10080073028802872,0.972972972972973,0.997299168975069,0.9473684210526315,0.0,20
D,GAT+LSTM_full_retrain,3,1476,wed,0.0,0.009052153676748276,0.9714285714285714,0.9969948018193633,0.9722222222222222,0.0,20
D,GAT+LSTM_full_retrain,3,1477,wed,0.0,0.025154463946819305,0.9696969696969697,0.9966359092656671,0.9803921568627452,0.0,20
D,GAT+LSTM_full_retrain,3,1478,wed,1.0,0.366986483335495,0.9375,0.9966359092656671,0.9803921568627452,0.0,20
D,GAT+LSTM_full_retrain,3,1479,wed,1.0,0.10667767375707626,0.9032258064516129,0.9930675701653211,0.9607843137254902,0.0,20
D,GAT+LSTM_full_retrain,3,1480,wed,1.0,0.5495375990867615,0.9032258064516129,0.9930675701653211,0.9607843137254902,0.0,20
D,GAT+LSTM_full_retrain,3,1481,wed,1.0,0.9072049856185913,0.9032258064516129,0.9930675701653211,0.9607843137254902,0.0,20
D,GAT+LSTM_full_retrain,3,1482,wed,1.0,0.9758147597312927,0.9032258064516129,0.9930675701653211,0.9607843137254902,0.0,20
D,GAT+LSTM_full_retrain,3,1483,wed,1.0,0.9927206039428711,0.9032258064516129,0.9930675701653211,0.9607843137254902,0.0,20
D,GAT+LSTM_full_retrain,3,1484,wed,1.0,0.9865922331809998,0.9032258064516129,0.9930675701653211,0.9607843137254902,0.0,20
D,GAT+LSTM_full_retrain,3,1485,wed,1.0,0.9788790941238403,0.9032258064516129,0.9930675701653211,0.9607843137254902,0.0,20
D,GAT+LSTM_full_retrain,3,1486,wed,1.0,0.8068456649780273,0.9032258064516129,0.9930675701653211,0.9607843137254902,0.0,20
D,GAT+LSTM_full_retrain,3,1487,wed,1.0,0.9757109880447388,0.9032258064516129,0.9930675701653211,0.9607843137254902,0.0,20
D,GAT+LSTM_full_retrain,3,1488,wed,1.0,0.9888049364089966,0.9032258064516129,0.9930675701653211,0.9607843137254902,0.0,20
D,GAT+LSTM_full_retrain,3,1489,wed,1.0,0.9922244548797607,0.9032258064516129,0.9930675701653211,0.9607843137254902,0.0,20
D,GAT+LSTM_full_retrain,3,1490,wed,1.0,0.9934710264205933,0.9032258064516129,0.9930675701653211,0.9607843137254902,0.0,20
D,GAT+LSTM_full_retrain,3,1491,wed,1.0,0.9942703247070312,0.9032258064516129,0.9930675701653211,0.9607843137254902,0.0,20
D,GAT+LSTM_full_retrain,3,1492,wed,1.0,0.9918409585952759,0.9032258064516129,0.9930675701653211,0.9607843137254902,0.0,20
D,GAT+LSTM_full_retrain,3,1493,wed,1.0,0.9872010946273804,0.9032258064516129,0.9930675701653211,0.9607843137254902,0.0,20
D,GAT+LSTM_full_retrain,3,1494,wed,0.0,0.9938546419143677,0.875,0.8695688058577331,0.6862745098039217,0.3333333333333333,20
D,GAT+LSTM_full_retrain,3,1495,wed,0.0,0.9905365109443665,0.875,0.8119706172095879,0.59375,0.5,20
D,GAT+LSTM_full_retrain,3,1496,wed,0.0,0.939498782157898,0.8484848484848485,0.7953824101487608,0.515625,0.75,20
D,GAT+LSTM_full_retrain,3,1497,wed,0.0,0.9671119451522827,0.8235294117647058,0.7807168783658722,0.4375,1.0,20
D,GAT+LSTM_full_retrain,3,1498,wed,0.0,0.9794241189956665,0.8235294117647058,0.7551783282936534,0.48,1.0,20
D,GAT+LSTM_full_retrain,3,1499,wed,0.0,0.9603196382522583,0.8235294117647058,0.7477417749089575,0.5595238095238095,1.0,20
D,GAT+LSTM_full_retrain,3,1500,wed,0.0,0.6683197617530823,0.7878787878787878,0.7520215065821163,0.6593406593406594,1.0,20
D,GAT+LSTM_full_retrain,3,1501,wed,0.0,0.4982037842273712,0.7741935483870968,0.758403415756357,0.7395833333333333,0.875,20
D,GAT+LSTM_full_retrain,3,1502,wed,0.0,0.0122299799695611,0.7586206896551724,0.7547759207518565,0.7777777777777777,0.7777777777777778,20
D,GAT+LSTM_full_retrain,3,1503,wed,0.0,0.01830482855439186,0.7407407407407407,0.731794733044733,0.79,0.7,20
D,GAT+LSTM_full_retrain,3,1504,wed,0.0,0.007736438885331154,0.72,0.719107744107744,0.8080808080808081,0.6363636363636364,20
D,GAT+LSTM_full_retrain,3,1505,wed,0.0,0.006621663458645344,0.6956521739130435,0.7159455128205128,0.8333333333333333,0.5833333333333334,20
D,GAT+LSTM_full_retrain,3,1506,wed,0.0,0.006354499142616987,0.6666666666666666,0.7389455782312924,0.8901098901098901,0.5384615384615384,20
D,GAT+LSTM_full_retrain,3,1507,wed,0.0,0.0032754926942288876,0.631578947368421,0.7482142857142857,0.9166666666666667,0.5,20
D,GAT+LSTM_full_retrain,3,1508,wed,0.0,0.006860183551907539,0.5882352941176471,0.7514285714285713,0.9333333333333333,0.4666666666666667,20
D,GAT+LSTM_full_retrain,3,1509,wed,0.0,0.003400965128093958,0.5333333333333333,0.73125,0.9375,0.4375,20
D,GAT+LSTM_full_retrain,3,1510,wed,0.0,0.004416878800839186,0.46153846153846156,0.711111111111111,0.9411764705882353,0.4117647058823529,20
D,GAT+LSTM_full_retrain,3,1511,wed,0.0,0.0043075974099338055,0.36363636363636365,0.3333333333333333,0.9166666666666666,0.3888888888888889,20
D,GAT+LSTM_full_retrain,3,1512,wed,0.0,0.0035204060841351748,0.2222222222222222,0.16666666666666666,0.8947368421052632,0.3684210526315789,20
D,GAT+LSTM_full_retrain,3,1513,wed,0.0,0.004798142239451408,0.0,0.5,,0.35,20
D,GAT+LSTM_full_retrain,3,1514,wed,0.0,0.005836459808051586,0.0,0.5,,0.3,20
D,GAT+LSTM_full_retrain,3,1515,wed,0.0,0.003744799643754959,0.0,0.5,,0.25,20
D,GAT+LSTM_full_retrain,3,1516,wed,0.0,0.005232660099864006,0.0,0.5,,0.2,20
D,GAT+LSTM_full_retrain,3,1517,wed,0.0,0.004808227997273207,0.0,0.5,,0.15,20
D,GAT+LSTM_full_retrain,3,1518,wed,0.0,0.005713993683457375,0.0,0.5,,0.1,20
D,GAT+LSTM_full_retrain,3,1519,wed,0.0,0.097686268389225,0.0,0.5,,0.05,20
D,GAT+LSTM_full_retrain,3,1520,wed,0.0,0.07317931205034256,0.0,0.5,,0.0,20
D,GAT+LSTM_full_retrain,3,1521,wed,0.0,0.046118300408124924,0.0,0.5,,0.0,20
D,GAT+LSTM_full_retrain,3,1522,wed,0.0,0.045384157449007034,0.0,0.5,,0.0,20
D,GAT+LSTM_full_retrain,3,1523,wed,0.0,0.07062888890504837,0.0,0.5,,0.0,20
D,GAT+LSTM_full_retrain,3,1524,wed,0.0,0.043029651045799255,0.0,0.5,,0.0,20
D,GAT+LSTM_full_retrain,3,1525,wed,0.0,0.036500539630651474,0.0,0.5,,0.0,20
D,GAT+LSTM_full_retrain,3,1526,wed,0.0,0.044057898223400116,0.0,0.5,,0.0,20
D,GAT+LSTM_full_retrain,3,1527,wed,0.0,0.02371929958462715,0.0,0.5,,0.0,20
D,GAT+LSTM_full_retrain,3,1528,wed,0.0,0.03512565419077873,0.0,0.5,,0.0,20
D,GAT+LSTM_full_retrain,3,1529,wed,0.0,0.021413417533040047,0.0,0.5,,0.0,20
D,GAT+LSTM_full_retrain,3,1530,wed,0.0,0.03389252722263336,0.0,0.5,,0.0,20
D,GAT+LSTM_full_retrain,3,1531,wed,0.0,0.18330799043178558,0.0,0.5,,0.0,20
D,GAT+LSTM_full_retrain,3,1532,wed,0.0,0.1111598014831543,0.0,0.5,,0.0,20
D,GAT+LSTM_full_retrain,3,1533,wed,0.0,0.09568797796964645,0.0,0.5,,0.0,20
D,GAT+LSTM_full_retrain,3,1534,wed,0.0,0.13085533678531647,0.0,0.5,,0.0,20
D,GAT+LSTM_full_retrain,3,1535,wed,0.0,0.14592422544956207,0.0,0.5,,0.0,20
D,GAT+LSTM_full_retrain,3,1536,wed,0.0,0.11951562017202377,0.0,0.5,,0.0,20
D,GAT+LSTM_full_retrain,3,1537,wed,0.0,0.1004379391670227,0.0,0.5,,0.0,20
D,GAT+LSTM_full_retrain,3,1538,wed,0.0,0.04282074794173241,0.0,0.5,,0.0,20
D,GAT+LSTM_full_retrain,3,1539,wed,0.0,0.031112052500247955,0.0,0.5,,0.0,20
D,GAT+LSTM_full_retrain,3,1540,wed,0.0,0.07066524028778076,0.0,0.5,,0.0,20
D,GAT+LSTM_full_retrain,3,1541,wed,0.0,0.044763315469026566,0.0,0.5,,0.0,20
D,GAT+LSTM_full_retrain,3,1542,wed,0.0,0.05489787086844444,0.0,0.5,,0.0,20
D,GAT+LSTM_full_retrain,3,1543,wed,0.0,0.03111562877893448,0.0,0.5,,0.0,20
D,GAT+LSTM_full_retrain,3,1544,wed,0.0,0.0492141917347908,0.0,0.5,,0.0,20
D,GAT+LSTM_full_retrain,3,1545,wed,0.0,0.04180601239204407,0.0,0.5,,0.0,20
D,GAT+LSTM_full_retrain,3,1546,wed,0.0,0.038809094578027725,0.0,0.5,,0.0,20
D,GAT+LSTM_full_retrain,3,1547,wed,0.0,0.019630935043096542,0.0,0.5,,0.0,20
D,GAT+LSTM_full_retrain,3,1548,wed,0.0,0.01565871573984623,0.0,0.5,,0.0,20
D,GAT+LSTM_full_retrain,3,1549,wed,0.0,0.017430810257792473,0.0,0.5,,0.0,20
D,GAT+LSTM_full_retrain,3,1550,wed,0.0,0.022598465904593468,0.0,0.5,,0.0,20
D,GAT+LSTM_full_retrain,3,1551,wed,0.0,0.038360126316547394,0.0,0.5,,0.0,20
D,GAT+LSTM_full_retrain,3,1552,wed,0.0,0.009070063941180706,0.0,0.5,,0.0,20
D,GAT+LSTM_full_retrain,3,1553,wed,0.0,0.025268109515309334,0.0,0.5,,0.0,20
D,GAT+LSTM_full_retrain,3,1554,wed,0.0,0.005727079696953297,0.0,0.5,,0.0,20
D,GAT+LSTM_full_retrain,3,1555,wed,0.0,0.004733739886432886,0.0,0.5,,0.0,20
D,GAT+LSTM_full_retrain,3,1556,wed,0.0,0.018767142668366432,0.0,0.5,,0.0,20
D,GAT+LSTM_full_retrain,3,1557,wed,0.0,0.016349658370018005,0.0,0.5,,0.0,20
D,GAT+LSTM_full_retrain,3,1558,wed,0.0,0.006940409075468779,0.0,0.5,,0.0,20
D,GAT+LSTM_full_retrain,3,1559,wed,0.0,0.014691743068397045,0.0,0.5,,0.0,20
D,GAT+LSTM_full_retrain,3,1560,wed,0.0,0.02576793171465397,0.0,0.5,,0.0,20
D,GAT+LSTM_full_retrain,3,1561,wed,0.0,0.03640232980251312,0.0,0.5,,0.0,20
D,GAT+LSTM_full_retrain,3,1562,wed,0.0,0.04010363668203354,0.0,0.5,,0.0,20
D,GAT+LSTM_full_retrain,3,1563,wed,0.0,0.04077820107340813,0.0,0.5,,0.0,20
D,GAT+LSTM_full_retrain,3,1564,wed,0.0,0.015108424238860607,0.0,0.5,,0.0,20
D,GAT+LSTM_full_retrain,3,1565,wed,0.0,0.03514596074819565,0.0,0.5,,0.0,20
D,GAT+LSTM_full_retrain,3,1566,wed,0.0,0.018946316093206406,0.0,0.5,,0.0,20
D,GAT+LSTM_full_retrain,3,1567,wed,0.0,0.01059668231755495,0.0,0.5,,0.0,20
D,GAT+LSTM_full_retrain,3,1568,wed,0.0,0.013315953314304352,0.0,0.5,,0.0,20
D,GAT+LSTM_full_retrain,3,1569,wed,0.0,0.010172806680202484,0.0,0.5,,0.0,20
D,GAT+LSTM_full_retrain,3,1570,wed,1.0,0.009642873890697956,0.0,0.03125,0.21052631578947367,0.0,20
D,GAT+LSTM_full_retrain,3,1571,wed,0.0,0.011032330803573132,0.0,0.03125,0.21052631578947367,0.0,20
D,GAT+LSTM_full_retrain,3,1572,wed,0.0,0.015380057506263256,0.0,0.029411764705882353,0.1578947368421053,0.0,20
D,GAT+LSTM_full_retrain,3,1573,wed,0.0,0.03833603486418724,0.0,0.029411764705882353,0.1578947368421053,0.0,20
D,GAT+LSTM_full_retrain,3,1574,wed,0.0,0.012731137685477734,0.0,0.027777777777777776,0.10526315789473684,0.0,20
D,GAT+LSTM_full_retrain,3,1575,wed,0.0,0.028420282527804375,0.0,0.02631578947368421,0.052631578947368474,0.0,20
D,GAT+LSTM_full_retrain,3,1576,wed,0.0,0.03466612100601196,0.0,0.02631578947368421,0.052631578947368474,0.0,20
D,GAT+LSTM_full_retrain,3,1577,wed,0.0,0.11323951929807663,0.0,0.02631578947368421,0.052631578947368474,0.0,20
D,GAT+LSTM_full_retrain,3,1578,wed,0.0,0.19458577036857605,0.0,0.025,0.0,0.0,20
D,GAT+LSTM_full_retrain,3,1579,wed,0.0,0.1443549394607544,0.0,0.025,0.0,0.0,20
D,GAT+LSTM_full_retrain,3,1580,wed,0.0,0.20927947759628296,0.0,0.025,0.0,0.0,20
D,GAT+LSTM_full_retrain,3,1581,wed,0.0,0.15211769938468933,0.0,0.025,0.0,0.0,20
D,GAT+LSTM_full_retrain,3,1582,wed,0.0,0.012301557697355747,0.0,0.025,0.0,0.0,20
D,GAT+LSTM_full_retrain,3,1583,wed,0.0,0.021635429933667183,0.0,0.025,0.0,0.0,20
D,GAT+LSTM_full_retrain,3,1584,wed,0.0,0.01185128279030323,0.0,0.025,0.0,0.0,20
D,GAT+LSTM_full_retrain,3,1585,wed,0.0,0.004167229402810335,0.0,0.02631578947368421,0.052631578947368474,0.0,20
D,GAT+LSTM_full_retrain,3,1586,wed,0.0,0.009190713986754417,0.0,0.027777777777777776,0.10526315789473684,0.0,20
D,GAT+LSTM_full_retrain,3,1587,wed,0.0,0.004029782023280859,0.0,0.029411764705882353,0.1578947368421053,0.0,20
D,GAT+LSTM_full_retrain,3,1588,wed,0.0,0.01699959859251976,0.0,0.029411764705882353,0.1578947368421053,0.0,20
D,GAT+LSTM_full_retrain,3,1589,wed,0.0,0.021961238235235214,0.0,0.029411764705882353,0.1578947368421053,0.0,20
D,GAT+LSTM_full_retrain,3,1590,wed,0.0,0.01519959419965744,0.0,0.5,,0.0,20
D,GAT+LSTM_full_retrain,3,1591,wed,0.0,0.011005284264683723,0.0,0.5,,0.0,20
D,GAT+LSTM_full_retrain,3,1592,wed,0.0,0.0054724812507629395,0.0,0.5,,0.0,20
D,GAT+LSTM_full_retrain,3,1593,wed,0.0,0.006123561877757311,0.0,0.5,,0.0,20
D,GAT+LSTM_full_retrain,3,1594,wed,0.0,0.0034329090267419815,0.0,0.5,,0.0,20
D,GAT+LSTM_full_retrain,3,1595,wed,0.0,0.008402696810662746,0.0,0.5,,0.0,20
D,GAT+LSTM_full_retrain,3,1596,wed,0.0,0.007099103648215532,0.0,0.5,,0.0,20
D,GAT+LSTM_full_retrain,3,1597,wed,0.0,0.00817838218063116,0.0,0.5,,0.0,20
D,GAT+LSTM_full_retrain,3,1598,wed,0.0,0.021944550797343254,0.0,0.5,,0.0,20
D,GAT+LSTM_full_retrain,3,1599,wed,0.0,0.028744183480739594,0.0,0.5,,0.0,20
D,GAT+LSTM_full_retrain,3,1600,wed,0.0,0.10406100004911423,0.0,0.5,,0.0,20
D,GAT+LSTM_full_retrain,3,1601,wed,0.0,0.12968111038208008,0.0,0.5,,0.0,20
D,GAT+LSTM_full_retrain,3,1602,wed,0.0,0.10249079763889313,0.0,0.5,,0.0,20
D,GAT+LSTM_full_retrain,3,1603,wed,0.0,0.6335239410400391,0.0,0.5,,0.05,20
D,GAT+LSTM_full_retrain,3,1604,wed,0.0,0.5964963436126709,0.0,0.5,,0.1,20
D,GAT+LSTM_full_retrain,3,1605,wed,0.0,0.8573146462440491,0.0,0.5,,0.15,20
D,GAT+LSTM_full_retrain,3,1606,wed,0.0,0.8337916731834412,0.0,0.5,,0.2,20
D,GAT+LSTM_full_retrain,3,1607,wed,0.0,0.814568042755127,0.0,0.5,,0.25,20
D,GAT+LSTM_full_retrain,3,1608,wed,0.0,0.898953914642334,0.0,0.5,,0.3,20
D,GAT+LSTM_full_retrain,3,1609,wed,0.0,0.6243370771408081,0.0,0.5,,0.35,20
D,GAT+LSTM_full_retrain,3,1610,wed,0.0,0.6342432498931885,0.0,0.5,,0.4,20
D,GAT+LSTM_full_retrain,3,1611,wed,0.0,0.7255380153656006,0.0,0.5,,0.45,20
D,GAT+LSTM_full_retrain,3,1612,wed,0.0,0.8521937131881714,0.0,0.5,,0.5,20
D,GAT+LSTM_full_retrain,3,1613,wed,0.0,0.29269617795944214,0.0,0.5,,0.5,20
D,GAT+LSTM_full_retrain,3,1614,wed,0.0,0.5665650963783264,0.0,0.5,,0.55,20
D,GAT+LSTM_full_retrain,3,1615,wed,0.0,0.5747981071472168,0.0,0.5,,0.6,20
D,GAT+LSTM_full_retrain,3,1616,wed,0.0,0.761155366897583,0.0,0.5,,0.65,20
D,GAT+LSTM_full_retrain,3,1617,wed,0.0,0.5296186208724976,0.0,0.5,,0.7,20
D,GAT+LSTM_full_retrain,3,1618,wed,0.0,0.8527464270591736,0.0,0.5,,0.75,20
D,GAT+LSTM_full_retrain,3,1619,wed,0.0,0.7747313976287842,0.0,0.5,,0.8,20
D,GAT+LSTM_full_retrain,3,1620,wed,0.0,0.5852206349372864,0.0,0.5,,0.85,20
D,GAT+LSTM_full_retrain,3,1621,wed,0.0,0.6719571948051453,0.0,0.5,,0.9,20
D,GAT+LSTM_full_retrain,3,1622,wed,0.0,0.44318026304244995,0.0,0.5,,0.9,20
D,GAT+LSTM_full_retrain,3,1623,wed,0.0,0.14227280020713806,0.0,0.5,,0.85,20
D,GAT+LSTM_full_retrain,3,1624,wed,0.0,0.15140461921691895,0.0,0.5,,0.8,20
D,GAT+LSTM_full_retrain,3,1625,wed,0.0,0.0672651007771492,0.0,0.5,,0.75,20
D,GAT+LSTM_full_retrain,3,1626,wed,0.0,0.021753402426838875,0.0,0.5,,0.7,20
D,GAT+LSTM_full_retrain,3,1627,wed,0.0,0.024241717532277107,0.0,0.5,,0.65,20
D,GAT+LSTM_full_retrain,3,1628,wed,0.0,0.019420446828007698,0.0,0.5,,0.6,20
D,GAT+LSTM_full_retrain,3,1629,wed,0.0,0.02690768428146839,0.0,0.5,,0.55,20
D,GAT+LSTM_full_retrain,3,1630,wed,0.0,0.030275270342826843,0.0,0.5,,0.5,20
D,GAT+LSTM_full_retrain,3,1631,wed,0.0,0.016707180067896843,0.0,0.5,,0.45,20
D,GAT+LSTM_full_retrain,3,1632,wed,0.0,0.028712917119264603,0.0,0.5,,0.4,20
D,GAT+LSTM_full_retrain,3,1633,wed,0.0,0.023928813636302948,0.0,0.5,,0.4,20
D,GAT+LSTM_full_retrain,3,1634,wed,0.0,0.04025785252451897,0.0,0.5,,0.35,20
D,GAT+LSTM_full_retrain,3,1635,wed,0.0,0.02111418917775154,0.0,0.5,,0.3,20
D,GAT+LSTM_full_retrain,3,1636,wed,0.0,0.004721767734736204,0.0,0.5,,0.25,20
D,GAT+LSTM_full_retrain,3,1637,wed,0.0,0.00601997971534729,0.0,0.5,,0.2,20
D,GAT+LSTM_full_retrain,3,1638,wed,0.0,0.006036304868757725,0.0,0.5,,0.15,20
D,GAT+LSTM_full_retrain,3,1639,wed,0.0,0.007887941785156727,0.0,0.5,,0.1,20
D,GAT+LSTM_full_retrain,3,1640,wed,0.0,0.006664668209850788,0.0,0.5,,0.05,20
D,GAT+LSTM_full_retrain,3,1641,wed,0.0,0.0037685094866901636,0.0,0.5,,0.0,20
D,GAT+LSTM_full_retrain,3,1642,wed,0.0,0.00963989645242691,0.0,0.5,,0.0,20
D,GAT+LSTM_full_retrain,3,1643,wed,0.0,0.0664186179637909,0.0,0.5,,0.0,20
D,GAT+LSTM_full_retrain,3,1644,wed,0.0,0.08528410643339157,0.0,0.5,,0.0,20
D,GAT+LSTM_full_retrain,3,1645,wed,0.0,0.049015190452337265,0.0,0.5,,0.0,20
D,GAT+LSTM_full_retrain,3,1646,wed,0.0,0.03332620859146118,0.0,0.5,,0.0,20
D,GAT+LSTM_full_retrain,3,1647,wed,0.0,0.0220487080514431,0.0,0.5,,0.0,20
D,GAT+LSTM_full_retrain,3,1648,wed,0.0,0.033882319927215576,0.0,0.5,,0.0,20
D,GAT+LSTM_full_retrain,3,1649,wed,0.0,0.03337601572275162,0.0,0.5,,0.0,20
D,GAT+LSTM_full_retrain,3,1650,wed,0.0,0.028790786862373352,0.0,0.5,,0.0,20
D,GAT+LSTM_full_retrain,3,1651,wed,0.0,0.027365965768694878,0.0,0.5,,0.0,20
D,GAT+LSTM_full_retrain,3,1652,wed,0.0,0.009224449284374714,0.0,0.5,,0.0,20
D,GAT+LSTM_full_retrain,3,1653,wed,0.0,0.02028193138539791,0.0,0.5,,0.0,20
D,GAT+LSTM_full_retrain,3,1654,wed,0.0,0.005175466183573008,0.0,0.5,,0.0,20
D,GAT+LSTM_full_retrain,3,1655,wed,0.0,0.007453504018485546,0.0,0.5,,0.0,20
D,GAT+LSTM_full_retrain,3,1656,wed,0.0,0.0027216491289436817,0.0,0.5,,0.0,20
D,GAT+LSTM_full_retrain,3,1657,wed,0.0,0.003767972579225898,0.0,0.5,,0.0,20
D,GAT+LSTM_full_retrain,3,1658,wed,0.0,0.006775020621716976,0.0,0.5,,0.0,20
D,GAT+LSTM_full_retrain,3,1659,wed,0.0,0.009603794664144516,0.0,0.5,,0.0,20
D,GAT+LSTM_full_retrain,3,1660,wed,0.0,0.007509322836995125,0.0,0.5,,0.0,20
D,GAT+LSTM_full_retrain,3,1661,wed,0.0,0.01667477935552597,0.0,0.5,,0.0,20
D,GAT+LSTM_full_retrain,3,1662,wed,0.0,0.021900003775954247,0.0,0.5,,0.0,20
D,GAT+LSTM_full_retrain,3,1663,wed,0.0,0.04086058586835861,0.0,0.5,,0.0,20
D,GAT+LSTM_full_retrain,3,1664,wed,0.0,0.08751410245895386,0.0,0.5,,0.0,20
D,GAT+LSTM_full_retrain,3,1665,wed,0.0,0.07961773872375488,0.0,0.5,,0.0,20
D,GAT+LSTM_full_retrain,3,1666,wed,0.0,0.11146076023578644,0.0,0.5,,0.0,20
D,GAT+LSTM_full_retrain,3,1667,wed,0.0,0.061615265905857086,0.0,0.5,,0.0,20
D,GAT+LSTM_full_retrain,3,1668,wed,1.0,0.039870742708444595,0.0,0.08333333333333333,0.736842105263158,0.0,20
D,GAT+LSTM_full_retrain,3,1669,wed,1.0,0.9282683730125427,0.6666666666666666,0.6130952380952381,0.8611111111111112,0.0,20
D,GAT+LSTM_full_retrain,3,1670,wed,1.0,0.9950656294822693,0.8,0.7767857142857142,0.9019607843137254,0.0,20
D,GAT+LSTM_full_retrain,3,1671,wed,1.0,0.997995138168335,0.8571428571428571,0.8524305555555556,0.921875,0.0,20
D,GAT+LSTM_full_retrain,3,1672,wed,1.0,0.9972213506698608,0.8888888888888888,0.8944444444444444,0.9333333333333333,0.0,20
D,GAT+LSTM_full_retrain,3,1673,wed,1.0,0.9973752498626709,0.9090909090909091,0.9204545454545454,0.9404761904761905,0.0,20
D,GAT+LSTM_full_retrain,3,1674,wed,1.0,0.9995452761650085,0.9230769230769231,0.9377705627705626,0.945054945054945,0.0,20
D,GAT+LSTM_full_retrain,3,1675,wed,1.0,0.999862790107727,0.9333333333333333,0.9499198717948718,0.9479166666666666,0.0,20
D,GAT+LSTM_full_retrain,3,1676,wed,1.0,0.9982652068138123,0.9411764705882353,0.9587912087912089,0.9494949494949494,0.0,20
D,GAT+LSTM_full_retrain,3,1677,wed,1.0,0.9993354678153992,0.9473684210526315,0.9654761904761905,0.95,0.0,20
D,GAT+LSTM_full_retrain,3,1678,wed,1.0,0.997369647026062,0.9523809523809523,0.9706439393939394,0.9494949494949495,0.0,20
D,GAT+LSTM_full_retrain,3,1679,wed,1.0,0.9991649389266968,0.9565217391304348,0.9747242647058824,0.9479166666666666,0.0,20
D,GAT+LSTM_full_retrain,3,1680,wed,1.0,0.9908457398414612,0.96,0.978004022121669,0.9450549450549451,0.0,20
D,GAT+LSTM_full_retrain,3,1681,wed,1.0,0.9954116940498352,0.9629629629629629,0.9806808688387635,0.9404761904761905,0.0,20
D,GAT+LSTM_full_retrain,3,1682,wed,1.0,0.9931954145431519,0.9655172413793104,0.9828947368421053,0.9333333333333333,0.0,20
D,GAT+LSTM_full_retrain,3,1683,wed,1.0,0.9939543604850769,0.967741935483871,0.9871710526315789,0.9375,0.0,20
D,GAT+LSTM_full_retrain,3,1684,wed,1.0,0.9821460843086243,0.9696969696969697,0.9909442724458204,0.9411764705882353,0.0,20
D,GAT+LSTM_full_retrain,3,1685,wed,1.0,0.9891924262046814,0.9714285714285714,0.9942982456140352,0.9444444444444444,0.0,20
D,GAT+LSTM_full_retrain,3,1686,wed,1.0,0.7183393836021423,0.972972972972973,0.997299168975069,0.9473684210526315,0.0,20
D,GAT+LSTM_full_retrain,3,1687,wed,1.0,0.7957379817962646,0.9743589743589743,1.0000000000000002,,0.0,20
D,GAT+LSTM_full_retrain,3,1688,wed,1.0,0.703848659992218,1.0,1.0000000000000002,,0.0,20
D,GAT+LSTM_full_retrain,3,1689,wed,1.0,0.5857241749763489,1.0,1.0000000000000002,,0.0,20
D,GAT+LSTM_full_retrain,3,1690,wed,1.0,0.34357574582099915,0.9743589743589743,1.0000000000000002,,0.0,20
D,GAT+LSTM_full_retrain,3,1691,wed,1.0,0.13629931211471558,0.9473684210526315,1.0000000000000002,,0.0,20
D,GAT+LSTM_full_retrain,3,1692,wed,1.0,0.06959792226552963,0.918918918918919,1.0000000000000002,,0.0,20
D,GAT+LSTM_full_retrain,3,1693,wed,1.0,0.6930932998657227,0.918918918918919,1.0000000000000002,,0.0,20
D,GAT+LSTM_full_retrain,3,1694,wed,1.0,0.7830415964126587,0.918918918918919,1.0000000000000002,,0.0,20
D,GAT+LSTM_full_retrain,3,1695,wed,1.0,0.7007096409797668,0.918918918918919,1.0000000000000002,,0.0,20
D,GAT+LSTM_full_retrain,3,1696,wed,1.0,0.6223564743995667,0.918918918918919,1.0000000000000002,,0.0,20
D,GAT+LSTM_full_retrain,3,1697,wed,1.0,0.6721342206001282,0.918918918918919,1.0000000000000002,,0.0,20
D,GAT+LSTM_full_retrain,3,1698,wed,1.0,0.6852611899375916,0.918918918918919,1.0000000000000002,,0.0,20
D,GAT+LSTM_full_retrain,3,1699,wed,1.0,0.8581284284591675,0.918918918918919,1.0000000000000002,,0.0,20
D,GAT+LSTM_full_retrain,3,1700,wed,1.0,0.26580730080604553,0.8888888888888888,1.0000000000000002,,0.0,20
D,GAT+LSTM_full_retrain,3,1701,wed,1.0,0.2793163061141968,0.8571428571428571,1.0000000000000002,,0.0,20
D,GAT+LSTM_full_retrain,3,1702,wed,1.0,0.875832200050354,0.8571428571428571,1.0000000000000002,,0.0,20
D,GAT+LSTM_full_retrain,3,1703,wed,1.0,0.9852359294891357,0.8571428571428571,1.0000000000000002,,0.0,20
D,GAT+LSTM_full_retrain,3,1704,wed,1.0,0.9643120169639587,0.8571428571428571,1.0000000000000002,,0.0,20
D,GAT+LSTM_full_retrain,3,1705,wed,1.0,0.9826064109802246,0.8571428571428571,1.0000000000000002,,0.0,20
D,GAT+LSTM_full_retrain,3,1706,wed,1.0,0.9710549712181091,0.8571428571428571,1.0000000000000002,,0.0,20
D,GAT+LSTM_full_retrain,3,1707,wed,1.0,0.9969279170036316,0.8571428571428571,1.0000000000000002,,0.0,20
D,GAT+LSTM_full_retrain,3,1708,wed,1.0,0.9868928790092468,0.8571428571428571,1.0000000000000002,,0.0,20
D,GAT+LSTM_full_retrain,3,1709,wed,1.0,0.9938234090805054,0.8571428571428571,1.0000000000000002,,0.0,20
D,GAT+LSTM_full_retrain,3,1710,wed,1.0,0.9981550574302673,0.8888888888888888,1.0000000000000002,,0.0,20
D,GAT+LSTM_full_retrain,3,1711,wed,1.0,0.9981168508529663,0.918918918918919,1.0000000000000002,,0.0,20
D,GAT+LSTM_full_retrain,3,1712,wed,1.0,0.9901233315467834,0.9473684210526315,1.0000000000000002,,0.0,20
D,GAT+LSTM_full_retrain,3,1713,wed,1.0,0.9887068271636963,0.9473684210526315,1.0000000000000002,,0.0,20
D,GAT+LSTM_full_retrain,3,1714,wed,1.0,0.9541803598403931,0.9473684210526315,1.0000000000000002,,0.0,20
D,GAT+LSTM_full_retrain,3,1715,wed,1.0,0.949653685092926,0.9473684210526315,1.0000000000000002,,0.0,20
D,GAT+LSTM_full_retrain,3,1716,wed,1.0,0.9823207855224609,0.9473684210526315,1.0000000000000002,,0.0,20
D,GAT+LSTM_full_retrain,3,1717,wed,1.0,0.9708817005157471,0.9473684210526315,1.0000000000000002,,0.0,20
D,GAT+LSTM_full_retrain,3,1718,wed,1.0,0.8215526342391968,0.9473684210526315,1.0000000000000002,,0.0,20
D,GAT+LSTM_full_retrain,3,1719,wed,1.0,0.9273630380630493,0.9473684210526315,1.0000000000000002,,0.0,20
D,GAT+LSTM_full_retrain,3,1720,wed,1.0,0.9674850106239319,0.9743589743589743,1.0000000000000002,,0.0,20
D,GAT+LSTM_full_retrain,3,1721,wed,1.0,0.9958136677742004,1.0,1.0000000000000002,,0.0,20
D,GAT+LSTM_full_retrain,3,1722,wed,1.0,0.980154275894165,1.0,1.0000000000000002,,0.0,20
D,GAT+LSTM_full_retrain,3,1723,wed,1.0,0.940780758857727,1.0,1.0000000000000002,,0.0,20
D,GAT+LSTM_full_retrain,3,1724,wed,1.0,0.976058304309845,1.0,1.0000000000000002,,0.0,20
D,GAT+LSTM_full_retrain,3,1725,wed,1.0,0.9838125109672546,1.0,1.0000000000000002,,0.0,20
D,GAT+LSTM_full_retrain,3,1726,wed,1.0,0.9968564510345459,1.0,1.0000000000000002,,0.0,20
D,GAT+LSTM_full_retrain,3,1727,wed,1.0,0.9990717172622681,1.0,1.0000000000000002,,0.0,20
D,GAT+LSTM_full_retrain,3,1728,wed,1.0,0.9860630631446838,1.0,1.0000000000000002,,0.0,20
D,GAT+LSTM_full_retrain,3,1729,wed,1.0,0.9967730641365051,1.0,1.0000000000000002,,0.0,20
D,GAT+LSTM_full_retrain,3,1730,wed,1.0,0.9935025572776794,1.0,1.0000000000000002,,0.0,20
D,GAT+LSTM_full_retrain,3,1731,wed,1.0,0.9977781176567078,1.0,1.0000000000000002,,0.0,20
D,GAT+LSTM_full_retrain,3,1732,wed,1.0,0.9981409311294556,1.0,1.0000000000000002,,0.0,20
D,GAT+LSTM_full_retrain,3,1733,wed,1.0,0.9888806343078613,1.0,1.0000000000000002,,0.0,20
D,GAT+LSTM_full_retrain,3,1734,wed,1.0,0.9394238591194153,1.0,1.0000000000000002,,0.0,20
D,GAT+LSTM_full_retrain,3,1735,wed,1.0,0.9952768087387085,1.0,1.0000000000000002,,0.0,20
D,GAT+LSTM_full_retrain,3,1736,wed,1.0,0.9937748908996582,1.0,1.0000000000000002,,0.0,20
D,GAT+LSTM_full_retrain,3,1737,wed,1.0,0.9903818964958191,1.0,1.0000000000000002,,0.0,20
D,GAT+LSTM_full_retrain,3,1738,wed,1.0,0.8656623363494873,1.0,1.0000000000000002,,0.0,20
D,GAT+LSTM_full_retrain,3,1739,wed,1.0,0.9589805006980896,1.0,1.0000000000000002,,0.0,20
D,GAT+LSTM_full_retrain,3,1740,wed,1.0,0.9967063069343567,1.0,1.0000000000000002,,0.0,20
D,GAT+LSTM_full_retrain,3,1741,wed,1.0,0.959867000579834,1.0,1.0000000000000002,,0.0,20
D,GAT+LSTM_full_retrain,3,1742,wed,1.0,0.5730375051498413,1.0,1.0000000000000002,,0.0,20
D,GAT+LSTM_full_retrain,3,1743,wed,1.0,0.9474532604217529,1.0,1.0000000000000002,,0.0,20
D,GAT+LSTM_full_retrain,3,1744,wed,1.0,0.3734116554260254,0.9743589743589743,1.0000000000000002,,0.0,20
D,GAT+LSTM_full_retrain,3,1745,wed,1.0,0.2697736620903015,0.9473684210526315,1.0000000000000002,,0.0,20
D,GAT+LSTM_full_retrain,3,1746,wed,1.0,0.4107942581176758,0.918918918918919,1.0000000000000002,,0.0,20
D,GAT+LSTM_full_retrain,3,1747,wed,1.0,0.9879113435745239,0.918918918918919,1.0000000000000002,,0.0,20
D,GAT+LSTM_full_retrain,3,1748,wed,1.0,0.9970206618309021,0.918918918918919,1.0000000000000002,,0.0,20
D,GAT+LSTM_full_retrain,3,1749,wed,1.0,0.9995005130767822,0.918918918918919,1.0000000000000002,,0.0,20
D,GAT+LSTM_full_retrain,3,1750,wed,1.0,0.9997602105140686,0.918918918918919,1.0000000000000002,,0.0,20
D,GAT+LSTM_full_retrain,3,1751,wed,1.0,0.9998775720596313,0.918918918918919,1.0000000000000002,,0.0,20
D,GAT+LSTM_full_retrain,3,1752,wed,1.0,0.9998236298561096,0.918918918918919,1.0000000000000002,,0.0,20
D,GAT+LSTM_full_retrain,3,1753,wed,1.0,0.9994843006134033,0.918918918918919,1.0000000000000002,,0.0,20
D,GAT+LSTM_full_retrain,3,1754,wed,1.0,0.999896764755249,0.918918918918919,1.0000000000000002,,0.0,20
D,GAT+LSTM_full_retrain,3,1755,wed,1.0,0.9999094009399414,0.918918918918919,1.0000000000000002,,0.0,20
D,GAT+LSTM_full_retrain,3,1756,wed,1.0,0.9999158382415771,0.918918918918919,1.0000000000000002,,0.0,20
D,GAT+LSTM_full_retrain,3,1757,wed,1.0,0.999809205532074,0.918918918918919,1.0000000000000002,,0.0,20
D,GAT+LSTM_full_retrain,3,1758,wed,1.0,0.9999107122421265,0.918918918918919,1.0000000000000002,,0.0,20
D,GAT+LSTM_full_retrain,3,1759,wed,1.0,0.9999150037765503,0.918918918918919,1.0000000000000002,,0.0,20
D,GAT+LSTM_full_retrain,3,1760,wed,1.0,0.9996138215065002,0.918918918918919,1.0000000000000002,,0.0,20
D,GAT+LSTM_full_retrain,3,1761,wed,1.0,0.9970205426216125,0.918918918918919,1.0000000000000002,,0.0,20
D,GAT+LSTM_full_retrain,3,1762,wed,1.0,0.9910500049591064,0.918918918918919,1.0000000000000002,,0.0,20
D,GAT+LSTM_full_retrain,3,1763,wed,1.0,0.26884081959724426,0.8888888888888888,1.0000000000000002,,0.0,20
D,GAT+LSTM_full_retrain,3,1764,wed,1.0,0.926291823387146,0.918918918918919,1.0000000000000002,,0.0,20
D,GAT+LSTM_full_retrain,3,1765,wed,1.0,0.9989479184150696,0.9473684210526315,1.0000000000000002,,0.0,20
D,GAT+LSTM_full_retrain,3,1766,wed,1.0,0.9995624423027039,0.9743589743589743,1.0000000000000002,,0.0,20
D,GAT+LSTM_full_retrain,3,1767,wed,1.0,0.999850869178772,0.9743589743589743,1.0000000000000002,,0.0,20
D,GAT+LSTM_full_retrain,3,1768,wed,1.0,0.9998121857643127,0.9743589743589743,1.0000000000000002,,0.0,20
D,GAT+LSTM_full_retrain,3,1769,wed,1.0,0.9999268054962158,0.9743589743589743,1.0000000000000002,,0.0,20
D,GAT+LSTM_full_retrain,3,1770,wed,1.0,0.9999253749847412,0.9743589743589743,1.0000000000000002,,0.0,20
D,GAT+LSTM_full_retrain,3,1771,wed,1.0,0.9998966455459595,0.9743589743589743,1.0000000000000002,,0.0,20
D,GAT+LSTM_full_retrain,3,1772,wed,1.0,0.9997082352638245,0.9743589743589743,1.0000000000000002,,0.0,20
D,GAT+LSTM_full_retrain,3,1773,wed,1.0,0.9999301433563232,0.9743589743589743,1.0000000000000002,,0.0,20
D,GAT+LSTM_full_retrain,3,1774,wed,1.0,0.9999263286590576,0.9743589743589743,1.0000000000000002,,0.0,20
D,GAT+LSTM_full_retrain,3,1775,wed,1.0,0.9996598958969116,0.9743589743589743,1.0000000000000002,,0.0,20
D,GAT+LSTM_full_retrain,3,1776,wed,1.0,0.9981131553649902,0.9743589743589743,1.0000000000000002,,0.0,20
D,GAT+LSTM_full_retrain,3,1777,wed,1.0,0.9996626377105713,0.9743589743589743,1.0000000000000002,,0.0,20
D,GAT+LSTM_full_retrain,3,1778,wed,1.0,0.9997106194496155,0.9743589743589743,1.0000000000000002,,0.0,20
D,GAT+LSTM_full_retrain,3,1779,wed,1.0,0.999739944934845,0.9743589743589743,1.0000000000000002,,0.0,20
D,GAT+LSTM_full_retrain,3,1780,wed,1.0,0.99868243932724,0.9743589743589743,1.0000000000000002,,0.0,20
D,GAT+LSTM_full_retrain,3,1781,wed,1.0,0.9992156028747559,0.9743589743589743,1.0000000000000002,,0.0,20
D,GAT+LSTM_full_retrain,3,1782,wed,1.0,0.9980971217155457,0.9743589743589743,1.0000000000000002,,0.0,20
D,GAT+LSTM_full_retrain,3,1783,wed,1.0,0.9998636245727539,1.0,1.0000000000000002,,0.0,20
D,GAT+LSTM_full_retrain,3,1784,wed,1.0,0.9996699094772339,1.0,1.0000000000000002,,0.0,20
D,GAT+LSTM_full_retrain,3,1785,wed,1.0,0.9958426356315613,1.0,1.0000000000000002,,0.0,20
D,GAT+LSTM_full_retrain,3,1786,wed,1.0,0.9997745156288147,1.0,1.0000000000000002,,0.0,20
D,GAT+LSTM_full_retrain,3,1787,wed,1.0,0.999854326248169,1.0,1.0000000000000002,,0.0,20
D,GAT+LSTM_full_retrain,3,1788,wed,1.0,0.9999037981033325,1.0,1.0000000000000002,,0.0,20
D,GAT+LSTM_full_retrain,3,1789,wed,1.0,0.9998701810836792,1.0,1.0000000000000002,,0.0,20
D,GAT+LSTM_full_retrain,3,1790,wed,1.0,0.9999122619628906,1.0,1.0000000000000002,,0.0,20
D,GAT+LSTM_full_retrain,3,1791,wed,1.0,0.9997228980064392,1.0,1.0000000000000002,,0.0,20
D,GAT+LSTM_full_retrain,3,1792,wed,1.0,0.9999176263809204,1.0,1.0000000000000002,,0.0,20
D,GAT+LSTM_full_retrain,3,1793,wed,1.0,0.999919056892395,1.0,1.0000000000000002,,0.0,20
D,GAT+LSTM_full_retrain,3,1794,wed,1.0,0.9999232292175293,1.0,1.0000000000000002,,0.0,20
D,GAT+LSTM_full_retrain,3,1795,wed,1.0,0.9999204874038696,1.0,1.0000000000000002,,0.0,20
D,GAT+LSTM_full_retrain,3,1796,wed,1.0,0.9999288320541382,1.0,1.0000000000000002,,0.0,20
D,GAT+LSTM_full_retrain,3,1797,wed,1.0,0.9999276399612427,1.0,1.0000000000000002,,0.0,20
D,GAT+LSTM_full_retrain,3,1798,wed,1.0,0.9999343156814575,1.0,1.0000000000000002,,0.0,20
D,GAT+LSTM_full_retrain,3,1799,wed,1.0,0.9989194869995117,1.0,1.0000000000000002,,0.0,20
D,GAT+LSTM_full_retrain,3,1800,wed,1.0,0.9998775720596313,1.0,1.0000000000000002,,0.0,20
D,GAT+LSTM_full_retrain,3,1801,wed,1.0,0.9998776912689209,1.0,1.0000000000000002,,0.0,20
D,GAT+LSTM_full_retrain,3,1802,wed,1.0,0.9999179840087891,1.0,1.0000000000000002,,0.0,20
D,GAT+LSTM_full_retrain,3,1803,wed,1.0,0.9999322891235352,1.0,1.0000000000000002,,0.0,20
D,GAT+LSTM_full_retrain,3,1804,wed,1.0,0.9999138116836548,1.0,1.0000000000000002,,0.0,20
D,GAT+LSTM_full_retrain,3,1805,wed,1.0,0.9999254941940308,1.0,1.0000000000000002,,0.0,20
D,GAT+LSTM_full_retrain,3,1806,wed,1.0,0.9999314546585083,1.0,1.0000000000000002,,0.0,20
D,GAT+LSTM_full_retrain,3,1807,wed,1.0,0.998759388923645,1.0,1.0000000000000002,,0.0,20
D,GAT+LSTM_full_retrain,3,1808,wed,1.0,0.9986566305160522,1.0,1.0000000000000002,,0.0,20
D,GAT+LSTM_full_retrain,3,1809,wed,1.0,0.9997206330299377,1.0,1.0000000000000002,,0.0,20
D,GAT+LSTM_full_retrain,3,1810,wed,1.0,0.9999146461486816,1.0,1.0000000000000002,,0.0,20
D,GAT+LSTM_full_retrain,3,1811,wed,1.0,0.9993082284927368,1.0,1.0000000000000002,,0.0,20
D,GAT+LSTM_full_retrain,3,1812,wed,1.0,0.999821126461029,1.0,1.0000000000000002,,0.0,20
D,GAT+LSTM_full_retrain,3,1813,wed,1.0,0.9993195533752441,1.0,1.0000000000000002,,0.0,20
D,GAT+LSTM_full_retrain,3,1814,wed,1.0,0.9998387098312378,1.0,1.0000000000000002,,0.0,20
D,GAT+LSTM_full_retrain,3,1815,wed,1.0,0.9998669624328613,1.0,1.0000000000000002,,0.0,20
D,GAT+LSTM_full_retrain,3,1816,wed,1.0,0.9996696710586548,1.0,1.0000000000000002,,0.0,20
D,GAT+LSTM_full_retrain,3,1817,wed,1.0,0.9901939034461975,1.0,1.0000000000000002,,0.0,20
D,GAT+LSTM_full_retrain,3,1818,wed,1.0,0.9995951056480408,1.0,1.0000000000000002,,0.0,20
D,GAT+LSTM_full_retrain,3,1819,wed,1.0,0.9993084669113159,1.0,1.0000000000000002,,0.0,20
D,GAT+LSTM_full_retrain,3,1820,wed,1.0,0.9998084902763367,1.0,1.0000000000000002,,0.0,20
D,GAT+LSTM_full_retrain,3,1821,wed,1.0,0.9998337030410767,1.0,1.0000000000000002,,0.0,20
D,GAT+LSTM_full_retrain,3,1822,wed,1.0,0.9992303848266602,1.0,1.0000000000000002,,0.0,20
D,GAT+LSTM_full_retrain,3,1823,wed,1.0,0.9998156428337097,1.0,1.0000000000000002,,0.0,20
D,GAT+LSTM_full_retrain,3,1824,wed,1.0,0.999908447265625,1.0,1.0000000000000002,,0.0,20
D,GAT+LSTM_full_retrain,3,1825,wed,1.0,0.9998486042022705,1.0,1.0000000000000002,,0.0,20
D,GAT+LSTM_full_retrain,3,1826,wed,1.0,0.9930731654167175,1.0,1.0000000000000002,,0.0,20
D,GAT+LSTM_full_retrain,3,1827,wed,1.0,0.9995229244232178,1.0,1.0000000000000002,,0.0,20
D,GAT+LSTM_full_retrain,3,1828,wed,1.0,0.9998000264167786,1.0,1.0000000000000002,,0.0,20
D,GAT+LSTM_full_retrain,3,1829,wed,1.0,0.9997711777687073,1.0,1.0000000000000002,,0.0,20
D,GAT+LSTM_full_retrain,3,1830,wed,1.0,0.9998432397842407,1.0,1.0000000000000002,,0.0,20
D,GAT+LSTM_full_retrain,3,1831,wed,1.0,0.9994256496429443,1.0,1.0000000000000002,,0.0,20
D,GAT+LSTM_full_retrain,3,1832,wed,1.0,0.999920129776001,1.0,1.0000000000000002,,0.0,20
D,GAT+LSTM_full_retrain,4,1833,thu_am,0.0,0.9900026321411133,0.9743589743589743,0.9999999999999998,1.0,1.0,20
D,GAT+LSTM_full_retrain,4,1834,thu_am,0.0,0.9289962649345398,0.9473684210526315,1.0,1.0,1.0,20
D,GAT+LSTM_full_retrain,4,1835,thu_am,0.0,0.8364760279655457,0.918918918918919,1.0,1.0,1.0,20
D,GAT+LSTM_full_retrain,4,1836,thu_am,0.0,0.7915157079696655,0.8888888888888888,1.0,1.0,1.0,20
D,GAT+LSTM_full_retrain,4,1837,thu_am,0.0,0.09482350945472717,0.8823529411764706,1.0,1.0,0.8,20
D,GAT+LSTM_full_retrain,4,1838,thu_am,0.0,0.01670042797923088,0.875,0.9999999999999999,1.0,0.6666666666666666,20
D,GAT+LSTM_full_retrain,4,1839,thu_am,0.0,0.0024226775858551264,0.8666666666666667,0.9999999999999998,1.0,0.5714285714285714,20
D,GAT+LSTM_full_retrain,4,1840,thu_am,0.0,0.010220833122730255,0.8571428571428571,1.0,1.0,0.5,20
D,GAT+LSTM_full_retrain,4,1841,thu_am,0.0,0.002071842784062028,0.8461538461538461,1.0,1.0,0.4444444444444444,20
D,GAT+LSTM_full_retrain,4,1842,thu_am,0.0,0.01207688357681036,0.8333333333333334,0.9999999999999999,1.0,0.4,20
D,GAT+LSTM_full_retrain,4,1843,thu_am,0.0,0.00203133886680007,0.8181818181818182,1.0000000000000002,1.0,0.36363636363636365,20
D,GAT+LSTM_full_retrain,4,1844,thu_am,0.0,0.001440686290152371,0.8,1.0,1.0,0.3333333333333333,20
D,GAT+LSTM_full_retrain,4,1845,thu_am,1.0,0.014081683941185474,0.7368421052631579,0.9443681318681318,0.9375,0.3333333333333333,20
D,GAT+LSTM_full_retrain,4,1846,thu_am,0.0,0.002124931663274765,0.7058823529411765,0.9313186813186811,0.9340659340659341,0.3076923076923077,20
D,GAT+LSTM_full_retrain,4,1847,thu_am,1.0,0.014027460478246212,0.625,0.8566433566433567,0.8681318681318682,0.3076923076923077,20
D,GAT+LSTM_full_retrain,4,1848,thu_am,1.0,0.0022391544189304113,0.5333333333333333,0.7604707792207792,0.7692307692307692,0.3076923076923077,20
D,GAT+LSTM_full_retrain,4,1849,thu_am,0.0,0.00830160640180111,0.46153846153846156,0.6913510101010101,0.7380952380952381,0.2857142857142857,20
D,GAT+LSTM_full_retrain,4,1850,thu_am,0.0,0.001906193676404655,0.36363636363636365,0.5935714285714286,0.7066666666666667,0.26666666666666666,20
D,GAT+LSTM_full_retrain,4,1851,thu_am,1.0,0.0018935276893898845,0.2,0.3978054109633057,0.52,0.26666666666666666,20
D,GAT+LSTM_full_retrain,4,1852,thu_am,1.0,0.001810801331885159,0.0,0.18172231105667638,0.3333333333333333,0.26666666666666666,20
D,GAT+LSTM_full_retrain,4,1853,thu_am,1.0,0.001781170954927802,0.0,0.21502492211664037,0.3095238095238095,0.21428571428571427,20
D,GAT+LSTM_full_retrain,4,1854,thu_am,1.0,0.0018391021294519305,0.0,0.252098829962607,0.29670329670329665,0.15384615384615385,20
D,GAT+LSTM_full_retrain,4,1855,thu_am,1.0,0.0019870337564498186,0.0,0.29594282297939417,0.30208333333333337,0.08333333333333333,20
D,GAT+LSTM_full_retrain,4,1856,thu_am,1.0,0.033708296716213226,0.0,0.3944965375563931,0.3939393939393939,0.0,20
D,GAT+LSTM_full_retrain,4,1857,thu_am,1.0,0.016454419121146202,0.0,0.5816728425513255,0.48000000000000004,0.0,20
D,GAT+LSTM_full_retrain,4,1858,thu_am,1.0,0.005699345376342535,0.0,0.7058668756424176,0.5353535353535354,0.0,20
D,GAT+LSTM_full_retrain,4,1859,thu_am,1.0,0.007557874545454979,0.0,0.7355523794088037,0.5520833333333333,0.0,20
D,GAT+LSTM_full_retrain,4,1860,thu_am,1.0,0.011532220058143139,0.0,0.7931953026201655,0.6043956043956044,0.0,20
D,GAT+LSTM_full_retrain,4,1861,thu_am,1.0,0.019635653123259544,0.0,0.8376973176094139,0.6309523809523809,0.0,20
D,GAT+LSTM_full_retrain,4,1862,thu_am,1.0,0.008311575278639793,0.0,0.9008196026539679,0.7066666666666667,0.0,20
D,GAT+LSTM_full_retrain,4,1863,thu_am,1.0,0.002184548182412982,0.0,0.9209923037274044,0.71875,0.0,20
D,GAT+LSTM_full_retrain,4,1864,thu_am,1.0,0.0027222910430282354,0.0,0.9238710409615072,0.6274509803921569,0.0,20
D,GAT+LSTM_full_retrain,4,1865,thu_am,1.0,0.0023293255362659693,0.0,0.915992889701003,0.607843137254902,0.0,20
D,GAT+LSTM_full_retrain,4,1866,thu_am,1.0,0.002880198648199439,0.0,0.9327784213168631,0.5555555555555556,0.0,20
D,GAT+LSTM_full_retrain,4,1867,thu_am,1.0,0.002224018331617117,0.0,0.9241805377189796,0.5277777777777778,0.0,20
D,GAT+LSTM_full_retrain,4,1868,thu_am,1.0,0.0729154571890831,0.0,0.9327784213168631,0.5555555555555556,0.0,20
D,GAT+LSTM_full_retrain,4,1869,thu_am,1.0,0.0274812001734972,0.0,0.9882494387413319,0.7894736842105263,0.0,20
D,GAT+LSTM_full_retrain,4,1870,thu_am,1.0,0.013168349862098694,0.0,1.0000000000000002,,0.0,20
D,GAT+LSTM_full_retrain,4,1871,thu_am,1.0,0.004622891545295715,0.0,1.0000000000000002,,0.0,20
D,GAT+LSTM_full_retrain,4,1872,thu_am,1.0,0.014651328325271606,0.0,1.0000000000000002,,0.0,20
D,GAT+LSTM_full_retrain,4,1873,thu_am,1.0,0.0028515292797237635,0.0,1.0000000000000002,,0.0,20
D,GAT+LSTM_full_retrain,4,1874,thu_am,1.0,0.002329038456082344,0.0,1.0000000000000002,,0.0,20
D,GAT+LSTM_full_retrain,4,1875,thu_am,1.0,0.0016722946893423796,0.0,1.0000000000000002,,0.0,20
D,GAT+LSTM_full_retrain,4,1876,thu_am,1.0,0.00219923397526145,0.0,1.0000000000000002,,0.0,20
D,GAT+LSTM_full_retrain,4,1877,thu_am,1.0,0.002358029130846262,0.0,1.0000000000000002,,0.0,20
D,GAT+LSTM_full_retrain,4,1878,thu_am,1.0,0.002508067060261965,0.0,1.0000000000000002,,0.0,20
D,GAT+LSTM_full_retrain,4,1879,thu_am,1.0,0.003243090584874153,0.0,1.0000000000000002,,0.0,20
D,GAT+LSTM_full_retrain,4,1880,thu_am,1.0,0.002584894187748432,0.0,1.0000000000000002,,0.0,20
D,GAT+LSTM_full_retrain,4,1881,thu_am,1.0,0.002317368518561125,0.0,1.0000000000000002,,0.0,20
D,GAT+LSTM_full_retrain,4,1882,thu_am,1.0,0.002560383640229702,0.0,1.0000000000000002,,0.0,20
D,GAT+LSTM_full_retrain,4,1883,thu_am,1.0,0.0022367010824382305,0.0,1.0000000000000002,,0.0,20
D,GAT+LSTM_full_retrain,4,1884,thu_am,1.0,0.0025005796924233437,0.0,1.0000000000000002,,0.0,20
D,GAT+LSTM_full_retrain,4,1885,thu_am,1.0,0.0032530943863093853,0.0,1.0000000000000002,,0.0,20
D,GAT+LSTM_full_retrain,4,1886,thu_am,1.0,0.0026267135981470346,0.0,1.0000000000000002,,0.0,20
D,GAT+LSTM_full_retrain,4,1887,thu_am,1.0,0.0024579172022640705,0.0,1.0000000000000002,,0.0,20
D,GAT+LSTM_full_retrain,4,1888,thu_am,1.0,0.0027464006561785936,0.0,1.0000000000000002,,0.0,20
D,GAT+LSTM_full_retrain,4,1889,thu_am,1.0,0.0029969806782901287,0.0,1.0000000000000002,,0.0,20
D,GAT+LSTM_full_retrain,4,1890,thu_am,1.0,0.0036980267614126205,0.0,1.0000000000000002,,0.0,20
D,GAT+LSTM_full_retrain,4,1891,thu_am,1.0,0.0028129620477557182,0.0,1.0000000000000002,,0.0,20
D,GAT+LSTM_full_retrain,4,1892,thu_am,1.0,0.0035407179966568947,0.0,1.0000000000000002,,0.0,20
D,GAT+LSTM_full_retrain,4,1893,thu_am,1.0,0.0034052119590342045,0.0,1.0000000000000002,,0.0,20
D,GAT+LSTM_full_retrain,4,1894,thu_am,1.0,0.004839418921619654,0.0,1.0000000000000002,,0.0,20
D,GAT+LSTM_full_retrain,4,1895,thu_am,0.0,0.004928175359964371,0.0,0.8382768601503324,0.0,0.0,20
D,GAT+LSTM_full_retrain,4,1896,thu_am,0.0,0.005433636251837015,0.0,0.7419178158729243,0.0,0.0,20
D,GAT+LSTM_full_retrain,4,1897,thu_am,0.0,0.004706272389739752,0.0,0.6660851585432718,0.019607843137254905,0.0,20
D,GAT+LSTM_full_retrain,4,1898,thu_am,0.0,0.0031374713871628046,0.0,0.6216464349204287,0.109375,0.0,20
D,GAT+LSTM_full_retrain,4,1899,thu_am,0.0,0.002834153128787875,0.0,0.5774525818179068,0.16,0.0,20
D,GAT+LSTM_full_retrain,4,1900,thu_am,0.0,0.00291446247138083,0.0,0.5418713673053566,0.2142857142857143,0.0,20
D,GAT+LSTM_full_retrain,4,1901,thu_am,0.0,0.003965713549405336,0.0,0.48550803044432483,0.20879120879120883,0.0,20
D,GAT+LSTM_full_retrain,4,1902,thu_am,0.0,0.004307665396481752,0.0,0.43560821058886073,0.20833333333333334,0.0,20
D,GAT+LSTM_full_retrain,4,1903,thu_am,1.0,0.004774517845362425,0.0,0.4612367487173989,0.27083333333333337,0.0,20
D,GAT+LSTM_full_retrain,4,1904,thu_am,1.0,0.006009588483721018,0.0,0.5587160055716558,0.35416666666666663,0.0,20
D,GAT+LSTM_full_retrain,4,1905,thu_am,1.0,0.010513062588870525,0.0,0.6259613759420262,0.40625,0.0,20
D,GAT+LSTM_full_retrain,4,1906,thu_am,1.0,0.007097459863871336,0.0,0.6912677335277956,0.4895833333333333,0.0,20
D,GAT+LSTM_full_retrain,4,1907,thu_am,1.0,0.009737621992826462,0.0,0.7487264988909726,0.5729166666666666,0.0,20
D,GAT+LSTM_full_retrain,4,1908,thu_am,1.0,0.007359277456998825,0.0,0.8003980500207282,0.65625,0.0,20
D,GAT+LSTM_full_retrain,4,1909,thu_am,1.0,0.004657291341573,0.0,0.8133423259245629,0.6875,0.0,20
D,GAT+LSTM_full_retrain,4,1910,thu_am,1.0,0.0049425349570810795,0.0,0.8381642632465002,0.7291666666666666,0.0,20
D,GAT+LSTM_full_retrain,4,1911,thu_am,1.0,0.0054548075422644615,0.0,0.8831200934142113,0.8125,0.0,20
D,GAT+LSTM_full_retrain,4,1912,thu_am,1.0,0.007010975852608681,0.0,0.9159130527696705,0.8645833333333334,0.0,20
D,GAT+LSTM_full_retrain,4,1913,thu_am,1.0,0.0053832195699214935,0.0,0.9362289331039332,0.90625,0.0,20
D,GAT+LSTM_full_retrain,4,1914,thu_am,1.0,0.006018476095050573,0.0,0.9526325526325529,0.9270833333333333,0.0,20
D,GAT+LSTM_full_retrain,4,1915,thu_am,1.0,0.005778659600764513,0.0,0.9691692922462152,0.945054945054945,0.0,20
D,GAT+LSTM_full_retrain,4,1916,thu_am,1.0,0.522160530090332,0.13333333333333333,0.9950680272108843,0.9880952380952381,0.0,20
D,GAT+LSTM_full_retrain,4,1917,thu_am,0.0,0.3536166846752167,0.13333333333333333,0.8546503100074528,0.8452380952380952,0.0,20
D,GAT+LSTM_full_retrain,4,1918,thu_am,0.0,0.07376188784837723,0.13333333333333333,0.7595982390625248,0.6904761904761906,0.0,20
D,GAT+LSTM_full_retrain,4,1919,thu_am,0.0,0.038249384611845016,0.13333333333333333,0.6888984090139552,0.5357142857142857,0.0,20
D,GAT+LSTM_full_retrain,4,1920,thu_am,1.0,0.03538064286112785,0.125,0.6982006065829596,0.44,0.0,20
D,GAT+LSTM_full_retrain,4,1921,thu_am,1.0,0.018990540876984596,0.11764705882352941,0.7069205248118755,0.296875,0.0,20
D,GAT+LSTM_full_retrain,4,1922,thu_am,1.0,0.005238314624875784,0.1111111111111111,0.7151047663864091,0.058823529411764705,0.0,20
D,GAT+LSTM_full_retrain,4,1923,thu_am,1.0,0.0025250979233533144,0.1111111111111111,0.7151047663864091,0.058823529411764705,0.0,20
D,GAT+LSTM_full_retrain,4,1924,thu_am,0.0,0.001857155468314886,0.11764705882352941,0.7069205248118755,0.296875,0.0,20
D,GAT+LSTM_full_retrain,4,1925,thu_am,0.0,0.0030912391375750303,0.125,0.695213563812635,0.4266666666666667,0.0,20
D,GAT+LSTM_full_retrain,4,1926,thu_am,0.0,0.0028720255941152573,0.13333333333333333,0.6825782274325507,0.5119047619047619,0.0,20
D,GAT+LSTM_full_retrain,4,1927,thu_am,0.0,0.0033711513970047235,0.14285714285714285,0.6689039705234037,0.5714285714285714,0.0,20
D,GAT+LSTM_full_retrain,4,1928,thu_am,0.0,0.003111839760094881,0.15384615384615385,0.654066742224637,0.6145833333333333,0.0,20
D,GAT+LSTM_full_retrain,4,1929,thu_am,0.0,0.0032006786204874516,0.16666666666666666,0.6379304374519686,0.6464646464646465,0.0,20
D,GAT+LSTM_full_retrain,4,1930,thu_am,0.0,0.004039961379021406,0.18181818181818182,0.6203525860104807,0.6700000000000002,0.0,20
D,GAT+LSTM_full_retrain,4,1931,thu_am,0.0,0.004840670619159937,0.2,0.6011995476907758,0.6868686868686869,0.0,20
D,GAT+LSTM_full_retrain,4,1932,thu_am,0.0,0.006090774666517973,0.2222222222222222,0.5459992310321258,0.65625,0.0,20
D,GAT+LSTM_full_retrain,4,1933,thu_am,0.0,0.004232360981404781,0.25,0.5279597804033894,0.6703296703296703,0.0,20
D,GAT+LSTM_full_retrain,4,1934,thu_am,0.0,0.004950918722897768,0.2857142857142857,0.5106411862990811,0.6785714285714286,0.0,20
D,GAT+LSTM_full_retrain,4,1935,thu_am,0.0,0.09979953616857529,0.3333333333333333,0.4600062656641604,0.6400000000000001,0.0,20
D,GAT+LSTM_full_retrain,4,1936,thu_am,0.0,0.04366835206747055,0.0,0.19744674185463656,0.515625,0.0,20
D,GAT+LSTM_full_retrain,4,1937,thu_am,0.0,0.5151483416557312,0.0,0.19744674185463656,0.515625,0.0625,20
D,GAT+LSTM_full_retrain,4,1938,thu_am,0.0,0.9467785954475403,0.0,0.19744674185463656,0.515625,0.125,20
D,GAT+LSTM_full_retrain,4,1939,thu_am,0.0,0.9169765710830688,0.0,0.19744674185463656,0.515625,0.1875,20
D,GAT+LSTM_full_retrain,4,1940,thu_am,0.0,0.3466627895832062,0.0,0.1265142021720969,0.4313725490196078,0.17647058823529413,20
D,GAT+LSTM_full_retrain,4,1941,thu_am,0.0,0.638342022895813,0.0,0.06798245614035087,0.3055555555555556,0.2222222222222222,20
D,GAT+LSTM_full_retrain,4,1942,thu_am,0.0,0.9238263964653015,0.0,0.02631578947368421,0.052631578947368474,0.2631578947368421,20
D,GAT+LSTM_full_retrain,4,1943,thu_am,0.0,0.7509412169456482,0.0,0.5,,0.3,20
D,GAT+LSTM_full_retrain,4,1944,thu_am,0.0,0.4395543336868286,0.0,0.5,,0.3,20
D,GAT+LSTM_full_retrain,4,1945,thu_am,0.0,0.1297987848520279,0.0,0.5,,0.3,20
D,GAT+LSTM_full_retrain,4,1946,thu_am,0.0,0.42382046580314636,0.0,0.5,,0.3,20
D,GAT+LSTM_full_retrain,4,1947,thu_am,0.0,0.9412848353385925,0.0,0.5,,0.35,20
D,GAT+LSTM_full_retrain,4,1948,thu_am,0.0,0.9456742405891418,0.0,0.5,,0.4,20
D,GAT+LSTM_full_retrain,4,1949,thu_am,0.0,0.8482315540313721,0.0,0.5,,0.45,20
D,GAT+LSTM_full_retrain,4,1950,thu_am,0.0,0.9541473984718323,0.0,0.5,,0.5,20
D,GAT+LSTM_full_retrain,4,1951,thu_am,0.0,0.9686459898948669,0.0,0.5,,0.55,20
D,GAT+LSTM_full_retrain,4,1952,thu_am,0.0,0.8272020220756531,0.0,0.5,,0.6,20
D,GAT+LSTM_full_retrain,4,1953,thu_am,0.0,0.4985964596271515,0.0,0.5,,0.6,20
D,GAT+LSTM_full_retrain,4,1954,thu_am,0.0,0.5252599716186523,0.0,0.5,,0.65,20
D,GAT+LSTM_full_retrain,4,1955,thu_am,0.0,0.2362426221370697,0.0,0.5,,0.65,20
D,GAT+LSTM_full_retrain,4,1956,thu_am,0.0,0.2847689092159271,0.0,0.5,,0.65,20
D,GAT+LSTM_full_retrain,4,1957,thu_am,0.0,0.12406960129737854,0.0,0.5,,0.6,20
D,GAT+LSTM_full_retrain,4,1958,thu_am,0.0,0.26108303666114807,0.0,0.5,,0.55,20
D,GAT+LSTM_full_retrain,4,1959,thu_am,0.0,0.4031103849411011,0.0,0.5,,0.5,20
D,GAT+LSTM_full_retrain,4,1960,thu_am,0.0,0.11335276812314987,0.0,0.5,,0.5,20
D,GAT+LSTM_full_retrain,4,1961,thu_am,0.0,0.028535403311252594,0.0,0.5,,0.45,20
D,GAT+LSTM_full_retrain,4,1962,thu_am,0.0,0.06225421279668808,0.0,0.5,,0.4,20
D,GAT+LSTM_full_retrain,4,1963,thu_am,0.0,0.10677105188369751,0.0,0.5,,0.35,20
D,GAT+LSTM_full_retrain,4,1964,thu_am,0.0,0.19736596941947937,0.0,0.5,,0.35,20
D,GAT+LSTM_full_retrain,4,1965,thu_am,0.0,0.3542141318321228,0.0,0.5,,0.35,20
D,GAT+LSTM_full_retrain,4,1966,thu_am,0.0,0.7918830513954163,0.0,0.5,,0.4,20
D,GAT+LSTM_full_retrain,4,1967,thu_am,0.0,0.1987934410572052,0.0,0.5,,0.35,20
D,GAT+LSTM_full_retrain,4,1968,thu_am,0.0,0.11745568364858627,0.0,0.5,,0.3,20
D,GAT+LSTM_full_retrain,4,1969,thu_am,0.0,0.06893337517976761,0.0,0.5,,0.25,20
D,GAT+LSTM_full_retrain,4,1970,thu_am,0.0,0.3021261990070343,0.0,0.5,,0.2,20
D,GAT+LSTM_full_retrain,4,1971,thu_am,0.0,0.13222947716712952,0.0,0.5,,0.15,20
D,GAT+LSTM_full_retrain,4,1972,thu_am,0.0,0.09504852443933487,0.0,0.5,,0.1,20
D,GAT+LSTM_full_retrain,4,1973,thu_am,0.0,0.38354286551475525,0.0,0.5,,0.1,20
D,GAT+LSTM_full_retrain,4,1974,thu_am,0.0,0.9700608253479004,0.0,0.5,,0.1,20
D,GAT+LSTM_full_retrain,4,1975,thu_am,0.0,0.6930214762687683,0.0,0.5,,0.15,20
D,GAT+LSTM_full_retrain,4,1976,thu_am,0.0,0.19370952248573303,0.0,0.5,,0.15,20
D,GAT+LSTM_full_retrain,4,1977,thu_am,0.0,0.4145149290561676,0.0,0.5,,0.15,20
D,GAT+LSTM_full_retrain,4,1978,thu_am,0.0,0.9635742902755737,0.0,0.5,,0.2,20
D,GAT+LSTM_full_retrain,4,1979,thu_am,0.0,0.962837815284729,0.0,0.5,,0.25,20
D,GAT+LSTM_full_retrain,4,1980,thu_am,0.0,0.9899513125419617,0.0,0.5,,0.3,20
D,GAT+LSTM_full_retrain,4,1981,thu_am,0.0,0.8682044744491577,0.0,0.5,,0.35,20
D,GAT+LSTM_full_retrain,4,1982,thu_am,0.0,0.9234760403633118,0.0,0.5,,0.4,20
D,GAT+LSTM_full_retrain,4,1983,thu_am,0.0,0.689606249332428,0.0,0.5,,0.45,20
D,GAT+LSTM_full_retrain,4,1984,thu_am,0.0,0.915229856967926,0.0,0.5,,0.5,20
D,GAT+LSTM_full_retrain,4,1985,thu_am,0.0,0.6666494011878967,0.0,0.5,,0.55,20
D,GAT+LSTM_full_retrain,4,1986,thu_am,0.0,0.3001087009906769,0.0,0.5,,0.5,20
D,GAT+LSTM_full_retrain,4,1987,thu_am,0.0,0.4232259690761566,0.0,0.5,,0.5,20
D,GAT+LSTM_full_retrain,4,1988,thu_am,0.0,0.9614554047584534,0.0,0.5,,0.55,20
D,GAT+LSTM_full_retrain,4,1989,thu_am,0.0,0.979816198348999,0.0,0.5,,0.6,20
D,GAT+LSTM_full_retrain,4,1990,thu_am,0.0,0.9811505675315857,0.0,0.5,,0.65,20
D,GAT+LSTM_full_retrain,4,1991,thu_am,0.0,0.9830389022827148,0.0,0.5,,0.7,20
D,GAT+LSTM_full_retrain,4,1992,thu_am,0.0,0.9826991558074951,0.0,0.5,,0.75,20
D,GAT+LSTM_full_retrain,4,1993,thu_am,0.0,0.9878210425376892,0.0,0.5,,0.8,20
D,GAT+LSTM_full_retrain,4,1994,thu_am,0.0,0.9895710945129395,0.0,0.5,,0.8,20
D,GAT+LSTM_full_retrain,4,1995,thu_am,0.0,0.9770461916923523,0.0,0.5,,0.8,20
D,GAT+LSTM_full_retrain,4,1996,thu_am,0.0,0.9892925024032593,0.0,0.5,,0.85,20
D,GAT+LSTM_full_retrain,4,1997,thu_am,0.0,0.9099775552749634,0.0,0.5,,0.9,20
D,GAT+LSTM_full_retrain,4,2444,thu_pm,0.0,0.1554223597049713,0.0,0.5,,0.85,20
D,GAT+LSTM_full_retrain,4,2445,thu_pm,0.0,0.2775975465774536,0.0,0.5,,0.8,20
D,GAT+LSTM_full_retrain,4,2446,thu_pm,0.0,0.2237957864999771,0.0,0.5,,0.75,20
D,GAT+LSTM_full_retrain,4,2447,thu_pm,0.0,0.1071840301156044,0.0,0.5,,0.7,20
D,GAT+LSTM_full_retrain,4,2448,thu_pm,0.0,0.07654089480638504,0.0,0.5,,0.65,20
D,GAT+LSTM_full_retrain,4,2449,thu_pm,0.0,0.16396978497505188,0.0,0.5,,0.6,20
D,GAT+LSTM_full_retrain,4,2450,thu_pm,0.0,0.4648287892341614,0.0,0.5,,0.55,20
D,GAT+LSTM_full_retrain,4,2451,thu_pm,0.0,0.8918790817260742,0.0,0.5,,0.55,20
D,GAT+LSTM_full_retrain,4,2452,thu_pm,0.0,0.9857144951820374,0.0,0.5,,0.6,20
D,GAT+LSTM_full_retrain,4,2453,thu_pm,0.0,0.9796220064163208,0.0,0.5,,0.65,20
D,GAT+LSTM_full_retrain,4,2454,thu_pm,0.0,0.806027889251709,0.0,0.5,,0.65,20
D,GAT+LSTM_full_retrain,4,2455,thu_pm,0.0,0.29101619124412537,0.0,0.5,,0.6,20
D,GAT+LSTM_full_retrain,4,2456,thu_pm,0.0,0.5238217711448669,0.0,0.5,,0.6,20
D,GAT+LSTM_full_retrain,4,2457,thu_pm,0.0,0.29584169387817383,0.0,0.5,,0.55,20
D,GAT+LSTM_full_retrain,4,2458,thu_pm,0.0,0.31952038407325745,0.0,0.5,,0.5,20
D,GAT+LSTM_full_retrain,4,2459,thu_pm,0.0,0.8032892346382141,0.0,0.5,,0.5,20
D,GAT+LSTM_full_retrain,4,2460,thu_pm,0.0,0.8567742109298706,0.0,0.5,,0.5,20
D,GAT+LSTM_full_retrain,4,2461,thu_pm,0.0,0.8946273326873779,0.0,0.5,,0.5,20
D,GAT+LSTM_full_retrain,4,2462,thu_pm,0.0,0.9584417343139648,0.0,0.5,,0.5,20
D,GAT+LSTM_full_retrain,4,2463,thu_pm,0.0,0.8156819939613342,0.0,0.5,,0.5,20
D,GAT+LSTM_full_retrain,4,2464,thu_pm,0.0,0.9274901747703552,0.0,0.5,,0.55,20
D,GAT+LSTM_full_retrain,4,2465,thu_pm,0.0,0.987429678440094,0.0,0.5,,0.6,20
D,GAT+LSTM_full_retrain,4,2466,thu_pm,0.0,0.9786098003387451,0.0,0.5,,0.65,20
D,GAT+LSTM_full_retrain,4,2467,thu_pm,0.0,0.8811807632446289,0.0,0.5,,0.7,20
D,GAT+LSTM_full_retrain,4,2468,thu_pm,0.0,0.7906511425971985,0.0,0.5,,0.75,20
D,GAT+LSTM_full_retrain,4,2469,thu_pm,0.0,0.7712926268577576,0.0,0.5,,0.8,20
D,GAT+LSTM_full_retrain,4,2470,thu_pm,0.0,0.8546280860900879,0.0,0.5,,0.85,20
D,GAT+LSTM_full_retrain,4,2471,thu_pm,0.0,0.22974370419979095,0.0,0.5,,0.8,20
D,GAT+LSTM_full_retrain,4,2472,thu_pm,0.0,0.09575197100639343,0.0,0.5,,0.75,20
D,GAT+LSTM_full_retrain,4,2473,thu_pm,0.0,0.05225658416748047,0.0,0.5,,0.7,20
D,GAT+LSTM_full_retrain,4,2474,thu_pm,0.0,0.09852565824985504,0.0,0.5,,0.65,20
D,GAT+LSTM_full_retrain,4,2475,thu_pm,0.0,0.13345427811145782,0.0,0.5,,0.65,20
D,GAT+LSTM_full_retrain,4,2476,thu_pm,0.0,0.21292313933372498,0.0,0.5,,0.6,20
D,GAT+LSTM_full_retrain,4,2477,thu_pm,0.0,0.6931109428405762,0.0,0.5,,0.65,20
D,GAT+LSTM_full_retrain,4,2478,thu_pm,0.0,0.9069094657897949,0.0,0.5,,0.7,20
D,GAT+LSTM_full_retrain,4,2479,thu_pm,0.0,0.9441701173782349,0.0,0.5,,0.7,20
D,GAT+LSTM_full_retrain,4,2480,thu_pm,0.0,0.8337408900260925,0.0,0.5,,0.7,20
D,GAT+LSTM_full_retrain,4,2481,thu_pm,0.0,0.9124314188957214,0.0,0.5,,0.7,20
D,GAT+LSTM_full_retrain,4,2482,thu_pm,0.0,0.3817431926727295,0.0,0.5,,0.65,20
D,GAT+LSTM_full_retrain,4,2483,thu_pm,0.0,0.23580403625965118,0.0,0.5,,0.6,20
D,GAT+LSTM_full_retrain,4,2484,thu_pm,0.0,0.7529533505439758,0.0,0.5,,0.6,20
D,GAT+LSTM_full_retrain,4,2485,thu_pm,0.0,0.9791709184646606,0.0,0.5,,0.6,20
D,GAT+LSTM_full_retrain,4,2486,thu_pm,0.0,0.8349536061286926,0.0,0.5,,0.6,20
D,GAT+LSTM_full_retrain,4,2487,thu_pm,0.0,0.2200758457183838,0.0,0.5,,0.55,20
D,GAT+LSTM_full_retrain,4,2488,thu_pm,0.0,0.43175452947616577,0.0,0.5,,0.5,20
D,GAT+LSTM_full_retrain,4,2489,thu_pm,0.0,0.27805086970329285,0.0,0.5,,0.45,20
D,GAT+LSTM_full_retrain,4,2490,thu_pm,0.0,0.20024023950099945,0.0,0.5,,0.4,20
D,GAT+LSTM_full_retrain,4,2491,thu_pm,0.0,0.18798218667507172,0.0,0.5,,0.4,20
D,GAT+LSTM_full_retrain,4,2492,thu_pm,0.0,0.8956153392791748,0.0,0.5,,0.45,20
D,GAT+LSTM_full_retrain,4,2493,thu_pm,0.0,0.9878461956977844,0.0,0.5,,0.5,20
D,GAT+LSTM_full_retrain,4,2494,thu_pm,0.0,0.9919468760490417,0.0,0.5,,0.55,20
D,GAT+LSTM_full_retrain,4,2495,thu_pm,0.0,0.7523627281188965,0.0,0.5,,0.6,20
D,GAT+LSTM_full_retrain,4,2496,thu_pm,0.0,0.8339127898216248,0.0,0.5,,0.65,20
D,GAT+LSTM_full_retrain,4,2497,thu_pm,0.0,0.7944890856742859,0.0,0.5,,0.65,20
D,GAT+LSTM_full_retrain,4,2498,thu_pm,0.0,0.508256733417511,0.0,0.5,,0.65,20
D,GAT+LSTM_full_retrain,4,2499,thu_pm,0.0,0.753208577632904,0.0,0.5,,0.65,20
D,GAT+LSTM_full_retrain,4,2500,thu_pm,0.0,0.9414851069450378,0.0,0.5,,0.65,20
D,GAT+LSTM_full_retrain,4,2501,thu_pm,0.0,0.28577035665512085,0.0,0.5,,0.6,20
D,GAT+LSTM_full_retrain,4,2502,thu_pm,0.0,0.23617616295814514,0.0,0.5,,0.6,20
D,GAT+LSTM_full_retrain,4,2503,thu_pm,0.0,0.13067135214805603,0.0,0.5,,0.6,20
D,GAT+LSTM_full_retrain,4,2504,thu_pm,0.0,0.22786995768547058,0.0,0.5,,0.55,20
D,GAT+LSTM_full_retrain,4,2505,thu_pm,0.0,0.5031700730323792,0.0,0.5,,0.55,20
D,GAT+LSTM_full_retrain,4,2506,thu_pm,0.0,0.7056529521942139,0.0,0.5,,0.55,20
D,GAT+LSTM_full_retrain,4,2507,thu_pm,0.0,0.07680168002843857,0.0,0.5,,0.55,20
D,GAT+LSTM_full_retrain,4,2508,thu_pm,1.0,0.08484763652086258,0.0,0.02631578947368421,0.052631578947368474,0.5789473684210527,20
D,GAT+LSTM_full_retrain,4,2509,thu_pm,0.0,0.07807686179876328,0.0,0.027777777777777776,0.10526315789473684,0.5789473684210527,20
D,GAT+LSTM_full_retrain,4,2510,thu_pm,1.0,0.17463494837284088,0.0,0.058108660130718956,0.1388888888888889,0.6111111111111112,20
D,GAT+LSTM_full_retrain,4,2511,thu_pm,0.0,0.9575046300888062,0.0,0.058108660130718956,0.1388888888888889,0.6666666666666666,20
D,GAT+LSTM_full_retrain,4,2512,thu_pm,0.0,0.5459234118461609,0.0,0.058108660130718956,0.1388888888888889,0.6666666666666666,20
D,GAT+LSTM_full_retrain,4,2513,thu_pm,0.0,0.6795738935470581,0.0,0.058108660130718956,0.1388888888888889,0.6666666666666666,20
D,GAT+LSTM_full_retrain,4,2514,thu_pm,1.0,0.17803095281124115,0.0,0.09044117647058825,0.15686274509803924,0.6470588235294118,20
D,GAT+LSTM_full_retrain,4,2515,thu_pm,1.0,0.17330725491046906,0.0,0.12446457749766572,0.171875,0.625,20
D,GAT+LSTM_full_retrain,4,2516,thu_pm,1.0,0.11788240075111389,0.0,0.1575426452632335,0.17333333333333328,0.6,20
D,GAT+LSTM_full_retrain,4,2517,thu_pm,0.0,0.023860959336161613,0.0,0.16827623357035124,0.24000000000000002,0.5333333333333333,20
D,GAT+LSTM_full_retrain,4,2518,thu_pm,0.0,0.02909846231341362,0.0,0.18060397935397934,0.3066666666666667,0.4666666666666667,20
D,GAT+LSTM_full_retrain,4,2519,thu_pm,1.0,0.16797290742397308,0.0,0.22489246864246865,0.3333333333333333,0.42857142857142855,20
D,GAT+LSTM_full_retrain,4,2520,thu_pm,0.0,0.2280924767255783,0.0,0.22489246864246865,0.3333333333333333,0.35714285714285715,20
D,GAT+LSTM_full_retrain,4,2521,thu_pm,0.0,0.12136127799749374,0.0,0.23569925444925444,0.38095238095238093,0.35714285714285715,20
D,GAT+LSTM_full_retrain,4,2522,thu_pm,0.0,0.25487804412841797,0.0,0.23569925444925444,0.38095238095238093,0.35714285714285715,20
D,GAT+LSTM_full_retrain,4,2523,thu_pm,1.0,0.1889418512582779,0.0,0.2724001197215483,0.3626373626373626,0.38461538461538464,20
D,GAT+LSTM_full_retrain,4,2524,thu_pm,1.0,0.04935358464717865,0.0,0.3126886185709715,0.36458333333333326,0.4166666666666667,20
D,GAT+LSTM_full_retrain,4,2525,thu_pm,1.0,0.03571852296590805,0.0,0.35696369262545735,0.3737373737373737,0.36363636363636365,20
D,GAT+LSTM_full_retrain,4,2526,thu_pm,1.0,0.017895180732011795,0.0,0.40032102142783255,0.37,0.3,20
D,GAT+LSTM_full_retrain,4,2527,thu_pm,0.0,0.01252881158143282,0.0,0.4096070121399068,0.4,0.3,20
D,GAT+LSTM_full_retrain,4,2528,thu_pm,1.0,0.012209932319819927,0.0,0.3968670244444238,0.36,0.3,20
D,GAT+LSTM_full_retrain,4,2529,thu_pm,1.0,0.02995999902486801,0.0,0.43087543535052686,0.33333333333333337,0.3333333333333333,20
D,GAT+LSTM_full_retrain,4,2530,thu_pm,0.0,0.017789551988244057,0.0,0.40298724409405523,0.38,0.3,20
D,GAT+LSTM_full_retrain,4,2531,thu_pm,0.0,0.04144495353102684,0.0,0.428257806864618,0.43999999999999995,0.2,20
D,GAT+LSTM_full_retrain,4,2532,thu_pm,0.0,0.10548911243677139,0.0,0.456194314801126,0.49,0.1,20
D,GAT+LSTM_full_retrain,4,2533,thu_pm,0.0,0.8625032901763916,0.0,0.456194314801126,0.49,0.1,20
D,GAT+LSTM_full_retrain,4,2534,thu_pm,0.0,0.9693880081176758,0.0,0.3771173583802583,0.4242424242424242,0.18181818181818182,20
D,GAT+LSTM_full_retrain,4,2535,thu_pm,0.0,0.967438280582428,0.0,0.30952116285417364,0.36458333333333337,0.25,20
D,GAT+LSTM_full_retrain,4,2536,thu_pm,0.0,0.955650806427002,0.0,0.2544428343659878,0.31868131868131866,0.3076923076923077,20
D,GAT+LSTM_full_retrain,4,2537,thu_pm,0.0,0.4979075491428375,0.0,0.24077158498045273,0.26373626373626374,0.3076923076923077,20
D,GAT+LSTM_full_retrain,4,2538,thu_pm,0.0,0.21308112144470215,0.0,0.22935770124514043,0.20879120879120877,0.3076923076923077,20
D,GAT+LSTM_full_retrain,4,2539,thu_pm,0.0,0.058354221284389496,0.0,0.18736860691195056,0.1785714285714286,0.2857142857142857,20
D,GAT+LSTM_full_retrain,4,2540,thu_pm,0.0,0.03256478160619736,0.0,0.1923319306252743,0.2142857142857143,0.2857142857142857,20
D,GAT+LSTM_full_retrain,4,2541,thu_pm,0.0,0.015358713455498219,0.0,0.20229425180083077,0.2619047619047619,0.2857142857142857,20
D,GAT+LSTM_full_retrain,4,2542,thu_pm,0.0,0.024532591924071312,0.0,0.21204954280612173,0.30952380952380953,0.2857142857142857,20
D,GAT+LSTM_full_retrain,4,2543,thu_pm,0.0,0.02422166056931019,0.0,0.17008915061546642,0.28,0.26666666666666666,20
D,GAT+LSTM_full_retrain,4,2544,thu_pm,0.0,0.05295657739043236,0.0,0.1258520810330021,0.21875,0.25,20
D,GAT+LSTM_full_retrain,4,2545,thu_pm,0.0,0.011281279847025871,0.0,0.09285018100807574,0.21568627450980393,0.23529411764705882,20
D,GAT+LSTM_full_retrain,4,2546,thu_pm,0.0,0.020091060549020767,0.0,0.06103801169590643,0.2222222222222222,0.2222222222222222,20
D,GAT+LSTM_full_retrain,4,2547,thu_pm,0.0,0.036319226026535034,0.0,0.05943544759334233,0.19444444444444448,0.2222222222222222,20
D,GAT+LSTM_full_retrain,4,2548,thu_pm,0.0,0.019722934812307358,0.0,0.038461538461538464,0.368421052631579,0.21052631578947367,20
D,GAT+LSTM_full_retrain,4,2549,thu_pm,0.0,0.013672380708158016,0.0,0.5,,0.2,20
D,GAT+LSTM_full_retrain,4,2550,thu_pm,0.0,0.01242832001298666,0.0,0.5,,0.2,20
D,GAT+LSTM_full_retrain,4,2551,thu_pm,0.0,0.032414380460977554,0.0,0.5,,0.2,20
D,GAT+LSTM_full_retrain,4,2552,thu_pm,0.0,0.03407353162765503,0.0,0.5,,0.2,20
D,GAT+LSTM_full_retrain,4,2553,thu_pm,0.0,0.03401267156004906,0.0,0.5,,0.15,20
D,GAT+LSTM_full_retrain,4,2554,thu_pm,1.0,0.021562213078141212,0.0,0.03571428571428571,0.3157894736842105,0.10526315789473684,20
D,GAT+LSTM_full_retrain,4,2555,thu_pm,0.0,0.02631576918065548,0.0,0.03571428571428571,0.3157894736842105,0.05263157894736842,20
D,GAT+LSTM_full_retrain,4,2556,thu_pm,0.0,0.08527811616659164,0.0,0.03571428571428571,0.3157894736842105,0.0,20
D,GAT+LSTM_full_retrain,4,2557,thu_pm,0.0,0.1090773344039917,0.0,0.03571428571428571,0.3157894736842105,0.0,20
D,GAT+LSTM_full_retrain,4,2558,thu_pm,0.0,0.02999172918498516,0.0,0.03571428571428571,0.3157894736842105,0.0,20
D,GAT+LSTM_full_retrain,4,2559,thu_pm,1.0,0.9843569397926331,0.6666666666666666,0.554945054945055,0.6666666666666667,0.0,20
D,GAT+LSTM_full_retrain,4,2560,thu_pm,0.0,0.9886334538459778,0.5,0.17994505494505494,0.6388888888888888,0.05555555555555555,20
D,GAT+LSTM_full_retrain,4,2561,thu_pm,0.0,0.9792424440383911,0.4,0.17619047619047618,0.6111111111111112,0.1111111111111111,20
D,GAT+LSTM_full_retrain,4,2562,thu_pm,0.0,0.9916945099830627,0.3333333333333333,0.13452380952380952,0.5833333333333334,0.16666666666666666,20
D,GAT+LSTM_full_retrain,4,2563,thu_pm,1.0,0.9941325783729553,0.5,0.5293650793650793,0.7254901960784313,0.17647058823529413,20
D,GAT+LSTM_full_retrain,4,2564,thu_pm,0.0,0.9907276630401611,0.4444444444444444,0.4988095238095238,0.7058823529411764,0.23529411764705882,20
D,GAT+LSTM_full_retrain,4,2565,thu_pm,0.0,0.9955163598060608,0.4,0.22569444444444442,0.6470588235294117,0.29411764705882354,20
D,GAT+LSTM_full_retrain,4,2566,thu_pm,0.0,0.9950491786003113,0.36363636363636365,0.18119747899159663,0.588235294117647,0.35294117647058826,20
D,GAT+LSTM_full_retrain,4,2567,thu_pm,0.0,0.9850248098373413,0.3333333333333333,0.17127684407096172,0.5686274509803921,0.4117647058823529,20
D,GAT+LSTM_full_retrain,4,2568,thu_pm,0.0,0.9941443800926208,0.3076923076923077,0.1469226579520697,0.5098039215686274,0.47058823529411764,20
D,GAT+LSTM_full_retrain,4,2569,thu_pm,1.0,0.9960343241691589,0.4,0.4436769005847953,0.609375,0.5,20
D,GAT+LSTM_full_retrain,4,2570,thu_pm,0.0,0.9971665740013123,0.375,0.23299441786283892,0.546875,0.5625,20
D,GAT+LSTM_full_retrain,4,2571,thu_pm,0.0,0.997266411781311,0.35294117647058826,0.1969284005468216,0.5,0.625,20
D,GAT+LSTM_full_retrain,4,2572,thu_pm,0.0,0.9965665340423584,0.3333333333333333,0.1747734721418932,0.453125,0.6875,20
D,GAT+LSTM_full_retrain,4,2573,thu_pm,1.0,0.9975624084472656,0.4,0.42103431656063234,0.5466666666666666,0.7333333333333333,20
D,GAT+LSTM_full_retrain,4,2574,thu_pm,0.0,0.9974355101585388,0.4,0.44206349206349205,0.65625,0.75,20
D,GAT+LSTM_full_retrain,4,2575,thu_pm,0.0,0.9740777015686035,0.38095238095238093,0.44206349206349205,0.65625,0.8125,20
D,GAT+LSTM_full_retrain,4,2576,thu_pm,0.0,0.9911120533943176,0.36363636363636365,0.43819444444444444,0.640625,0.875,20
D,GAT+LSTM_full_retrain,4,2577,thu_pm,1.0,0.9946607947349548,0.4166666666666667,0.4324420677361854,0.6133333333333333,0.9333333333333333,20
D,GAT+LSTM_full_retrain,4,2578,thu_pm,0.0,0.9947063326835632,0.4,0.41746880570409983,0.5733333333333334,1.0,20
D,GAT+LSTM_full_retrain,4,2579,thu_pm,0.0,0.9937718510627747,0.3333333333333333,0.45770202020202017,0.703125,1.0,20
D,GAT+LSTM_full_retrain,4,2580,thu_pm,0.0,0.9888400435447693,0.3333333333333333,0.45770202020202017,0.703125,1.0,20
D,GAT+LSTM_full_retrain,4,2581,thu_pm,0.0,0.9953054785728455,0.3333333333333333,0.4454691142191142,0.671875,1.0,20
D,GAT+LSTM_full_retrain,4,2582,thu_pm,1.0,0.9946582913398743,0.4,0.4276956376956377,0.6133333333333334,1.0,20
D,GAT+LSTM_full_retrain,4,2583,thu_pm,0.0,0.974262535572052,0.3333333333333333,0.4515151515151515,0.6875,1.0,20
D,GAT+LSTM_full_retrain,4,2584,thu_pm,0.0,0.9952600598335266,0.3333333333333333,0.4403554778554779,0.65625,1.0,20
D,GAT+LSTM_full_retrain,4,2585,thu_pm,0.0,0.9955422282218933,0.3333333333333333,0.4403554778554779,0.65625,1.0,20
D,GAT+LSTM_full_retrain,4,2586,thu_pm,0.0,0.565558910369873,0.3333333333333333,0.4515151515151515,0.6875,1.0,20
D,GAT+LSTM_full_retrain,4,2587,thu_pm,0.0,0.9865055680274963,0.3333333333333333,0.4515151515151515,0.6875,1.0,20
D,GAT+LSTM_full_retrain,4,2588,thu_pm,1.0,0.9933650493621826,0.4,0.4276956376956377,0.6133333333333334,1.0,20
D,GAT+LSTM_full_retrain,4,2589,thu_pm,0.0,0.9947186708450317,0.3333333333333333,0.40376498501498503,0.5625,1.0,20
D,GAT+LSTM_full_retrain,4,2590,thu_pm,0.0,0.9932200908660889,0.3333333333333333,0.41769133644133644,0.609375,1.0,20
D,GAT+LSTM_full_retrain,4,2591,thu_pm,0.0,0.9952097535133362,0.3333333333333333,0.41769133644133644,0.609375,1.0,20
D,GAT+LSTM_full_retrain,4,2592,thu_pm,0.0,0.9963704347610474,0.3333333333333333,0.41769133644133644,0.609375,1.0,20
D,GAT+LSTM_full_retrain,4,2593,thu_pm,0.0,0.997320830821991,0.2608695652173913,0.12987567987567988,0.45098039215686275,1.0,20
D,GAT+LSTM_full_retrain,4,2594,thu_pm,1.0,0.9973256587982178,0.3333333333333333,0.41769133644133644,0.609375,1.0,20
D,GAT+LSTM_full_retrain,4,2595,thu_pm,0.0,0.996529757976532,0.3333333333333333,0.40376498501498503,0.5625,1.0,20
D,GAT+LSTM_full_retrain,4,2596,thu_pm,0.0,0.5923586487770081,0.3333333333333333,0.40376498501498503,0.5625,1.0,20
D,GAT+LSTM_full_retrain,4,2597,thu_pm,0.0,0.5124290585517883,0.2608695652173913,0.44654234654234654,0.6274509803921569,1.0,20
D,GAT+LSTM_full_retrain,4,2598,thu_pm,1.0,0.983415961265564,0.3333333333333333,0.3991161616161616,0.546875,1.0,20
D,GAT+LSTM_full_retrain,4,2599,thu_pm,0.0,0.9916130304336548,0.3333333333333333,0.40422979797979797,0.5625,1.0,20
D,GAT+LSTM_full_retrain,4,2600,thu_pm,0.0,0.9932538866996765,0.3333333333333333,0.40422979797979797,0.5625,1.0,20
D,GAT+LSTM_full_retrain,4,2601,thu_pm,1.0,0.9937979578971863,0.4,0.41122474747474747,0.5733333333333334,1.0,20
D,GAT+LSTM_full_retrain,4,2602,thu_pm,0.0,0.994498074054718,0.3333333333333333,0.40422979797979797,0.5625,1.0,20
D,GAT+LSTM_full_retrain,4,2603,thu_pm,0.0,0.9954513907432556,0.3333333333333333,0.39205381016042784,0.515625,1.0,20
D,GAT+LSTM_full_retrain,4,2604,thu_pm,0.0,0.9947230815887451,0.3333333333333333,0.39205381016042784,0.515625,1.0,20
D,GAT+LSTM_full_retrain,4,2605,thu_pm,0.0,0.9949347376823425,0.3333333333333333,0.39205381016042784,0.515625,1.0,20
D,GAT+LSTM_full_retrain,4,2606,thu_pm,1.0,0.994269609451294,0.4,0.3784400566753508,0.4666666666666667,1.0,20
D,GAT+LSTM_full_retrain,4,2607,thu_pm,0.0,0.9952059388160706,0.4,0.3684567066920008,0.4266666666666667,1.0,20
D,GAT+LSTM_full_retrain,4,2608,thu_pm,0.0,0.9933416247367859,0.3333333333333333,0.3817130581836464,0.46875,1.0,20
D,GAT+LSTM_full_retrain,4,2609,thu_pm,0.0,0.9957365989685059,0.3333333333333333,0.3817130581836464,0.46875,1.0,20
D,GAT+LSTM_full_retrain,4,2610,thu_pm,0.0,0.994868278503418,0.3333333333333333,0.37550052072110895,0.4375,1.0,20
D,GAT+LSTM_full_retrain,4,2611,thu_pm,1.0,0.9965127110481262,0.4,0.42603246426775837,0.5333333333333333,1.0,20
D,GAT+LSTM_full_retrain,4,2612,thu_pm,0.0,0.9957225322723389,0.4,0.42603246426775837,0.5333333333333333,1.0,20
D,GAT+LSTM_full_retrain,4,2613,thu_pm,0.0,0.7493543028831482,0.4,0.470029480323598,0.5866666666666667,1.0,20
D,GAT+LSTM_full_retrain,4,2614,thu_pm,0.0,0.990314781665802,0.3333333333333333,0.2045538101604278,0.5,1.0,20
D,GAT+LSTM_full_retrain,4,2615,thu_pm,0.0,0.9936041235923767,0.3333333333333333,0.4008290626856803,0.546875,1.0,20
D,GAT+LSTM_full_retrain,4,2616,thu_pm,1.0,0.9882425665855408,0.4,0.37197043969102794,0.44,1.0,20
D,GAT+LSTM_full_retrain,4,2617,thu_pm,0.0,0.9955262541770935,0.4,0.35977092910529446,0.38666666666666666,1.0,20
D,GAT+LSTM_full_retrain,4,2618,thu_pm,0.0,0.9890684485435486,0.3333333333333333,0.38635366826156303,0.484375,1.0,20
D,GAT+LSTM_full_retrain,4,2619,thu_pm,0.0,0.9698581695556641,0.3333333333333333,0.389041146761735,0.5,1.0,20
D,GAT+LSTM_full_retrain,4,2620,thu_pm,0.0,0.9913913011550903,0.3333333333333333,0.389041146761735,0.5,1.0,20
D,GAT+LSTM_full_retrain,4,2621,thu_pm,0.0,0.993777871131897,0.2608695652173913,0.427688651218063,0.5294117647058824,1.0,20
D,GAT+LSTM_full_retrain,4,2622,thu_pm,1.0,0.9931867122650146,0.3333333333333333,0.38474197371256197,0.484375,1.0,20
D,GAT+LSTM_full_retrain,4,2623,thu_pm,0.0,0.9947874546051025,0.3333333333333333,0.38474197371256197,0.484375,1.0,20
D,GAT+LSTM_full_retrain,4,2624,thu_pm,0.0,0.9945960640907288,0.3333333333333333,0.38474197371256197,0.484375,1.0,20
D,GAT+LSTM_full_retrain,4,2625,thu_pm,0.0,0.9954500794410706,0.3333333333333333,0.38474197371256197,0.484375,1.0,20
D,GAT+LSTM_full_retrain,4,2626,thu_pm,0.0,0.99518883228302,0.2608695652173913,0.4173489908784026,0.47058823529411764,1.0,20
D,GAT+LSTM_full_retrain,4,2627,thu_pm,1.0,0.9954040050506592,0.3333333333333333,0.4125197514903397,0.546875,1.0,20
D,GAT+LSTM_full_retrain,4,2628,thu_pm,0.0,0.996644914150238,0.3333333333333333,0.21490070387129212,0.515625,1.0,20
D,GAT+LSTM_full_retrain,4,2629,thu_pm,0.0,0.9972131848335266,0.3333333333333333,0.19406737053795878,0.5,1.0,20
D,GAT+LSTM_full_retrain,4,2630,thu_pm,0.0,0.9976547956466675,0.3333333333333333,0.1762102276808159,0.46875,1.0,20
D,GAT+LSTM_full_retrain,4,2631,thu_pm,0.0,0.9883821606636047,0.2608695652173913,0.11072505925447101,0.3725490196078431,1.0,20
D,GAT+LSTM_full_retrain,4,2632,thu_pm,1.0,0.7389708757400513,0.3333333333333333,0.13545096866497797,0.296875,1.0,20
D,GAT+LSTM_full_retrain,4,2633,thu_pm,0.0,0.9921119213104248,0.3333333333333333,0.1333063608218407,0.28125,1.0,20
D,GAT+LSTM_full_retrain,4,2634,thu_pm,0.0,0.9949935078620911,0.3333333333333333,0.1307568270223069,0.265625,1.0,20
D,GAT+LSTM_full_retrain,4,2635,thu_pm,0.0,0.9946817755699158,0.3333333333333333,0.1307568270223069,0.265625,1.0,20
D,GAT+LSTM_full_retrain,4,2636,thu_pm,1.0,0.9912593960762024,0.3333333333333333,0.13532177800269907,0.296875,1.0,20
D,GAT+LSTM_full_retrain,4,2637,thu_pm,0.0,0.9873659610748291,0.3333333333333333,0.14479095465937572,0.34375,1.0,20
D,GAT+LSTM_full_retrain,4,2638,thu_pm,0.0,0.9427664875984192,0.3333333333333333,0.14479095465937572,0.34375,1.0,20
D,GAT+LSTM_full_retrain,4,2639,thu_pm,0.0,0.3331179916858673,0.34782608695652173,0.1472032353611301,0.359375,0.9375,20
D,GAT+LSTM_full_retrain,4,2640,thu_pm,0.0,0.8841333985328674,0.34782608695652173,0.15036257602047076,0.375,0.9375,20
D,GAT+LSTM_full_retrain,4,2641,thu_pm,0.0,0.7106873989105225,0.34782608695652173,0.15974336121394947,0.421875,0.9375,20
D,GAT+LSTM_full_retrain,4,2642,thu_pm,0.0,0.2790992558002472,0.2857142857142857,0.12650772430184196,0.4509803921568627,0.8823529411764706,20
D,GAT+LSTM_full_retrain,4,2643,thu_pm,0.0,0.7765272259712219,0.2857142857142857,0.130548128342246,0.47058823529411764,0.8823529411764706,20
D,GAT+LSTM_full_retrain,4,2644,thu_pm,0.0,0.6805893182754517,0.2857142857142857,0.1386574074074074,0.5098039215686274,0.8823529411764706,20
D,GAT+LSTM_full_retrain,4,2645,thu_pm,0.0,0.41581133008003235,0.3,0.15667989417989417,0.5686274509803921,0.8235294117647058,20
D,GAT+LSTM_full_retrain,4,2646,thu_pm,0.0,0.10228937864303589,0.3157894736842105,0.16849816849816848,0.6078431372549019,0.7647058823529411,20
D,GAT+LSTM_full_retrain,4,2647,thu_pm,0.0,0.525344967842102,0.2222222222222222,0.0950091575091575,0.5277777777777778,0.7777777777777778,20
D,GAT+LSTM_full_retrain,4,2648,thu_pm,0.0,0.8201603293418884,0.2222222222222222,0.10096153846153846,0.5555555555555556,0.7777777777777778,20
D,GAT+LSTM_full_retrain,4,2649,thu_pm,0.0,0.7983110547065735,0.2222222222222222,0.1092948717948718,0.5833333333333333,0.7777777777777778,20
D,GAT+LSTM_full_retrain,4,2650,thu_pm,0.0,0.8500884175300598,0.2222222222222222,0.12179487179487179,0.6111111111111112,0.7777777777777778,20
D,GAT+LSTM_full_retrain,4,2651,thu_pm,0.0,0.9773930907249451,0.2222222222222222,0.12179487179487179,0.6111111111111112,0.7777777777777778,20
D,GAT+LSTM_full_retrain,4,2652,thu_pm,0.0,0.6538145542144775,0.11764705882352941,0.125,0.8421052631578947,0.7894736842105263,20
D,GAT+LSTM_full_retrain,4,2653,thu_pm,0.0,0.32968786358833313,0.125,0.16666666666666666,0.8947368421052632,0.7368421052631579,20
D,GAT+LSTM_full_retrain,4,2654,thu_pm,0.0,0.4426928460597992,0.13333333333333333,0.25,0.9473684210526316,0.6842105263157895,20
D,GAT+LSTM_full_retrain,4,2655,thu_pm,0.0,0.8658804297447205,0.13333333333333333,1.0,1.0,0.6842105263157895,20
D,GAT+LSTM_full_retrain,4,2656,thu_pm,0.0,0.9612337350845337,0.0,0.5,,0.7,20
D,GAT+LSTM_full_retrain,4,2657,thu_pm,0.0,0.9526732563972473,0.0,0.5,,0.7,20
D,GAT+LSTM_full_retrain,4,2658,thu_pm,0.0,0.9823019504547119,0.0,0.5,,0.7,20
D,GAT+LSTM_full_retrain,4,2659,thu_pm,0.0,0.9720677137374878,0.0,0.5,,0.75,20
D,GAT+LSTM_full_retrain,4,2660,thu_pm,0.0,0.990787923336029,0.0,0.5,,0.75,20
D,GAT+LSTM_full_retrain,4,2661,thu_pm,0.0,0.9749894142150879,0.0,0.5,,0.75,20
D,GAT+LSTM_full_retrain,4,2662,thu_pm,0.0,0.9930794835090637,0.0,0.5,,0.8,20
D,GAT+LSTM_full_retrain,4,2663,thu_pm,0.0,0.9882187843322754,0.0,0.5,,0.8,20
D,GAT+LSTM_full_retrain,4,2664,thu_pm,0.0,0.9928419589996338,0.0,0.5,,0.8,20
D,GAT+LSTM_full_retrain,4,2665,thu_pm,0.0,0.9940010905265808,0.0,0.5,,0.85,20
D,GAT+LSTM_full_retrain,4,2666,thu_pm,0.0,0.9944117665290833,0.0,0.5,,0.9,20
D,GAT+LSTM_full_retrain,4,2667,thu_pm,0.0,0.9940510392189026,0.0,0.5,,0.9,20
D,GAT+LSTM_full_retrain,4,2668,thu_pm,0.0,0.9893215894699097,0.0,0.5,,0.9,20
D,GAT+LSTM_full_retrain,4,2669,thu_pm,0.0,0.9951738715171814,0.0,0.5,,0.9,20
D,GAT+LSTM_full_retrain,4,2670,thu_pm,0.0,0.9943735599517822,0.0,0.5,,0.9,20
D,GAT+LSTM_full_retrain,4,2671,thu_pm,0.0,0.984906017780304,0.0,0.5,,0.9,20
D,GAT+LSTM_full_retrain,4,2672,thu_pm,0.0,0.9829363822937012,0.0,0.5,,0.9,20
D,GAT+LSTM_full_retrain,4,2673,thu_pm,0.0,0.4693899154663086,0.0,0.5,,0.9,20
D,GAT+LSTM_full_retrain,4,2674,thu_pm,0.0,0.9170499444007874,0.0,0.5,,0.95,20
D,GAT+LSTM_full_retrain,4,2675,thu_pm,0.0,0.9837840795516968,0.0,0.5,,0.95,20
D,GAT+LSTM_full_retrain,4,2676,thu_pm,0.0,0.9878687262535095,0.0,0.5,,0.95,20
D,GAT+LSTM_full_retrain,4,2677,thu_pm,0.0,0.9904600381851196,0.0,0.5,,0.95,20
D,GAT+LSTM_full_retrain,4,2678,thu_pm,0.0,0.9014357924461365,0.0,0.5,,0.95,20
D,GAT+LSTM_full_retrain,4,2679,thu_pm,0.0,0.4635528326034546,0.0,0.5,,0.9,20
D,GAT+LSTM_full_retrain,4,2680,thu_pm,0.0,0.17267650365829468,0.0,0.5,,0.85,20
D,GAT+LSTM_full_retrain,4,2681,thu_pm,0.0,0.42148908972740173,0.0,0.5,,0.8,20
D,GAT+LSTM_full_retrain,4,2682,thu_pm,0.0,0.9228797554969788,0.0,0.5,,0.8,20
D,GAT+LSTM_full_retrain,4,2683,thu_pm,0.0,0.6416231393814087,0.0,0.5,,0.8,20
D,GAT+LSTM_full_retrain,4,2684,thu_pm,0.0,0.374605268239975,0.0,0.5,,0.75,20
D,GAT+LSTM_full_retrain,4,2685,thu_pm,0.0,0.8030793070793152,0.0,0.5,,0.75,20
D,GAT+LSTM_full_retrain,4,2686,thu_pm,0.0,0.9482967257499695,0.0,0.5,,0.75,20
D,GAT+LSTM_full_retrain,4,2687,thu_pm,0.0,0.9836103916168213,0.0,0.5,,0.75,20
D,GAT+LSTM_full_retrain,4,2688,thu_pm,0.0,0.9875280261039734,0.0,0.5,,0.75,20
D,GAT+LSTM_full_retrain,4,2689,thu_pm,0.0,0.9887208342552185,0.0,0.5,,0.75,20
D,GAT+LSTM_full_retrain,4,2690,thu_pm,0.0,0.9901090860366821,0.0,0.5,,0.75,20
D,GAT+LSTM_full_retrain,4,2691,thu_pm,0.0,0.9179965853691101,0.0,0.5,,0.75,20
D,GAT+LSTM_full_retrain,4,2692,thu_pm,0.0,0.24082186818122864,0.0,0.5,,0.7,20
D,GAT+LSTM_full_retrain,4,2693,thu_pm,0.0,0.08933328092098236,0.0,0.5,,0.7,20
D,GAT+LSTM_full_retrain,4,2694,thu_pm,0.0,0.4761653542518616,0.0,0.5,,0.65,20
D,GAT+LSTM_full_retrain,4,2695,thu_pm,0.0,0.26034313440322876,0.0,0.5,,0.6,20
D,GAT+LSTM_full_retrain,4,2696,thu_pm,0.0,0.07986252009868622,0.0,0.5,,0.55,20
D,GAT+LSTM_full_retrain,5,3055,fri_am,0.0,0.039334338158369064,0.0,0.5,,0.5,20
D,GAT+LSTM_full_retrain,5,3056,fri_am,0.0,0.035699184983968735,0.0,0.5,,0.45,20
D,GAT+LSTM_full_retrain,5,3057,fri_am,0.0,0.018954498693346977,0.0,0.5,,0.45,20
D,GAT+LSTM_full_retrain,5,3058,fri_am,0.0,0.79541015625,0.0,0.5,,0.5,20
D,GAT+LSTM_full_retrain,5,3059,fri_am,0.0,0.18902510404586792,0.0,0.5,,0.5,20
D,GAT+LSTM_full_retrain,5,3060,fri_am,0.0,0.04317599534988403,0.0,0.5,,0.45,20
D,GAT+LSTM_full_retrain,5,3061,fri_am,0.0,0.04819471016526222,0.0,0.5,,0.4,20
D,GAT+LSTM_full_retrain,5,3062,fri_am,0.0,0.07960125803947449,0.0,0.5,,0.4,20
D,GAT+LSTM_full_retrain,5,3063,fri_am,0.0,0.05022948980331421,0.0,0.5,,0.35,20
D,GAT+LSTM_full_retrain,5,3064,fri_am,0.0,0.1453847736120224,0.0,0.5,,0.3,20
D,GAT+LSTM_full_retrain,5,3065,fri_am,0.0,0.0387122668325901,0.0,0.5,,0.25,20
D,GAT+LSTM_full_retrain,5,3066,fri_am,0.0,0.17206105589866638,0.0,0.5,,0.2,20
D,GAT+LSTM_full_retrain,5,3067,fri_am,0.0,0.14916235208511353,0.0,0.5,,0.15,20
D,GAT+LSTM_full_retrain,5,3068,fri_am,0.0,0.042733605951070786,0.0,0.5,,0.1,20
D,GAT+LSTM_full_retrain,5,3069,fri_am,0.0,0.14708897471427917,0.0,0.5,,0.05,20
D,GAT+LSTM_full_retrain,5,3070,fri_am,0.0,0.08686616271734238,0.0,0.5,,0.05,20
D,GAT+LSTM_full_retrain,5,3071,fri_am,0.0,0.03938727453351021,0.0,0.5,,0.05,20
D,GAT+LSTM_full_retrain,5,3072,fri_am,0.0,0.023678874596953392,0.0,0.5,,0.05,20
D,GAT+LSTM_full_retrain,5,3073,fri_am,0.0,0.013248380273580551,0.0,0.5,,0.05,20
D,GAT+LSTM_full_retrain,5,3074,fri_am,0.0,0.021837949752807617,0.0,0.5,,0.05,20
D,GAT+LSTM_full_retrain,5,3075,fri_am,0.0,0.01976834423840046,0.0,0.5,,0.05,20
D,GAT+LSTM_full_retrain,5,3076,fri_am,0.0,0.014576857909560204,0.0,0.5,,0.05,20
D,GAT+LSTM_full_retrain,5,3077,fri_am,0.0,0.029128680005669594,0.0,0.5,,0.05,20
D,GAT+LSTM_full_retrain,5,3078,fri_am,1.0,0.10725687444210052,0.0,0.08333333333333333,0.736842105263158,0.0,20
D,GAT+LSTM_full_retrain,5,3079,fri_am,1.0,0.060153234750032425,0.0,0.14821428571428572,0.7222222222222223,0.0,20
D,GAT+LSTM_full_retrain,5,3080,fri_am,0.0,0.057263050228357315,0.0,0.14821428571428572,0.7222222222222223,0.0,20
D,GAT+LSTM_full_retrain,5,3081,fri_am,0.0,0.8244248032569885,0.0,0.1284722222222222,0.6666666666666667,0.05555555555555555,20
D,GAT+LSTM_full_retrain,5,3082,fri_am,0.0,0.9819475412368774,0.0,0.12251984126984126,0.638888888888889,0.1111111111111111,20
D,GAT+LSTM_full_retrain,5,3083,fri_am,0.0,0.9713211059570312,0.0,0.10902777777777778,0.5833333333333334,0.16666666666666666,20
D,GAT+LSTM_full_retrain,5,3084,fri_am,0.0,0.812771737575531,0.0,0.10902777777777778,0.5833333333333334,0.2222222222222222,20
D,GAT+LSTM_full_retrain,5,3085,fri_am,0.0,0.25775453448295593,0.0,0.09823232323232324,0.5277777777777778,0.2222222222222222,20
D,GAT+LSTM_full_retrain,5,3086,fri_am,0.0,0.09040147066116333,0.0,0.10170454545454546,0.5555555555555556,0.2222222222222222,20
D,GAT+LSTM_full_retrain,5,3087,fri_am,0.0,0.3820072114467621,0.0,0.10170454545454546,0.5555555555555556,0.2222222222222222,20
D,GAT+LSTM_full_retrain,5,3088,fri_am,0.0,0.8165070414543152,0.0,0.09217171717171717,0.5,0.2777777777777778,20
D,GAT+LSTM_full_retrain,5,3089,fri_am,0.0,0.5608956813812256,0.0,0.09217171717171717,0.5,0.3333333333333333,20
D,GAT+LSTM_full_retrain,5,3090,fri_am,0.0,0.09889880567789078,0.0,0.09217171717171717,0.5,0.3333333333333333,20
D,GAT+LSTM_full_retrain,5,3091,fri_am,0.0,0.032654814422130585,0.0,0.09217171717171717,0.5,0.3333333333333333,20
D,GAT+LSTM_full_retrain,5,3092,fri_am,0.0,0.08919475972652435,0.0,0.08707264957264957,0.4722222222222222,0.3333333333333333,20
D,GAT+LSTM_full_retrain,5,3093,fri_am,0.0,0.8459380269050598,0.0,0.07994505494505494,0.4166666666666667,0.3888888888888889,20
D,GAT+LSTM_full_retrain,5,3094,fri_am,0.0,0.9579674005508423,0.0,0.07391774891774891,0.3611111111111111,0.4444444444444444,20
D,GAT+LSTM_full_retrain,5,3095,fri_am,0.0,0.67796790599823,0.0,0.06874999999999999,0.3055555555555555,0.5,20
D,GAT+LSTM_full_retrain,5,3096,fri_am,0.0,0.23741905391216278,0.0,0.06426753393665158,0.25,0.5,20
D,GAT+LSTM_full_retrain,5,3097,fri_am,0.0,0.6732707023620605,0.0,0.06034080298786181,0.19444444444444448,0.5555555555555556,20
D,GAT+LSTM_full_retrain,5,3098,fri_am,0.0,0.46529385447502136,0.0,0.027777777777777776,0.10526315789473684,0.5263157894736842,20
D,GAT+LSTM_full_retrain,5,3099,fri_am,0.0,0.0729871541261673,0.0,0.5,,0.5,20
D,GAT+LSTM_full_retrain,5,3100,fri_am,0.0,0.04916713759303093,0.0,0.5,,0.5,20
D,GAT+LSTM_full_retrain,5,3101,fri_am,0.0,0.044486742466688156,0.0,0.5,,0.45,20
D,GAT+LSTM_full_retrain,5,3102,fri_am,0.0,0.032647259533405304,0.0,0.5,,0.4,20
D,GAT+LSTM_full_retrain,5,3103,fri_am,0.0,0.27657726407051086,0.0,0.5,,0.35,20
D,GAT+LSTM_full_retrain,5,3104,fri_am,0.0,0.9488906264305115,0.0,0.5,,0.35,20
D,GAT+LSTM_full_retrain,5,3105,fri_am,0.0,0.5888376235961914,0.0,0.5,,0.4,20
D,GAT+LSTM_full_retrain,5,3106,fri_am,0.0,0.12023729830980301,0.0,0.5,,0.4,20
D,GAT+LSTM_full_retrain,5,3107,fri_am,0.0,0.07956500351428986,0.0,0.5,,0.4,20
D,GAT+LSTM_full_retrain,5,3108,fri_am,0.0,0.03728094324469566,0.0,0.5,,0.35,20
D,GAT+LSTM_full_retrain,5,3109,fri_am,0.0,0.12476152926683426,0.0,0.5,,0.3,20
D,GAT+LSTM_full_retrain,5,3110,fri_am,1.0,0.061902787536382675,0.0,0.03333333333333333,0.26315789473684215,0.3157894736842105,20
D,GAT+LSTM_full_retrain,5,3111,fri_am,1.0,0.014715306460857391,0.0,0.054824561403508776,0.1111111111111111,0.3333333333333333,20
D,GAT+LSTM_full_retrain,5,3112,fri_am,1.0,0.01145543996244669,0.0,0.08125174046226678,0.07843137254901962,0.35294117647058826,20
D,GAT+LSTM_full_retrain,5,3113,fri_am,1.0,0.012034311890602112,0.0,0.10921978778015928,0.0625,0.3125,20
D,GAT+LSTM_full_retrain,5,3114,fri_am,1.0,0.009520753286778927,0.0,0.13855134158926727,0.053333333333333344,0.26666666666666666,20
D,GAT+LSTM_full_retrain,5,3115,fri_am,1.0,0.012063942849636078,0.0,0.16927309733037288,0.047619047619047616,0.21428571428571427,20
D,GAT+LSTM_full_retrain,5,3116,fri_am,1.0,0.00805811770260334,0.0,0.2014869983080952,0.04395604395604396,0.23076923076923078,20
D,GAT+LSTM_full_retrain,5,3117,fri_am,1.0,0.013512372970581055,0.0,0.23534328373724658,0.04166666666666667,0.16666666666666666,20
D,GAT+LSTM_full_retrain,5,3118,fri_am,1.0,0.01644456572830677,0.0,0.27103865537818067,0.0404040404040404,0.18181818181818182,20
D,GAT+LSTM_full_retrain,5,3119,fri_am,1.0,0.018982689827680588,0.0,0.30882599942197464,0.04000000000000001,0.2,20
D,GAT+LSTM_full_retrain,5,3120,fri_am,1.0,0.01908549666404724,0.0,0.34795326753179273,0.030303030303030307,0.2222222222222222,20
D,GAT+LSTM_full_retrain,5,3121,fri_am,1.0,0.014778442680835724,0.0,0.3897344084650586,0.020833333333333332,0.25,20
D,GAT+LSTM_full_retrain,5,3122,fri_am,1.0,0.01893194392323494,0.0,0.43459622857098446,0.010989010989010993,0.2857142857142857,20
D,GAT+LSTM_full_retrain,5,3123,fri_am,1.0,0.0156484954059124,0.0,0.483961915645905,0.0119047619047619,0.3333333333333333,20
D,GAT+LSTM_full_retrain,5,3124,fri_am,1.0,0.011777215637266636,0.0,0.5379756698409949,0.01333333333333333,0.2,20
D,GAT+LSTM_full_retrain,5,3125,fri_am,1.0,0.018725207075476646,0.0,0.5979609190474129,0.015625,0.0,20
D,GAT+LSTM_full_retrain,5,3126,fri_am,1.0,0.015195605345070362,0.0,0.6660851585432718,0.019607843137254905,0.0,20
D,GAT+LSTM_full_retrain,5,3127,fri_am,1.0,0.018892627209424973,0.0,0.7465474455025538,0.027777777777777776,0.0,20
D,GAT+LSTM_full_retrain,5,3128,fri_am,1.0,0.0198530126363039,0.0,0.8382768601503324,0.0,0.0,20
D,GAT+LSTM_full_retrain,5,3129,fri_am,1.0,0.0178376492112875,0.0,1.0000000000000002,,0.0,20
D,GAT+LSTM_full_retrain,5,3130,fri_am,0.0,0.019238155335187912,0.0,0.8777505443608586,0.05263157894736842,0.0,20
D,GAT+LSTM_full_retrain,5,3131,fri_am,1.0,0.029318619519472122,0.0,0.8996803689222621,0.10526315789473684,0.0,20
D,GAT+LSTM_full_retrain,5,3132,fri_am,0.0,0.5149457454681396,0.0,0.7558067047618131,0.05555555555555555,0.5,20
D,GAT+LSTM_full_retrain,5,3133,fri_am,0.0,0.9558886289596558,0.0,0.6714773154060169,0.03921568627450981,0.6666666666666666,20
D,GAT+LSTM_full_retrain,5,3134,fri_am,1.0,0.4987949728965759,0.0,0.6773596683471934,0.05882352941176472,0.6666666666666666,20
D,GAT+LSTM_full_retrain,5,3135,fri_am,1.0,0.943170964717865,0.1,0.6880039260502746,0.09803921568627452,0.6666666666666666,20
D,GAT+LSTM_full_retrain,5,3136,fri_am,1.0,0.4666244089603424,0.1,0.6934310969186219,0.11764705882352942,0.6666666666666666,20
D,GAT+LSTM_full_retrain,5,3137,fri_am,1.0,0.1398494392633438,0.1,0.6985081277309468,0.13725490196078433,0.6666666666666666,20
D,GAT+LSTM_full_retrain,5,3138,fri_am,1.0,0.1127977967262268,0.1,0.7032466898224501,0.1568627450980392,0.6666666666666666,20
D,GAT+LSTM_full_retrain,5,3139,fri_am,1.0,0.05582288280129433,0.1,0.7076733089549515,0.17647058823529416,0.6666666666666666,20
D,GAT+LSTM_full_retrain,5,3140,fri_am,1.0,0.018040470778942108,0.1,0.7076733089549515,0.17647058823529416,0.6666666666666666,20
D,GAT+LSTM_full_retrain,5,3141,fri_am,1.0,0.17049019038677216,0.1,0.7118176939816895,0.19607843137254904,0.6666666666666666,20
D,GAT+LSTM_full_retrain,5,3142,fri_am,1.0,0.030746061354875565,0.1,0.7157084111077008,0.21568627450980393,0.6666666666666666,20
D,GAT+LSTM_full_retrain,5,3143,fri_am,1.0,0.2883104383945465,0.1,0.7193714147707044,0.23529411764705888,0.6666666666666666,20
D,GAT+LSTM_full_retrain,5,3144,fri_am,1.0,0.07432707399129868,0.1,0.7228297211701873,0.25490196078431376,0.6666666666666666,20
D,GAT+LSTM_full_retrain,5,3145,fri_am,1.0,0.09381120651960373,0.1,0.7261035306939968,0.27450980392156865,0.6666666666666666,20
D,GAT+LSTM_full_retrain,5,3146,fri_am,1.0,0.035546429455280304,0.1,0.7292105087793487,0.29411764705882354,0.6666666666666666,20
D,GAT+LSTM_full_retrain,5,3147,fri_am,1.0,0.313101589679718,0.1,0.7321661027816554,0.3137254901960784,0.6666666666666666,20
D,GAT+LSTM_full_retrain,5,3148,fri_am,1.0,0.7249038815498352,0.19047619047619047,0.7419700243502828,0.33333333333333337,0.6666666666666666,20
D,GAT+LSTM_full_retrain,5,3149,fri_am,1.0,0.9655903577804565,0.2727272727272727,0.7982191390632476,0.3921568627450981,0.6666666666666666,20
D,GAT+LSTM_full_retrain,5,3150,fri_am,1.0,0.9845380783081055,0.3333333333333333,0.8372881862432946,0.16666666666666666,1.0,20
D,GAT+LSTM_full_retrain,5,3151,fri_am,1.0,0.8235315680503845,0.4,0.8442987682538767,0.19444444444444445,1.0,20
D,GAT+LSTM_full_retrain,5,3152,fri_am,1.0,0.9426562190055847,0.46153846153846156,0.8996803689222621,0.10526315789473684,1.0,20
D,GAT+LSTM_full_retrain,5,3153,fri_am,1.0,0.5741272568702698,0.5185185185185185,1.0000000000000002,,0.0,20
D,GAT+LSTM_full_retrain,5,3154,fri_am,1.0,0.12692973017692566,0.5185185185185185,1.0000000000000002,,0.0,20
D,GAT+LSTM_full_retrain,5,3155,fri_am,1.0,0.20103409886360168,0.46153846153846156,1.0000000000000002,,0.0,20
D,GAT+LSTM_full_retrain,5,3156,fri_am,1.0,0.4297221601009369,0.46153846153846156,1.0000000000000002,,0.0,20
D,GAT+LSTM_full_retrain,5,3157,fri_am,1.0,0.22190670669078827,0.46153846153846156,1.0000000000000002,,0.0,20
D,GAT+LSTM_full_retrain,5,3158,fri_am,1.0,0.6080322861671448,0.5185185185185185,1.0000000000000002,,0.0,20
D,GAT+LSTM_full_retrain,5,3159,fri_am,1.0,0.618928074836731,0.5714285714285714,1.0000000000000002,,0.0,20
D,GAT+LSTM_full_retrain,5,3160,fri_am,1.0,0.1562151461839676,0.5714285714285714,1.0000000000000002,,0.0,20
D,GAT+LSTM_full_retrain,5,3161,fri_am,1.0,0.06023638695478439,0.5714285714285714,1.0000000000000002,,0.0,20
D,GAT+LSTM_full_retrain,5,3162,fri_am,1.0,0.0748932808637619,0.5714285714285714,1.0000000000000002,,0.0,20
D,GAT+LSTM_full_retrain,5,3163,fri_am,1.0,0.04413079470396042,0.5714285714285714,1.0000000000000002,,0.0,20
D,GAT+LSTM_full_retrain,5,3164,fri_am,1.0,0.0627841055393219,0.5714285714285714,1.0000000000000002,,0.0,20
D,GAT+LSTM_full_retrain,5,3165,fri_am,1.0,0.08525937795639038,0.5714285714285714,1.0000000000000002,,0.0,20
D,GAT+LSTM_full_retrain,5,3166,fri_am,1.0,0.028661483898758888,0.5714285714285714,1.0000000000000002,,0.0,20
D,GAT+LSTM_full_retrain,5,3167,fri_am,1.0,0.01772269792854786,0.5714285714285714,1.0000000000000002,,0.0,20
D,GAT+LSTM_full_retrain,5,3168,fri_am,1.0,0.03843456506729126,0.5185185185185185,1.0000000000000002,,0.0,20
D,GAT+LSTM_full_retrain,5,3169,fri_am,1.0,0.021359067410230637,0.46153846153846156,1.0000000000000002,,0.0,20
D,GAT+LSTM_full_retrain,5,3170,fri_am,1.0,0.049502063542604446,0.4,1.0000000000000002,,0.0,20
D,GAT+LSTM_full_retrain,5,3171,fri_am,1.0,0.763105571269989,0.4,1.0000000000000002,,0.0,20
D,GAT+LSTM_full_retrain,5,3172,fri_am,1.0,0.9481411576271057,0.4,1.0000000000000002,,0.0,20
D,GAT+LSTM_full_retrain,5,3173,fri_am,1.0,0.9750828146934509,0.4,1.0000000000000002,,0.0,20
D,GAT+LSTM_full_retrain,5,3174,fri_am,1.0,0.9677469730377197,0.46153846153846156,1.0000000000000002,,0.0,20
D,GAT+LSTM_full_retrain,5,3175,fri_am,0.0,0.9859158992767334,0.46153846153846156,0.8382768601503324,0.0,1.0,20
D,GAT+LSTM_full_retrain,5,3176,fri_am,1.0,0.9868157505989075,0.5185185185185185,0.8777505443608586,0.05263157894736842,1.0,20
D,GAT+LSTM_full_retrain,5,3177,fri_am,1.0,0.8628414273262024,0.5714285714285714,0.8777505443608586,0.05263157894736842,1.0,20
D,GAT+LSTM_full_retrain,5,3178,fri_am,1.0,0.8802370429039001,0.5714285714285714,0.8777505443608586,0.05263157894736842,1.0,20
D,GAT+LSTM_full_retrain,5,3179,fri_am,1.0,0.3089267909526825,0.5185185185185185,0.8777505443608586,0.05263157894736842,1.0,20
D,GAT+LSTM_full_retrain,5,3180,fri_am,1.0,0.45153898000717163,0.5185185185185185,0.8777505443608586,0.05263157894736842,1.0,20
D,GAT+LSTM_full_retrain,5,3181,fri_am,1.0,0.7823139429092407,0.5714285714285714,0.8777505443608586,0.05263157894736842,1.0,20
D,GAT+LSTM_full_retrain,5,3182,fri_am,1.0,0.9689691066741943,0.6206896551724138,0.8777505443608586,0.05263157894736842,1.0,20
D,GAT+LSTM_full_retrain,5,3183,fri_am,1.0,0.9590344429016113,0.6666666666666666,0.8777505443608586,0.05263157894736842,1.0,20
D,GAT+LSTM_full_retrain,5,3184,fri_am,1.0,0.5027841925621033,0.7096774193548387,0.8777505443608586,0.05263157894736842,1.0,20
D,GAT+LSTM_full_retrain,5,3185,fri_am,1.0,0.5102047324180603,0.75,0.8777505443608586,0.05263157894736842,1.0,20
D,GAT+LSTM_full_retrain,5,3186,fri_am,1.0,0.4961514472961426,0.75,0.8777505443608586,0.05263157894736842,1.0,20
D,GAT+LSTM_full_retrain,5,3187,fri_am,0.0,0.5126529932022095,0.75,0.8473992171876589,0.3055555555555556,1.0,20
D,GAT+LSTM_full_retrain,5,3188,fri_am,1.0,0.9372894167900085,0.7878787878787878,0.8514622837507255,0.33333333333333337,1.0,20
D,GAT+LSTM_full_retrain,5,3189,fri_am,1.0,0.9848238229751587,0.8235294117647058,0.8552524750409167,0.3611111111111111,1.0,20
D,GAT+LSTM_full_retrain,5,3190,fri_am,1.0,0.988229513168335,0.8571428571428571,0.8819517017401435,0.41666666666666663,1.0,20
D,GAT+LSTM_full_retrain,5,3191,fri_am,1.0,0.9707538485527039,0.8571428571428571,0.8819517017401435,0.41666666666666663,1.0,20
D,GAT+LSTM_full_retrain,5,3192,fri_am,1.0,0.9864860773086548,0.8571428571428571,0.8981554054438472,0.4444444444444444,1.0,20
D,GAT+LSTM_full_retrain,5,3193,fri_am,1.0,0.9862154722213745,0.8571428571428571,0.9106554054438473,0.4722222222222222,1.0,20
D,GAT+LSTM_full_retrain,5,3194,fri_am,1.0,0.9916316866874695,0.8571428571428571,0.9208405906290325,0.5,1.0,20
D,GAT+LSTM_full_retrain,5,3195,fri_am,0.0,0.466037392616272,0.8823529411764706,0.9774938094146042,0.8055555555555556,0.5,20
D,GAT+LSTM_full_retrain,5,3196,fri_am,0.0,0.15652769804000854,0.875,0.9746839414101753,0.8627450980392156,0.3333333333333333,20
D,GAT+LSTM_full_retrain,5,3197,fri_am,0.0,0.08701371401548386,0.8666666666666667,0.9713091085793292,0.890625,0.25,20
D,GAT+LSTM_full_retrain,5,3198,fri_am,1.0,0.4724418818950653,0.8275862068965517,0.9658640328217534,0.875,0.25,20
D,GAT+LSTM_full_retrain,5,3199,fri_am,0.0,0.38563278317451477,0.8571428571428571,0.9712135740076916,0.9199999999999999,0.2,20
D,GAT+LSTM_full_retrain,5,3200,fri_am,1.0,0.19508273899555206,0.8571428571428571,0.9678639008050771,0.9066666666666666,0.2,20
D,GAT+LSTM_full_retrain,5,3201,fri_am,0.0,0.1399509757757187,0.8461538461538461,0.9629382085001832,0.9166666666666667,0.16666666666666666,20
D,GAT+LSTM_full_retrain,5,3202,fri_am,1.0,0.9385941028594971,0.8461538461538461,0.9629382085001832,0.9166666666666667,0.16666666666666666,20
D,GAT+LSTM_full_retrain,5,3203,fri_am,0.0,0.9755950570106506,0.8,0.8982190258208356,0.8351648351648352,0.2857142857142857,20
D,GAT+LSTM_full_retrain,5,3204,fri_am,1.0,0.9472417235374451,0.8,0.9047846823864922,0.8461538461538461,0.2857142857142857,20
D,GAT+LSTM_full_retrain,5,3205,fri_am,1.0,0.9245207905769348,0.8,0.9108452884470981,0.8571428571428572,0.2857142857142857,20
D,GAT+LSTM_full_retrain,5,3206,fri_am,1.0,0.7795351147651672,0.8461538461538461,0.9164710729190364,0.8681318681318682,0.2857142857142857,20
D,GAT+LSTM_full_retrain,5,3207,fri_am,1.0,0.9642756581306458,0.8888888888888888,0.9263452379786412,0.8690476190476191,0.16666666666666666,20
D,GAT+LSTM_full_retrain,5,3208,fri_am,0.0,0.9925017356872559,0.8461538461538461,0.7309113335131435,0.7472527472527473,0.2857142857142857,20
D,GAT+LSTM_full_retrain,5,3209,fri_am,1.0,0.9932950139045715,0.8461538461538461,0.7886036412054511,0.7582417582417582,0.2857142857142857,20
D,GAT+LSTM_full_retrain,5,3210,fri_am,1.0,0.6096940636634827,0.8461538461538461,0.7788966814984914,0.7472527472527473,0.2857142857142857,20
D,GAT+LSTM_full_retrain,5,3211,fri_am,1.0,0.5080743432044983,0.8461538461538461,0.7788966814984914,0.7472527472527473,0.2857142857142857,20
D,GAT+LSTM_full_retrain,5,3212,fri_am,1.0,0.9601364135742188,0.8461538461538461,0.7679992456010556,0.7362637362637362,0.2857142857142857,20
D,GAT+LSTM_full_retrain,5,3213,fri_am,1.0,0.8280155062675476,0.8461538461538461,0.7558197584215685,0.7252747252747253,0.2857142857142857,20
D,GAT+LSTM_full_retrain,5,3214,fri_am,1.0,0.9028804302215576,0.8461538461538461,0.7429992456010557,0.7142857142857143,0.2857142857142857,20
D,GAT+LSTM_full_retrain,5,3215,fri_am,0.0,0.34708675742149353,0.8461538461538461,0.7429992456010557,0.7142857142857143,0.2857142857142857,20
D,GAT+LSTM_full_retrain,5,3216,fri_am,1.0,0.9262837171554565,0.8571428571428571,0.7524845602576694,0.6666666666666667,0.3333333333333333,20
D,GAT+LSTM_full_retrain,5,3217,fri_am,1.0,0.9449017643928528,0.8666666666666667,0.7612000718579667,0.6,0.4,20
D,GAT+LSTM_full_retrain,5,3218,fri_am,1.0,0.8106237053871155,0.9032258064516129,0.7612000718579667,0.6,0.4,20
D,GAT+LSTM_full_retrain,5,3219,fri_am,1.0,0.2877056896686554,0.875,0.7687828761043737,0.5,0.5,20
D,GAT+LSTM_full_retrain,5,3220,fri_am,1.0,0.824525773525238,0.9090909090909091,0.7719231947318247,0.515625,0.5,20
D,GAT+LSTM_full_retrain,5,3221,fri_am,1.0,0.5850928425788879,0.9142857142857143,0.7791014920044241,0.3529411764705883,0.6666666666666666,20
D,GAT+LSTM_full_retrain,5,3222,fri_am,1.0,0.688137412071228,0.9142857142857143,0.7791014920044241,0.3529411764705883,0.6666666666666666,20
D,GAT+LSTM_full_retrain,5,3223,fri_am,0.0,0.19246578216552734,0.9411764705882353,0.8665689475036589,0.6666666666666667,0.3333333333333333,20
D,GAT+LSTM_full_retrain,5,3224,fri_am,0.0,0.9383836984634399,0.9090909090909091,0.8010898613984916,0.5625,0.5,20
D,GAT+LSTM_full_retrain,5,3225,fri_am,1.0,0.9167747497558594,0.9090909090909091,0.8010898613984916,0.5625,0.5,20
D,GAT+LSTM_full_retrain,5,3226,fri_am,1.0,0.45740967988967896,0.875,0.8010898613984916,0.5625,0.5,20
D,GAT+LSTM_full_retrain,5,3227,fri_am,1.0,0.6658037304878235,0.875,0.7922356947318249,0.546875,0.5,20
D,GAT+LSTM_full_retrain,5,3228,fri_am,1.0,0.9864183068275452,0.9090909090909091,0.9214709082879726,0.7254901960784315,0.3333333333333333,20
D,GAT+LSTM_full_retrain,5,3229,fri_am,1.0,0.9218169450759888,0.9090909090909091,0.9082356141703256,0.7058823529411765,0.3333333333333333,20
D,GAT+LSTM_full_retrain,5,3230,fri_am,1.0,0.1952458918094635,0.875,0.9050757718020057,0.6862745098039216,0.3333333333333333,20
D,GAT+LSTM_full_retrain,5,3231,fri_am,1.0,0.1278626173734665,0.8387096774193549,0.8990463347433844,0.6470588235294118,0.3333333333333333,20
D,GAT+LSTM_full_retrain,5,3232,fri_am,1.0,0.31500911712646484,0.8,0.87835305743246,0.6078431372549019,0.3333333333333333,20
D,GAT+LSTM_full_retrain,5,3233,fri_am,1.0,0.6122137308120728,0.8,0.87835305743246,0.6078431372549019,0.3333333333333333,20
D,GAT+LSTM_full_retrain,5,3234,fri_am,1.0,0.20817886292934418,0.7586206896551724,0.8745930919077886,0.5882352941176471,0.3333333333333333,20
D,GAT+LSTM_full_retrain,5,3235,fri_am,1.0,0.20466847717761993,0.7333333333333333,0.8942613770722646,0.5277777777777778,0.5,20
D,GAT+LSTM_full_retrain,5,3236,fri_am,1.0,0.9231756329536438,0.7333333333333333,0.8942613770722646,0.5277777777777778,0.5,20
D,GAT+LSTM_full_retrain,5,3237,fri_am,1.0,0.9897142052650452,0.7333333333333333,0.8942613770722646,0.5277777777777778,0.5,20
D,GAT+LSTM_full_retrain,5,3238,fri_am,1.0,0.9635750651359558,0.7333333333333333,0.9104650807759683,0.5555555555555556,0.5,20
D,GAT+LSTM_full_retrain,5,3239,fri_am,1.0,0.9716852307319641,0.7741935483870968,0.9229650807759684,0.5833333333333333,0.5,20
D,GAT+LSTM_full_retrain,5,3666,fri_pm_scan,0.0,0.925974428653717,0.7333333333333333,0.8614544331808948,0.4705882352941177,0.6666666666666666,20
D,GAT+LSTM_full_retrain,5,3667,fri_pm_scan,1.0,0.8573492765426636,0.7333333333333333,0.8614544331808948,0.4705882352941177,0.6666666666666666,20
D,GAT+LSTM_full_retrain,5,3668,fri_pm_scan,0.0,0.7668503522872925,0.6896551724137931,0.83071319778218,0.484375,0.75,20
D,GAT+LSTM_full_retrain,5,3669,fri_pm_scan,0.0,0.9551672339439392,0.6666666666666666,0.7872646708511646,0.3125,1.0,20
D,GAT+LSTM_full_retrain,5,3670,fri_pm_scan,0.0,0.985007643699646,0.6666666666666666,0.754973004184498,0.28125,1.0,20
D,GAT+LSTM_full_retrain,5,3671,fri_pm_scan,0.0,0.9506371021270752,0.6206896551724138,0.7100728319381571,0.28,1.0,20
D,GAT+LSTM_full_retrain,5,3672,fri_pm_scan,0.0,0.87638920545578,0.6206896551724138,0.6833484418181455,0.3214285714285714,1.0,20
D,GAT+LSTM_full_retrain,5,3673,fri_pm_scan,0.0,0.9230247735977173,0.5714285714285714,0.6580636799230513,0.3516483516483517,1.0,20
D,GAT+LSTM_full_retrain,5,3674,fri_pm_scan,0.0,0.7928284406661987,0.5185185185185185,0.5708595333401836,0.3229166666666667,1.0,20
D,GAT+LSTM_full_retrain,5,3675,fri_pm_scan,0.0,0.8315197825431824,0.46153846153846156,0.5428364146876671,0.3333333333333333,1.0,20
D,GAT+LSTM_full_retrain,5,3676,fri_pm_scan,0.0,0.8088540434837341,0.46153846153846156,0.5304785135744888,0.38,1.0,20
D,GAT+LSTM_full_retrain,5,3677,fri_pm_scan,0.0,0.6424623727798462,0.46153846153846156,0.5252619783515036,0.4343434343434343,1.0,20
D,GAT+LSTM_full_retrain,5,3678,fri_pm_scan,0.0,0.9047834277153015,0.46153846153846156,0.5243646381997774,0.4895833333333333,1.0,20
D,GAT+LSTM_full_retrain,5,3679,fri_pm_scan,0.0,0.8864277601242065,0.4,0.5349435860714056,0.5604395604395604,1.0,20
D,GAT+LSTM_full_retrain,5,3680,fri_pm_scan,0.0,0.2958793640136719,0.4166666666666667,0.5660842812158601,0.6666666666666667,0.9285714285714286,20
D,GAT+LSTM_full_retrain,5,3681,fri_pm_scan,0.0,0.10336404293775558,0.43478260869565216,0.622985347985348,0.8133333333333334,0.8666666666666667,20
D,GAT+LSTM_full_retrain,5,3682,fri_pm_scan,0.0,0.04720805585384369,0.38095238095238093,0.6486742424242424,0.84375,0.8125,20
D,GAT+LSTM_full_retrain,5,3683,fri_pm_scan,0.0,0.03647167608141899,0.3157894736842105,0.35656565656565653,0.803921568627451,0.7647058823529411,20
D,GAT+LSTM_full_retrain,5,3684,fri_pm_scan,0.0,0.028111685067415237,0.23529411764705882,0.20277777777777778,0.75,0.7222222222222222,20
D,GAT+LSTM_full_retrain,5,3685,fri_pm_scan,0.0,0.08156607300043106,0.13333333333333333,0.05555555555555555,0.5789473684210527,0.6842105263157895,20
D,GAT+LSTM_full_retrain,5,3686,fri_pm_scan,0.0,0.2989594638347626,0.14285714285714285,0.0625,0.631578947368421,0.631578947368421,20
D,GAT+LSTM_full_retrain,5,3687,fri_pm_scan,0.0,0.9776756763458252,0.0,0.5,,0.65,20
D,GAT+LSTM_full_retrain,5,3688,fri_pm_scan,0.0,0.9842541217803955,0.0,0.5,,0.65,20
D,GAT+LSTM_full_retrain,5,3689,fri_pm_scan,0.0,0.9864011406898499,0.0,0.5,,0.65,20
D,GAT+LSTM_full_retrain,5,3690,fri_pm_scan,0.0,0.9933155179023743,0.0,0.5,,0.65,20
D,GAT+LSTM_full_retrain,5,3691,fri_pm_scan,0.0,0.9896713495254517,0.0,0.5,,0.65,20
D,GAT+LSTM_full_retrain,5,3692,fri_pm_scan,0.0,0.9499694108963013,0.0,0.5,,0.65,20
D,GAT+LSTM_full_retrain,5,3693,fri_pm_scan,0.0,0.583290696144104,0.0,0.5,,0.65,20
D,GAT+LSTM_full_retrain,5,3694,fri_pm_scan,0.0,0.3683794140815735,0.0,0.5,,0.6,20
D,GAT+LSTM_full_retrain,5,3695,fri_pm_scan,0.0,0.5784510970115662,0.0,0.5,,0.6,20
D,GAT+LSTM_full_retrain,5,3696,fri_pm_scan,0.0,0.5489253997802734,0.0,0.5,,0.6,20
D,GAT+LSTM_full_retrain,5,3697,fri_pm_scan,0.0,0.2955131232738495,0.0,0.5,,0.55,20
D,GAT+LSTM_full_retrain,5,3698,fri_pm_scan,0.0,0.06201423332095146,0.0,0.5,,0.5,20
D,GAT+LSTM_full_retrain,5,3699,fri_pm_scan,0.0,0.05716613307595253,0.0,0.5,,0.45,20
D,GAT+LSTM_full_retrain,5,3700,fri_pm_scan,0.0,0.3224290609359741,0.0,0.5,,0.45,20
D,GAT+LSTM_full_retrain,5,3701,fri_pm_scan,1.0,0.33577272295951843,0.0,0.045454545454545456,0.4736842105263158,0.47368421052631576,20
D,GAT+LSTM_full_retrain,5,3702,fri_pm_scan,0.0,0.11303259432315826,0.0,0.045454545454545456,0.4736842105263158,0.47368421052631576,20
D,GAT+LSTM_full_retrain,5,3703,fri_pm_scan,1.0,0.04896419495344162,0.0,0.06293195108984583,0.25,0.5,20
D,GAT+LSTM_full_retrain,5,3704,fri_pm_scan,1.0,0.05855505168437958,0.0,0.08601781488778393,0.1568627450980392,0.5294117647058824,20
D,GAT+LSTM_full_retrain,5,3705,fri_pm_scan,1.0,0.11881326138973236,0.0,0.11723493225041212,0.15625,0.5625,20
D,GAT+LSTM_full_retrain,5,3706,fri_pm_scan,1.0,0.08398202806711197,0.0,0.1490741770269634,0.14666666666666667,0.6,20
D,GAT+LSTM_full_retrain,5,3707,fri_pm_scan,1.0,0.17901937663555145,0.0,0.18596176212275284,0.16666666666666666,0.5714285714285714,20
D,GAT+LSTM_full_retrain,5,3708,fri_pm_scan,1.0,0.8330973386764526,0.13333333333333333,0.23553126041239708,0.2527472527472527,0.5384615384615384,20
D,GAT+LSTM_full_retrain,5,3709,fri_pm_scan,0.0,0.5842363238334656,0.13333333333333333,0.23910268898382564,0.2637362637362637,0.5384615384615384,20
D,GAT+LSTM_full_retrain,5,3710,fri_pm_scan,0.0,0.13952362537384033,0.14285714285714285,0.25009031247144914,0.29670329670329665,0.46153846153846156,20
D,GAT+LSTM_full_retrain,5,3711,fri_pm_scan,0.0,0.2034812718629837,0.15384615384615385,0.26525471156441965,0.3186813186813186,0.38461538461538464,20
D,GAT+LSTM_full_retrain,5,3712,fri_pm_scan,0.0,0.3276804983615875,0.16666666666666666,0.3766492693875489,0.3406593406593406,0.3076923076923077,20
D,GAT+LSTM_full_retrain,5,3713,fri_pm_scan,0.0,0.20526838302612305,0.18181818181818182,0.382431582312719,0.35164835164835156,0.23076923076923078,20
D,GAT+LSTM_full_retrain,5,3714,fri_pm_scan,0.0,0.10603895038366318,0.18181818181818182,0.3966304786544725,0.3846153846153845,0.23076923076923078,20
D,GAT+LSTM_full_retrain,5,3715,fri_pm_scan,0.0,0.06596289575099945,0.2,0.41956458819572484,0.4285714285714285,0.15384615384615385,20
D,GAT+LSTM_full_retrain,5,3716,fri_pm_scan,0.0,0.5860067009925842,0.2,0.41956458819572484,0.4285714285714285,0.15384615384615385,20
D,GAT+LSTM_full_retrain,5,3717,fri_pm_scan,0.0,0.9832084774971008,0.18181818181818182,0.2993264929576296,0.40659340659340654,0.23076923076923078,20
D,GAT+LSTM_full_retrain,5,3718,fri_pm_scan,0.0,0.8203955888748169,0.16666666666666666,0.281154288178282,0.36263736263736257,0.3076923076923077,20
D,GAT+LSTM_full_retrain,5,3719,fri_pm_scan,1.0,0.893013596534729,0.2857142857142857,0.36469273840839245,0.39583333333333337,0.3333333333333333,20
D,GAT+LSTM_full_retrain,5,3720,fri_pm_scan,1.0,0.9778581261634827,0.375,0.44850852574020783,0.4545454545454545,0.36363636363636365,20
D,GAT+LSTM_full_retrain,5,3721,fri_pm_scan,1.0,0.9913086891174316,0.47058823529411764,0.5663656685973506,0.4949494949494949,0.36363636363636365,20
D,GAT+LSTM_full_retrain,5,3722,fri_pm_scan,0.0,0.9579357504844666,0.4444444444444444,0.5264546536863357,0.4545454545454545,0.45454545454545453,20
D,GAT+LSTM_full_retrain,5,3723,fri_pm_scan,0.0,0.9665306210517883,0.4444444444444444,0.5013446783909246,0.4895833333333333,0.5,20
D,GAT+LSTM_full_retrain,5,3724,fri_pm_scan,0.0,0.947114884853363,0.4444444444444444,0.48881328847328404,0.5384615384615384,0.5384615384615384,20
D,GAT+LSTM_full_retrain,5,3725,fri_pm_scan,0.0,0.9766858220100403,0.4444444444444444,0.48496327624617097,0.5833333333333333,0.5714285714285714,20
D,GAT+LSTM_full_retrain,5,3726,fri_pm_scan,0.0,0.86698979139328,0.4444444444444444,0.510483193277311,0.68,0.6,20
D,GAT+LSTM_full_retrain,5,3727,fri_pm_scan,0.0,0.6904823780059814,0.4444444444444444,0.5700892857142856,0.8125,0.625,20
D,GAT+LSTM_full_retrain,5,3728,fri_pm_scan,0.0,0.689462423324585,0.35294117647058826,0.6378968253968254,0.8823529411764706,0.6470588235294118,20
D,GAT+LSTM_full_retrain,5,3729,fri_pm_scan,0.0,0.3247801959514618,0.375,0.6378968253968254,0.8823529411764706,0.5882352941176471,20
D,GAT+LSTM_full_retrain,5,3730,fri_pm_scan,0.0,0.1569647341966629,0.375,0.6378968253968254,0.8823529411764706,0.5882352941176471,20
D,GAT+LSTM_full_retrain,5,3731,fri_pm_scan,0.0,0.8961268067359924,0.35294117647058826,0.625,0.8627450980392156,0.6470588235294118,20
D,GAT+LSTM_full_retrain,5,3732,fri_pm_scan,0.0,0.905085563659668,0.3333333333333333,0.6148148148148147,0.8431372549019608,0.7058823529411765,20
D,GAT+LSTM_full_retrain,5,3733,fri_pm_scan,0.0,0.9313725233078003,0.3157894736842105,0.6065656565656565,0.8235294117647058,0.7647058823529411,20
D,GAT+LSTM_full_retrain,5,3734,fri_pm_scan,0.0,0.8247790932655334,0.3,0.6065656565656565,0.8235294117647058,0.8235294117647058,20
D,GAT+LSTM_full_retrain,5,3735,fri_pm_scan,0.0,0.8441837430000305,0.2857142857142857,0.6065656565656565,0.8235294117647058,0.8823529411764706,20
D,GAT+LSTM_full_retrain,5,3736,fri_pm_scan,0.0,0.6166161298751831,0.2857142857142857,0.6065656565656565,0.8235294117647058,0.8823529411764706,20
D,GAT+LSTM_full_retrain,5,3737,fri_pm_scan,0.0,0.7898685932159424,0.2857142857142857,0.7537037037037037,0.8627450980392157,0.8823529411764706,20
D,GAT+LSTM_full_retrain,5,3738,fri_pm_scan,0.0,0.799685537815094,0.2857142857142857,0.7537037037037037,0.8627450980392157,0.8823529411764706,20
D,GAT+LSTM_full_retrain,5,3739,fri_pm_scan,0.0,0.9542468190193176,0.2,1.0,1.0,0.8888888888888888,20
D,GAT+LSTM_full_retrain,5,3740,fri_pm_scan,0.0,0.9876697659492493,0.10526315789473684,1.0,1.0,0.8947368421052632,20
D,GAT+LSTM_full_retrain,5,3741,fri_pm_scan,0.0,0.8808134198188782,0.0,0.5,,0.9,20
D,GAT+LSTM_full_retrain,5,3742,fri_pm_scan,0.0,0.4263673424720764,0.0,0.5,,0.85,20
D,GAT+LSTM_full_retrain,5,3743,fri_pm_scan,0.0,0.2585051357746124,0.0,0.5,,0.8,20
D,GAT+LSTM_full_retrain,5,3744,fri_pm_scan,0.0,0.9279000759124756,0.0,0.5,,0.8,20
D,GAT+LSTM_full_retrain,5,3745,fri_pm_scan,0.0,0.943256139755249,0.0,0.5,,0.8,20
D,GAT+LSTM_full_retrain,5,3746,fri_pm_scan,0.0,0.8369331955909729,0.0,0.5,,0.8,20
D,GAT+LSTM_full_retrain,5,3747,fri_pm_scan,0.0,0.5074150562286377,0.0,0.5,,0.8,20
D,GAT+LSTM_full_retrain,5,3748,fri_pm_scan,0.0,0.16768616437911987,0.0,0.5,,0.75,20
D,GAT+LSTM_full_retrain,5,3749,fri_pm_scan,0.0,0.16710565984249115,0.0,0.5,,0.75,20
D,GAT+LSTM_full_retrain,5,3750,fri_pm_scan,0.0,0.5354908108711243,0.0,0.5,,0.8,20
D,GAT+LSTM_full_retrain,5,3751,fri_pm_scan,1.0,0.9849857091903687,0.11764705882352941,0.25,0.9473684210526316,0.7894736842105263,20
D,GAT+LSTM_full_retrain,5,3752,fri_pm_scan,1.0,0.9929198622703552,0.2222222222222222,0.7916666666666666,0.9722222222222222,0.7777777777777778,20
D,GAT+LSTM_full_retrain,5,3753,fri_pm_scan,1.0,0.9959636926651001,0.3157894736842105,0.9027777777777777,0.9803921568627451,0.7647058823529411,20
D,GAT+LSTM_full_retrain,5,3754,fri_pm_scan,1.0,0.9957062602043152,0.4,0.94375,0.984375,0.75,20
D,GAT+LSTM_full_retrain,5,3755,fri_pm_scan,1.0,0.9957148432731628,0.47619047619047616,0.9633333333333334,0.9866666666666667,0.7333333333333333,20
D,GAT+LSTM_full_retrain,5,3756,fri_pm_scan,1.0,0.995528519153595,0.5454545454545454,0.9742063492063491,0.9880952380952381,0.7142857142857143,20
D,GAT+LSTM_full_retrain,5,3757,fri_pm_scan,1.0,0.9907325506210327,0.6086956521739131,0.9808673469387754,0.989010989010989,0.6923076923076923,20
D,GAT+LSTM_full_retrain,5,3758,fri_pm_scan,1.0,0.9894260168075562,0.6666666666666666,0.9852430555555556,0.9895833333333333,0.6666666666666666,20
D,GAT+LSTM_full_retrain,5,3759,fri_pm_scan,1.0,0.9885643124580383,0.72,0.9882716049382718,0.9898989898989898,0.6363636363636364,20
D,GAT+LSTM_full_retrain,5,3760,fri_pm_scan,1.0,0.98630291223526,0.7692307692307693,0.9999999999999999,1.0,0.6,20
D,GAT+LSTM_full_retrain,5,3761,fri_pm_scan,1.0,0.9856584668159485,0.8148148148148148,1.0,1.0,0.5555555555555556,20
D,GAT+LSTM_full_retrain,5,3762,fri_pm_scan,1.0,0.9868530035018921,0.8275862068965517,1.0,1.0,0.625,20
D,GAT+LSTM_full_retrain,5,3763,fri_pm_scan,1.0,0.9861689805984497,0.8387096774193549,0.9999999999999998,1.0,0.7142857142857143,20
D,GAT+LSTM_full_retrain,5,3764,fri_pm_scan,1.0,0.9871856570243835,0.875,0.9999999999999999,1.0,0.6666666666666666,20
D,GAT+LSTM_full_retrain,5,3765,fri_pm_scan,1.0,0.9867944121360779,0.9090909090909091,1.0,1.0,0.6,20
D,GAT+LSTM_full_retrain,5,3766,fri_pm_scan,1.0,0.9877586960792542,0.9411764705882353,1.0,1.0,0.5,20
D,GAT+LSTM_full_retrain,5,3767,fri_pm_scan,1.0,0.9876932501792908,0.9714285714285714,1.0,1.0,0.3333333333333333,20
D,GAT+LSTM_full_retrain,5,3768,fri_pm_scan,1.0,0.9878911972045898,0.972972972972973,1.0,1.0,0.5,20
D,GAT+LSTM_full_retrain,5,3769,fri_pm_scan,1.0,0.9869148135185242,0.9743589743589743,0.9999999999999998,1.0,1.0,20
D,GAT+LSTM_full_retrain,5,3770,fri_pm_scan,1.0,0.9864810705184937,1.0,1.0000000000000002,,0.0,20
D,GAT+LSTM_full_retrain,5,3771,fri_pm_scan,1.0,0.9852529168128967,1.0,1.0000000000000002,,0.0,20
D,GAT+LSTM_full_retrain,5,3772,fri_pm_scan,1.0,0.9850912690162659,1.0,1.0000000000000002,,0.0,20
D,GAT+LSTM_full_retrain,5,3773,fri_pm_scan,1.0,0.9840602874755859,1.0,1.0000000000000002,,0.0,20
D,GAT+LSTM_full_retrain,5,3774,fri_pm_scan,1.0,0.9845789670944214,1.0,1.0000000000000002,,0.0,20
D,GAT+LSTM_full_retrain,5,3775,fri_pm_scan,1.0,0.9839659929275513,1.0,1.0000000000000002,,0.0,20
D,GAT+LSTM_full_retrain,5,3776,fri_pm_scan,1.0,0.9855136871337891,1.0,1.0000000000000002,,0.0,20
D,GAT+LSTM_full_retrain,5,3777,fri_pm_scan,1.0,0.9847614765167236,1.0,1.0000000000000002,,0.0,20
D,GAT+LSTM_full_retrain,5,3778,fri_pm_scan,1.0,0.984850287437439,1.0,1.0000000000000002,,0.0,20
D,GAT+LSTM_full_retrain,5,3779,fri_pm_scan,1.0,0.9916059970855713,1.0,1.0000000000000002,,0.0,20
D,GAT+LSTM_full_retrain,5,3780,fri_pm_scan,1.0,0.9901931881904602,1.0,1.0000000000000002,,0.0,20
D,GAT+LSTM_full_retrain,5,3781,fri_pm_scan,1.0,0.9899965524673462,1.0,1.0000000000000002,,0.0,20
D,GAT+LSTM_full_retrain,5,3782,fri_pm_scan,1.0,0.9901741743087769,1.0,1.0000000000000002,,0.0,20
D,GAT+LSTM_full_retrain,5,3783,fri_pm_scan,1.0,0.9900515675544739,1.0,1.0000000000000002,,0.0,20
D,GAT+LSTM_full_retrain,5,3784,fri_pm_scan,1.0,0.9894366264343262,1.0,1.0000000000000002,,0.0,20
D,GAT+LSTM_full_retrain,5,3785,fri_pm_scan,1.0,0.988154411315918,1.0,1.0000000000000002,,0.0,20
D,GAT+LSTM_full_retrain,5,3786,fri_pm_scan,1.0,0.9896109104156494,1.0,1.0000000000000002,,0.0,20
D,GAT+LSTM_full_retrain,5,3787,fri_pm_scan,1.0,0.9903956055641174,1.0,1.0000000000000002,,0.0,20
D,GAT+LSTM_full_retrain,5,3788,fri_pm_scan,1.0,0.9914172291755676,1.0,1.0000000000000002,,0.0,20
D,GAT+LSTM_full_retrain,5,3789,fri_pm_scan,1.0,0.9969706535339355,1.0,1.0000000000000002,,0.0,20
D,GAT+LSTM_full_retrain,5,3790,fri_pm_scan,1.0,0.9953729510307312,1.0,1.0000000000000002,,0.0,20
D,GAT+LSTM_full_retrain,5,3791,fri_pm_scan,1.0,0.9956419467926025,1.0,1.0000000000000002,,0.0,20
D,GAT+LSTM_full_retrain,5,3792,fri_pm_scan,1.0,0.9959084987640381,1.0,1.0000000000000002,,0.0,20
D,GAT+LSTM_full_retrain,5,3793,fri_pm_scan,1.0,0.995040237903595,1.0,1.0000000000000002,,0.0,20
D,GAT+LSTM_full_retrain,5,3794,fri_pm_scan,1.0,0.995556652545929,1.0,1.0000000000000002,,0.0,20
D,GAT+LSTM_full_retrain,5,3795,fri_pm_scan,1.0,0.994664192199707,1.0,1.0000000000000002,,0.0,20
D,GAT+LSTM_full_retrain,5,3796,fri_pm_scan,1.0,0.9833076000213623,1.0,1.0000000000000002,,0.0,20
D,GAT+LSTM_full_retrain,5,3797,fri_pm_scan,1.0,0.9786387085914612,1.0,1.0000000000000002,,0.0,20
D,GAT+LSTM_full_retrain,5,3798,fri_pm_scan,1.0,0.9647287726402283,1.0,1.0000000000000002,,0.0,20
D,GAT+LSTM_full_retrain,5,3799,fri_pm_scan,1.0,0.9607148170471191,1.0,1.0000000000000002,,0.0,20
D,GAT+LSTM_full_retrain,5,3800,fri_pm_scan,1.0,0.956014096736908,1.0,1.0000000000000002,,0.0,20
D,GAT+LSTM_full_retrain,5,3801,fri_pm_scan,1.0,0.9556670188903809,1.0,1.0000000000000002,,0.0,20
D,GAT+LSTM_full_retrain,5,3802,fri_pm_scan,1.0,0.9572957158088684,1.0,1.0000000000000002,,0.0,20
D,GAT+LSTM_full_retrain,5,3803,fri_pm_scan,1.0,0.966457188129425,1.0,1.0000000000000002,,0.0,20
D,GAT+LSTM_full_retrain,5,3804,fri_pm_scan,1.0,0.9682586789131165,1.0,1.0000000000000002,,0.0,20
D,GAT+LSTM_full_retrain,5,3805,fri_pm_scan,1.0,0.9991567134857178,1.0,1.0000000000000002,,0.0,20
D,GAT+LSTM_full_retrain,5,3806,fri_pm_scan,1.0,0.9991218447685242,1.0,1.0000000000000002,,0.0,20
D,GAT+LSTM_full_retrain,5,3807,fri_pm_scan,1.0,0.9992330074310303,1.0,1.0000000000000002,,0.0,20
D,GAT+LSTM_full_retrain,5,3808,fri_pm_scan,1.0,0.9992331266403198,1.0,1.0000000000000002,,0.0,20
D,GAT+LSTM_full_retrain,5,3809,fri_pm_scan,1.0,0.99937903881073,1.0,1.0000000000000002,,0.0,20
D,GAT+LSTM_full_retrain,5,3810,fri_pm_scan,1.0,0.9992315769195557,1.0,1.0000000000000002,,0.0,20
D,GAT+LSTM_full_retrain,5,3811,fri_pm_scan,1.0,0.9992903470993042,1.0,1.0000000000000002,,0.0,20
D,GAT+LSTM_full_retrain,5,3812,fri_pm_scan,1.0,0.999356210231781,1.0,1.0000000000000002,,0.0,20
D,GAT+LSTM_full_retrain,5,3813,fri_pm_scan,1.0,0.9994131326675415,1.0,1.0000000000000002,,0.0,20
D,GAT+LSTM_full_retrain,5,3814,fri_pm_scan,1.0,0.9991180300712585,1.0,1.0000000000000002,,0.0,20
D,GAT+LSTM_full_retrain,5,3815,fri_pm_scan,1.0,0.999237060546875,1.0,1.0000000000000002,,0.0,20
D,GAT+LSTM_full_retrain,5,3816,fri_pm_scan,1.0,0.9991583824157715,1.0,1.0000000000000002,,0.0,20
D,GAT+LSTM_full_retrain,5,3817,fri_pm_scan,1.0,0.9990932941436768,1.0,1.0000000000000002,,0.0,20
D,GAT+LSTM_full_retrain,5,3818,fri_pm_scan,1.0,0.9993995428085327,1.0,1.0000000000000002,,0.0,20
D,GAT+LSTM_full_retrain,5,3819,fri_pm_scan,1.0,0.9995052814483643,1.0,1.0000000000000002,,0.0,20
D,GAT+LSTM_full_retrain,5,3820,fri_pm_scan,1.0,0.9995508790016174,1.0,1.0000000000000002,,0.0,20
D,GAT+LSTM_full_retrain,5,3821,fri_pm_scan,1.0,0.9994513392448425,1.0,1.0000000000000002,,0.0,20
D,GAT+LSTM_full_retrain,5,3822,fri_pm_scan,1.0,0.9996185302734375,1.0,1.0000000000000002,,0.0,20
D,GAT+LSTM_full_retrain,5,3823,fri_pm_scan,1.0,0.9995431900024414,1.0,1.0000000000000002,,0.0,20
D,GAT+LSTM_full_retrain,5,3824,fri_pm_scan,1.0,0.9994240999221802,1.0,1.0000000000000002,,0.0,20
D,GAT+LSTM_full_retrain,5,3825,fri_pm_scan,1.0,0.999562680721283,1.0,1.0000000000000002,,0.0,20
D,GAT+LSTM_full_retrain,5,3826,fri_pm_scan,1.0,0.999338686466217,1.0,1.0000000000000002,,0.0,20
D,GAT+LSTM_full_retrain,5,3827,fri_pm_scan,1.0,0.9992297887802124,1.0,1.0000000000000002,,0.0,20
D,GAT+LSTM_full_retrain,5,3828,fri_pm_scan,1.0,0.9991094470024109,1.0,1.0000000000000002,,0.0,20
D,GAT+LSTM_full_retrain,5,3829,fri_pm_scan,1.0,0.9994485974311829,1.0,1.0000000000000002,,0.0,20
D,GAT+LSTM_full_retrain,5,3830,fri_pm_scan,1.0,0.9996472597122192,1.0,1.0000000000000002,,0.0,20
D,GAT+LSTM_full_retrain,5,3831,fri_pm_scan,1.0,0.9997115731239319,1.0,1.0000000000000002,,0.0,20
D,GAT+LSTM_full_retrain,5,3832,fri_pm_scan,1.0,0.9996057152748108,1.0,1.0000000000000002,,0.0,20
D,GAT+LSTM_full_retrain,5,3833,fri_pm_scan,1.0,0.9997233748435974,1.0,1.0000000000000002,,0.0,20
D,GAT+LSTM_full_retrain,5,3834,fri_pm_scan,1.0,0.9996294975280762,1.0,1.0000000000000002,,0.0,20
D,GAT+LSTM_full_retrain,5,3835,fri_pm_scan,1.0,0.999413013458252,1.0,1.0000000000000002,,0.0,20
D,GAT+LSTM_full_retrain,5,3836,fri_pm_scan,1.0,0.9994655251502991,1.0,1.0000000000000002,,0.0,20
D,GAT+LSTM_full_retrain,5,3837,fri_pm_scan,1.0,0.9911709427833557,1.0,1.0000000000000002,,0.0,20
D,GAT+LSTM_full_retrain,5,3838,fri_pm_scan,0.0,0.20396409928798676,1.0,0.9999999999999998,1.0,0.0,20
D,GAT+LSTM_full_retrain,5,3839,fri_pm_scan,0.0,0.08735383301973343,1.0,1.0,1.0,0.0,20
D,GAT+LSTM_full_retrain,5,3840,fri_pm_scan,0.0,0.08800298720598221,1.0,1.0,1.0,0.0,20
D,GAT+LSTM_full_retrain,5,3841,fri_pm_scan,0.0,0.15583425760269165,1.0,1.0,1.0,0.0,20
D,GAT+LSTM_full_retrain,5,3842,fri_pm_scan,0.0,0.08819562196731567,1.0,1.0,1.0,0.0,20
D,GAT+LSTM_full_retrain,5,3843,fri_pm_scan,1.0,0.20626762509346008,0.9655172413793104,1.0,1.0,0.0,20
D,GAT+LSTM_full_retrain,5,3844,fri_pm_scan,0.0,0.19563594460487366,0.9629629629629629,0.9999999999999999,1.0,0.0,20
D,GAT+LSTM_full_retrain,5,3845,fri_pm_scan,0.0,0.16849586367607117,0.96,0.9999999999999998,1.0,0.0,20
D,GAT+LSTM_full_retrain,5,3846,fri_pm_scan,0.0,0.2268943190574646,0.9565217391304348,0.9933226495726496,0.9895833333333334,0.0,20
D,GAT+LSTM_full_retrain,5,3847,fri_pm_scan,1.0,0.49315547943115234,0.9090909090909091,0.9933226495726496,0.9895833333333334,0.0,20
D,GAT+LSTM_full_retrain,5,3848,fri_pm_scan,1.0,0.18514057993888855,0.8571428571428571,0.9754779942279944,0.9583333333333333,0.0,20
D,GAT+LSTM_full_retrain,5,3849,fri_pm_scan,1.0,0.2873436212539673,0.8,0.9754779942279944,0.9583333333333333,0.0,20
D,GAT+LSTM_full_retrain,5,3850,fri_pm_scan,1.0,0.39270758628845215,0.7368421052631579,0.9754779942279944,0.9583333333333333,0.0,20
D,GAT+LSTM_full_retrain,5,3851,fri_pm_scan,1.0,0.47251591086387634,0.6666666666666666,0.9754779942279944,0.9583333333333333,0.0,20
D,GAT+LSTM_full_retrain,5,3852,fri_pm_scan,1.0,0.10314688086509705,0.5882352941176471,0.9482257632073811,0.90625,0.0,20
D,GAT+LSTM_full_retrain,5,3853,fri_pm_scan,1.0,0.17042438685894012,0.5,0.9273519610835789,0.875,0.0,20
D,GAT+LSTM_full_retrain,5,3854,fri_pm_scan,1.0,0.08308706432580948,0.4,0.8872294341866712,0.7916666666666667,0.0,20
D,GAT+LSTM_full_retrain,5,3855,fri_pm_scan,0.0,0.19218461215496063,0.3076923076923077,0.8497937867555092,0.7575757575757576,0.0,20
D,GAT+LSTM_full_retrain,5,3856,fri_pm_scan,0.0,0.4139205515384674,0.18181818181818182,0.7522321209492262,0.6900000000000001,0.0,20
D,GAT+LSTM_full_retrain,5,3857,fri_pm_scan,1.0,0.4154861569404602,0.0,0.7522321209492262,0.6900000000000001,0.0,20
D,GAT+LSTM_full_retrain,5,3858,fri_pm_scan,0.0,0.25227731466293335,0.0,0.7436011685682737,0.6799999999999999,0.0,20
D,GAT+LSTM_full_retrain,5,3859,fri_pm_scan,1.0,0.40144795179367065,0.0,0.7692948627739651,0.6767676767676767,0.0,20
D,GAT+LSTM_full_retrain,5,3860,fri_pm_scan,0.0,0.3489997982978821,0.0,0.7421174761380223,0.6262626262626263,0.0,20
D,GAT+LSTM_full_retrain,5,3861,fri_pm_scan,0.0,0.22140544652938843,0.0,0.730311668309487,0.5959595959595959,0.0,20
D,GAT+LSTM_full_retrain,5,3862,fri_pm_scan,0.0,0.28678062558174133,0.0,0.7174904816545684,0.5555555555555556,0.0,20
D,GAT+LSTM_full_retrain,5,3863,fri_pm_scan,0.0,0.13569658994674683,0.0,0.7200668337510442,0.6000000000000001,0.0,20
D,GAT+LSTM_full_retrain,5,3864,fri_pm_scan,0.0,0.1527489572763443,0.0,0.7267151853993958,0.6199999999999999,0.0,20
D,GAT+LSTM_full_retrain,5,3865,fri_pm_scan,1.0,0.10683746635913849,0.0,0.7143504843969241,0.5454545454545454,0.0,20
D,GAT+LSTM_full_retrain,5,3866,fri_pm_scan,1.0,0.10871924459934235,0.0,0.7176583363889867,0.5,0.0,20
D,GAT+LSTM_full_retrain,5,3867,fri_pm_scan,1.0,0.7857407331466675,0.15384615384615385,0.7176583363889867,0.5,0.0,20
D,GAT+LSTM_full_retrain,5,3868,fri_pm_scan,1.0,0.8023945093154907,0.2857142857142857,0.7662211162017666,0.5625,0.0,20
D,GAT+LSTM_full_retrain,5,3869,fri_pm_scan,1.0,0.45642411708831787,0.2857142857142857,0.7900141056197559,0.5833333333333334,0.0,20
D,GAT+LSTM_full_retrain,5,3870,fri_pm_scan,1.0,0.70979243516922,0.4,0.8029109310165813,0.59375,0.0,20
D,GAT+LSTM_full_retrain,5,3871,fri_pm_scan,1.0,0.4380273222923279,0.4,0.8029109310165813,0.59375,0.0,20
D,GAT+LSTM_full_retrain,5,3872,fri_pm_scan,1.0,0.9910361766815186,0.5,0.8472389613740233,0.6770833333333333,0.0,20
D,GAT+LSTM_full_retrain,5,3873,fri_pm_scan,0.0,0.8923572897911072,0.5,0.7200128775593172,0.6464646464646464,0.1111111111111111,20
D,GAT+LSTM_full_retrain,5,3874,fri_pm_scan,0.0,0.7848278880119324,0.5,0.6771050732892837,0.6699999999999999,0.2,20
D,GAT+LSTM_full_retrain,5,3875,fri_pm_scan,0.0,0.7420966625213623,0.47058823529411764,0.6352183489025593,0.62,0.3,20
D,GAT+LSTM_full_retrain,5,3876,fri_pm_scan,0.0,0.3136672377586365,0.47058823529411764,0.6414304701146806,0.6299999999999999,0.3,20
D,GAT+LSTM_full_retrain,5,3877,fri_pm_scan,0.0,0.264964759349823,0.5,0.6216954423094774,0.6363636363636364,0.2727272727272727,20
D,GAT+LSTM_full_retrain,5,3878,fri_pm_scan,0.0,0.261092871427536,0.5,0.6216954423094774,0.6363636363636364,0.2727272727272727,20
D,GAT+LSTM_full_retrain,5,3879,fri_pm_scan,0.0,0.20584788918495178,0.5333333333333333,0.600814536340852,0.6354166666666666,0.25,20
D,GAT+LSTM_full_retrain,5,4277,fri_pm_ddos,0.0,0.1083030104637146,0.5333333333333333,0.6033192663030124,0.6458333333333334,0.25,20
D,GAT+LSTM_full_retrain,5,4278,fri_pm_ddos,0.0,0.1072297990322113,0.5333333333333333,0.6061276813356921,0.6562499999999999,0.25,20
D,GAT+LSTM_full_retrain,5,4279,fri_pm_ddos,0.0,0.16375748813152313,0.5333333333333333,0.6061276813356921,0.6562499999999999,0.25,20
D,GAT+LSTM_full_retrain,5,4280,fri_pm_ddos,0.0,0.32093387842178345,0.5333333333333333,0.6061276813356921,0.6562499999999999,0.25,20
D,GAT+LSTM_full_retrain,5,4281,fri_pm_ddos,0.0,0.446128785610199,0.5333333333333333,0.5976207368912476,0.6458333333333333,0.25,20
D,GAT+LSTM_full_retrain,5,4282,fri_pm_ddos,0.0,0.39319029450416565,0.5714285714285714,0.6248982926503934,0.7472527472527472,0.23076923076923078,20
D,GAT+LSTM_full_retrain,5,4283,fri_pm_ddos,0.0,0.3861255943775177,0.6153846153846154,0.667228835978836,0.8571428571428572,0.21428571428571427,20
D,GAT+LSTM_full_retrain,5,4284,fri_pm_ddos,0.0,0.3449903726577759,0.5454545454545454,0.6193650793650793,0.8533333333333334,0.2,20
D,GAT+LSTM_full_retrain,5,4285,fri_pm_ddos,0.0,0.4328470230102539,0.4444444444444444,0.5598214285714286,0.84375,0.1875,20
D,GAT+LSTM_full_retrain,5,4286,fri_pm_ddos,0.0,0.1637856662273407,0.5,0.5686507936507936,0.8627450980392156,0.17647058823529413,20
D,GAT+LSTM_full_retrain,5,4287,fri_pm_ddos,0.0,0.21449628472328186,0.3333333333333333,0.6333333333333333,0.8888888888888888,0.16666666666666666,20
D,GAT+LSTM_full_retrain,5,4288,fri_pm_ddos,0.0,0.1261553019285202,0.4,1.0,1.0,0.15789473684210525,20
D,GAT+LSTM_full_retrain,5,4289,fri_pm_ddos,0.0,0.14209918677806854,0.0,0.5,,0.15,20
D,GAT+LSTM_full_retrain,5,4290,fri_pm_ddos,0.0,0.15081022679805756,0.0,0.5,,0.1,20
D,GAT+LSTM_full_retrain,5,4291,fri_pm_ddos,0.0,0.1265908181667328,0.0,0.5,,0.05,20
D,GAT+LSTM_full_retrain,5,4292,fri_pm_ddos,0.0,0.08968464285135269,0.0,0.5,,0.0,20
D,GAT+LSTM_full_retrain,5,4293,fri_pm_ddos,0.0,0.07749007642269135,0.0,0.5,,0.0,20
D,GAT+LSTM_full_retrain,5,4294,fri_pm_ddos,0.0,0.09874527901411057,0.0,0.5,,0.0,20
D,GAT+LSTM_full_retrain,5,4295,fri_pm_ddos,1.0,0.9938528537750244,1.0,1.0,1.0,0.0,20
D,GAT+LSTM_full_retrain,5,4296,fri_pm_ddos,1.0,0.9991264939308167,1.0,1.0,1.0,0.0,20
D,GAT+LSTM_full_retrain,5,4297,fri_pm_ddos,1.0,0.9994497895240784,1.0,1.0,1.0,0.0,20
D,GAT+LSTM_full_retrain,5,4298,fri_pm_ddos,1.0,0.9973846077919006,1.0,1.0,1.0,0.0,20
D,GAT+LSTM_full_retrain,5,4299,fri_pm_ddos,1.0,0.9991803765296936,1.0,1.0,1.0,0.0,20
D,GAT+LSTM_full_retrain,5,4300,fri_pm_ddos,1.0,0.9993333220481873,1.0,1.0,1.0,0.0,20
D,GAT+LSTM_full_retrain,5,4301,fri_pm_ddos,1.0,0.9989461302757263,1.0,0.9999999999999998,1.0,0.0,20
D,GAT+LSTM_full_retrain,5,4302,fri_pm_ddos,1.0,0.9989180564880371,1.0,1.0,1.0,0.0,20
D,GAT+LSTM_full_retrain,5,4303,fri_pm_ddos,1.0,0.9989386200904846,1.0,1.0000000000000002,1.0,0.0,20
D,GAT+LSTM_full_retrain,5,4304,fri_pm_ddos,1.0,0.9989857077598572,1.0,0.9999999999999999,1.0,0.0,20
D,GAT+LSTM_full_retrain,5,4305,fri_pm_ddos,1.0,0.998816728591919,1.0,1.0,1.0,0.0,20
D,GAT+LSTM_full_retrain,5,4306,fri_pm_ddos,1.0,0.9988031387329102,1.0,1.0,1.0,0.0,20
D,GAT+LSTM_full_retrain,5,4307,fri_pm_ddos,1.0,0.99880051612854,1.0,0.9999999999999998,1.0,0.0,20
D,GAT+LSTM_full_retrain,5,4308,fri_pm_ddos,0.0,0.9809826016426086,0.9629629629629629,0.9999999999999998,1.0,0.14285714285714285,20
D,GAT+LSTM_full_retrain,5,4309,fri_pm_ddos,1.0,0.9906699657440186,0.9655172413793104,0.9999999999999999,1.0,0.16666666666666666,20
D,GAT+LSTM_full_retrain,5,4310,fri_pm_ddos,1.0,0.9990192651748657,0.967741935483871,1.0,1.0,0.2,20
D,GAT+LSTM_full_retrain,5,4311,fri_pm_ddos,1.0,0.9992290735244751,0.9696969696969697,1.0,1.0,0.25,20
D,GAT+LSTM_full_retrain,5,4312,fri_pm_ddos,1.0,0.9991242289543152,0.9714285714285714,1.0,1.0,0.3333333333333333,20
D,GAT+LSTM_full_retrain,5,4313,fri_pm_ddos,1.0,0.9991241097450256,0.972972972972973,1.0,1.0,0.5,20
D,GAT+LSTM_full_retrain,5,4314,fri_pm_ddos,1.0,0.9993141889572144,0.9743589743589743,0.9999999999999998,1.0,1.0,20
D,GAT+LSTM_full_retrain,5,4315,fri_pm_ddos,1.0,0.9991664886474609,0.9743589743589743,0.9999999999999998,1.0,1.0,20
D,GAT+LSTM_full_retrain,5,4316,fri_pm_ddos,1.0,0.9989396929740906,0.9743589743589743,0.9999999999999998,1.0,1.0,20
D,GAT+LSTM_full_retrain,5,4317,fri_pm_ddos,0.0,0.9386420249938965,0.9473684210526315,1.0,1.0,1.0,20
D,GAT+LSTM_full_retrain,5,4318,fri_pm_ddos,0.0,0.9911865592002869,0.918918918918919,0.9966359092656671,0.9803921568627452,1.0,20
D,GAT+LSTM_full_retrain,5,4319,fri_pm_ddos,1.0,0.9995037317276001,0.918918918918919,0.9966359092656671,0.9803921568627452,1.0,20
D,GAT+LSTM_full_retrain,5,4320,fri_pm_ddos,1.0,0.999426007270813,0.918918918918919,0.9966359092656671,0.9803921568627452,1.0,20
D,GAT+LSTM_full_retrain,5,4321,fri_pm_ddos,1.0,0.9995336532592773,0.918918918918919,0.9966359092656671,0.9803921568627452,1.0,20
D,GAT+LSTM_full_retrain,5,4322,fri_pm_ddos,1.0,0.9992374181747437,0.918918918918919,0.9966359092656671,0.9803921568627452,1.0,20
D,GAT+LSTM_full_retrain,5,4323,fri_pm_ddos,1.0,0.9990847110748291,0.918918918918919,0.9966359092656671,0.9803921568627452,1.0,20
D,GAT+LSTM_full_retrain,5,4324,fri_pm_ddos,1.0,0.9992703795433044,0.918918918918919,0.9966359092656671,0.9803921568627452,1.0,20
D,GAT+LSTM_full_retrain,5,4325,fri_pm_ddos,1.0,0.9991596937179565,0.918918918918919,0.9966359092656671,0.9803921568627452,1.0,20
D,GAT+LSTM_full_retrain,5,4326,fri_pm_ddos,1.0,0.9986213445663452,0.918918918918919,0.9966359092656671,0.9803921568627452,1.0,20
D,GAT+LSTM_full_retrain,5,4327,fri_pm_ddos,0.0,0.9852046966552734,0.8888888888888888,0.9962086397058824,0.984375,1.0,20
D,GAT+LSTM_full_retrain,5,4328,fri_pm_ddos,0.0,0.9917850494384766,0.8888888888888888,0.9928513071895425,0.96875,1.0,20
D,GAT+LSTM_full_retrain,5,4329,fri_pm_ddos,1.0,0.9995725750923157,0.8888888888888888,1.0,1.0,1.0,20
D,GAT+LSTM_full_retrain,5,4330,fri_pm_ddos,1.0,0.9996829032897949,0.8888888888888888,1.0,1.0,1.0,20
D,GAT+LSTM_full_retrain,5,4331,fri_pm_ddos,1.0,0.9994606375694275,0.8888888888888888,1.0,1.0,1.0,20
D,GAT+LSTM_full_retrain,5,4332,fri_pm_ddos,1.0,0.9991452693939209,0.8888888888888888,1.0,1.0,1.0,20
D,GAT+LSTM_full_retrain,5,4333,fri_pm_ddos,1.0,0.9993164539337158,0.8888888888888888,1.0,1.0,1.0,20
D,GAT+LSTM_full_retrain,5,4334,fri_pm_ddos,1.0,0.9992558360099792,0.8888888888888888,1.0,1.0,1.0,20
D,GAT+LSTM_full_retrain,5,4335,fri_pm_ddos,1.0,0.9987766146659851,0.8888888888888888,1.0,1.0,1.0,20
D,GAT+LSTM_full_retrain,5,4336,fri_pm_ddos,0.0,0.988416850566864,0.8571428571428571,1.0,1.0,1.0,20
D,GAT+LSTM_full_retrain,5,4337,fri_pm_ddos,0.0,0.99184250831604,0.8571428571428571,1.0,1.0,1.0,20
D,GAT+LSTM_full_retrain,5,4338,fri_pm_ddos,1.0,0.9995834231376648,0.8888888888888888,1.0,1.0,1.0,20
D,GAT+LSTM_full_retrain,5,4339,fri_pm_ddos,1.0,0.9996347427368164,0.8888888888888888,1.0,1.0,1.0,20
D,GAT+LSTM_full_retrain,5,4340,fri_pm_ddos,1.0,0.9993220567703247,0.8888888888888888,1.0,1.0,1.0,20
D,GAT+LSTM_full_retrain,5,4341,fri_pm_ddos,1.0,0.999016284942627,0.8888888888888888,1.0,1.0,1.0,20
D,GAT+LSTM_full_retrain,5,4342,fri_pm_ddos,1.0,0.9992101192474365,0.8888888888888888,1.0,1.0,1.0,20
D,GAT+LSTM_full_retrain,5,4343,fri_pm_ddos,1.0,0.9990556836128235,0.8888888888888888,1.0,1.0,1.0,20
D,GAT+LSTM_full_retrain,5,4344,fri_pm_ddos,1.0,0.9990509152412415,0.8888888888888888,1.0,1.0,1.0,20
D,GAT+LSTM_full_retrain,5,4345,fri_pm_ddos,1.0,0.9990707039833069,0.8888888888888888,1.0,1.0,1.0,20
D,GAT+LSTM_full_retrain,5,4346,fri_pm_ddos,0.0,0.992243230342865,0.8571428571428571,1.0,1.0,1.0,20
D,GAT+LSTM_full_retrain,5,4347,fri_pm_ddos,1.0,0.9995490908622742,0.8888888888888888,1.0,1.0,1.0,20
D,GAT+LSTM_full_retrain,5,4348,fri_pm_ddos,1.0,0.9996645450592041,0.918918918918919,1.0,1.0,1.0,20
D,GAT+LSTM_full_retrain,5,4349,fri_pm_ddos,1.0,0.9995428323745728,0.918918918918919,1.0,1.0,1.0,20
D,GAT+LSTM_full_retrain,5,4350,fri_pm_ddos,1.0,0.9990195035934448,0.918918918918919,1.0,1.0,1.0,20
D,GAT+LSTM_full_retrain,5,4351,fri_pm_ddos,1.0,0.9992877840995789,0.918918918918919,1.0,1.0,1.0,20
D,GAT+LSTM_full_retrain,5,4352,fri_pm_ddos,1.0,0.9992795586585999,0.918918918918919,1.0,1.0,1.0,20
D,GAT+LSTM_full_retrain,5,4353,fri_pm_ddos,1.0,0.9991059899330139,0.918918918918919,1.0,1.0,1.0,20
D,GAT+LSTM_full_retrain,5,4354,fri_pm_ddos,1.0,0.999488115310669,0.918918918918919,1.0,1.0,1.0,20
D,GAT+LSTM_full_retrain,5,4355,fri_pm_ddos,1.0,0.9995823502540588,0.918918918918919,1.0,1.0,1.0,20
D,GAT+LSTM_full_retrain,5,4356,fri_pm_ddos,1.0,0.9995031356811523,0.9473684210526315,1.0,1.0,1.0,20
D,GAT+LSTM_full_retrain,5,4357,fri_pm_ddos,1.0,0.9996019005775452,0.9743589743589743,0.9999999999999998,1.0,1.0,20
D,GAT+LSTM_full_retrain,5,4358,fri_pm_ddos,1.0,0.9995224475860596,0.9743589743589743,0.9999999999999998,1.0,1.0,20
D,GAT+LSTM_full_retrain,5,4359,fri_pm_ddos,1.0,0.999332845211029,0.9743589743589743,0.9999999999999998,1.0,1.0,20
D,GAT+LSTM_full_retrain,5,4360,fri_pm_ddos,1.0,0.9993410706520081,0.9743589743589743,0.9999999999999998,1.0,1.0,20
D,GAT+LSTM_full_retrain,5,4361,fri_pm_ddos,1.0,0.9991979002952576,0.9743589743589743,0.9999999999999998,1.0,1.0,20
D,GAT+LSTM_full_retrain,5,4362,fri_pm_ddos,1.0,0.9988604784011841,0.9743589743589743,0.9999999999999998,1.0,1.0,20
D,GAT+LSTM_full_retrain,5,4363,fri_pm_ddos,0.0,0.9916762113571167,0.9473684210526315,1.0,1.0,1.0,20
D,GAT+LSTM_full_retrain,5,4364,fri_pm_ddos,1.0,0.9994664788246155,0.9473684210526315,1.0,1.0,1.0,20
D,GAT+LSTM_full_retrain,5,4365,fri_pm_ddos,1.0,0.9994844198226929,0.9473684210526315,1.0,1.0,1.0,20
D,GAT+LSTM_full_retrain,5,4366,fri_pm_ddos,1.0,0.9995868802070618,0.9743589743589743,0.9999999999999998,1.0,1.0,20
D,GAT+LSTM_full_retrain,5,4367,fri_pm_ddos,1.0,0.9995453953742981,0.9743589743589743,0.9999999999999998,1.0,1.0,20
D,GAT+LSTM_full_retrain,5,4368,fri_pm_ddos,1.0,0.9996367692947388,0.9743589743589743,0.9999999999999998,1.0,1.0,20
D,GAT+LSTM_full_retrain,5,4369,fri_pm_ddos,1.0,0.9996626377105713,0.9743589743589743,0.9999999999999998,1.0,1.0,20
D,GAT+LSTM_full_retrain,5,4370,fri_pm_ddos,1.0,0.9996131062507629,0.9743589743589743,0.9999999999999998,1.0,1.0,20
D,GAT+LSTM_full_retrain,5,4371,fri_pm_ddos,0.0,0.9917495250701904,0.9473684210526315,1.0,1.0,1.0,20
D,GAT+LSTM_full_retrain,5,4372,fri_pm_ddos,1.0,0.9994072914123535,0.9473684210526315,1.0,1.0,1.0,20
D,GAT+LSTM_full_retrain,5,4373,fri_pm_ddos,1.0,0.9995617270469666,0.9473684210526315,1.0,1.0,1.0,20
D,GAT+LSTM_full_retrain,5,4374,fri_pm_ddos,1.0,0.9995391368865967,0.9473684210526315,1.0,1.0,1.0,20
D,GAT+LSTM_full_retrain,5,4375,fri_pm_ddos,1.0,0.9994820952415466,0.9473684210526315,1.0,1.0,1.0,20
D,GAT+LSTM_full_retrain,5,4376,fri_pm_ddos,1.0,0.9994708895683289,0.9473684210526315,1.0,1.0,1.0,20
D,GAT+LSTM_full_retrain,5,4377,fri_pm_ddos,1.0,0.9995137453079224,0.9473684210526315,1.0,1.0,1.0,20
D,GAT+LSTM_full_retrain,5,4378,fri_pm_ddos,1.0,0.9995207786560059,0.9473684210526315,1.0,1.0,1.0,20
D,GAT+LSTM_full_retrain,5,4379,fri_pm_ddos,0.0,0.9919615387916565,0.918918918918919,1.0,1.0,1.0,20
D,GAT+LSTM_full_retrain,5,4380,fri_pm_ddos,1.0,0.9994409680366516,0.918918918918919,1.0,1.0,1.0,20
D,GAT+LSTM_full_retrain,5,4381,fri_pm_ddos,1.0,0.9993320107460022,0.918918918918919,1.0,1.0,1.0,20
D,GAT+LSTM_full_retrain,5,4382,fri_pm_ddos,1.0,0.9994213581085205,0.918918918918919,1.0,1.0,1.0,20
D,GAT+LSTM_full_retrain,5,4383,fri_pm_ddos,1.0,0.9994935989379883,0.9473684210526315,1.0,1.0,1.0,20
D,GAT+LSTM_full_retrain,5,4384,fri_pm_ddos,1.0,0.9994031190872192,0.9473684210526315,1.0,1.0,1.0,20
D,GAT+LSTM_full_retrain,5,4385,fri_pm_ddos,1.0,0.9994438290596008,0.9473684210526315,1.0,1.0,1.0,20
D,GAT+LSTM_full_retrain,5,4386,fri_pm_ddos,1.0,0.9994342923164368,0.9473684210526315,1.0,1.0,1.0,20
D,GAT+LSTM_full_retrain,5,4387,fri_pm_ddos,1.0,0.9942046999931335,0.9473684210526315,1.0,1.0,1.0,20
D,GAT+LSTM_full_retrain,5,4388,fri_pm_ddos,0.0,0.9976165294647217,0.918918918918919,0.9966359092656671,0.9803921568627452,1.0,20
D,GAT+LSTM_full_retrain,5,4389,fri_pm_ddos,1.0,0.9994091987609863,0.918918918918919,0.9966359092656671,0.9803921568627452,1.0,20
D,GAT+LSTM_full_retrain,5,4390,fri_pm_ddos,1.0,0.9994751811027527,0.918918918918919,0.9966359092656671,0.9803921568627452,1.0,20
D,GAT+LSTM_full_retrain,5,4391,fri_pm_ddos,1.0,0.999485969543457,0.9473684210526315,0.9969948018193633,0.9722222222222222,1.0,20
D,GAT+LSTM_full_retrain,5,4392,fri_pm_ddos,1.0,0.999454915523529,0.9473684210526315,0.9969948018193633,0.9722222222222222,1.0,20
D,GAT+LSTM_full_retrain,5,4393,fri_pm_ddos,1.0,0.9994083642959595,0.9473684210526315,0.9969948018193633,0.9722222222222222,1.0,20
D,GAT+LSTM_full_retrain,5,4394,fri_pm_ddos,1.0,0.9994044303894043,0.9473684210526315,0.9969948018193633,0.9722222222222222,1.0,20
D,GAT+LSTM_full_retrain,5,4395,fri_pm_ddos,1.0,0.9991718530654907,0.9473684210526315,0.9969948018193633,0.9722222222222222,1.0,20
D,GAT+LSTM_full_retrain,5,4396,fri_pm_ddos,0.0,0.9968265295028687,0.918918918918919,0.9936360509115927,0.9607843137254902,1.0,20
D,GAT+LSTM_full_retrain,5,4397,fri_pm_ddos,1.0,0.9987636804580688,0.918918918918919,0.9936360509115927,0.9607843137254902,1.0,20
D,GAT+LSTM_full_retrain,5,4398,fri_pm_ddos,1.0,0.9995707869529724,0.918918918918919,0.9936360509115927,0.9607843137254902,1.0,20
D,GAT+LSTM_full_retrain,5,4399,fri_pm_ddos,1.0,0.999563992023468,0.9473684210526315,0.9942982456140352,0.9444444444444444,1.0,20
D,GAT+LSTM_full_retrain,5,4400,fri_pm_ddos,1.0,0.9994944334030151,0.9473684210526315,0.9942982456140352,0.9444444444444444,1.0,20
D,GAT+LSTM_full_retrain,5,4401,fri_pm_ddos,1.0,0.999367892742157,0.9473684210526315,0.9942982456140352,0.9444444444444444,1.0,20
D,GAT+LSTM_full_retrain,5,4402,fri_pm_ddos,1.0,0.9993995428085327,0.9473684210526315,0.9942982456140352,0.9444444444444444,1.0,20
D,GAT+LSTM_full_retrain,5,4403,fri_pm_ddos,1.0,0.9994010925292969,0.9473684210526315,0.9942982456140352,0.9444444444444444,1.0,20
D,GAT+LSTM_full_retrain,5,4404,fri_pm_ddos,1.0,0.9991515874862671,0.9473684210526315,0.9942982456140352,0.9444444444444444,1.0,20
D,GAT+LSTM_full_retrain,5,4405,fri_pm_ddos,0.0,0.9986854195594788,0.918918918918919,0.9909442724458204,0.9411764705882353,1.0,20
D,GAT+LSTM_full_retrain,5,4406,fri_pm_ddos,1.0,0.9888039231300354,0.918918918918919,0.9813983488132095,0.8823529411764706,1.0,20
D,GAT+LSTM_full_retrain,5,4407,fri_pm_ddos,1.0,0.9994358420372009,0.918918918918919,0.9909442724458204,0.9411764705882353,1.0,20
D,GAT+LSTM_full_retrain,5,4408,fri_pm_ddos,1.0,0.9994829893112183,0.9473684210526315,0.9942982456140352,0.9444444444444444,1.0,20
D,GAT+LSTM_full_retrain,5,4409,fri_pm_ddos,1.0,0.9994401335716248,0.9473684210526315,0.9942982456140352,0.9444444444444444,1.0,20
D,GAT+LSTM_full_retrain,5,4410,fri_pm_ddos,1.0,0.9994286894798279,0.9473684210526315,0.9942982456140352,0.9444444444444444,1.0,20
D,GAT+LSTM_full_retrain,5,4411,fri_pm_ddos,1.0,0.9994449019432068,0.9473684210526315,0.9942982456140352,0.9444444444444444,1.0,20
D,GAT+LSTM_full_retrain,5,4412,fri_pm_ddos,1.0,0.9994716048240662,0.9473684210526315,0.9942982456140352,0.9444444444444444,1.0,20
D,GAT+LSTM_full_retrain,5,4413,fri_pm_ddos,1.0,0.9987849593162537,0.9473684210526315,0.9942982456140352,0.9444444444444444,1.0,20
D,GAT+LSTM_full_retrain,5,4414,fri_pm_ddos,0.0,0.9964095950126648,0.918918918918919,0.9909442724458204,0.9411764705882353,1.0,20
D,GAT+LSTM_full_retrain,5,4415,fri_pm_ddos,1.0,0.9941304326057434,0.918918918918919,0.9813983488132095,0.8823529411764706,1.0,20
D,GAT+LSTM_full_retrain,5,4416,fri_pm_ddos,1.0,0.9984777569770813,0.9473684210526315,0.984917751213546,0.8611111111111112,1.0,20
D,GAT+LSTM_full_retrain,5,4417,fri_pm_ddos,1.0,0.9990862607955933,0.9473684210526315,0.984917751213546,0.8611111111111112,1.0,20
D,GAT+LSTM_full_retrain,5,4418,fri_pm_ddos,1.0,0.9994327425956726,0.9473684210526315,0.984917751213546,0.8611111111111112,1.0,20
D,GAT+LSTM_full_retrain,5,4419,fri_pm_ddos,1.0,0.9994465708732605,0.9473684210526315,0.984917751213546,0.8611111111111112,1.0,20
D,GAT+LSTM_full_retrain,5,4420,fri_pm_ddos,1.0,0.9995239973068237,0.9473684210526315,0.984917751213546,0.8611111111111112,1.0,20
D,GAT+LSTM_full_retrain,5,4421,fri_pm_ddos,1.0,0.9994869232177734,0.9473684210526315,0.984917751213546,0.8611111111111112,1.0,20
D,GAT+LSTM_full_retrain,5,4422,fri_pm_ddos,0.0,0.9922046661376953,0.918918918918919,0.9804170713693114,0.8823529411764706,1.0,20
D,GAT+LSTM_full_retrain,5,4423,fri_pm_ddos,0.0,0.9924502372741699,0.8888888888888888,0.9752728558528675,0.890625,1.0,20
D,GAT+LSTM_full_retrain,5,4424,fri_pm_ddos,1.0,0.9987038373947144,0.8888888888888888,0.9752728558528675,0.890625,1.0,20
D,GAT+LSTM_full_retrain,5,4425,fri_pm_ddos,1.0,0.9987926483154297,0.918918918918919,0.9873759333454745,0.9215686274509804,1.0,20
D,GAT+LSTM_full_retrain,5,4426,fri_pm_ddos,1.0,0.9994303584098816,0.918918918918919,0.9966359092656671,0.9803921568627452,1.0,20
D,GAT+LSTM_full_retrain,5,4427,fri_pm_ddos,1.0,0.9994612336158752,0.918918918918919,0.9966359092656671,0.9803921568627452,1.0,20
D,GAT+LSTM_full_retrain,5,4428,fri_pm_ddos,1.0,0.9994159936904907,0.918918918918919,0.9966359092656671,0.9803921568627452,1.0,20
D,GAT+LSTM_full_retrain,5,4429,fri_pm_ddos,1.0,0.9994387030601501,0.918918918918919,0.9966359092656671,0.9803921568627452,1.0,20
D,GAT+LSTM_full_retrain,5,4430,fri_pm_ddos,1.0,0.9994599223136902,0.918918918918919,0.9966359092656671,0.9803921568627452,1.0,20
D,GAT+LSTM_full_retrain,5,4431,fri_pm_ddos,0.0,0.9913370609283447,0.8888888888888888,0.9962086397058824,0.984375,1.0,20
D,GAT+LSTM_full_retrain,5,4432,fri_pm_ddos,0.0,0.9925664663314819,0.8571428571428571,0.9956944444444444,0.9866666666666667,1.0,20
D,GAT+LSTM_full_retrain,5,4433,fri_pm_ddos,1.0,0.9981695413589478,0.8571428571428571,0.9956944444444444,0.9866666666666667,1.0,20
D,GAT+LSTM_full_retrain,5,4434,fri_pm_ddos,1.0,0.9993782043457031,0.8888888888888888,1.0,1.0,1.0,20
D,GAT+LSTM_full_retrain,5,4435,fri_pm_ddos,1.0,0.9995187520980835,0.8888888888888888,1.0,1.0,1.0,20
D,GAT+LSTM_full_retrain,5,4436,fri_pm_ddos,1.0,0.9994826316833496,0.8888888888888888,1.0,1.0,1.0,20
D,GAT+LSTM_full_retrain,5,4437,fri_pm_ddos,1.0,0.9994376301765442,0.8888888888888888,1.0,1.0,1.0,20
D,GAT+LSTM_full_retrain,5,4438,fri_pm_ddos,1.0,0.9994387030601501,0.8888888888888888,1.0,1.0,1.0,20
D,GAT+LSTM_full_retrain,5,4439,fri_pm_ddos,1.0,0.9993723034858704,0.8888888888888888,1.0,1.0,1.0,20
D,GAT+LSTM_full_retrain,5,4440,fri_pm_ddos,1.0,0.9990116357803345,0.8888888888888888,1.0,1.0,1.0,20
D,GAT+LSTM_full_retrain,5,4441,fri_pm_ddos,0.0,0.9986101388931274,0.8571428571428571,0.9956944444444443,0.9866666666666667,1.0,20
D,GAT+LSTM_full_retrain,5,4442,fri_pm_ddos,1.0,0.9994114637374878,0.8888888888888888,0.9962086397058824,0.984375,1.0,20
D,GAT+LSTM_full_retrain,5,4443,fri_pm_ddos,1.0,0.9994009733200073,0.918918918918919,0.996635909265667,0.9803921568627452,1.0,20
D,GAT+LSTM_full_retrain,5,4444,fri_pm_ddos,1.0,0.9994834661483765,0.918918918918919,0.996635909265667,0.9803921568627452,1.0,20
D,GAT+LSTM_full_retrain,5,4445,fri_pm_ddos,1.0,0.999453604221344,0.918918918918919,0.996635909265667,0.9803921568627452,1.0,20
D,GAT+LSTM_full_retrain,5,4446,fri_pm_ddos,1.0,0.9994018077850342,0.918918918918919,0.996635909265667,0.9803921568627452,1.0,20
D,GAT+LSTM_full_retrain,5,4447,fri_pm_ddos,1.0,0.9994205236434937,0.918918918918919,0.996635909265667,0.9803921568627452,1.0,20
D,GAT+LSTM_full_retrain,5,4448,fri_pm_ddos,1.0,0.9993715882301331,0.918918918918919,0.996635909265667,0.9803921568627452,1.0,20
D,GAT+LSTM_full_retrain,5,4449,fri_pm_ddos,0.0,0.7741525769233704,0.8888888888888888,0.9962086397058824,0.984375,1.0,20
D,GAT+LSTM_full_retrain,5,4450,fri_pm_ddos,0.0,0.06254885345697403,0.8823529411764706,0.9956944444444444,0.9866666666666667,0.8,20
D,GAT+LSTM_full_retrain,5,4451,fri_pm_ddos,0.0,0.9600438475608826,0.8823529411764706,0.9956944444444444,0.9866666666666667,0.8,20
D,GAT+LSTM_full_retrain,5,4452,fri_pm_ddos,0.0,0.9838963747024536,0.8823529411764706,0.9956944444444444,0.9866666666666667,0.8,20
D,GAT+LSTM_full_retrain,5,4453,fri_pm_ddos,1.0,0.9988823533058167,0.8823529411764706,1.0,1.0,0.8,20
D,GAT+LSTM_full_retrain,5,4454,fri_pm_ddos,1.0,0.9992559552192688,0.8823529411764706,1.0,1.0,0.8,20
D,GAT+LSTM_full_retrain,5,4455,fri_pm_ddos,1.0,0.9990963935852051,0.8823529411764706,1.0,1.0,0.8,20
D,GAT+LSTM_full_retrain,5,4456,fri_pm_ddos,1.0,0.999262273311615,0.8823529411764706,1.0,1.0,0.8,20
D,GAT+LSTM_full_retrain,5,4457,fri_pm_ddos,1.0,0.9995477795600891,0.8823529411764706,1.0,1.0,0.8,20
D,GAT+LSTM_full_retrain,5,4458,fri_pm_ddos,1.0,0.9990500807762146,0.8823529411764706,1.0,1.0,0.8,20
D,GAT+LSTM_full_retrain,5,4459,fri_pm_ddos,1.0,0.998828113079071,0.8823529411764706,1.0,1.0,0.8,20
D,GAT+LSTM_full_retrain,5,4460,fri_pm_ddos,0.0,0.9830575585365295,0.8484848484848485,0.9999999999999999,1.0,0.8333333333333334,20
D,GAT+LSTM_full_retrain,5,4461,fri_pm_ddos,0.0,0.9941785335540771,0.8484848484848485,0.9999999999999999,1.0,0.8333333333333334,20
D,GAT+LSTM_full_retrain,5,4462,fri_pm_ddos,1.0,0.9983823299407959,0.8484848484848485,0.9999999999999999,1.0,0.8333333333333334,20
D,GAT+LSTM_full_retrain,5,4463,fri_pm_ddos,1.0,0.9984728693962097,0.8484848484848485,0.9999999999999999,1.0,0.8333333333333334,20
D,GAT+LSTM_full_retrain,5,4464,fri_pm_ddos,1.0,0.9991631507873535,0.8484848484848485,0.9999999999999999,1.0,0.8333333333333334,20
D,GAT+LSTM_full_retrain,5,4465,fri_pm_ddos,1.0,0.9992527365684509,0.8484848484848485,0.9999999999999999,1.0,0.8333333333333334,20
D,GAT+LSTM_full_retrain,5,4466,fri_pm_ddos,1.0,0.9992741942405701,0.8484848484848485,0.9999999999999999,1.0,0.8333333333333334,20
D,GAT+LSTM_full_retrain,5,4467,fri_pm_ddos,1.0,0.9990321397781372,0.8484848484848485,0.9999999999999999,1.0,0.8333333333333334,20
D,GAT+LSTM_full_retrain,5,4468,fri_pm_ddos,1.0,0.9989168643951416,0.8484848484848485,0.9999999999999999,1.0,0.8333333333333334,20
D,GAT+LSTM_full_retrain,5,4469,fri_pm_ddos,0.0,0.9986661672592163,0.8484848484848485,0.9897697540554682,0.9761904761904763,0.8333333333333334,20
D,GAT+LSTM_full_retrain,5,4470,fri_pm_ddos,0.0,0.9987369179725647,0.8235294117647058,0.9809098639455781,0.9523809523809524,1.0,20
D,GAT+LSTM_full_retrain,5,4471,fri_pm_ddos,1.0,0.9989025592803955,0.8571428571428571,0.9833006535947713,0.9466666666666667,1.0,20
D,GAT+LSTM_full_retrain,5,4472,fri_pm_ddos,1.0,0.9988916516304016,0.8888888888888888,0.9852685866013071,0.9375,1.0,20
D,GAT+LSTM_full_retrain,5,4473,fri_pm_ddos,0.0,0.992254376411438,0.8571428571428571,0.9833006535947713,0.9466666666666667,1.0,20
D,GAT+LSTM_full_retrain,5,4474,fri_pm_ddos,0.0,0.9691413044929504,0.8235294117647058,0.9809098639455781,0.9523809523809524,1.0,20
D,GAT+LSTM_full_retrain,5,4475,fri_pm_ddos,0.0,0.4183671474456787,0.8125,0.9779656241194701,0.956043956043956,0.8571428571428571,20
D,GAT+LSTM_full_retrain,5,4476,fri_pm_ddos,0.0,0.2948979139328003,0.8,0.974282661782662,0.9583333333333334,0.75,20
D,GAT+LSTM_full_retrain,5,4477,fri_pm_ddos,0.0,0.1999952346086502,0.7857142857142857,0.9695910150455607,0.9595959595959596,0.6666666666666666,20
D,GAT+LSTM_full_retrain,5,4478,fri_pm_ddos,0.0,0.02330605871975422,0.7692307692307693,0.9634848484848485,0.9600000000000001,0.6,20
D,GAT+LSTM_full_retrain,5,4479,fri_pm_ddos,0.0,0.020877474918961525,0.75,0.9553310886644222,0.9595959595959596,0.5454545454545454,20
D,GAT+LSTM_full_retrain,5,4480,fri_pm_ddos,0.0,0.02544304169714451,0.782608695652174,0.9553310886644222,0.9595959595959596,0.45454545454545453,20
D,GAT+LSTM_full_retrain,5,4481,fri_pm_ddos,0.0,0.013965785503387451,0.8181818181818182,0.9553310886644222,0.9595959595959596,0.36363636363636365,20
D,GAT+LSTM_full_retrain,5,4482,fri_pm_ddos,0.0,0.037917643785476685,0.8,0.9736111111111111,0.9791666666666667,0.3333333333333333,20
D,GAT+LSTM_full_retrain,5,4483,fri_pm_ddos,0.0,0.023087263107299805,0.7777777777777778,0.9999999999999998,1.0,0.3076923076923077,20
D,GAT+LSTM_full_retrain,5,4484,fri_pm_ddos,0.0,0.014045502990484238,0.75,1.0,1.0,0.2857142857142857,20
D,GAT+LSTM_full_retrain,5,4485,fri_pm_ddos,0.0,0.021567652001976967,0.7142857142857143,1.0,1.0,0.26666666666666666,20
D,GAT+LSTM_full_retrain,5,4486,fri_pm_ddos,0.0,0.0148130152374506,0.6666666666666666,1.0,1.0,0.25,20
D,GAT+LSTM_full_retrain,5,4487,fri_pm_ddos,0.0,0.02662365697324276,0.6,1.0,1.0,0.23529411764705882,20
D,GAT+LSTM_full_retrain,5,4488,fri_pm_ddos,0.0,0.025656767189502716,0.5,1.0,1.0,0.2222222222222222,20
D,GAT+LSTM_full_retrain,5,4489,fri_pm_ddos,0.0,0.02398686297237873,0.5714285714285714,1.0,1.0,0.16666666666666666,20
D,GAT+LSTM_full_retrain,5,4490,fri_pm_ddos,0.0,0.010241866111755371,0.6666666666666666,1.0,1.0,0.1111111111111111,20
D,GAT+LSTM_full_retrain,5,4491,fri_pm_ddos,0.0,0.011300959624350071,0.5,1.0,1.0,0.10526315789473684,20
D,GAT+LSTM_full_retrain,5,4492,fri_pm_ddos,0.0,0.038041915744543076,0.0,0.5,,0.1,20
D,GAT+LSTM_full_retrain,5,4493,fri_pm_ddos,0.0,0.014304648153483868,0.0,0.5,,0.05,20
D,GAT+LSTM_full_retrain,5,4494,fri_pm_ddos,0.0,0.009474419988691807,0.0,0.5,,0.0,20
D,GAT+LSTM_full_retrain,5,4495,fri_pm_ddos,0.0,0.008519914001226425,0.0,0.5,,0.0,20
D,GAT+LSTM_full_retrain,5,4496,fri_pm_ddos,0.0,0.0397215336561203,0.0,0.5,,0.0,20
D,GAT+LSTM_full_retrain,5,4497,fri_pm_ddos,0.0,0.014784635044634342,0.0,0.5,,0.0,20
D,GAT+LSTM_full_retrain,5,4498,fri_pm_ddos,0.0,0.023639068007469177,0.0,0.5,,0.0,20
D,GAT+LSTM_full_retrain,5,4499,fri_pm_ddos,0.0,0.10532186925411224,0.0,0.5,,0.0,20
D,GAT+LSTM_full_retrain,5,4500,fri_pm_ddos,0.0,0.6832143068313599,0.0,0.5,,0.05,20
D,GAT+LSTM_incremental,1,6,mon,0.0,0.00029727519722655416,0.0,0.5,,0.0,1
D,GAT+LSTM_incremental,1,7,mon,0.0,0.000955468334723264,0.0,0.5,,0.0,2
D,GAT+LSTM_incremental,1,8,mon,0.0,0.000989758875221014,0.0,0.5,,0.0,3
D,GAT+LSTM_incremental,1,9,mon,0.0,0.0003420895372983068,0.0,0.5,,0.0,4
D,GAT+LSTM_incremental,1,10,mon,0.0,0.00018979956803377718,0.0,0.5,,0.0,5
D,GAT+LSTM_incremental,1,11,mon,0.0,0.00034275397774763405,0.0,0.5,,0.0,6
D,GAT+LSTM_incremental,1,12,mon,0.0,0.00019160789088346064,0.0,0.5,,0.0,7
D,GAT+LSTM_incremental,1,13,mon,0.0,0.00017582955479156226,0.0,0.5,,0.0,8
D,GAT+LSTM_incremental,1,14,mon,0.0,0.00015086216444615275,0.0,0.5,,0.0,9
D,GAT+LSTM_incremental,1,15,mon,0.0,0.0001498642668593675,0.0,0.5,,0.0,10
D,GAT+LSTM_incremental,1,16,mon,0.0,0.00014545867452397943,0.0,0.5,,0.0,11
D,GAT+LSTM_incremental,1,17,mon,0.0,0.00039065693272277713,0.0,0.5,,0.0,12
D,GAT+LSTM_incremental,1,18,mon,0.0,0.0005132833612151444,0.0,0.5,,0.0,13
D,GAT+LSTM_incremental,1,19,mon,0.0,0.00028366531478241086,0.0,0.5,,0.0,14
D,GAT+LSTM_incremental,1,20,mon,0.0,0.000600577041041106,0.0,0.5,,0.0,15
D,GAT+LSTM_incremental,1,21,mon,0.0,0.00023667654022574425,0.0,0.5,,0.0,16
D,GAT+LSTM_incremental,1,22,mon,0.0,0.0006714346236549318,0.0,0.5,,0.0,17
D,GAT+LSTM_incremental,1,23,mon,0.0,0.00023668761423323303,0.0,0.5,,0.0,18
D,GAT+LSTM_incremental,1,24,mon,0.0,0.00015864134184084833,0.0,0.5,,0.0,19
D,GAT+LSTM_incremental,1,25,mon,0.0,0.00018428133626002818,0.0,0.5,,0.0,20
D,GAT+LSTM_incremental,1,26,mon,0.0,0.000168996601132676,0.0,0.5,,0.0,20
D,GAT+LSTM_incremental,1,27,mon,0.0,0.0001455385790904984,0.0,0.5,,0.0,20
D,GAT+LSTM_incremental,1,28,mon,0.0,0.00014875576016493142,0.0,0.5,,0.0,20
D,GAT+LSTM_incremental,1,29,mon,0.0,0.00015900300059001893,0.0,0.5,,0.0,20
D,GAT+LSTM_incremental,1,30,mon,0.0,0.0001899157650768757,0.0,0.5,,0.0,20
D,GAT+LSTM_incremental,1,31,mon,0.0,0.00015077099669724703,0.0,0.5,,0.0,20
D,GAT+LSTM_incremental,1,32,mon,0.0,0.0003778293030336499,0.0,0.5,,0.0,20
D,GAT+LSTM_incremental,1,33,mon,0.0,0.00017853597819339484,0.0,0.5,,0.0,20
D,GAT+LSTM_incremental,1,34,mon,0.0,0.00025002914480865,0.0,0.5,,0.0,20
D,GAT+LSTM_incremental,1,35,mon,0.0,0.00016189167217817158,0.0,0.5,,0.0,20
D,GAT+LSTM_incremental,1,36,mon,0.0,0.0001748815120663494,0.0,0.5,,0.0,20
D,GAT+LSTM_incremental,1,37,mon,0.0,0.00015904757310636342,0.0,0.5,,0.0,20
D,GAT+LSTM_incremental,1,38,mon,0.0,0.00016580669034738094,0.0,0.5,,0.0,20
D,GAT+LSTM_incremental,1,39,mon,0.0,0.00018890693900175393,0.0,0.5,,0.0,20
D,GAT+LSTM_incremental,1,40,mon,0.0,0.00019488150428514928,0.0,0.5,,0.0,20
D,GAT+LSTM_incremental,1,41,mon,0.0,0.00018593849381431937,0.0,0.5,,0.0,20
D,GAT+LSTM_incremental,1,42,mon,0.0,0.00015847021131776273,0.0,0.5,,0.0,20
D,GAT+LSTM_incremental,1,43,mon,0.0,0.00017303868662565947,0.0,0.5,,0.0,20
D,GAT+LSTM_incremental,1,44,mon,0.0,0.00017875384946819395,0.0,0.5,,0.0,20
D,GAT+LSTM_incremental,1,45,mon,0.0,0.00017403597303200513,0.0,0.5,,0.0,20
D,GAT+LSTM_incremental,1,46,mon,0.0,0.000202680254005827,0.0,0.5,,0.0,20
D,GAT+LSTM_incremental,1,47,mon,0.0,0.00020891854364890605,0.0,0.5,,0.0,20
D,GAT+LSTM_incremental,1,48,mon,0.0,0.00020576555107254535,0.0,0.5,,0.0,20
D,GAT+LSTM_incremental,1,49,mon,0.0,0.0001479029015172273,0.0,0.5,,0.0,20
D,GAT+LSTM_incremental,1,50,mon,0.0,0.00015109451487660408,0.0,0.5,,0.0,20
D,GAT+LSTM_incremental,1,51,mon,0.0,0.00013900677731726319,0.0,0.5,,0.0,20
D,GAT+LSTM_incremental,1,52,mon,0.0,0.00013517581101041287,0.0,0.5,,0.0,20
D,GAT+LSTM_incremental,1,53,mon,0.0,0.00013729793136008084,0.0,0.5,,0.0,20
D,GAT+LSTM_incremental,1,54,mon,0.0,0.00019044690998271108,0.0,0.5,,0.0,20
D,GAT+LSTM_incremental,1,55,mon,0.0,0.00015730586892459542,0.0,0.5,,0.0,20
D,GAT+LSTM_incremental,1,56,mon,0.0,0.0001397294399794191,0.0,0.5,,0.0,20
D,GAT+LSTM_incremental,1,57,mon,0.0,0.00015794328646734357,0.0,0.5,,0.0,20
D,GAT+LSTM_incremental,1,58,mon,0.0,0.00014343851944431663,0.0,0.5,,0.0,20
D,GAT+LSTM_incremental,1,59,mon,0.0,0.00014862148964311928,0.0,0.5,,0.0,20
D,GAT+LSTM_incremental,1,60,mon,0.0,0.00013695783854927868,0.0,0.5,,0.0,20
D,GAT+LSTM_incremental,1,61,mon,0.0,0.00015851433272473514,0.0,0.5,,0.0,20
D,GAT+LSTM_incremental,1,62,mon,0.0,0.00014491377805825323,0.0,0.5,,0.0,20
D,GAT+LSTM_incremental,1,63,mon,0.0,0.00017837263294495642,0.0,0.5,,0.0,20
D,GAT+LSTM_incremental,1,64,mon,0.0,0.0001621917326701805,0.0,0.5,,0.0,20
D,GAT+LSTM_incremental,1,65,mon,0.0,0.00013567140558734536,0.0,0.5,,0.0,20
D,GAT+LSTM_incremental,1,66,mon,0.0,0.0001959779328899458,0.0,0.5,,0.0,20
D,GAT+LSTM_incremental,1,67,mon,0.0,0.00020247066277079284,0.0,0.5,,0.0,20
D,GAT+LSTM_incremental,1,68,mon,0.0,0.00014416745398193598,0.0,0.5,,0.0,20
D,GAT+LSTM_incremental,1,69,mon,0.0,0.00014469159941654652,0.0,0.5,,0.0,20
D,GAT+LSTM_incremental,1,70,mon,0.0,0.00016422521730419248,0.0,0.5,,0.0,20
D,GAT+LSTM_incremental,1,71,mon,0.0,0.00018769520102068782,0.0,0.5,,0.0,20
D,GAT+LSTM_incremental,1,72,mon,0.0,0.00015681644435971975,0.0,0.5,,0.0,20
D,GAT+LSTM_incremental,1,73,mon,0.0,0.0001484226668253541,0.0,0.5,,0.0,20
D,GAT+LSTM_incremental,1,74,mon,0.0,0.00817951187491417,0.0,0.5,,0.0,20
D,GAT+LSTM_incremental,1,75,mon,0.0,0.00026417814660817385,0.0,0.5,,0.0,20
D,GAT+LSTM_incremental,1,76,mon,0.0,0.00026332263951189816,0.0,0.5,,0.0,20
D,GAT+LSTM_incremental,1,77,mon,0.0,0.00022199685918167233,0.0,0.5,,0.0,20
D,GAT+LSTM_incremental,1,78,mon,0.0,0.00021908621420152485,0.0,0.5,,0.0,20
D,GAT+LSTM_incremental,1,79,mon,0.0,0.00022761190484743565,0.0,0.5,,0.0,20
D,GAT+LSTM_incremental,1,80,mon,0.0,0.00021463935263454914,0.0,0.5,,0.0,20
D,GAT+LSTM_incremental,1,81,mon,0.0,0.00013953066081739962,0.0,0.5,,0.0,20
D,GAT+LSTM_incremental,1,82,mon,0.0,0.00013997133646626025,0.0,0.5,,0.0,20
D,GAT+LSTM_incremental,1,83,mon,0.0,0.0001433512952644378,0.0,0.5,,0.0,20
D,GAT+LSTM_incremental,1,84,mon,0.0,0.0001402695634169504,0.0,0.5,,0.0,20
D,GAT+LSTM_incremental,1,85,mon,0.0,0.0001559197553433478,0.0,0.5,,0.0,20
D,GAT+LSTM_incremental,1,86,mon,0.0,0.00015636387979611754,0.0,0.5,,0.0,20
D,GAT+LSTM_incremental,1,87,mon,0.0,0.0001432207936886698,0.0,0.5,,0.0,20
D,GAT+LSTM_incremental,1,88,mon,0.0,0.0001418467436451465,0.0,0.5,,0.0,20
D,GAT+LSTM_incremental,1,89,mon,0.0,0.00047249466297216713,0.0,0.5,,0.0,20
D,GAT+LSTM_incremental,1,90,mon,0.0,0.00015800174151081592,0.0,0.5,,0.0,20
D,GAT+LSTM_incremental,1,91,mon,0.0,0.00016893989231903106,0.0,0.5,,0.0,20
D,GAT+LSTM_incremental,1,92,mon,0.0,0.00015504607290495187,0.0,0.5,,0.0,20
D,GAT+LSTM_incremental,1,93,mon,0.0,0.00013905132072977722,0.0,0.5,,0.0,20
D,GAT+LSTM_incremental,1,94,mon,0.0,0.0001367034128634259,0.0,0.5,,0.0,20
D,GAT+LSTM_incremental,1,95,mon,0.0,0.00017367259715683758,0.0,0.5,,0.0,20
D,GAT+LSTM_incremental,1,96,mon,0.0,0.00015232179430313408,0.0,0.5,,0.0,20
D,GAT+LSTM_incremental,1,97,mon,0.0,0.00017602463776711375,0.0,0.5,,0.0,20
D,GAT+LSTM_incremental,1,98,mon,0.0,0.00022126951080281287,0.0,0.5,,0.0,20
D,GAT+LSTM_incremental,1,99,mon,0.0,0.0001478786434745416,0.0,0.5,,0.0,20
D,GAT+LSTM_incremental,1,100,mon,0.0,0.00016576526104472578,0.0,0.5,,0.0,20
D,GAT+LSTM_incremental,1,101,mon,0.0,0.0001520963996881619,0.0,0.5,,0.0,20
D,GAT+LSTM_incremental,1,102,mon,0.0,0.00014645126066170633,0.0,0.5,,0.0,20
D,GAT+LSTM_incremental,1,103,mon,0.0,0.0001572121400386095,0.0,0.5,,0.0,20
D,GAT+LSTM_incremental,1,104,mon,0.0,0.00016415132267866284,0.0,0.5,,0.0,20
D,GAT+LSTM_incremental,1,105,mon,0.0,0.0001461679203202948,0.0,0.5,,0.0,20
D,GAT+LSTM_incremental,1,106,mon,0.0,0.00013865900109522045,0.0,0.5,,0.0,20
D,GAT+LSTM_incremental,1,107,mon,0.0,0.00014416374324355274,0.0,0.5,,0.0,20
D,GAT+LSTM_incremental,1,108,mon,0.0,0.0001469495182391256,0.0,0.5,,0.0,20
D,GAT+LSTM_incremental,1,109,mon,0.0,0.00020211481023579836,0.0,0.5,,0.0,20
D,GAT+LSTM_incremental,1,110,mon,0.0,0.0001663638249738142,0.0,0.5,,0.0,20
D,GAT+LSTM_incremental,1,111,mon,0.0,0.0003027046041097492,0.0,0.5,,0.0,20
D,GAT+LSTM_incremental,1,112,mon,0.0,0.00015695765614509583,0.0,0.5,,0.0,20
D,GAT+LSTM_incremental,1,113,mon,0.0,0.00013718735135626048,0.0,0.5,,0.0,20
D,GAT+LSTM_incremental,1,114,mon,0.0,0.00013502867659553885,0.0,0.5,,0.0,20
D,GAT+LSTM_incremental,1,115,mon,0.0,0.00014240076416172087,0.0,0.5,,0.0,20
D,GAT+LSTM_incremental,1,116,mon,0.0,0.00014561243006028235,0.0,0.5,,0.0,20
D,GAT+LSTM_incremental,1,117,mon,0.0,0.00017820265202317387,0.0,0.5,,0.0,20
D,GAT+LSTM_incremental,1,118,mon,0.0,0.00024382353876717389,0.0,0.5,,0.0,20
D,GAT+LSTM_incremental,1,119,mon,0.0,0.00019930719281546772,0.0,0.5,,0.0,20
D,GAT+LSTM_incremental,1,120,mon,0.0,0.00015569703828077763,0.0,0.5,,0.0,20
D,GAT+LSTM_incremental,1,121,mon,0.0,0.00013875396689400077,0.0,0.5,,0.0,20
D,GAT+LSTM_incremental,1,122,mon,0.0,0.000134989561047405,0.0,0.5,,0.0,20
D,GAT+LSTM_incremental,1,123,mon,0.0,0.00016036847955547273,0.0,0.5,,0.0,20
D,GAT+LSTM_incremental,1,124,mon,0.0,0.0001552443136461079,0.0,0.5,,0.0,20
D,GAT+LSTM_incremental,1,125,mon,0.0,0.00015862940927036107,0.0,0.5,,0.0,20
D,GAT+LSTM_incremental,1,126,mon,0.0,0.00017817392654251307,0.0,0.5,,0.0,20
D,GAT+LSTM_incremental,1,127,mon,0.0,0.0001470790448365733,0.0,0.5,,0.0,20
D,GAT+LSTM_incremental,1,128,mon,0.0,0.0001493055751780048,0.0,0.5,,0.0,20
D,GAT+LSTM_incremental,1,129,mon,0.0,0.0001712903758743778,0.0,0.5,,0.0,20
D,GAT+LSTM_incremental,1,130,mon,0.0,0.00018486914632376283,0.0,0.5,,0.0,20
D,GAT+LSTM_incremental,1,131,mon,0.0,0.00016818271251395345,0.0,0.5,,0.0,20
D,GAT+LSTM_incremental,1,132,mon,0.0,0.00013443628267850727,0.0,0.5,,0.0,20
D,GAT+LSTM_incremental,1,133,mon,0.0,0.00014238079893402755,0.0,0.5,,0.0,20
D,GAT+LSTM_incremental,1,134,mon,0.0,0.00014336290769279003,0.0,0.5,,0.0,20
D,GAT+LSTM_incremental,1,135,mon,0.0,0.00022120789799373597,0.0,0.5,,0.0,20
D,GAT+LSTM_incremental,1,136,mon,0.0,0.00016874828725121915,0.0,0.5,,0.0,20
D,GAT+LSTM_incremental,1,137,mon,0.0,0.00023999078257475048,0.0,0.5,,0.0,20
D,GAT+LSTM_incremental,1,138,mon,0.0,0.00016602990217506886,0.0,0.5,,0.0,20
D,GAT+LSTM_incremental,1,139,mon,0.0,0.0002669047680683434,0.0,0.5,,0.0,20
D,GAT+LSTM_incremental,1,140,mon,0.0,0.0002049664471996948,0.0,0.5,,0.0,20
D,GAT+LSTM_incremental,1,141,mon,0.0,0.00036096578696742654,0.0,0.5,,0.0,20
D,GAT+LSTM_incremental,1,142,mon,0.0,0.00014795438619330525,0.0,0.5,,0.0,20
D,GAT+LSTM_incremental,1,143,mon,0.0,0.00014396346523426473,0.0,0.5,,0.0,20
D,GAT+LSTM_incremental,1,144,mon,0.0,0.00014578443369828165,0.0,0.5,,0.0,20
D,GAT+LSTM_incremental,1,145,mon,0.0,0.00015714485198259354,0.0,0.5,,0.0,20
D,GAT+LSTM_incremental,1,146,mon,0.0,0.00017241119348909706,0.0,0.5,,0.0,20
D,GAT+LSTM_incremental,1,147,mon,0.0,0.00014795847528148443,0.0,0.5,,0.0,20
D,GAT+LSTM_incremental,1,148,mon,0.0,0.00017334980657324195,0.0,0.5,,0.0,20
D,GAT+LSTM_incremental,1,149,mon,0.0,0.00017209698853548616,0.0,0.5,,0.0,20
D,GAT+LSTM_incremental,1,150,mon,0.0,0.00015762762632220984,0.0,0.5,,0.0,20
D,GAT+LSTM_incremental,1,151,mon,0.0,0.00015486714255530387,0.0,0.5,,0.0,20
D,GAT+LSTM_incremental,1,152,mon,0.0,0.00014163024025037885,0.0,0.5,,0.0,20
D,GAT+LSTM_incremental,1,153,mon,0.0,0.00014627946075052023,0.0,0.5,,0.0,20
D,GAT+LSTM_incremental,1,154,mon,0.0,0.0001853773428592831,0.0,0.5,,0.0,20
D,GAT+LSTM_incremental,1,155,mon,0.0,0.0001459151681046933,0.0,0.5,,0.0,20
D,GAT+LSTM_incremental,1,156,mon,0.0,0.00027198056341148913,0.0,0.5,,0.0,20
D,GAT+LSTM_incremental,1,157,mon,0.0,0.000159943345352076,0.0,0.5,,0.0,20
D,GAT+LSTM_incremental,1,158,mon,0.0,0.00014295693836174905,0.0,0.5,,0.0,20
D,GAT+LSTM_incremental,1,159,mon,0.0,0.00014984825975261629,0.0,0.5,,0.0,20
D,GAT+LSTM_incremental,1,160,mon,0.0,0.00013748697529081255,0.0,0.5,,0.0,20
D,GAT+LSTM_incremental,1,161,mon,0.0,0.00015587813686579466,0.0,0.5,,0.0,20
D,GAT+LSTM_incremental,1,162,mon,0.0,0.0001388478121953085,0.0,0.5,,0.0,20
D,GAT+LSTM_incremental,1,163,mon,0.0,0.00015623973740730435,0.0,0.5,,0.0,20
D,GAT+LSTM_incremental,1,164,mon,0.0,0.00014407937123905867,0.0,0.5,,0.0,20
D,GAT+LSTM_incremental,1,165,mon,0.0,0.00017219352594111115,0.0,0.5,,0.0,20
D,GAT+LSTM_incremental,1,166,mon,0.0,0.00014043149712961167,0.0,0.5,,0.0,20
D,GAT+LSTM_incremental,1,167,mon,0.0,0.0004584706330206245,0.0,0.5,,0.0,20
D,GAT+LSTM_incremental,1,168,mon,0.0,0.00019486255769152194,0.0,0.5,,0.0,20
D,GAT+LSTM_incremental,1,169,mon,0.0,0.00014289819227997214,0.0,0.5,,0.0,20
D,GAT+LSTM_incremental,1,170,mon,0.0,0.00014456156350206584,0.0,0.5,,0.0,20
D,GAT+LSTM_incremental,1,171,mon,0.0,0.0001650099002290517,0.0,0.5,,0.0,20
D,GAT+LSTM_incremental,1,172,mon,0.0,0.00014372507575899363,0.0,0.5,,0.0,20
D,GAT+LSTM_incremental,1,173,mon,0.0,0.0002493468637112528,0.0,0.5,,0.0,20
D,GAT+LSTM_incremental,1,174,mon,0.0,0.00016487542598042637,0.0,0.5,,0.0,20
D,GAT+LSTM_incremental,1,175,mon,0.0,0.00014072023623157293,0.0,0.5,,0.0,20
D,GAT+LSTM_incremental,1,176,mon,0.0,0.00014070038741920143,0.0,0.5,,0.0,20
D,GAT+LSTM_incremental,1,177,mon,0.0,0.00014015217311680317,0.0,0.5,,0.0,20
D,GAT+LSTM_incremental,1,178,mon,0.0,0.00015903118764981627,0.0,0.5,,0.0,20
D,GAT+LSTM_incremental,1,179,mon,0.0,0.0001535016344860196,0.0,0.5,,0.0,20
D,GAT+LSTM_incremental,1,180,mon,0.0,0.000151119296788238,0.0,0.5,,0.0,20
D,GAT+LSTM_incremental,1,181,mon,0.0,0.00013814761769026518,0.0,0.5,,0.0,20
D,GAT+LSTM_incremental,1,182,mon,0.0,0.0001493162417318672,0.0,0.5,,0.0,20
D,GAT+LSTM_incremental,1,183,mon,0.0,0.00014202838065102696,0.0,0.5,,0.0,20
D,GAT+LSTM_incremental,1,184,mon,0.0,0.00015610155242029577,0.0,0.5,,0.0,20
D,GAT+LSTM_incremental,1,185,mon,0.0,0.00015175393491517752,0.0,0.5,,0.0,20
D,GAT+LSTM_incremental,1,186,mon,0.0,0.00015179965703282505,0.0,0.5,,0.0,20
D,GAT+LSTM_incremental,1,187,mon,0.0,0.00017069120076484978,0.0,0.5,,0.0,20
D,GAT+LSTM_incremental,1,188,mon,0.0,0.00014246160571929067,0.0,0.5,,0.0,20
D,GAT+LSTM_incremental,1,189,mon,0.0,0.00014376592298503965,0.0,0.5,,0.0,20
D,GAT+LSTM_incremental,1,190,mon,0.0,0.0001430312404409051,0.0,0.5,,0.0,20
D,GAT+LSTM_incremental,1,191,mon,0.0,0.00014821179502177984,0.0,0.5,,0.0,20
D,GAT+LSTM_incremental,1,192,mon,0.0,0.00017777511675376445,0.0,0.5,,0.0,20
D,GAT+LSTM_incremental,1,193,mon,0.0,0.0001638040557736531,0.0,0.5,,0.0,20
D,GAT+LSTM_incremental,1,194,mon,0.0,0.0004431082052178681,0.0,0.5,,0.0,20
D,GAT+LSTM_incremental,1,195,mon,0.0,0.00020142510766163468,0.0,0.5,,0.0,20
D,GAT+LSTM_incremental,1,196,mon,0.0,0.00016733954544179142,0.0,0.5,,0.0,20
D,GAT+LSTM_incremental,1,197,mon,0.0,0.00013707359903492033,0.0,0.5,,0.0,20
D,GAT+LSTM_incremental,1,198,mon,0.0,0.0001822758640628308,0.0,0.5,,0.0,20
D,GAT+LSTM_incremental,1,199,mon,0.0,0.0001597074297023937,0.0,0.5,,0.0,20
D,GAT+LSTM_incremental,1,200,mon,0.0,0.00015122423064894974,0.0,0.5,,0.0,20
D,GAT+LSTM_incremental,1,201,mon,0.0,0.00015058247663546354,0.0,0.5,,0.0,20
D,GAT+LSTM_incremental,1,202,mon,0.0,0.00014002874377183616,0.0,0.5,,0.0,20
D,GAT+LSTM_incremental,1,203,mon,0.0,0.0001351273531327024,0.0,0.5,,0.0,20
D,GAT+LSTM_incremental,1,204,mon,0.0,0.00021289709548000246,0.0,0.5,,0.0,20
D,GAT+LSTM_incremental,1,205,mon,0.0,0.0001503825915278867,0.0,0.5,,0.0,20
D,GAT+LSTM_incremental,1,206,mon,0.0,0.00019892462296411395,0.0,0.5,,0.0,20
D,GAT+LSTM_incremental,1,207,mon,0.0,0.00013873768330086023,0.0,0.5,,0.0,20
D,GAT+LSTM_incremental,1,208,mon,0.0,0.0001484131789766252,0.0,0.5,,0.0,20
D,GAT+LSTM_incremental,1,209,mon,0.0,0.0001440255146007985,0.0,0.5,,0.0,20
D,GAT+LSTM_incremental,1,210,mon,0.0,0.0001734086690703407,0.0,0.5,,0.0,20
D,GAT+LSTM_incremental,1,211,mon,0.0,0.0001424641814082861,0.0,0.5,,0.0,20
D,GAT+LSTM_incremental,1,212,mon,0.0,0.00017353369912598282,0.0,0.5,,0.0,20
D,GAT+LSTM_incremental,1,213,mon,0.0,0.00019575045735109597,0.0,0.5,,0.0,20
D,GAT+LSTM_incremental,1,214,mon,0.0,0.00013926760584581643,0.0,0.5,,0.0,20
D,GAT+LSTM_incremental,1,215,mon,0.0,0.00014350377023220062,0.0,0.5,,0.0,20
D,GAT+LSTM_incremental,1,216,mon,0.0,0.0001404188951710239,0.0,0.5,,0.0,20
D,GAT+LSTM_incremental,1,217,mon,0.0,0.00014331219426821917,0.0,0.5,,0.0,20
D,GAT+LSTM_incremental,1,218,mon,0.0,0.00014351306890603155,0.0,0.5,,0.0,20
D,GAT+LSTM_incremental,1,219,mon,0.0,0.00036408103187568486,0.0,0.5,,0.0,20
D,GAT+LSTM_incremental,1,220,mon,0.0,0.00015751810860820115,0.0,0.5,,0.0,20
D,GAT+LSTM_incremental,1,221,mon,0.0,0.00027660824707709253,0.0,0.5,,0.0,20
D,GAT+LSTM_incremental,1,222,mon,0.0,0.00018855350208468735,0.0,0.5,,0.0,20
D,GAT+LSTM_incremental,1,223,mon,0.0,0.00020144220616202801,0.0,0.5,,0.0,20
D,GAT+LSTM_incremental,1,224,mon,0.0,0.0001373215054627508,0.0,0.5,,0.0,20
D,GAT+LSTM_incremental,1,225,mon,0.0,0.00013554275210481137,0.0,0.5,,0.0,20
D,GAT+LSTM_incremental,1,226,mon,0.0,0.0001444761292077601,0.0,0.5,,0.0,20
D,GAT+LSTM_incremental,1,227,mon,0.0,0.00015542989422101527,0.0,0.5,,0.0,20
D,GAT+LSTM_incremental,1,228,mon,0.0,0.00016586804122198373,0.0,0.5,,0.0,20
D,GAT+LSTM_incremental,1,229,mon,0.0,0.00017911267059389502,0.0,0.5,,0.0,20
D,GAT+LSTM_incremental,1,230,mon,0.0,0.0001524822146166116,0.0,0.5,,0.0,20
D,GAT+LSTM_incremental,1,231,mon,0.0,0.00015611016715411097,0.0,0.5,,0.0,20
D,GAT+LSTM_incremental,1,232,mon,0.0,0.00014272292901296169,0.0,0.5,,0.0,20
D,GAT+LSTM_incremental,1,233,mon,0.0,0.00016031406994443387,0.0,0.5,,0.0,20
D,GAT+LSTM_incremental,1,234,mon,0.0,0.00020190812938380986,0.0,0.5,,0.0,20
D,GAT+LSTM_incremental,1,235,mon,0.0,0.00014612289669457823,0.0,0.5,,0.0,20
D,GAT+LSTM_incremental,1,236,mon,0.0,0.00014225798076950014,0.0,0.5,,0.0,20
D,GAT+LSTM_incremental,1,237,mon,0.0,0.00013634761853609234,0.0,0.5,,0.0,20
D,GAT+LSTM_incremental,1,238,mon,0.0,0.00014512561028823256,0.0,0.5,,0.0,20
D,GAT+LSTM_incremental,1,239,mon,0.0,0.00016697455430403352,0.0,0.5,,0.0,20
D,GAT+LSTM_incremental,1,240,mon,0.0,0.00037489121314138174,0.0,0.5,,0.0,20
D,GAT+LSTM_incremental,1,241,mon,0.0,0.0006220336654223502,0.0,0.5,,0.0,20
D,GAT+LSTM_incremental,1,242,mon,0.0,0.00038372777635231614,0.0,0.5,,0.0,20
D,GAT+LSTM_incremental,1,243,mon,0.0,0.00021828929311595857,0.0,0.5,,0.0,20
D,GAT+LSTM_incremental,1,244,mon,0.0,0.00015194606385193765,0.0,0.5,,0.0,20
D,GAT+LSTM_incremental,1,245,mon,0.0,0.0001398501917719841,0.0,0.5,,0.0,20
D,GAT+LSTM_incremental,1,246,mon,0.0,0.00014257658040151,0.0,0.5,,0.0,20
D,GAT+LSTM_incremental,1,247,mon,0.0,0.0001347973884548992,0.0,0.5,,0.0,20
D,GAT+LSTM_incremental,1,248,mon,0.0,0.0001587269944138825,0.0,0.5,,0.0,20
D,GAT+LSTM_incremental,1,249,mon,0.0,0.0001428126561222598,0.0,0.5,,0.0,20
D,GAT+LSTM_incremental,1,250,mon,0.0,0.00016303679149132222,0.0,0.5,,0.0,20
D,GAT+LSTM_incremental,1,251,mon,0.0,0.00016306943143717945,0.0,0.5,,0.0,20
D,GAT+LSTM_incremental,1,252,mon,0.0,0.0001360386813757941,0.0,0.5,,0.0,20
D,GAT+LSTM_incremental,1,253,mon,0.0,0.00014410189760383219,0.0,0.5,,0.0,20
D,GAT+LSTM_incremental,1,254,mon,0.0,0.00015841008280403912,0.0,0.5,,0.0,20
D,GAT+LSTM_incremental,1,255,mon,0.0,0.00013991209561936557,0.0,0.5,,0.0,20
D,GAT+LSTM_incremental,1,256,mon,0.0,0.000145541358506307,0.0,0.5,,0.0,20
D,GAT+LSTM_incremental,1,257,mon,0.0,0.0001502904196968302,0.0,0.5,,0.0,20
D,GAT+LSTM_incremental,1,258,mon,0.0,0.00013872564886696637,0.0,0.5,,0.0,20
D,GAT+LSTM_incremental,1,259,mon,0.0,0.00013824485358782113,0.0,0.5,,0.0,20
D,GAT+LSTM_incremental,1,260,mon,0.0,0.00014134260709397495,0.0,0.5,,0.0,20
D,GAT+LSTM_incremental,1,261,mon,0.0,0.00014828643179498613,0.0,0.5,,0.0,20
D,GAT+LSTM_incremental,1,262,mon,0.0,0.00014371027646120638,0.0,0.5,,0.0,20
D,GAT+LSTM_incremental,1,263,mon,0.0,0.00017855028272606432,0.0,0.5,,0.0,20
D,GAT+LSTM_incremental,1,264,mon,0.0,0.00014937946980353445,0.0,0.5,,0.0,20
D,GAT+LSTM_incremental,1,265,mon,0.0,0.0001437956525478512,0.0,0.5,,0.0,20
D,GAT+LSTM_incremental,1,266,mon,0.0,0.0001541631791042164,0.0,0.5,,0.0,20
D,GAT+LSTM_incremental,1,267,mon,0.0,0.00013762274465989321,0.0,0.5,,0.0,20
D,GAT+LSTM_incremental,1,268,mon,0.0,0.00014277575246524066,0.0,0.5,,0.0,20
D,GAT+LSTM_incremental,1,269,mon,0.0,0.00014754525909665972,0.0,0.5,,0.0,20
D,GAT+LSTM_incremental,1,270,mon,0.0,0.0001469167327741161,0.0,0.5,,0.0,20
D,GAT+LSTM_incremental,1,271,mon,0.0,0.00014635492698289454,0.0,0.5,,0.0,20
D,GAT+LSTM_incremental,1,272,mon,0.0,0.00017139330157078803,0.0,0.5,,0.0,20
D,GAT+LSTM_incremental,1,273,mon,0.0,0.00014478035154752433,0.0,0.5,,0.0,20
D,GAT+LSTM_incremental,1,274,mon,0.0,0.00015457886911462992,0.0,0.5,,0.0,20
D,GAT+LSTM_incremental,1,275,mon,0.0,0.0001657655811868608,0.0,0.5,,0.0,20
D,GAT+LSTM_incremental,1,276,mon,0.0,0.00016684405272826552,0.0,0.5,,0.0,20
D,GAT+LSTM_incremental,1,277,mon,0.0,0.00013613456394523382,0.0,0.5,,0.0,20
D,GAT+LSTM_incremental,1,278,mon,0.0,0.0001452446886105463,0.0,0.5,,0.0,20
D,GAT+LSTM_incremental,1,279,mon,0.0,0.0001816585281630978,0.0,0.5,,0.0,20
D,GAT+LSTM_incremental,1,280,mon,0.0,0.00016312387015204877,0.0,0.5,,0.0,20
D,GAT+LSTM_incremental,1,281,mon,0.0,0.0001415547594660893,0.0,0.5,,0.0,20
D,GAT+LSTM_incremental,1,282,mon,0.0,0.00014026487770024687,0.0,0.5,,0.0,20
D,GAT+LSTM_incremental,1,283,mon,0.0,0.0001360040478175506,0.0,0.5,,0.0,20
D,GAT+LSTM_incremental,1,284,mon,0.0,0.00017014473269227892,0.0,0.5,,0.0,20
D,GAT+LSTM_incremental,1,285,mon,0.0,0.0001386982767144218,0.0,0.5,,0.0,20
D,GAT+LSTM_incremental,1,286,mon,0.0,0.0001408102980349213,0.0,0.5,,0.0,20
D,GAT+LSTM_incremental,1,287,mon,0.0,0.00015625180094502866,0.0,0.5,,0.0,20
D,GAT+LSTM_incremental,1,288,mon,0.0,0.00014103429566603154,0.0,0.5,,0.0,20
D,GAT+LSTM_incremental,1,289,mon,0.0,0.00014215383271221071,0.0,0.5,,0.0,20
D,GAT+LSTM_incremental,1,290,mon,0.0,0.00014315498992800713,0.0,0.5,,0.0,20
D,GAT+LSTM_incremental,1,291,mon,0.0,0.00014324949006550014,0.0,0.5,,0.0,20
D,GAT+LSTM_incremental,1,292,mon,0.0,0.0001644758158363402,0.0,0.5,,0.0,20
D,GAT+LSTM_incremental,1,293,mon,0.0,0.00014335689775180072,0.0,0.5,,0.0,20
D,GAT+LSTM_incremental,1,294,mon,0.0,0.00014154329255688936,0.0,0.5,,0.0,20
D,GAT+LSTM_incremental,1,295,mon,0.0,0.00014236329298000783,0.0,0.5,,0.0,20
D,GAT+LSTM_incremental,1,296,mon,0.0,0.0001576149952597916,0.0,0.5,,0.0,20
D,GAT+LSTM_incremental,1,297,mon,0.0,0.00014082306006457657,0.0,0.5,,0.0,20
D,GAT+LSTM_incremental,1,298,mon,0.0,0.0001444196532247588,0.0,0.5,,0.0,20
D,GAT+LSTM_incremental,1,299,mon,0.0,0.0003405065799597651,0.0,0.5,,0.0,20
D,GAT+LSTM_incremental,1,300,mon,0.0,0.00018184258078690618,0.0,0.5,,0.0,20
D,GAT+LSTM_incremental,1,301,mon,0.0,0.00013856581063009799,0.0,0.5,,0.0,20
D,GAT+LSTM_incremental,1,302,mon,0.0,0.0001379297609673813,0.0,0.5,,0.0,20
D,GAT+LSTM_incremental,1,303,mon,0.0,0.00014795198512729257,0.0,0.5,,0.0,20
D,GAT+LSTM_incremental,1,304,mon,0.0,0.00019957397307734936,0.0,0.5,,0.0,20
D,GAT+LSTM_incremental,1,305,mon,0.0,0.00014439404185395688,0.0,0.5,,0.0,20
D,GAT+LSTM_incremental,1,306,mon,0.0,0.0001716726692393422,0.0,0.5,,0.0,20
D,GAT+LSTM_incremental,1,307,mon,0.0,0.0001636526285437867,0.0,0.5,,0.0,20
D,GAT+LSTM_incremental,1,308,mon,0.0,0.00013642759586218745,0.0,0.5,,0.0,20
D,GAT+LSTM_incremental,1,309,mon,0.0,0.00013370988017413765,0.0,0.5,,0.0,20
D,GAT+LSTM_incremental,1,310,mon,0.0,0.0001561872923048213,0.0,0.5,,0.0,20
D,GAT+LSTM_incremental,1,311,mon,0.0,0.0001390574179822579,0.0,0.5,,0.0,20
D,GAT+LSTM_incremental,1,312,mon,0.0,0.0001758585567586124,0.0,0.5,,0.0,20
D,GAT+LSTM_incremental,1,313,mon,0.0,0.00017151724023278803,0.0,0.5,,0.0,20
D,GAT+LSTM_incremental,1,314,mon,0.0,0.00015053825336508453,0.0,0.5,,0.0,20
D,GAT+LSTM_incremental,1,315,mon,0.0,0.0004012396093457937,0.0,0.5,,0.0,20
D,GAT+LSTM_incremental,1,316,mon,0.0,0.0001787197688827291,0.0,0.5,,0.0,20
D,GAT+LSTM_incremental,1,317,mon,0.0,0.00018357405497226864,0.0,0.5,,0.0,20
D,GAT+LSTM_incremental,1,318,mon,0.0,0.00014415523037314415,0.0,0.5,,0.0,20
D,GAT+LSTM_incremental,1,319,mon,0.0,0.00014001726231072098,0.0,0.5,,0.0,20
D,GAT+LSTM_incremental,1,320,mon,0.0,0.0001442309730919078,0.0,0.5,,0.0,20
D,GAT+LSTM_incremental,1,321,mon,0.0,0.00022016193543095142,0.0,0.5,,0.0,20
D,GAT+LSTM_incremental,1,322,mon,0.0,0.00014930286852177233,0.0,0.5,,0.0,20
D,GAT+LSTM_incremental,1,323,mon,0.0,0.00013591043534688652,0.0,0.5,,0.0,20
D,GAT+LSTM_incremental,1,324,mon,0.0,0.0001396838779328391,0.0,0.5,,0.0,20
D,GAT+LSTM_incremental,1,325,mon,0.0,0.00018885903409682214,0.0,0.5,,0.0,20
D,GAT+LSTM_incremental,1,326,mon,0.0,0.00017212833336088806,0.0,0.5,,0.0,20
D,GAT+LSTM_incremental,1,327,mon,0.0,0.0001895602763397619,0.0,0.5,,0.0,20
D,GAT+LSTM_incremental,1,328,mon,0.0,0.0001451073621865362,0.0,0.5,,0.0,20
D,GAT+LSTM_incremental,1,329,mon,0.0,0.0001468607079004869,0.0,0.5,,0.0,20
D,GAT+LSTM_incremental,1,330,mon,0.0,0.0001542388927191496,0.0,0.5,,0.0,20
D,GAT+LSTM_incremental,1,331,mon,0.0,0.0001800794998416677,0.0,0.5,,0.0,20
D,GAT+LSTM_incremental,1,332,mon,0.0,0.00019982112280558795,0.0,0.5,,0.0,20
D,GAT+LSTM_incremental,1,333,mon,0.0,0.00019622773106675595,0.0,0.5,,0.0,20
D,GAT+LSTM_incremental,1,334,mon,0.0,0.00021424943406600505,0.0,0.5,,0.0,20
D,GAT+LSTM_incremental,1,335,mon,0.0,0.00018513445684220642,0.0,0.5,,0.0,20
D,GAT+LSTM_incremental,1,336,mon,0.0,0.00016764075553510338,0.0,0.5,,0.0,20
D,GAT+LSTM_incremental,1,337,mon,0.0,0.00015582464402541518,0.0,0.5,,0.0,20
D,GAT+LSTM_incremental,1,338,mon,0.0,0.00015374259965028614,0.0,0.5,,0.0,20
D,GAT+LSTM_incremental,1,339,mon,0.0,0.00017565779853612185,0.0,0.5,,0.0,20
D,GAT+LSTM_incremental,1,340,mon,0.0,0.00017740242765285075,0.0,0.5,,0.0,20
D,GAT+LSTM_incremental,1,341,mon,0.0,0.00018409447511658072,0.0,0.5,,0.0,20
D,GAT+LSTM_incremental,1,342,mon,0.0,0.0002540434943512082,0.0,0.5,,0.0,20
D,GAT+LSTM_incremental,1,343,mon,0.0,0.00023035358753986657,0.0,0.5,,0.0,20
D,GAT+LSTM_incremental,1,344,mon,0.0,0.0003013983659911901,0.0,0.5,,0.0,20
D,GAT+LSTM_incremental,1,345,mon,0.0,0.00039740398642607033,0.0,0.5,,0.0,20
D,GAT+LSTM_incremental,1,346,mon,0.0,0.00030043438891880214,0.0,0.5,,0.0,20
D,GAT+LSTM_incremental,1,347,mon,0.0,0.00041462210356257856,0.0,0.5,,0.0,20
D,GAT+LSTM_incremental,1,348,mon,0.0,0.00023470645828638226,0.0,0.5,,0.0,20
D,GAT+LSTM_incremental,1,349,mon,0.0,0.00035547622246667743,0.0,0.5,,0.0,20
D,GAT+LSTM_incremental,1,350,mon,0.0,0.00029935623751953244,0.0,0.5,,0.0,20
D,GAT+LSTM_incremental,1,351,mon,0.0,0.00024069796199910343,0.0,0.5,,0.0,20
D,GAT+LSTM_incremental,1,352,mon,0.0,0.00027114219847135246,0.0,0.5,,0.0,20
D,GAT+LSTM_incremental,1,353,mon,0.0,0.00021289545111358166,0.0,0.5,,0.0,20
D,GAT+LSTM_incremental,1,354,mon,0.0,0.00018355496285948902,0.0,0.5,,0.0,20
D,GAT+LSTM_incremental,1,355,mon,0.0,0.0001593283814145252,0.0,0.5,,0.0,20
D,GAT+LSTM_incremental,1,356,mon,0.0,0.0001485517859691754,0.0,0.5,,0.0,20
D,GAT+LSTM_incremental,1,357,mon,0.0,0.00015345041174441576,0.0,0.5,,0.0,20
D,GAT+LSTM_incremental,1,358,mon,0.0,0.00016360910376533866,0.0,0.5,,0.0,20
D,GAT+LSTM_incremental,1,359,mon,0.0,0.00017843660316430032,0.0,0.5,,0.0,20
D,GAT+LSTM_incremental,1,360,mon,0.0,0.00017647720233071595,0.0,0.5,,0.0,20
D,GAT+LSTM_incremental,1,361,mon,0.0,0.00018410570919513702,0.0,0.5,,0.0,20
D,GAT+LSTM_incremental,1,362,mon,0.0,0.0002075519587378949,0.0,0.5,,0.0,20
D,GAT+LSTM_incremental,1,363,mon,0.0,0.0002066775195999071,0.0,0.5,,0.0,20
D,GAT+LSTM_incremental,1,364,mon,0.0,0.00018543055921327323,0.0,0.5,,0.0,20
D,GAT+LSTM_incremental,1,365,mon,0.0,0.0001742588065098971,0.0,0.5,,0.0,20
D,GAT+LSTM_incremental,1,366,mon,0.0,0.0001755943230818957,0.0,0.5,,0.0,20
D,GAT+LSTM_incremental,1,367,mon,0.0,0.00018228054977953434,0.0,0.5,,0.0,20
D,GAT+LSTM_incremental,1,368,mon,0.0,0.00016377578140236437,0.0,0.5,,0.0,20
D,GAT+LSTM_incremental,1,369,mon,0.0,0.00019652207265608013,0.0,0.5,,0.0,20
D,GAT+LSTM_incremental,1,370,mon,0.0,0.00021960490266792476,0.0,0.5,,0.0,20
D,GAT+LSTM_incremental,1,371,mon,0.0,0.0002858355001080781,0.0,0.5,,0.0,20
D,GAT+LSTM_incremental,1,372,mon,0.0,0.00033124073524959385,0.0,0.5,,0.0,20
D,GAT+LSTM_incremental,1,373,mon,0.0,0.0003858800046145916,0.0,0.5,,0.0,20
D,GAT+LSTM_incremental,1,374,mon,0.0,0.00038003557710908353,0.0,0.5,,0.0,20
D,GAT+LSTM_incremental,1,375,mon,0.0,0.0004911698051728308,0.0,0.5,,0.0,20
D,GAT+LSTM_incremental,1,376,mon,0.0,0.000572553719393909,0.0,0.5,,0.0,20
D,GAT+LSTM_incremental,1,377,mon,0.0,0.0005329768173396587,0.0,0.5,,0.0,20
D,GAT+LSTM_incremental,1,378,mon,0.0,0.00028711865888908505,0.0,0.5,,0.0,20
D,GAT+LSTM_incremental,1,379,mon,0.0,0.00021438387921079993,0.0,0.5,,0.0,20
D,GAT+LSTM_incremental,1,380,mon,0.0,0.00019276823149994016,0.0,0.5,,0.0,20
D,GAT+LSTM_incremental,1,381,mon,0.0,0.00018694112077355385,0.0,0.5,,0.0,20
D,GAT+LSTM_incremental,1,382,mon,0.0,0.00018372938211541623,0.0,0.5,,0.0,20
D,GAT+LSTM_incremental,1,383,mon,0.0,0.00017301394836977124,0.0,0.5,,0.0,20
D,GAT+LSTM_incremental,1,384,mon,0.0,0.00016421364853158593,0.0,0.5,,0.0,20
D,GAT+LSTM_incremental,1,385,mon,0.0,0.0001619980757823214,0.0,0.5,,0.0,20
D,GAT+LSTM_incremental,1,386,mon,0.0,0.00015332640032283962,0.0,0.5,,0.0,20
D,GAT+LSTM_incremental,1,387,mon,0.0,0.0001576806971570477,0.0,0.5,,0.0,20
D,GAT+LSTM_incremental,1,388,mon,0.0,0.00020121029228903353,0.0,0.5,,0.0,20
D,GAT+LSTM_incremental,1,389,mon,0.0,0.0003115999570582062,0.0,0.5,,0.0,20
D,GAT+LSTM_incremental,1,390,mon,0.0,0.000463142991065979,0.0,0.5,,0.0,20
D,GAT+LSTM_incremental,1,391,mon,0.0,0.0006414757226593792,0.0,0.5,,0.0,20
D,GAT+LSTM_incremental,1,392,mon,0.0,0.0004463510704226792,0.0,0.5,,0.0,20
D,GAT+LSTM_incremental,1,393,mon,0.0,0.0003526575455907732,0.0,0.5,,0.0,20
D,GAT+LSTM_incremental,1,394,mon,0.0,0.00033313361927866936,0.0,0.5,,0.0,20
D,GAT+LSTM_incremental,1,395,mon,0.0,0.0002341746585443616,0.0,0.5,,0.0,20
D,GAT+LSTM_incremental,1,396,mon,0.0,0.00021375725918915123,0.0,0.5,,0.0,20
D,GAT+LSTM_incremental,1,397,mon,0.0,0.00019006687216460705,0.0,0.5,,0.0,20
D,GAT+LSTM_incremental,1,398,mon,0.0,0.0002221166796516627,0.0,0.5,,0.0,20
D,GAT+LSTM_incremental,1,399,mon,0.0,0.0002601784944999963,0.0,0.5,,0.0,20
D,GAT+LSTM_incremental,1,400,mon,0.0,0.00019948113185819238,0.0,0.5,,0.0,20
D,GAT+LSTM_incremental,1,401,mon,0.0,0.00021065957844257355,0.0,0.5,,0.0,20
D,GAT+LSTM_incremental,1,402,mon,0.0,0.00017915877106133848,0.0,0.5,,0.0,20
D,GAT+LSTM_incremental,1,403,mon,0.0,0.00016116793267428875,0.0,0.5,,0.0,20
D,GAT+LSTM_incremental,1,404,mon,0.0,0.00015666070976294577,0.0,0.5,,0.0,20
D,GAT+LSTM_incremental,1,405,mon,0.0,0.0001594542118255049,0.0,0.5,,0.0,20
D,GAT+LSTM_incremental,1,406,mon,0.0,0.00015417655231431127,0.0,0.5,,0.0,20
D,GAT+LSTM_incremental,1,407,mon,0.0,0.00015159700706135482,0.0,0.5,,0.0,20
D,GAT+LSTM_incremental,1,408,mon,0.0,0.0001580329262651503,0.0,0.5,,0.0,20
D,GAT+LSTM_incremental,1,409,mon,0.0,0.00016167215653695166,0.0,0.5,,0.0,20
D,GAT+LSTM_incremental,1,410,mon,0.0,0.00018816415104083717,0.0,0.5,,0.0,20
D,GAT+LSTM_incremental,1,411,mon,0.0,0.000185959434020333,0.0,0.5,,0.0,20
D,GAT+LSTM_incremental,1,412,mon,0.0,0.00020759945618920028,0.0,0.5,,0.0,20
D,GAT+LSTM_incremental,1,413,mon,0.0,0.00019940678612329066,0.0,0.5,,0.0,20
D,GAT+LSTM_incremental,1,414,mon,0.0,0.00026761111803352833,0.0,0.5,,0.0,20
D,GAT+LSTM_incremental,1,415,mon,0.0,0.00030243201763369143,0.0,0.5,,0.0,20
D,GAT+LSTM_incremental,1,416,mon,0.0,0.00023127191525418311,0.0,0.5,,0.0,20
D,GAT+LSTM_incremental,1,417,mon,0.0,0.00019455362053122371,0.0,0.5,,0.0,20
D,GAT+LSTM_incremental,1,418,mon,0.0,0.0001791297399904579,0.0,0.5,,0.0,20
D,GAT+LSTM_incremental,1,419,mon,0.0,0.00016381281602662057,0.0,0.5,,0.0,20
D,GAT+LSTM_incremental,1,420,mon,0.0,0.0001763900654623285,0.0,0.5,,0.0,20
D,GAT+LSTM_incremental,1,421,mon,0.0,0.00022644302225671709,0.0,0.5,,0.0,20
D,GAT+LSTM_incremental,1,422,mon,0.0,0.00033405108842998743,0.0,0.5,,0.0,20
D,GAT+LSTM_incremental,1,423,mon,0.0,0.00035071015008725226,0.0,0.5,,0.0,20
D,GAT+LSTM_incremental,1,424,mon,0.0,0.00037609165883623064,0.0,0.5,,0.0,20
D,GAT+LSTM_incremental,1,425,mon,0.0,0.00023043133842293173,0.0,0.5,,0.0,20
D,GAT+LSTM_incremental,1,426,mon,0.0,0.0001928430428961292,0.0,0.5,,0.0,20
D,GAT+LSTM_incremental,1,427,mon,0.0,0.0001643618306843564,0.0,0.5,,0.0,20
D,GAT+LSTM_incremental,1,428,mon,0.0,0.00015188190445769578,0.0,0.5,,0.0,20
D,GAT+LSTM_incremental,1,429,mon,0.0,0.00014689977979287505,0.0,0.5,,0.0,20
D,GAT+LSTM_incremental,1,430,mon,0.0,0.00014383529196493328,0.0,0.5,,0.0,20
D,GAT+LSTM_incremental,1,431,mon,0.0,0.00017215560365002602,0.0,0.5,,0.0,20
D,GAT+LSTM_incremental,1,432,mon,0.0,0.00016099789354484528,0.0,0.5,,0.0,20
D,GAT+LSTM_incremental,1,433,mon,0.0,0.0001681185676716268,0.0,0.5,,0.0,20
D,GAT+LSTM_incremental,1,434,mon,0.0,0.00017117822426371276,0.0,0.5,,0.0,20
D,GAT+LSTM_incremental,1,435,mon,0.0,0.00018191940034739673,0.0,0.5,,0.0,20
D,GAT+LSTM_incremental,1,436,mon,0.0,0.00015199418703559786,0.0,0.5,,0.0,20
D,GAT+LSTM_incremental,1,437,mon,0.0,0.00014863410615362227,0.0,0.5,,0.0,20
D,GAT+LSTM_incremental,1,438,mon,0.0,0.0001458342158002779,0.0,0.5,,0.0,20
D,GAT+LSTM_incremental,1,439,mon,0.0,0.000146913094795309,0.0,0.5,,0.0,20
D,GAT+LSTM_incremental,1,440,mon,0.0,0.00016160619270522147,0.0,0.5,,0.0,20
D,GAT+LSTM_incremental,1,441,mon,0.0,0.00018294446635991335,0.0,0.5,,0.0,20
D,GAT+LSTM_incremental,1,442,mon,0.0,0.00018211151473224163,0.0,0.5,,0.0,20
D,GAT+LSTM_incremental,1,443,mon,0.0,0.00019411781977396458,0.0,0.5,,0.0,20
D,GAT+LSTM_incremental,1,444,mon,0.0,0.0001812571135815233,0.0,0.5,,0.0,20
D,GAT+LSTM_incremental,1,445,mon,0.0,0.00017198167915921658,0.0,0.5,,0.0,20
D,GAT+LSTM_incremental,1,446,mon,0.0,0.0001865113154053688,0.0,0.5,,0.0,20
D,GAT+LSTM_incremental,1,447,mon,0.0,0.00018819213437382132,0.0,0.5,,0.0,20
D,GAT+LSTM_incremental,1,448,mon,0.0,0.00019366339256521314,0.0,0.5,,0.0,20
D,GAT+LSTM_incremental,1,449,mon,0.0,0.00019580665684770793,0.0,0.5,,0.0,20
D,GAT+LSTM_incremental,1,450,mon,0.0,0.00020598834089469165,0.0,0.5,,0.0,20
D,GAT+LSTM_incremental,1,451,mon,0.0,0.0001801968173822388,0.0,0.5,,0.0,20
D,GAT+LSTM_incremental,1,452,mon,0.0,0.00016181003593374044,0.0,0.5,,0.0,20
D,GAT+LSTM_incremental,1,453,mon,0.0,0.00015255216567311436,0.0,0.5,,0.0,20
D,GAT+LSTM_incremental,1,454,mon,0.0,0.00015282414096873254,0.0,0.5,,0.0,20
D,GAT+LSTM_incremental,1,455,mon,0.0,0.0001545663399156183,0.0,0.5,,0.0,20
D,GAT+LSTM_incremental,1,456,mon,0.0,0.0001516280899522826,0.0,0.5,,0.0,20
D,GAT+LSTM_incremental,1,457,mon,0.0,0.0001460042258258909,0.0,0.5,,0.0,20
D,GAT+LSTM_incremental,1,458,mon,0.0,0.00014661556633654982,0.0,0.5,,0.0,20
D,GAT+LSTM_incremental,1,459,mon,0.0,0.0001437576866010204,0.0,0.5,,0.0,20
D,GAT+LSTM_incremental,1,460,mon,0.0,0.00014382295194081962,0.0,0.5,,0.0,20
D,GAT+LSTM_incremental,1,461,mon,0.0,0.00014452461618930101,0.0,0.5,,0.0,20
D,GAT+LSTM_incremental,1,462,mon,0.0,0.0001822593476390466,0.0,0.5,,0.0,20
D,GAT+LSTM_incremental,1,463,mon,0.0,0.00017362473590765148,0.0,0.5,,0.0,20
D,GAT+LSTM_incremental,1,464,mon,0.0,0.00017598217527847737,0.0,0.5,,0.0,20
D,GAT+LSTM_incremental,1,465,mon,0.0,0.00017055211355909705,0.0,0.5,,0.0,20
D,GAT+LSTM_incremental,1,466,mon,0.0,0.00017315454897470772,0.0,0.5,,0.0,20
D,GAT+LSTM_incremental,1,467,mon,0.0,0.00017891106836032122,0.0,0.5,,0.0,20
D,GAT+LSTM_incremental,1,468,mon,0.0,0.0001633866340853274,0.0,0.5,,0.0,20
D,GAT+LSTM_incremental,1,469,mon,0.0,0.00016106899420265108,0.0,0.5,,0.0,20
D,GAT+LSTM_incremental,1,470,mon,0.0,0.00014994415687397122,0.0,0.5,,0.0,20
D,GAT+LSTM_incremental,1,471,mon,0.0,0.0001587398728588596,0.0,0.5,,0.0,20
D,GAT+LSTM_incremental,1,472,mon,0.0,0.00015055692347232252,0.0,0.5,,0.0,20
D,GAT+LSTM_incremental,1,473,mon,0.0,0.00015774100029375404,0.0,0.5,,0.0,20
D,GAT+LSTM_incremental,1,474,mon,0.0,0.00017918850062415004,0.0,0.5,,0.0,20
D,GAT+LSTM_incremental,1,475,mon,0.0,0.00019778551359195262,0.0,0.5,,0.0,20
D,GAT+LSTM_incremental,1,476,mon,0.0,0.00017806065443437546,0.0,0.5,,0.0,20
D,GAT+LSTM_incremental,1,477,mon,0.0,0.00017142240540124476,0.0,0.5,,0.0,20
D,GAT+LSTM_incremental,1,478,mon,0.0,0.0001624374999664724,0.0,0.5,,0.0,20
D,GAT+LSTM_incremental,1,479,mon,0.0,0.00015219315537251532,0.0,0.5,,0.0,20
D,GAT+LSTM_incremental,1,480,mon,0.0,0.00014734068827237934,0.0,0.5,,0.0,20
D,GAT+LSTM_incremental,1,481,mon,0.0,0.00014602678129449487,0.0,0.5,,0.0,20
D,GAT+LSTM_incremental,1,482,mon,0.0,0.00014833650493528694,0.0,0.5,,0.0,20
D,GAT+LSTM_incremental,1,483,mon,0.0,0.00014990914496593177,0.0,0.5,,0.0,20
D,GAT+LSTM_incremental,1,484,mon,0.0,0.00014875207853037864,0.0,0.5,,0.0,20
D,GAT+LSTM_incremental,1,485,mon,0.0,0.00015414583322126418,0.0,0.5,,0.0,20
D,GAT+LSTM_incremental,1,486,mon,0.0,0.0001448270195396617,0.0,0.5,,0.0,20
D,GAT+LSTM_incremental,1,487,mon,0.0,0.00014233464025892317,0.0,0.5,,0.0,20
D,GAT+LSTM_incremental,1,488,mon,0.0,0.0001455100136809051,0.0,0.5,,0.0,20
D,GAT+LSTM_incremental,1,489,mon,0.0,0.00014245780766941607,0.0,0.5,,0.0,20
D,GAT+LSTM_incremental,1,490,mon,0.0,0.0001460262283217162,0.0,0.5,,0.0,20
D,GAT+LSTM_incremental,1,491,mon,0.0,0.00015488662756979465,0.0,0.5,,0.0,20
D,GAT+LSTM_incremental,1,492,mon,0.0,0.00015738057845737785,0.0,0.5,,0.0,20
D,GAT+LSTM_incremental,1,493,mon,0.0,0.00017184905300382525,0.0,0.5,,0.0,20
D,GAT+LSTM_incremental,1,494,mon,0.0,0.00016455580771435052,0.0,0.5,,0.0,20
D,GAT+LSTM_incremental,1,495,mon,0.0,0.0001583785196999088,0.0,0.5,,0.0,20
D,GAT+LSTM_incremental,1,496,mon,0.0,0.00038887676782906055,0.0,0.5,,0.0,20
D,GAT+LSTM_incremental,1,497,mon,0.0,0.00023166810569819063,0.0,0.5,,0.0,20
D,GAT+LSTM_incremental,1,498,mon,0.0,0.00022109615383669734,0.0,0.5,,0.0,20
D,GAT+LSTM_incremental,1,499,mon,0.0,0.0003730654716491699,0.0,0.5,,0.0,20
D,GAT+LSTM_incremental,1,500,mon,0.0,0.00032604296575300395,0.0,0.5,,0.0,20
D,GAT+LSTM_incremental,1,501,mon,0.0,0.00026557999080978334,0.0,0.5,,0.0,20
D,GAT+LSTM_incremental,1,502,mon,0.0,0.0001965520641533658,0.0,0.5,,0.0,20
D,GAT+LSTM_incremental,2,611,tue,0.0,0.0001547847641631961,0.0,0.5,,0.0,20
D,GAT+LSTM_incremental,2,612,tue,0.0,0.0001610608451301232,0.0,0.5,,0.0,20
D,GAT+LSTM_incremental,2,613,tue,0.0,0.0001715232792776078,0.0,0.5,,0.0,20
D,GAT+LSTM_incremental,2,614,tue,0.0,0.00015660753706470132,0.0,0.5,,0.0,20
D,GAT+LSTM_incremental,2,615,tue,0.0,0.00015558040468022227,0.0,0.5,,0.0,20
D,GAT+LSTM_incremental,2,616,tue,0.0,0.00018052614177577198,0.0,0.5,,0.0,20
D,GAT+LSTM_incremental,2,617,tue,0.0,0.0001336215646006167,0.0,0.5,,0.0,20
D,GAT+LSTM_incremental,2,618,tue,0.0,0.0001866029342636466,0.0,0.5,,0.0,20
D,GAT+LSTM_incremental,2,619,tue,0.0,0.0006372288917191327,0.0,0.5,,0.0,20
D,GAT+LSTM_incremental,2,620,tue,0.0,0.0001987448922591284,0.0,0.5,,0.0,20
D,GAT+LSTM_incremental,2,621,tue,0.0,0.00023934226192068309,0.0,0.5,,0.0,20
D,GAT+LSTM_incremental,2,622,tue,1.0,0.014640592969954014,0.0,1.0,1.0,0.0,20
D,GAT+LSTM_incremental,2,623,tue,1.0,0.980961263179779,0.6666666666666666,1.0,1.0,0.0,20
D,GAT+LSTM_incremental,2,624,tue,1.0,0.9947063326835632,0.8,1.0,1.0,0.0,20
D,GAT+LSTM_incremental,2,625,tue,1.0,0.9974269270896912,0.8571428571428571,1.0,1.0,0.0,20
D,GAT+LSTM_incremental,2,626,tue,1.0,0.9990050196647644,0.8888888888888888,1.0,1.0,0.0,20
D,GAT+LSTM_incremental,2,627,tue,1.0,0.9921671748161316,0.9090909090909091,1.0,1.0,0.0,20
D,GAT+LSTM_incremental,2,628,tue,1.0,0.9945893287658691,0.9230769230769231,0.9999999999999998,1.0,0.0,20
D,GAT+LSTM_incremental,2,629,tue,1.0,0.9985306262969971,0.9333333333333333,1.0,1.0,0.0,20
D,GAT+LSTM_incremental,2,630,tue,1.0,0.9974936246871948,0.9411764705882353,1.0000000000000002,1.0,0.0,20
D,GAT+LSTM_incremental,2,631,tue,1.0,0.9985660910606384,0.9473684210526315,0.9999999999999999,1.0,0.0,20
D,GAT+LSTM_incremental,2,632,tue,1.0,0.9982830286026001,0.9523809523809523,1.0,1.0,0.0,20
D,GAT+LSTM_incremental,2,633,tue,1.0,0.9987553358078003,0.9565217391304348,1.0,1.0,0.0,20
D,GAT+LSTM_incremental,2,634,tue,1.0,0.9946286082267761,0.96,0.9999999999999998,1.0,0.0,20
D,GAT+LSTM_incremental,2,635,tue,1.0,0.9943568110466003,0.9629629629629629,0.9999999999999999,1.0,0.0,20
D,GAT+LSTM_incremental,2,636,tue,1.0,0.9965481162071228,0.9655172413793104,1.0,1.0,0.0,20
D,GAT+LSTM_incremental,2,637,tue,1.0,0.991248369216919,0.967741935483871,1.0,1.0,0.0,20
D,GAT+LSTM_incremental,2,638,tue,1.0,0.9963350296020508,0.9696969696969697,1.0,1.0,0.0,20
D,GAT+LSTM_incremental,2,639,tue,1.0,0.9961234927177429,0.9714285714285714,1.0,1.0,0.0,20
D,GAT+LSTM_incremental,2,640,tue,1.0,0.9978006482124329,0.972972972972973,0.9999999999999998,1.0,0.0,20
D,GAT+LSTM_incremental,2,641,tue,1.0,0.9982989430427551,0.9743589743589743,1.0000000000000002,,0.0,20
D,GAT+LSTM_incremental,2,642,tue,1.0,0.9879941940307617,1.0,1.0000000000000002,,0.0,20
D,GAT+LSTM_incremental,2,643,tue,1.0,0.9896848201751709,1.0,1.0000000000000002,,0.0,20
D,GAT+LSTM_incremental,2,644,tue,1.0,0.996371865272522,1.0,1.0000000000000002,,0.0,20
D,GAT+LSTM_incremental,2,645,tue,1.0,0.9976063966751099,1.0,1.0000000000000002,,0.0,20
D,GAT+LSTM_incremental,2,646,tue,1.0,0.9939642548561096,1.0,1.0000000000000002,,0.0,20
D,GAT+LSTM_incremental,2,647,tue,1.0,0.9688985347747803,1.0,1.0000000000000002,,0.0,20
D,GAT+LSTM_incremental,2,648,tue,1.0,0.9503487944602966,1.0,1.0000000000000002,,0.0,20
D,GAT+LSTM_incremental,2,649,tue,1.0,0.9953008890151978,1.0,1.0000000000000002,,0.0,20
D,GAT+LSTM_incremental,2,650,tue,1.0,0.9859195947647095,1.0,1.0000000000000002,,0.0,20
D,GAT+LSTM_incremental,2,651,tue,1.0,0.9470507502555847,1.0,1.0000000000000002,,0.0,20
D,GAT+LSTM_incremental,2,652,tue,1.0,0.9930785298347473,1.0,1.0000000000000002,,0.0,20
D,GAT+LSTM_incremental,2,653,tue,1.0,0.9977738261222839,1.0,1.0000000000000002,,0.0,20
D,GAT+LSTM_incremental,2,654,tue,1.0,0.9962730407714844,1.0,1.0000000000000002,,0.0,20
D,GAT+LSTM_incremental,2,655,tue,1.0,0.9981541037559509,1.0,1.0000000000000002,,0.0,20
D,GAT+LSTM_incremental,2,656,tue,1.0,0.9969350099563599,1.0,1.0000000000000002,,0.0,20
D,GAT+LSTM_incremental,2,657,tue,1.0,0.9968570470809937,1.0,1.0000000000000002,,0.0,20
D,GAT+LSTM_incremental,2,658,tue,1.0,0.9986476302146912,1.0,1.0000000000000002,,0.0,20
D,GAT+LSTM_incremental,2,659,tue,1.0,0.9986832737922668,1.0,1.0000000000000002,,0.0,20
D,GAT+LSTM_incremental,2,660,tue,1.0,0.998881995677948,1.0,1.0000000000000002,,0.0,20
D,GAT+LSTM_incremental,2,661,tue,1.0,0.9989953637123108,1.0,1.0000000000000002,,0.0,20
D,GAT+LSTM_incremental,2,662,tue,1.0,0.9974990487098694,1.0,1.0000000000000002,,0.0,20
D,GAT+LSTM_incremental,2,663,tue,1.0,0.9943619966506958,1.0,1.0000000000000002,,0.0,20
D,GAT+LSTM_incremental,2,664,tue,1.0,0.9960159659385681,1.0,1.0000000000000002,,0.0,20
D,GAT+LSTM_incremental,2,665,tue,1.0,0.9884422421455383,1.0,1.0000000000000002,,0.0,20
D,GAT+LSTM_incremental,2,666,tue,1.0,0.9903023838996887,1.0,1.0000000000000002,,0.0,20
D,GAT+LSTM_incremental,2,667,tue,1.0,0.9432436227798462,1.0,1.0000000000000002,,0.0,20
D,GAT+LSTM_incremental,2,668,tue,1.0,0.8680229187011719,1.0,1.0000000000000002,,0.0,20
D,GAT+LSTM_incremental,2,669,tue,1.0,0.9955315589904785,1.0,1.0000000000000002,,0.0,20
D,GAT+LSTM_incremental,2,670,tue,1.0,0.9973478317260742,1.0,1.0000000000000002,,0.0,20
D,GAT+LSTM_incremental,2,671,tue,1.0,0.9981021285057068,1.0,1.0000000000000002,,0.0,20
D,GAT+LSTM_incremental,2,672,tue,1.0,0.9547045826911926,1.0,1.0000000000000002,,0.0,20
D,GAT+LSTM_incremental,2,673,tue,1.0,0.7577372789382935,1.0,1.0000000000000002,,0.0,20
D,GAT+LSTM_incremental,2,674,tue,0.0,0.06047874316573143,1.0,0.9999999999999998,1.0,0.0,20
D,GAT+LSTM_incremental,2,675,tue,0.0,0.010921945795416832,1.0,1.0,1.0,0.0,20
D,GAT+LSTM_incremental,2,676,tue,0.0,0.004803162533789873,1.0,1.0,1.0,0.0,20
D,GAT+LSTM_incremental,2,677,tue,0.0,0.00046618503984063864,1.0,1.0,1.0,0.0,20
D,GAT+LSTM_incremental,2,678,tue,1.0,0.009310095570981503,0.967741935483871,0.9928513071895425,0.96875,0.0,20
D,GAT+LSTM_incremental,2,679,tue,0.0,0.00040300010005012155,0.9655172413793104,0.9919117647058824,0.9733333333333334,0.0,20
D,GAT+LSTM_incremental,2,680,tue,0.0,0.00018455776444170624,0.9629629629629629,0.9907738095238094,0.9761904761904763,0.0,20
D,GAT+LSTM_incremental,2,681,tue,0.0,0.00022253513452596962,0.96,0.9893772893772892,0.9780219780219781,0.0,20
D,GAT+LSTM_incremental,2,682,tue,0.0,0.00018185886438004673,0.9565217391304348,0.9876373626373628,0.9791666666666666,0.0,20
D,GAT+LSTM_incremental,2,683,tue,0.0,0.00016866947407834232,0.9523809523809523,0.9854312354312356,0.9797979797979798,0.0,20
D,GAT+LSTM_incremental,2,684,tue,0.0,0.00015498176799155772,0.9473684210526315,0.9825757575757575,0.9800000000000001,0.0,20
D,GAT+LSTM_incremental,2,685,tue,0.0,0.00014181928418111056,0.9411764705882353,0.978787878787879,0.9797979797979797,0.0,20
D,GAT+LSTM_incremental,2,686,tue,0.0,0.00014136281970422715,0.9333333333333333,0.9736111111111111,0.9791666666666667,0.0,20
D,GAT+LSTM_incremental,2,687,tue,0.0,0.00015908214845694602,0.9230769230769231,0.9662698412698412,0.978021978021978,0.0,20
D,GAT+LSTM_incremental,2,688,tue,0.0,0.0001503134990343824,0.9090909090909091,0.9553571428571428,0.9761904761904763,0.0,20
D,GAT+LSTM_incremental,2,689,tue,0.0,0.00014974783698562533,0.8888888888888888,0.9380952380952381,0.9733333333333334,0.0,20
D,GAT+LSTM_incremental,2,690,tue,0.0,0.0001724940666463226,0.8571428571428571,0.9083333333333333,0.96875,0.0,20
D,GAT+LSTM_incremental,2,691,tue,0.0,0.00015406163583975285,0.8,0.8500000000000001,0.9607843137254901,0.0,20
D,GAT+LSTM_incremental,2,692,tue,0.0,0.00014663780166301876,0.6666666666666666,0.7083333333333333,0.9444444444444444,0.0,20
D,GAT+LSTM_incremental,2,693,tue,0.0,0.00015179489855654538,0.0,0.16666666666666666,0.8947368421052632,0.0,20
D,GAT+LSTM_incremental,2,694,tue,0.0,0.00014759802434127778,0.0,0.25,0.9473684210526316,0.0,20
D,GAT+LSTM_incremental,2,695,tue,0.0,0.00014682709297630936,0.0,1.0,1.0,0.0,20
D,GAT+LSTM_incremental,2,696,tue,0.0,0.0002465814759489149,0.0,1.0,1.0,0.0,20
D,GAT+LSTM_incremental,2,697,tue,0.0,0.00014497071970254183,0.0,1.0,1.0,0.0,20
D,GAT+LSTM_incremental,2,698,tue,0.0,0.00015926703053992242,0.0,0.5,,0.0,20
D,GAT+LSTM_incremental,2,699,tue,0.0,0.00014558812836185098,0.0,0.5,,0.0,20
D,GAT+LSTM_incremental,2,700,tue,0.0,0.00020805701205972582,0.0,0.5,,0.0,20
D,GAT+LSTM_incremental,2,701,tue,0.0,0.0002680817851796746,0.0,0.5,,0.0,20
D,GAT+LSTM_incremental,2,702,tue,0.0,0.00015102422912605107,0.0,0.5,,0.0,20
D,GAT+LSTM_incremental,2,703,tue,0.0,0.00014649482909590006,0.0,0.5,,0.0,20
D,GAT+LSTM_incremental,2,704,tue,0.0,0.00015448633348569274,0.0,0.5,,0.0,20
D,GAT+LSTM_incremental,2,705,tue,0.0,0.0001864951482275501,0.0,0.5,,0.0,20
D,GAT+LSTM_incremental,2,706,tue,0.0,0.0001640119298826903,0.0,0.5,,0.0,20
D,GAT+LSTM_incremental,2,707,tue,0.0,0.00014769869449082762,0.0,0.5,,0.0,20
D,GAT+LSTM_incremental,2,708,tue,0.0,0.00014193428796716034,0.0,0.5,,0.0,20
D,GAT+LSTM_incremental,2,709,tue,0.0,0.00017033301992341876,0.0,0.5,,0.0,20
D,GAT+LSTM_incremental,2,710,tue,0.0,0.00014806856052018702,0.0,0.5,,0.0,20
D,GAT+LSTM_incremental,2,711,tue,0.0,0.00027934645186178386,0.0,0.5,,0.0,20
D,GAT+LSTM_incremental,2,712,tue,0.0,0.00016858040180522949,0.0,0.5,,0.0,20
D,GAT+LSTM_incremental,2,713,tue,0.0,0.00016326468903571367,0.0,0.5,,0.0,20
D,GAT+LSTM_incremental,2,714,tue,0.0,0.0001855462178355083,0.0,0.5,,0.0,20
D,GAT+LSTM_incremental,2,715,tue,0.0,0.000174351705936715,0.0,0.5,,0.0,20
D,GAT+LSTM_incremental,2,716,tue,0.0,0.00018453049415256828,0.0,0.5,,0.0,20
D,GAT+LSTM_incremental,2,717,tue,0.0,0.00016024467186070979,0.0,0.5,,0.0,20
D,GAT+LSTM_incremental,2,718,tue,0.0,0.0006801714771427214,0.0,0.5,,0.0,20
D,GAT+LSTM_incremental,2,719,tue,0.0,0.00017463888798374683,0.0,0.5,,0.0,20
D,GAT+LSTM_incremental,2,720,tue,0.0,0.0001800724712666124,0.0,0.5,,0.0,20
D,GAT+LSTM_incremental,2,721,tue,0.0,0.0001489715214120224,0.0,0.5,,0.0,20
D,GAT+LSTM_incremental,2,722,tue,0.0,0.00019558386702556163,0.0,0.5,,0.0,20
D,GAT+LSTM_incremental,2,723,tue,0.0,0.00016599777154624462,0.0,0.5,,0.0,20
D,GAT+LSTM_incremental,2,724,tue,0.0,0.00023693642287980765,0.0,0.5,,0.0,20
D,GAT+LSTM_incremental,2,725,tue,0.0,0.00017866541747935116,0.0,0.5,,0.0,20
D,GAT+LSTM_incremental,2,726,tue,0.0,0.00015374862414319068,0.0,0.5,,0.0,20
D,GAT+LSTM_incremental,2,727,tue,0.0,0.0001494792231824249,0.0,0.5,,0.0,20
D,GAT+LSTM_incremental,2,728,tue,0.0,0.00016992195742204785,0.0,0.5,,0.0,20
D,GAT+LSTM_incremental,2,729,tue,0.0,0.00014037794608157128,0.0,0.5,,0.0,20
D,GAT+LSTM_incremental,2,730,tue,0.0,0.0001461939828004688,0.0,0.5,,0.0,20
D,GAT+LSTM_incremental,2,731,tue,0.0,0.0001551811001263559,0.0,0.5,,0.0,20
D,GAT+LSTM_incremental,2,732,tue,0.0,0.00025234860368072987,0.0,0.5,,0.0,20
D,GAT+LSTM_incremental,2,733,tue,0.0,0.00014798979100305587,0.0,0.5,,0.0,20
D,GAT+LSTM_incremental,2,734,tue,0.0,0.00016241209232248366,0.0,0.5,,0.0,20
D,GAT+LSTM_incremental,2,735,tue,0.0,0.0002342081570532173,0.0,0.5,,0.0,20
D,GAT+LSTM_incremental,2,736,tue,0.0,0.0001692270307103172,0.0,0.5,,0.0,20
D,GAT+LSTM_incremental,2,737,tue,0.0,0.0001603244454599917,0.0,0.5,,0.0,20
D,GAT+LSTM_incremental,2,738,tue,0.0,0.00021234687301330268,0.0,0.5,,0.0,20
D,GAT+LSTM_incremental,2,739,tue,0.0,0.0001411163539160043,0.0,0.5,,0.0,20
D,GAT+LSTM_incremental,2,740,tue,0.0,0.00017727613158058375,0.0,0.5,,0.0,20
D,GAT+LSTM_incremental,2,741,tue,0.0,0.0001463600929128006,0.0,0.5,,0.0,20
D,GAT+LSTM_incremental,2,742,tue,0.0,0.00017090587061829865,0.0,0.5,,0.0,20
D,GAT+LSTM_incremental,2,743,tue,0.0,0.00017990617197938263,0.0,0.5,,0.0,20
D,GAT+LSTM_incremental,2,744,tue,0.0,0.00018208303663413972,0.0,0.5,,0.0,20
D,GAT+LSTM_incremental,2,745,tue,0.0,0.00017372012371197343,0.0,0.5,,0.0,20
D,GAT+LSTM_incremental,2,746,tue,0.0,0.0001462087529944256,0.0,0.5,,0.0,20
D,GAT+LSTM_incremental,2,747,tue,0.0,0.00020536316151265055,0.0,0.5,,0.0,20
D,GAT+LSTM_incremental,2,748,tue,0.0,0.00014618686691392213,0.0,0.5,,0.0,20
D,GAT+LSTM_incremental,2,749,tue,0.0,0.0001406338415108621,0.0,0.5,,0.0,20
D,GAT+LSTM_incremental,2,750,tue,0.0,0.0001694818347459659,0.0,0.5,,0.0,20
D,GAT+LSTM_incremental,2,751,tue,0.0,0.0001502963132224977,0.0,0.5,,0.0,20
D,GAT+LSTM_incremental,2,752,tue,0.0,0.00015048013301566243,0.0,0.5,,0.0,20
D,GAT+LSTM_incremental,2,753,tue,0.0,0.00021361403923947364,0.0,0.5,,0.0,20
D,GAT+LSTM_incremental,2,754,tue,0.0,0.00017371879948768765,0.0,0.5,,0.0,20
D,GAT+LSTM_incremental,2,755,tue,0.0,0.0001429976982763037,0.0,0.5,,0.0,20
D,GAT+LSTM_incremental,2,756,tue,0.0,0.0001403775386279449,0.0,0.5,,0.0,20
D,GAT+LSTM_incremental,2,757,tue,0.0,0.0002207376528531313,0.0,0.5,,0.0,20
D,GAT+LSTM_incremental,2,758,tue,0.0,0.00017921309336088598,0.0,0.5,,0.0,20
D,GAT+LSTM_incremental,2,759,tue,0.0,0.00021241411741357297,0.0,0.5,,0.0,20
D,GAT+LSTM_incremental,2,760,tue,0.0,0.0001795219723135233,0.0,0.5,,0.0,20
D,GAT+LSTM_incremental,2,761,tue,0.0,0.00017933154595084488,0.0,0.5,,0.0,20
D,GAT+LSTM_incremental,2,762,tue,0.0,0.0001394503196934238,0.0,0.5,,0.0,20
D,GAT+LSTM_incremental,2,763,tue,0.0,0.00013673091598320752,0.0,0.5,,0.0,20
D,GAT+LSTM_incremental,2,764,tue,0.0,0.00015326807624660432,0.0,0.5,,0.0,20
D,GAT+LSTM_incremental,2,765,tue,0.0,0.000416748458519578,0.0,0.5,,0.0,20
D,GAT+LSTM_incremental,2,766,tue,1.0,0.0008776893955655396,0.0,1.0,1.0,0.0,20
D,GAT+LSTM_incremental,2,767,tue,1.0,0.026408784091472626,0.0,1.0,1.0,0.0,20
D,GAT+LSTM_incremental,2,768,tue,1.0,0.5485954880714417,0.5,1.0,1.0,0.0,20
D,GAT+LSTM_incremental,2,769,tue,1.0,0.9150393605232239,0.6666666666666666,1.0,1.0,0.0,20
D,GAT+LSTM_incremental,2,770,tue,1.0,0.9787704348564148,0.75,1.0,1.0,0.0,20
D,GAT+LSTM_incremental,2,771,tue,1.0,0.9952797889709473,0.8,1.0,1.0,0.0,20
D,GAT+LSTM_incremental,2,772,tue,1.0,0.992807149887085,0.8333333333333334,0.9999999999999998,1.0,0.0,20
D,GAT+LSTM_incremental,2,773,tue,1.0,0.9737147688865662,0.8571428571428571,1.0,1.0,0.0,20
D,GAT+LSTM_incremental,2,774,tue,1.0,0.9287894368171692,0.875,1.0000000000000002,1.0,0.0,20
D,GAT+LSTM_incremental,2,775,tue,1.0,0.9782677888870239,0.8888888888888888,0.9999999999999999,1.0,0.0,20
D,GAT+LSTM_incremental,2,776,tue,1.0,0.9966476559638977,0.9,1.0,1.0,0.0,20
D,GAT+LSTM_incremental,2,777,tue,1.0,0.9828185439109802,0.9090909090909091,1.0,1.0,0.0,20
D,GAT+LSTM_incremental,2,778,tue,1.0,0.9297025799751282,0.9166666666666666,0.9999999999999998,1.0,0.0,20
D,GAT+LSTM_incremental,2,779,tue,1.0,0.9861243963241577,0.9230769230769231,0.9999999999999999,1.0,0.0,20
D,GAT+LSTM_incremental,2,780,tue,1.0,0.9947133660316467,0.9285714285714286,1.0,1.0,0.0,20
D,GAT+LSTM_incremental,2,781,tue,1.0,0.9862365126609802,0.9333333333333333,1.0,1.0,0.0,20
D,GAT+LSTM_incremental,2,782,tue,1.0,0.9616324305534363,0.9375,1.0,1.0,0.0,20
D,GAT+LSTM_incremental,2,783,tue,1.0,0.9766794443130493,0.9411764705882353,1.0,1.0,0.0,20
D,GAT+LSTM_incremental,2,784,tue,1.0,0.9831864833831787,0.9444444444444444,0.9999999999999998,1.0,0.0,20
D,GAT+LSTM_incremental,2,785,tue,1.0,0.9703859686851501,0.9473684210526315,1.0000000000000002,,0.0,20
D,GAT+LSTM_incremental,2,786,tue,1.0,0.9389100074768066,0.9743589743589743,1.0000000000000002,,0.0,20
D,GAT+LSTM_incremental,2,787,tue,1.0,0.8712896704673767,1.0,1.0000000000000002,,0.0,20
D,GAT+LSTM_incremental,2,788,tue,1.0,0.8434518575668335,1.0,1.0000000000000002,,0.0,20
D,GAT+LSTM_incremental,2,789,tue,1.0,0.8340423703193665,1.0,1.0000000000000002,,0.0,20
D,GAT+LSTM_incremental,2,790,tue,1.0,0.7378469705581665,1.0,1.0000000000000002,,0.0,20
D,GAT+LSTM_incremental,2,791,tue,1.0,0.9778222441673279,1.0,1.0000000000000002,,0.0,20
D,GAT+LSTM_incremental,2,792,tue,1.0,0.8952184915542603,1.0,1.0000000000000002,,0.0,20
D,GAT+LSTM_incremental,2,793,tue,1.0,0.9898925423622131,1.0,1.0000000000000002,,0.0,20
D,GAT+LSTM_incremental,2,794,tue,1.0,0.9979617595672607,1.0,1.0000000000000002,,0.0,20
D,GAT+LSTM_incremental,2,795,tue,1.0,0.997855007648468,1.0,1.0000000000000002,,0.0,20
D,GAT+LSTM_incremental,2,796,tue,1.0,0.9985986351966858,1.0,1.0000000000000002,,0.0,20
D,GAT+LSTM_incremental,2,797,tue,1.0,0.993445634841919,1.0,1.0000000000000002,,0.0,20
D,GAT+LSTM_incremental,2,798,tue,1.0,0.9932295083999634,1.0,1.0000000000000002,,0.0,20
D,GAT+LSTM_incremental,2,799,tue,1.0,0.9977086782455444,1.0,1.0000000000000002,,0.0,20
D,GAT+LSTM_incremental,2,800,tue,1.0,0.9983067512512207,1.0,1.0000000000000002,,0.0,20
D,GAT+LSTM_incremental,2,801,tue,1.0,0.997404158115387,1.0,1.0000000000000002,,0.0,20
D,GAT+LSTM_incremental,2,802,tue,1.0,0.9939486980438232,1.0,1.0000000000000002,,0.0,20
D,GAT+LSTM_incremental,2,803,tue,1.0,0.9929639101028442,1.0,1.0000000000000002,,0.0,20
D,GAT+LSTM_incremental,2,804,tue,1.0,0.9739027619361877,1.0,1.0000000000000002,,0.0,20
D,GAT+LSTM_incremental,2,805,tue,1.0,0.9036810994148254,1.0,1.0000000000000002,,0.0,20
D,GAT+LSTM_incremental,2,806,tue,1.0,0.988537073135376,1.0,1.0000000000000002,,0.0,20
D,GAT+LSTM_incremental,2,807,tue,1.0,0.9077106714248657,1.0,1.0000000000000002,,0.0,20
D,GAT+LSTM_incremental,2,808,tue,1.0,0.9736340641975403,1.0,1.0000000000000002,,0.0,20
D,GAT+LSTM_incremental,2,809,tue,1.0,0.9855013489723206,1.0,1.0000000000000002,,0.0,20
D,GAT+LSTM_incremental,2,810,tue,1.0,0.9311972260475159,1.0,1.0000000000000002,,0.0,20
D,GAT+LSTM_incremental,2,811,tue,1.0,0.911059558391571,1.0,1.0000000000000002,,0.0,20
D,GAT+LSTM_incremental,2,812,tue,0.0,0.8163262605667114,0.9743589743589743,0.9999999999999998,1.0,1.0,20
D,GAT+LSTM_incremental,2,813,tue,0.0,0.0003296762006357312,0.972972972972973,1.0,1.0,0.5,20
D,GAT+LSTM_incremental,2,814,tue,0.0,0.00018948384968098253,0.9714285714285714,1.0,1.0,0.3333333333333333,20
D,GAT+LSTM_incremental,2,815,tue,0.0,0.0001655275555094704,0.9696969696969697,1.0,1.0,0.25,20
D,GAT+LSTM_incremental,2,816,tue,0.0,0.0004513252933975309,0.967741935483871,1.0,1.0,0.2,20
D,GAT+LSTM_incremental,2,817,tue,0.0,0.00024832808412611485,0.9655172413793104,0.9999999999999999,1.0,0.16666666666666666,20
D,GAT+LSTM_incremental,2,818,tue,0.0,0.0001562492543598637,0.9629629629629629,0.9999999999999998,1.0,0.14285714285714285,20
D,GAT+LSTM_incremental,2,819,tue,0.0,0.00014304147043731064,0.96,1.0,1.0,0.125,20
D,GAT+LSTM_incremental,2,820,tue,0.0,0.00016304269956890494,0.9565217391304348,1.0,1.0,0.1111111111111111,20
D,GAT+LSTM_incremental,2,821,tue,0.0,0.00016673050413373858,0.9523809523809523,0.9999999999999999,1.0,0.1,20
D,GAT+LSTM_incremental,2,822,tue,0.0,0.00018954130064230412,0.9473684210526315,1.0000000000000002,1.0,0.09090909090909091,20
D,GAT+LSTM_incremental,2,823,tue,0.0,0.00014413625467568636,0.9411764705882353,1.0,1.0,0.08333333333333333,20
D,GAT+LSTM_incremental,2,824,tue,0.0,0.00018180286861024797,0.9333333333333333,0.9999999999999998,1.0,0.07692307692307693,20
D,GAT+LSTM_incremental,2,825,tue,0.0,0.000343358755344525,0.9230769230769231,1.0,1.0,0.07142857142857142,20
D,GAT+LSTM_incremental,2,826,tue,0.0,0.00014842563541606069,0.9090909090909091,1.0,1.0,0.06666666666666667,20
D,GAT+LSTM_incremental,2,827,tue,0.0,0.00015567107766401023,0.8888888888888888,1.0,1.0,0.0625,20
D,GAT+LSTM_incremental,2,828,tue,0.0,0.00016028195386752486,0.8571428571428571,1.0,1.0,0.058823529411764705,20
D,GAT+LSTM_incremental,2,829,tue,0.0,0.00016139107174240053,0.8,1.0,1.0,0.05555555555555555,20
D,GAT+LSTM_incremental,2,830,tue,0.0,0.00015172325947787613,0.6666666666666666,1.0,1.0,0.05263157894736842,20
D,GAT+LSTM_incremental,2,831,tue,0.0,0.00013959094940219074,0.0,0.5,,0.05,20
D,GAT+LSTM_incremental,2,832,tue,0.0,0.00013987407146487385,0.0,0.5,,0.0,20
D,GAT+LSTM_incremental,2,833,tue,0.0,0.00017475700587965548,0.0,0.5,,0.0,20
D,GAT+LSTM_incremental,2,834,tue,0.0,0.00014825731341261417,0.0,0.5,,0.0,20
D,GAT+LSTM_incremental,2,835,tue,0.0,0.00015355608775280416,0.0,0.5,,0.0,20
D,GAT+LSTM_incremental,2,836,tue,0.0,0.00016974400205072016,0.0,0.5,,0.0,20
D,GAT+LSTM_incremental,2,837,tue,0.0,0.00014187190390657634,0.0,0.5,,0.0,20
D,GAT+LSTM_incremental,2,838,tue,0.0,0.00016998224600683898,0.0,0.5,,0.0,20
D,GAT+LSTM_incremental,2,839,tue,0.0,0.00017958873650059104,0.0,0.5,,0.0,20
D,GAT+LSTM_incremental,2,840,tue,0.0,0.00014437118079513311,0.0,0.5,,0.0,20
D,GAT+LSTM_incremental,2,841,tue,0.0,0.00016736268298700452,0.0,0.5,,0.0,20
D,GAT+LSTM_incremental,2,842,tue,0.0,0.00013970864529255778,0.0,0.5,,0.0,20
D,GAT+LSTM_incremental,2,843,tue,0.0,0.00014441428356803954,0.0,0.5,,0.0,20
D,GAT+LSTM_incremental,2,844,tue,0.0,0.00015823105059098452,0.0,0.5,,0.0,20
D,GAT+LSTM_incremental,2,845,tue,0.0,0.00014545423618983477,0.0,0.5,,0.0,20
D,GAT+LSTM_incremental,2,846,tue,0.0,0.0001507353299530223,0.0,0.5,,0.0,20
D,GAT+LSTM_incremental,2,847,tue,0.0,0.00014757142344024032,0.0,0.5,,0.0,20
D,GAT+LSTM_incremental,2,848,tue,0.0,0.00026257181889377534,0.0,0.5,,0.0,20
D,GAT+LSTM_incremental,2,849,tue,0.0,0.00023394703748635948,0.0,0.5,,0.0,20
D,GAT+LSTM_incremental,2,850,tue,0.0,0.00035210110945627093,0.0,0.5,,0.0,20
D,GAT+LSTM_incremental,2,851,tue,0.0,0.0009858569828793406,0.0,0.5,,0.0,20
D,GAT+LSTM_incremental,2,852,tue,0.0,0.002534792758524418,0.0,0.5,,0.0,20
D,GAT+LSTM_incremental,2,853,tue,0.0,0.00451784860342741,0.0,0.5,,0.0,20
D,GAT+LSTM_incremental,2,854,tue,0.0,0.006175731308758259,0.0,0.5,,0.0,20
D,GAT+LSTM_incremental,2,855,tue,0.0,0.0009844417218118906,0.0,0.5,,0.0,20
D,GAT+LSTM_incremental,2,856,tue,0.0,0.0016093335580080748,0.0,0.5,,0.0,20
D,GAT+LSTM_incremental,2,857,tue,0.0,0.001199931837618351,0.0,0.5,,0.0,20
D,GAT+LSTM_incremental,2,858,tue,0.0,0.0003289798041805625,0.0,0.5,,0.0,20
D,GAT+LSTM_incremental,2,859,tue,0.0,0.00022429443197324872,0.0,0.5,,0.0,20
D,GAT+LSTM_incremental,2,860,tue,0.0,0.003180847270414233,0.0,0.5,,0.0,20
D,GAT+LSTM_incremental,2,861,tue,0.0,0.0002547437325119972,0.0,0.5,,0.0,20
D,GAT+LSTM_incremental,2,862,tue,0.0,0.0892004743218422,0.0,0.5,,0.0,20
D,GAT+LSTM_incremental,2,863,tue,0.0,0.0018678877968341112,0.0,0.5,,0.0,20
D,GAT+LSTM_incremental,2,864,tue,0.0,0.0033606116194278,0.0,0.5,,0.0,20
D,GAT+LSTM_incremental,2,865,tue,0.0,0.034299254417419434,0.0,0.5,,0.0,20
D,GAT+LSTM_incremental,2,866,tue,0.0,0.004352466203272343,0.0,0.5,,0.0,20
D,GAT+LSTM_incremental,2,867,tue,0.0,0.4229631721973419,0.0,0.5,,0.0,20
D,GAT+LSTM_incremental,2,868,tue,0.0,0.024062851443886757,0.0,0.5,,0.0,20
D,GAT+LSTM_incremental,2,869,tue,0.0,0.000259088323218748,0.0,0.5,,0.0,20
D,GAT+LSTM_incremental,2,870,tue,0.0,0.00027354792109690607,0.0,0.5,,0.0,20
D,GAT+LSTM_incremental,2,871,tue,0.0,0.0005033891065977514,0.0,0.5,,0.0,20
D,GAT+LSTM_incremental,2,872,tue,0.0,0.0006436283001676202,0.0,0.5,,0.0,20
D,GAT+LSTM_incremental,2,873,tue,0.0,0.0006078945589251816,0.0,0.5,,0.0,20
D,GAT+LSTM_incremental,2,874,tue,0.0,0.00019140429503750056,0.0,0.5,,0.0,20
D,GAT+LSTM_incremental,2,875,tue,0.0,0.00019749962666537613,0.0,0.5,,0.0,20
D,GAT+LSTM_incremental,2,876,tue,0.0,0.0003095672291237861,0.0,0.5,,0.0,20
D,GAT+LSTM_incremental,2,877,tue,1.0,0.00013896607561036944,0.0,0.025,0.0,0.0,20
D,GAT+LSTM_incremental,2,878,tue,1.0,0.00013597020006272942,0.0,0.05131578947368421,0.0,0.0,20
D,GAT+LSTM_incremental,2,879,tue,1.0,0.0001435949234291911,0.0,0.07860623781676414,0.0,0.0,20
D,GAT+LSTM_incremental,2,880,tue,1.0,0.00014596275286749005,0.0,0.10695734434124526,0.0,0.0,20
D,GAT+LSTM_incremental,2,881,tue,1.0,0.00020104978466406465,0.0,0.13736086539879108,0.02666666666666666,0.0,20
D,GAT+LSTM_incremental,2,882,tue,1.0,0.0002085425949189812,0.0,0.1704503922576678,0.04761904761904763,0.0,20
D,GAT+LSTM_incremental,2,883,tue,1.0,0.00023885484552010894,0.0,0.2059905304901988,0.06593406593406594,0.0,20
D,GAT+LSTM_incremental,2,884,tue,1.0,0.00020382946240715683,0.0,0.24400927052823337,0.08333333333333331,0.0,20
D,GAT+LSTM_incremental,2,885,tue,1.0,0.0001629307953407988,0.0,0.27993115177067707,0.08080808080808079,0.0,20
D,GAT+LSTM_incremental,2,886,tue,1.0,0.00017323513748124242,0.0,0.318158888754864,0.07999999999999999,0.0,20
D,GAT+LSTM_incremental,2,887,tue,1.0,0.0002004684356506914,0.0,0.36428794295737726,0.101010101010101,0.0,20
D,GAT+LSTM_incremental,2,888,tue,1.0,0.0002069285255856812,0.0,0.4146335833642335,0.125,0.0,20
D,GAT+LSTM_incremental,2,889,tue,1.0,0.00034449106897227466,0.0,0.47325938165721454,0.1758241758241758,0.0,20
D,GAT+LSTM_incremental,2,890,tue,1.0,0.0003408209595363587,0.0,0.5377957801940553,0.2142857142857143,0.0,20
D,GAT+LSTM_incremental,2,891,tue,1.0,0.00020760558254551142,0.0,0.6109495478148729,0.26666666666666666,0.0,20
D,GAT+LSTM_incremental,2,892,tue,1.0,0.00021819731045980006,0.0,0.6999590944830884,0.34375,0.0,20
D,GAT+LSTM_incremental,2,893,tue,1.0,0.00017994425434153527,0.0,0.8470024438723218,0.43137254901960786,0.0,20
D,GAT+LSTM_incremental,2,894,tue,1.0,0.00018541605095379055,0.0,0.870547365335807,0.33333333333333337,0.0,20
D,GAT+LSTM_incremental,2,895,tue,1.0,0.00020018366922158748,0.0,0.8996803689222621,0.10526315789473684,0.0,20
D,GAT+LSTM_incremental,2,896,tue,1.0,0.00029360956978052855,0.0,1.0000000000000002,,0.0,20
D,GAT+LSTM_incremental,2,897,tue,1.0,0.0003268524305894971,0.0,1.0000000000000002,,0.0,20
D,GAT+LSTM_incremental,2,898,tue,1.0,0.0003842296719085425,0.0,1.0000000000000002,,0.0,20
D,GAT+LSTM_incremental,2,899,tue,1.0,0.0002542366273701191,0.0,1.0000000000000002,,0.0,20
D,GAT+LSTM_incremental,2,900,tue,1.0,0.00022682872076984495,0.0,1.0000000000000002,,0.0,20
D,GAT+LSTM_incremental,2,901,tue,1.0,0.000171462947037071,0.0,1.0000000000000002,,0.0,20
D,GAT+LSTM_incremental,2,902,tue,1.0,0.00016776628035586327,0.0,1.0000000000000002,,0.0,20
D,GAT+LSTM_incremental,2,903,tue,1.0,0.00017207549535669386,0.0,1.0000000000000002,,0.0,20
D,GAT+LSTM_incremental,2,904,tue,1.0,0.00021118929726071656,0.0,1.0000000000000002,,0.0,20
D,GAT+LSTM_incremental,2,905,tue,1.0,0.00021978880977258086,0.0,1.0000000000000002,,0.0,20
D,GAT+LSTM_incremental,2,906,tue,1.0,0.00025016340077854693,0.0,1.0000000000000002,,0.0,20
D,GAT+LSTM_incremental,2,907,tue,1.0,0.00038240294088609517,0.0,1.0000000000000002,,0.0,20
D,GAT+LSTM_incremental,2,908,tue,1.0,0.0005292536807246506,0.0,1.0000000000000002,,0.0,20
D,GAT+LSTM_incremental,2,909,tue,1.0,0.00040763276047073305,0.0,1.0000000000000002,,0.0,20
D,GAT+LSTM_incremental,2,910,tue,1.0,0.00025900432956404984,0.0,1.0000000000000002,,0.0,20
D,GAT+LSTM_incremental,2,911,tue,1.0,0.00017893154290504754,0.0,1.0000000000000002,,0.0,20
D,GAT+LSTM_incremental,2,912,tue,1.0,0.00016543605306651443,0.0,1.0000000000000002,,0.0,20
D,GAT+LSTM_incremental,2,913,tue,1.0,0.0001586104917805642,0.0,1.0000000000000002,,0.0,20
D,GAT+LSTM_incremental,2,914,tue,1.0,0.00014671501412522048,0.0,1.0000000000000002,,0.0,20
D,GAT+LSTM_incremental,2,915,tue,1.0,0.0001660832786001265,0.0,1.0000000000000002,,0.0,20
D,GAT+LSTM_incremental,2,916,tue,1.0,0.00024262671649921685,0.0,1.0000000000000002,,0.0,20
D,GAT+LSTM_incremental,2,917,tue,1.0,0.0002679159224499017,0.0,1.0000000000000002,,0.0,20
D,GAT+LSTM_incremental,2,918,tue,1.0,0.00025513797299936414,0.0,1.0000000000000002,,0.0,20
D,GAT+LSTM_incremental,2,919,tue,1.0,0.00035190460039302707,0.0,1.0000000000000002,,0.0,20
D,GAT+LSTM_incremental,2,920,tue,1.0,0.00028769820346497,0.0,1.0000000000000002,,0.0,20
D,GAT+LSTM_incremental,2,921,tue,1.0,0.00032737667788751423,0.0,1.0000000000000002,,0.0,20
D,GAT+LSTM_incremental,2,922,tue,1.0,0.00025108095724135637,0.0,1.0000000000000002,,0.0,20
D,GAT+LSTM_incremental,2,923,tue,1.0,0.00020648151985369623,0.0,1.0000000000000002,,0.0,20
D,GAT+LSTM_incremental,2,924,tue,1.0,0.0001947470154846087,0.0,1.0000000000000002,,0.0,20
D,GAT+LSTM_incremental,2,925,tue,1.0,0.0001805020438041538,0.0,1.0000000000000002,,0.0,20
D,GAT+LSTM_incremental,2,926,tue,1.0,0.0001651206985116005,0.0,1.0000000000000002,,0.0,20
D,GAT+LSTM_incremental,2,927,tue,1.0,0.0001721777516650036,0.0,1.0000000000000002,,0.0,20
D,GAT+LSTM_incremental,2,928,tue,1.0,0.00017165254394058138,0.0,1.0000000000000002,,0.0,20
D,GAT+LSTM_incremental,2,929,tue,1.0,0.00016415303980465978,0.0,1.0000000000000002,,0.0,20
D,GAT+LSTM_incremental,2,930,tue,1.0,0.00016344273171853274,0.0,1.0000000000000002,,0.0,20
D,GAT+LSTM_incremental,2,931,tue,1.0,0.00019146928389091045,0.0,1.0000000000000002,,0.0,20
D,GAT+LSTM_incremental,2,932,tue,1.0,0.00019055863958783448,0.0,1.0000000000000002,,0.0,20
D,GAT+LSTM_incremental,2,933,tue,1.0,0.00021725028636865318,0.0,1.0000000000000002,,0.0,20
D,GAT+LSTM_incremental,2,934,tue,1.0,0.000256283616181463,0.0,1.0000000000000002,,0.0,20
D,GAT+LSTM_incremental,2,935,tue,1.0,0.00025130799622274935,0.0,1.0000000000000002,,0.0,20
D,GAT+LSTM_incremental,2,936,tue,1.0,0.00030332221649587154,0.0,1.0000000000000002,,0.0,20
D,GAT+LSTM_incremental,2,937,tue,1.0,0.0002440370590193197,0.0,1.0000000000000002,,0.0,20
D,GAT+LSTM_incremental,2,938,tue,1.0,0.0002266099618282169,0.0,1.0000000000000002,,0.0,20
D,GAT+LSTM_incremental,2,939,tue,1.0,0.0001964355178643018,0.0,1.0000000000000002,,0.0,20
D,GAT+LSTM_incremental,2,940,tue,1.0,0.00018317591457162052,0.0,1.0000000000000002,,0.0,20
D,GAT+LSTM_incremental,2,941,tue,1.0,0.00023617589613422751,0.0,1.0000000000000002,,0.0,20
D,GAT+LSTM_incremental,2,942,tue,1.0,0.00025876419385895133,0.0,1.0000000000000002,,0.0,20
D,GAT+LSTM_incremental,2,943,tue,1.0,0.00022600989905185997,0.0,1.0000000000000002,,0.0,20
D,GAT+LSTM_incremental,2,944,tue,1.0,0.00020223874889779836,0.0,1.0000000000000002,,0.0,20
D,GAT+LSTM_incremental,2,945,tue,1.0,0.00018104085756931454,0.0,1.0000000000000002,,0.0,20
D,GAT+LSTM_incremental,2,946,tue,1.0,0.00016422444605268538,0.0,1.0000000000000002,,0.0,20
D,GAT+LSTM_incremental,2,947,tue,1.0,0.00015145412180572748,0.0,1.0000000000000002,,0.0,20
D,GAT+LSTM_incremental,2,948,tue,1.0,0.00016962135850917548,0.0,1.0000000000000002,,0.0,20
D,GAT+LSTM_incremental,2,949,tue,1.0,0.0002032247866736725,0.0,1.0000000000000002,,0.0,20
D,GAT+LSTM_incremental,2,950,tue,1.0,0.00021508574718609452,0.0,1.0000000000000002,,0.0,20
D,GAT+LSTM_incremental,2,951,tue,1.0,0.0002963724546134472,0.0,1.0000000000000002,,0.0,20
D,GAT+LSTM_incremental,2,952,tue,1.0,0.00023681559832766652,0.0,1.0000000000000002,,0.0,20
D,GAT+LSTM_incremental,2,953,tue,1.0,0.0001777192228473723,0.0,1.0000000000000002,,0.0,20
D,GAT+LSTM_incremental,2,954,tue,1.0,0.0001597116788616404,0.0,1.0000000000000002,,0.0,20
D,GAT+LSTM_incremental,2,955,tue,1.0,0.00016107974806800485,0.0,1.0000000000000002,,0.0,20
D,GAT+LSTM_incremental,2,956,tue,1.0,0.0001562215475132689,0.0,1.0000000000000002,,0.0,20
D,GAT+LSTM_incremental,2,957,tue,1.0,0.00016993007739074528,0.0,1.0000000000000002,,0.0,20
D,GAT+LSTM_incremental,2,958,tue,1.0,0.00015527894720435143,0.0,1.0000000000000002,,0.0,20
D,GAT+LSTM_incremental,2,959,tue,1.0,0.0001547366555314511,0.0,1.0000000000000002,,0.0,20
D,GAT+LSTM_incremental,2,960,tue,1.0,0.0001590979372849688,0.0,1.0000000000000002,,0.0,20
D,GAT+LSTM_incremental,2,961,tue,1.0,0.00014942933921702206,0.0,1.0000000000000002,,0.0,20
D,GAT+LSTM_incremental,2,962,tue,1.0,0.0001686598261585459,0.0,1.0000000000000002,,0.0,20
D,GAT+LSTM_incremental,2,963,tue,1.0,0.000211455873795785,0.0,1.0000000000000002,,0.0,20
D,GAT+LSTM_incremental,2,964,tue,1.0,0.00019738705304916948,0.0,1.0000000000000002,,0.0,20
D,GAT+LSTM_incremental,2,965,tue,1.0,0.00020591668726410717,0.0,1.0000000000000002,,0.0,20
D,GAT+LSTM_incremental,2,966,tue,1.0,0.00019906522356905043,0.0,1.0000000000000002,,0.0,20
D,GAT+LSTM_incremental,2,967,tue,1.0,0.0001794261479517445,0.0,1.0000000000000002,,0.0,20
D,GAT+LSTM_incremental,2,968,tue,1.0,0.00018239722703583539,0.0,1.0000000000000002,,0.0,20
D,GAT+LSTM_incremental,2,969,tue,1.0,0.00022046042431611568,0.0,1.0000000000000002,,0.0,20
D,GAT+LSTM_incremental,2,970,tue,1.0,0.000280735082924366,0.0,1.0000000000000002,,0.0,20
D,GAT+LSTM_incremental,2,971,tue,1.0,0.00018865708261728287,0.0,1.0000000000000002,,0.0,20
D,GAT+LSTM_incremental,2,972,tue,1.0,0.00020147291070315987,0.0,1.0000000000000002,,0.0,20
D,GAT+LSTM_incremental,2,973,tue,1.0,0.00021113010006956756,0.0,1.0000000000000002,,0.0,20
D,GAT+LSTM_incremental,2,974,tue,1.0,0.0001795305433915928,0.0,1.0000000000000002,,0.0,20
D,GAT+LSTM_incremental,2,975,tue,1.0,0.00016688971663825214,0.0,1.0000000000000002,,0.0,20
D,GAT+LSTM_incremental,2,976,tue,1.0,0.00018875858222600073,0.0,1.0000000000000002,,0.0,20
D,GAT+LSTM_incremental,2,977,tue,1.0,0.00027763337129727006,0.0,1.0000000000000002,,0.0,20
D,GAT+LSTM_incremental,2,978,tue,1.0,0.002144640777260065,0.0,1.0000000000000002,,0.0,20
D,GAT+LSTM_incremental,2,979,tue,1.0,0.0026404683012515306,0.0,1.0000000000000002,,0.0,20
D,GAT+LSTM_incremental,2,980,tue,1.0,0.0031298405956476927,0.0,1.0000000000000002,,0.0,20
D,GAT+LSTM_incremental,2,981,tue,1.0,0.0025123965460807085,0.0,1.0000000000000002,,0.0,20
D,GAT+LSTM_incremental,2,982,tue,1.0,0.0020338615868240595,0.0,1.0000000000000002,,0.0,20
D,GAT+LSTM_incremental,2,983,tue,1.0,0.001573172747157514,0.0,1.0000000000000002,,0.0,20
D,GAT+LSTM_incremental,2,984,tue,1.0,0.0022100149653851986,0.0,1.0000000000000002,,0.0,20
D,GAT+LSTM_incremental,2,985,tue,1.0,0.0025198450312018394,0.0,1.0000000000000002,,0.0,20
D,GAT+LSTM_incremental,2,986,tue,1.0,0.0015164085198193789,0.0,1.0000000000000002,,0.0,20
D,GAT+LSTM_incremental,2,987,tue,1.0,0.0014417677884921432,0.0,1.0000000000000002,,0.0,20
D,GAT+LSTM_incremental,2,988,tue,1.0,0.0018765284912660718,0.0,1.0000000000000002,,0.0,20
D,GAT+LSTM_incremental,2,989,tue,1.0,0.002138311043381691,0.0,1.0000000000000002,,0.0,20
D,GAT+LSTM_incremental,2,990,tue,1.0,0.0019137519411742687,0.0,1.0000000000000002,,0.0,20
D,GAT+LSTM_incremental,2,991,tue,1.0,0.0016221614787355065,0.0,1.0000000000000002,,0.0,20
D,GAT+LSTM_incremental,2,992,tue,1.0,0.0011208871146664023,0.0,1.0000000000000002,,0.0,20
D,GAT+LSTM_incremental,2,993,tue,1.0,0.0008921406115405262,0.0,1.0000000000000002,,0.0,20
D,GAT+LSTM_incremental,2,994,tue,1.0,0.0009239620412699878,0.0,1.0000000000000002,,0.0,20
D,GAT+LSTM_incremental,2,995,tue,1.0,0.0007010134286247194,0.0,1.0000000000000002,,0.0,20
D,GAT+LSTM_incremental,2,996,tue,1.0,0.0007762995664961636,0.0,1.0000000000000002,,0.0,20
D,GAT+LSTM_incremental,2,997,tue,1.0,0.0011323774233460426,0.0,1.0000000000000002,,0.0,20
D,GAT+LSTM_incremental,2,998,tue,1.0,0.0010981644736602902,0.0,1.0000000000000002,,0.0,20
D,GAT+LSTM_incremental,2,999,tue,1.0,0.0011981980642303824,0.0,1.0000000000000002,,0.0,20
D,GAT+LSTM_incremental,2,1000,tue,1.0,0.0013401799369603395,0.0,1.0000000000000002,,0.0,20
D,GAT+LSTM_incremental,2,1001,tue,1.0,0.0012931808596476912,0.0,1.0000000000000002,,0.0,20
D,GAT+LSTM_incremental,2,1002,tue,1.0,0.00157645670697093,0.0,1.0000000000000002,,0.0,20
D,GAT+LSTM_incremental,2,1003,tue,1.0,0.0018683199305087328,0.0,1.0000000000000002,,0.0,20
D,GAT+LSTM_incremental,2,1004,tue,1.0,0.0024559723678976297,0.0,1.0000000000000002,,0.0,20
D,GAT+LSTM_incremental,2,1005,tue,1.0,0.0014049126766622066,0.0,1.0000000000000002,,0.0,20
D,GAT+LSTM_incremental,2,1006,tue,1.0,0.0009439870482310653,0.0,1.0000000000000002,,0.0,20
D,GAT+LSTM_incremental,2,1007,tue,1.0,0.0007630399777553976,0.0,1.0000000000000002,,0.0,20
D,GAT+LSTM_incremental,2,1008,tue,1.0,0.0008947354508563876,0.0,1.0000000000000002,,0.0,20
D,GAT+LSTM_incremental,2,1009,tue,1.0,0.0007090602302923799,0.0,1.0000000000000002,,0.0,20
D,GAT+LSTM_incremental,2,1010,tue,1.0,0.0006306971190497279,0.0,1.0000000000000002,,0.0,20
D,GAT+LSTM_incremental,2,1011,tue,1.0,0.0009561612969264388,0.0,1.0000000000000002,,0.0,20
D,GAT+LSTM_incremental,2,1012,tue,1.0,0.0008969606715254486,0.0,1.0000000000000002,,0.0,20
D,GAT+LSTM_incremental,2,1013,tue,1.0,0.0007354064146056771,0.0,1.0000000000000002,,0.0,20
D,GAT+LSTM_incremental,2,1014,tue,1.0,0.0010341820307075977,0.0,1.0000000000000002,,0.0,20
D,GAT+LSTM_incremental,2,1015,tue,1.0,0.0008222667966037989,0.0,1.0000000000000002,,0.0,20
D,GAT+LSTM_incremental,2,1016,tue,1.0,0.0008822742383927107,0.0,1.0000000000000002,,0.0,20
D,GAT+LSTM_incremental,2,1017,tue,1.0,0.0007213554927147925,0.0,1.0000000000000002,,0.0,20
D,GAT+LSTM_incremental,2,1018,tue,1.0,0.0008557427790947258,0.0,1.0000000000000002,,0.0,20
D,GAT+LSTM_incremental,2,1019,tue,1.0,0.0010470758425071836,0.0,1.0000000000000002,,0.0,20
D,GAT+LSTM_incremental,2,1020,tue,1.0,0.000962699530646205,0.0,1.0000000000000002,,0.0,20
D,GAT+LSTM_incremental,2,1021,tue,1.0,0.001059523900039494,0.0,1.0000000000000002,,0.0,20
D,GAT+LSTM_incremental,2,1022,tue,1.0,0.0013291960349306464,0.0,1.0000000000000002,,0.0,20
D,GAT+LSTM_incremental,2,1023,tue,1.0,0.0010304570896551013,0.0,1.0000000000000002,,0.0,20
D,GAT+LSTM_incremental,2,1024,tue,1.0,0.001408869051374495,0.0,1.0000000000000002,,0.0,20
D,GAT+LSTM_incremental,2,1025,tue,1.0,0.0013549723662436008,0.0,1.0000000000000002,,0.0,20
D,GAT+LSTM_incremental,2,1026,tue,1.0,0.0013132478343322873,0.0,1.0000000000000002,,0.0,20
D,GAT+LSTM_incremental,2,1027,tue,1.0,0.0009569473913870752,0.0,1.0000000000000002,,0.0,20
D,GAT+LSTM_incremental,2,1028,tue,1.0,0.0010014809668064117,0.0,1.0000000000000002,,0.0,20
D,GAT+LSTM_incremental,2,1029,tue,1.0,0.0014738832833245397,0.0,1.0000000000000002,,0.0,20
D,GAT+LSTM_incremental,2,1030,tue,1.0,0.0012971300166100264,0.0,1.0000000000000002,,0.0,20
D,GAT+LSTM_incremental,2,1031,tue,1.0,0.0014992980286478996,0.0,1.0000000000000002,,0.0,20
D,GAT+LSTM_incremental,2,1032,tue,1.0,0.0019328990019857883,0.0,1.0000000000000002,,0.0,20
D,GAT+LSTM_incremental,3,1222,wed,0.0,0.007855799980461597,0.0,0.8382768601503324,0.0,0.0,20
D,GAT+LSTM_incremental,3,1223,wed,0.0,0.010710679925978184,0.0,0.7419178158729243,0.0,0.0,20
D,GAT+LSTM_incremental,3,1224,wed,0.0,0.018315894529223442,0.0,0.6636341781511149,0.0,0.0,20
D,GAT+LSTM_incremental,3,1225,wed,0.0,0.007493766490370035,0.0,0.5963984190474129,0.0,0.0,20
D,GAT+LSTM_incremental,3,1226,wed,0.0,0.017978597432374954,0.0,0.5368645587298837,0.0,0.0,20
D,GAT+LSTM_incremental,3,1227,wed,0.0,0.022897223010659218,0.0,0.4831115755098506,0.0,0.0,20
D,GAT+LSTM_incremental,3,1228,wed,1.0,0.026172040030360222,0.0,0.5494381061220955,0.07142857142857142,0.0,20
D,GAT+LSTM_incremental,3,1229,wed,0.0,0.026877298951148987,0.0,0.4483324923072482,0.06593406593406594,0.0,20
D,GAT+LSTM_incremental,3,1230,wed,0.0,0.026396969333291054,0.0,0.39767091640156654,0.0625,0.0,20
D,GAT+LSTM_incremental,3,1231,wed,0.0,0.045637164264917374,0.0,0.3528233974019226,0.060606060606060615,0.0,20
D,GAT+LSTM_incremental,3,1232,wed,0.0,0.013431843370199203,0.0,0.31418314227911753,0.06999999999999999,0.0,20
D,GAT+LSTM_incremental,3,1233,wed,0.0,0.0062913899309933186,0.0,0.27798309982262515,0.0808080808080808,0.0,20
D,GAT+LSTM_incremental,3,1234,wed,0.0,0.011935765855014324,0.0,0.24402383929280214,0.09375,0.0,20
D,GAT+LSTM_incremental,3,1235,wed,0.0,0.002598924795165658,0.0,0.2122012840223809,0.10989010989010987,0.0,20
D,GAT+LSTM_incremental,3,1236,wed,0.0,0.001280101016163826,0.0,0.189551595491998,0.17857142857142855,0.0,20
D,GAT+LSTM_incremental,3,1237,wed,0.0,0.0007732784142717719,0.0,0.17114612511671334,0.26666666666666666,0.0,20
D,GAT+LSTM_incremental,3,1238,wed,0.0,0.0008846636046655476,0.0,0.1497986694677871,0.34375,0.0,20
D,GAT+LSTM_incremental,3,1239,wed,0.0,0.0005741228233091533,0.0,0.129265873015873,0.43137254901960786,0.0,20
D,GAT+LSTM_incremental,3,1240,wed,0.0,0.00046149236732162535,0.0,0.11369047619047619,0.5555555555555556,0.0,20
D,GAT+LSTM_incremental,3,1241,wed,0.0,0.006756397429853678,0.0,0.125,0.8421052631578947,0.0,20
D,GAT+LSTM_incremental,3,1242,wed,0.0,0.0010192828485742211,0.0,0.125,0.8421052631578947,0.0,20
D,GAT+LSTM_incremental,3,1243,wed,0.0,0.06821184605360031,0.0,0.1,0.7894736842105263,0.0,20
D,GAT+LSTM_incremental,3,1244,wed,0.0,0.010862687602639198,0.0,0.1,0.7894736842105263,0.0,20
D,GAT+LSTM_incremental,3,1245,wed,0.0,0.012301064096391201,0.0,0.1,0.7894736842105263,0.0,20
D,GAT+LSTM_incremental,3,1246,wed,0.0,0.01978316530585289,0.0,0.1,0.7894736842105263,0.0,20
D,GAT+LSTM_incremental,3,1247,wed,0.0,0.012708544731140137,0.0,0.1,0.7894736842105263,0.0,20
D,GAT+LSTM_incremental,3,1248,wed,1.0,0.010577332228422165,0.0,0.045454545454545456,0.4736842105263158,0.0,20
D,GAT+LSTM_incremental,3,1249,wed,1.0,0.005077309440821409,0.0,0.0842948717948718,0.4444444444444444,0.0,20
D,GAT+LSTM_incremental,3,1250,wed,1.0,0.0018218784825876355,0.0,0.1228031228031228,0.43137254901960786,0.0,20
D,GAT+LSTM_incremental,3,1251,wed,1.0,0.0013710055500268936,0.0,0.16509219946719944,0.4375,0.0,20
D,GAT+LSTM_incremental,3,1252,wed,1.0,0.0016910695703700185,0.0,0.21083139083139085,0.45333333333333337,0.0,20
D,GAT+LSTM_incremental,3,1253,wed,1.0,0.0015401841374114156,0.0,0.2583335645835646,0.4642857142857143,0.0,20
D,GAT+LSTM_incremental,3,1254,wed,1.0,0.0009550045942887664,0.0,0.3029564681350395,0.4725274725274725,0.0,20
D,GAT+LSTM_incremental,3,1255,wed,1.0,0.0008352609584107995,0.0,0.34303798223834986,0.45833333333333337,0.0,20
D,GAT+LSTM_incremental,3,1256,wed,1.0,0.0006299710948951542,0.0,0.3657819304878128,0.4040404040404041,0.0,20
D,GAT+LSTM_incremental,3,1257,wed,1.0,0.0006963192136026919,0.0,0.3863932799226917,0.34,0.0,20
D,GAT+LSTM_incremental,3,1258,wed,1.0,0.0007992602768354118,0.0,0.4148212824014963,0.29292929292929293,0.0,20
D,GAT+LSTM_incremental,3,1259,wed,1.0,0.000588347960729152,0.0,0.43203159463801877,0.19791666666666666,0.0,20
D,GAT+LSTM_incremental,3,1260,wed,1.0,0.0007979650399647653,0.0,0.4480898930261874,0.07692307692307696,0.0,20
D,GAT+LSTM_incremental,3,1261,wed,1.0,0.0005202045431360602,0.0,0.4983841997110462,0.07142857142857141,0.0,20
D,GAT+LSTM_incremental,3,1262,wed,1.0,0.001026251120492816,0.0,0.5368645587298837,0.0,0.0,20
D,GAT+LSTM_incremental,3,1263,wed,1.0,0.001111500314436853,0.0,0.5963984190474129,0.0,0.0,20
D,GAT+LSTM_incremental,3,1264,wed,1.0,0.0005969805060885847,0.0,0.6636341781511149,0.0,0.0,20
D,GAT+LSTM_incremental,3,1265,wed,0.0,0.0005107191973365843,0.0,0.7327736626270591,0.33333333333333337,0.0,20
D,GAT+LSTM_incremental,3,1266,wed,1.0,0.0005357792833819985,0.0,0.8321431184627779,0.5,0.0,20
D,GAT+LSTM_incremental,3,1267,wed,1.0,0.0005573719972744584,0.0,0.9999999999999998,1.0,0.0,20
D,GAT+LSTM_incremental,3,1268,wed,1.0,0.0005356452311389148,0.0,0.9999999999999998,1.0,0.0,20
D,GAT+LSTM_incremental,3,1269,wed,1.0,0.0009020627476274967,0.0,0.9999999999999998,1.0,0.0,20
D,GAT+LSTM_incremental,3,1270,wed,1.0,0.0011772536672651768,0.0,0.9999999999999998,1.0,0.0,20
D,GAT+LSTM_incremental,3,1271,wed,1.0,0.002030700910836458,0.0,0.9999999999999998,1.0,0.0,20
D,GAT+LSTM_incremental,3,1272,wed,1.0,0.001937203574925661,0.0,0.9999999999999998,1.0,0.0,20
D,GAT+LSTM_incremental,3,1273,wed,1.0,0.005054515786468983,0.0,0.9999999999999998,1.0,0.0,20
D,GAT+LSTM_incremental,3,1274,wed,1.0,0.0025943678338080645,0.0,0.9999999999999998,1.0,0.0,20
D,GAT+LSTM_incremental,3,1275,wed,1.0,0.003239585552364588,0.0,0.9999999999999998,1.0,0.0,20
D,GAT+LSTM_incremental,3,1276,wed,1.0,0.0044393944554030895,0.0,0.9999999999999998,1.0,0.0,20
D,GAT+LSTM_incremental,3,1277,wed,1.0,0.0035706365015357733,0.0,0.9999999999999998,1.0,0.0,20
D,GAT+LSTM_incremental,3,1278,wed,1.0,0.005529080983251333,0.0,0.9999999999999998,1.0,0.0,20
D,GAT+LSTM_incremental,3,1279,wed,0.0,0.007579658180475235,0.0,0.8321431184627779,0.5,0.0,20
D,GAT+LSTM_incremental,3,1280,wed,1.0,0.004595870152115822,0.0,0.8321431184627779,0.5,0.0,20
D,GAT+LSTM_incremental,3,1281,wed,1.0,0.004447988700121641,0.0,0.8321431184627779,0.5,0.0,20
D,GAT+LSTM_incremental,3,1282,wed,1.0,0.004605080466717482,0.0,0.8321431184627779,0.5,0.0,20
D,GAT+LSTM_incremental,3,1283,wed,0.0,0.0033723595552146435,0.0,0.785212971684015,0.47058823529411764,0.0,20
D,GAT+LSTM_incremental,3,1284,wed,1.0,0.006363199558109045,0.0,0.7906868278931654,0.4901960784313726,0.0,20
D,GAT+LSTM_incremental,3,1285,wed,0.0,0.0064161391928792,0.0,0.7027713481706378,0.15686274509803924,0.0,20
D,GAT+LSTM_incremental,3,1286,wed,0.0,0.004983439575880766,0.0,0.6415801470416407,0.171875,0.0,20
D,GAT+LSTM_incremental,3,1287,wed,0.0,0.008331751450896263,0.0,0.5722800691453942,0.14666666666666667,0.0,20
D,GAT+LSTM_incremental,3,1288,wed,1.0,0.006430549081414938,0.0,0.5831775050428301,0.18666666666666665,0.0,20
D,GAT+LSTM_incremental,3,1289,wed,1.0,0.006402689963579178,0.0,0.5911089254742505,0.21333333333333332,0.0,20
D,GAT+LSTM_incremental,3,1290,wed,1.0,0.006492734421044588,0.0,0.604872152987478,0.2533333333333333,0.0,20
D,GAT+LSTM_incremental,3,1291,wed,1.0,0.0075303236953914165,0.0,0.6188806200106509,0.29333333333333333,0.0,20
D,GAT+LSTM_incremental,3,1292,wed,1.0,0.00774976285174489,0.0,0.6379722364552086,0.3466666666666667,0.0,20
D,GAT+LSTM_incremental,3,1293,wed,1.0,0.01758265495300293,0.0,0.7052341412171133,0.38666666666666666,0.0,20
D,GAT+LSTM_incremental,3,1294,wed,1.0,0.03879643976688385,0.0,0.7560453661692051,0.45333333333333337,0.0,20
D,GAT+LSTM_incremental,3,1295,wed,1.0,0.9894694089889526,0.125,0.7967395160738813,0.52,0.0,20
D,GAT+LSTM_incremental,3,1296,wed,1.0,0.9878016114234924,0.23529411764705882,0.8287465830809483,0.5733333333333333,0.0,20
D,GAT+LSTM_incremental,3,1297,wed,1.0,0.9822792410850525,0.3333333333333333,0.8566181559525212,0.6266666666666667,0.0,20
D,GAT+LSTM_incremental,3,1298,wed,1.0,0.8837748765945435,0.42105263157894735,0.8781572649916303,0.6666666666666666,0.0,20
D,GAT+LSTM_incremental,3,1299,wed,1.0,0.6507919430732727,0.47619047619047616,0.924470726346452,0.734375,0.0,20
D,GAT+LSTM_incremental,3,1300,wed,1.0,0.9921934604644775,0.5454545454545454,0.9394143279858256,0.78125,0.0,20
D,GAT+LSTM_incremental,3,1301,wed,1.0,0.9985939860343933,0.6086956521739131,0.9531468322054623,0.828125,0.0,20
D,GAT+LSTM_incremental,3,1302,wed,1.0,0.99781334400177,0.6666666666666666,0.9658640328217534,0.875,0.0,20
D,GAT+LSTM_incremental,3,1303,wed,1.0,0.9913621544837952,0.6923076923076923,0.9699705175791045,0.8431372549019608,0.0,20
D,GAT+LSTM_incremental,3,1304,wed,1.0,0.921340823173523,0.7407407407407407,0.9778437837784952,0.8823529411764707,0.0,20
D,GAT+LSTM_incremental,3,1305,wed,1.0,0.9815226793289185,0.7586206896551724,0.9830235651765581,0.8611111111111112,0.0,20
D,GAT+LSTM_incremental,3,1306,wed,1.0,0.9975504279136658,0.7741935483870968,0.9848503159343145,0.7368421052631579,0.0,20
D,GAT+LSTM_incremental,3,1307,wed,1.0,0.9231945276260376,0.7878787878787878,1.0000000000000002,,0.0,20
D,GAT+LSTM_incremental,3,1308,wed,1.0,0.9944677352905273,0.8235294117647058,1.0000000000000002,,0.0,20
D,GAT+LSTM_incremental,3,1309,wed,1.0,0.8121340274810791,0.8571428571428571,1.0000000000000002,,0.0,20
D,GAT+LSTM_incremental,3,1310,wed,1.0,0.8747366070747375,0.8888888888888888,1.0000000000000002,,0.0,20
D,GAT+LSTM_incremental,3,1311,wed,1.0,0.995530903339386,0.918918918918919,1.0000000000000002,,0.0,20
D,GAT+LSTM_incremental,3,1312,wed,1.0,0.9167706370353699,0.9473684210526315,1.0000000000000002,,0.0,20
D,GAT+LSTM_incremental,3,1313,wed,1.0,0.9790701866149902,0.9743589743589743,1.0000000000000002,,0.0,20
D,GAT+LSTM_incremental,3,1314,wed,1.0,0.910785436630249,1.0,1.0000000000000002,,0.0,20
D,GAT+LSTM_incremental,3,1315,wed,1.0,0.6527378559112549,1.0,1.0000000000000002,,0.0,20
D,GAT+LSTM_incremental,3,1316,wed,1.0,0.8490746021270752,1.0,1.0000000000000002,,0.0,20
D,GAT+LSTM_incremental,3,1317,wed,1.0,0.9950079917907715,1.0,1.0000000000000002,,0.0,20
D,GAT+LSTM_incremental,3,1318,wed,1.0,0.9955973029136658,1.0,1.0000000000000002,,0.0,20
D,GAT+LSTM_incremental,3,1319,wed,1.0,0.8847403526306152,1.0,1.0000000000000002,,0.0,20
D,GAT+LSTM_incremental,3,1320,wed,1.0,0.8146055936813354,1.0,1.0000000000000002,,0.0,20
D,GAT+LSTM_incremental,3,1321,wed,1.0,0.8033323287963867,1.0,1.0000000000000002,,0.0,20
D,GAT+LSTM_incremental,3,1322,wed,1.0,0.9827994704246521,1.0,1.0000000000000002,,0.0,20
D,GAT+LSTM_incremental,3,1323,wed,1.0,0.9490211009979248,1.0,1.0000000000000002,,0.0,20
D,GAT+LSTM_incremental,3,1324,wed,1.0,0.2970269024372101,0.9743589743589743,1.0000000000000002,,0.0,20
D,GAT+LSTM_incremental,3,1325,wed,1.0,0.27336153388023376,0.9473684210526315,1.0000000000000002,,0.0,20
D,GAT+LSTM_incremental,3,1326,wed,1.0,0.35133659839630127,0.918918918918919,1.0000000000000002,,0.0,20
D,GAT+LSTM_incremental,3,1327,wed,1.0,0.4694845974445343,0.8888888888888888,1.0000000000000002,,0.0,20
D,GAT+LSTM_incremental,3,1328,wed,1.0,0.48961883783340454,0.8571428571428571,1.0000000000000002,,0.0,20
D,GAT+LSTM_incremental,3,1329,wed,1.0,0.12362612038850784,0.8235294117647058,1.0000000000000002,,0.0,20
D,GAT+LSTM_incremental,3,1330,wed,1.0,0.1384974718093872,0.7878787878787878,1.0000000000000002,,0.0,20
D,GAT+LSTM_incremental,3,1331,wed,1.0,0.13517092168331146,0.75,1.0000000000000002,,0.0,20
D,GAT+LSTM_incremental,3,1332,wed,1.0,0.13779409229755402,0.7096774193548387,1.0000000000000002,,0.0,20
D,GAT+LSTM_incremental,3,1333,wed,1.0,0.13789039850234985,0.6666666666666666,1.0000000000000002,,0.0,20
D,GAT+LSTM_incremental,3,1334,wed,1.0,0.1353277564048767,0.6206896551724138,1.0000000000000002,,0.0,20
D,GAT+LSTM_incremental,3,1335,wed,1.0,0.13099077343940735,0.5714285714285714,1.0000000000000002,,0.0,20
D,GAT+LSTM_incremental,3,1336,wed,1.0,0.13726648688316345,0.5185185185185185,1.0000000000000002,,0.0,20
D,GAT+LSTM_incremental,3,1337,wed,1.0,0.13674680888652802,0.46153846153846156,1.0000000000000002,,0.0,20
D,GAT+LSTM_incremental,3,1338,wed,1.0,0.1352315992116928,0.4,1.0000000000000002,,0.0,20
D,GAT+LSTM_incremental,3,1339,wed,1.0,0.13282640278339386,0.3333333333333333,1.0000000000000002,,0.0,20
D,GAT+LSTM_incremental,3,1340,wed,1.0,0.1330098807811737,0.2608695652173913,1.0000000000000002,,0.0,20
D,GAT+LSTM_incremental,3,1341,wed,1.0,0.1352139711380005,0.18181818181818182,1.0000000000000002,,0.0,20
D,GAT+LSTM_incremental,3,1342,wed,1.0,0.1379629373550415,0.09523809523809523,1.0000000000000002,,0.0,20
D,GAT+LSTM_incremental,3,1343,wed,1.0,0.13807186484336853,0.0,1.0000000000000002,,0.0,20
D,GAT+LSTM_incremental,3,1344,wed,1.0,0.13783153891563416,0.0,1.0000000000000002,,0.0,20
D,GAT+LSTM_incremental,3,1345,wed,1.0,0.132155179977417,0.0,1.0000000000000002,,0.0,20
D,GAT+LSTM_incremental,3,1346,wed,1.0,0.1310155987739563,0.0,1.0000000000000002,,0.0,20
D,GAT+LSTM_incremental,3,1347,wed,1.0,0.13676005601882935,0.0,1.0000000000000002,,0.0,20
D,GAT+LSTM_incremental,3,1348,wed,1.0,0.1363837718963623,0.0,1.0000000000000002,,0.0,20
D,GAT+LSTM_incremental,3,1349,wed,1.0,0.13885383307933807,0.0,1.0000000000000002,,0.0,20
D,GAT+LSTM_incremental,3,1350,wed,1.0,0.13124977052211761,0.0,1.0000000000000002,,0.0,20
D,GAT+LSTM_incremental,3,1351,wed,1.0,0.1352252960205078,0.0,1.0000000000000002,,0.0,20
D,GAT+LSTM_incremental,3,1352,wed,1.0,0.13673444092273712,0.0,1.0000000000000002,,0.0,20
D,GAT+LSTM_incremental,3,1353,wed,1.0,0.1377965360879898,0.0,1.0000000000000002,,0.0,20
D,GAT+LSTM_incremental,3,1354,wed,1.0,0.13862459361553192,0.0,1.0000000000000002,,0.0,20
D,GAT+LSTM_incremental,3,1355,wed,1.0,0.1362520456314087,0.0,1.0000000000000002,,0.0,20
D,GAT+LSTM_incremental,3,1356,wed,1.0,0.13876177370548248,0.0,1.0000000000000002,,0.0,20
D,GAT+LSTM_incremental,3,1357,wed,1.0,0.1408604085445404,0.0,1.0000000000000002,,0.0,20
D,GAT+LSTM_incremental,3,1358,wed,1.0,0.14117343723773956,0.0,1.0000000000000002,,0.0,20
D,GAT+LSTM_incremental,3,1359,wed,1.0,0.1386754959821701,0.0,1.0000000000000002,,0.0,20
D,GAT+LSTM_incremental,3,1360,wed,1.0,0.1442454606294632,0.0,1.0000000000000002,,0.0,20
D,GAT+LSTM_incremental,3,1361,wed,1.0,0.14422950148582458,0.0,1.0000000000000002,,0.0,20
D,GAT+LSTM_incremental,3,1362,wed,1.0,0.14368706941604614,0.0,1.0000000000000002,,0.0,20
D,GAT+LSTM_incremental,3,1363,wed,1.0,0.14314527809619904,0.0,1.0000000000000002,,0.0,20
D,GAT+LSTM_incremental,3,1364,wed,1.0,0.11620491743087769,0.0,1.0000000000000002,,0.0,20
D,GAT+LSTM_incremental,3,1365,wed,1.0,0.12695185840129852,0.0,1.0000000000000002,,0.0,20
D,GAT+LSTM_incremental,3,1366,wed,1.0,0.1283630132675171,0.0,1.0000000000000002,,0.0,20
D,GAT+LSTM_incremental,3,1367,wed,1.0,0.12044407427310944,0.0,1.0000000000000002,,0.0,20
D,GAT+LSTM_incremental,3,1368,wed,1.0,0.12385330349206924,0.0,1.0000000000000002,,0.0,20
D,GAT+LSTM_incremental,3,1369,wed,1.0,0.12532177567481995,0.0,1.0000000000000002,,0.0,20
D,GAT+LSTM_incremental,3,1370,wed,1.0,0.1285763829946518,0.0,1.0000000000000002,,0.0,20
D,GAT+LSTM_incremental,3,1371,wed,1.0,0.1416291445493698,0.0,1.0000000000000002,,0.0,20
D,GAT+LSTM_incremental,3,1372,wed,1.0,0.13498899340629578,0.0,1.0000000000000002,,0.0,20
D,GAT+LSTM_incremental,3,1373,wed,1.0,0.13733932375907898,0.0,1.0000000000000002,,0.0,20
D,GAT+LSTM_incremental,3,1374,wed,1.0,0.13680632412433624,0.0,1.0000000000000002,,0.0,20
D,GAT+LSTM_incremental,3,1375,wed,1.0,0.13513793051242828,0.0,1.0000000000000002,,0.0,20
D,GAT+LSTM_incremental,3,1376,wed,1.0,0.13958017528057098,0.0,1.0000000000000002,,0.0,20
D,GAT+LSTM_incremental,3,1377,wed,1.0,0.1384071707725525,0.0,1.0000000000000002,,0.0,20
D,GAT+LSTM_incremental,3,1378,wed,1.0,0.13929370045661926,0.0,1.0000000000000002,,0.0,20
D,GAT+LSTM_incremental,3,1379,wed,1.0,0.14296181499958038,0.0,1.0000000000000002,,0.0,20
D,GAT+LSTM_incremental,3,1380,wed,1.0,0.14168377220630646,0.0,1.0000000000000002,,0.0,20
D,GAT+LSTM_incremental,3,1381,wed,1.0,0.13404594361782074,0.0,1.0000000000000002,,0.0,20
D,GAT+LSTM_incremental,3,1382,wed,1.0,0.13508740067481995,0.0,1.0000000000000002,,0.0,20
D,GAT+LSTM_incremental,3,1383,wed,1.0,0.13665568828582764,0.0,1.0000000000000002,,0.0,20
D,GAT+LSTM_incremental,3,1384,wed,1.0,0.13237997889518738,0.0,1.0000000000000002,,0.0,20
D,GAT+LSTM_incremental,3,1385,wed,1.0,0.1360313445329666,0.0,1.0000000000000002,,0.0,20
D,GAT+LSTM_incremental,3,1386,wed,1.0,0.13257960975170135,0.0,1.0000000000000002,,0.0,20
D,GAT+LSTM_incremental,3,1387,wed,1.0,0.1367598921060562,0.0,1.0000000000000002,,0.0,20
D,GAT+LSTM_incremental,3,1388,wed,1.0,0.1400950700044632,0.0,1.0000000000000002,,0.0,20
D,GAT+LSTM_incremental,3,1389,wed,1.0,0.14066113531589508,0.0,1.0000000000000002,,0.0,20
D,GAT+LSTM_incremental,3,1390,wed,1.0,0.13935381174087524,0.0,1.0000000000000002,,0.0,20
D,GAT+LSTM_incremental,3,1391,wed,1.0,0.1423717737197876,0.0,1.0000000000000002,,0.0,20
D,GAT+LSTM_incremental,3,1392,wed,1.0,0.14014790952205658,0.0,1.0000000000000002,,0.0,20
D,GAT+LSTM_incremental,3,1393,wed,1.0,0.14292241632938385,0.0,1.0000000000000002,,0.0,20
D,GAT+LSTM_incremental,3,1394,wed,1.0,0.14217211306095123,0.0,1.0000000000000002,,0.0,20
D,GAT+LSTM_incremental,3,1395,wed,1.0,0.1419335901737213,0.0,1.0000000000000002,,0.0,20
D,GAT+LSTM_incremental,3,1396,wed,1.0,0.14306630194187164,0.0,1.0000000000000002,,0.0,20
D,GAT+LSTM_incremental,3,1397,wed,1.0,0.13712455332279205,0.0,1.0000000000000002,,0.0,20
D,GAT+LSTM_incremental,3,1398,wed,1.0,0.14124463498592377,0.0,1.0000000000000002,,0.0,20
D,GAT+LSTM_incremental,3,1399,wed,1.0,0.14189794659614563,0.0,1.0000000000000002,,0.0,20
D,GAT+LSTM_incremental,3,1400,wed,1.0,0.13826484978199005,0.0,1.0000000000000002,,0.0,20
D,GAT+LSTM_incremental,3,1401,wed,1.0,0.13591064512729645,0.0,1.0000000000000002,,0.0,20
D,GAT+LSTM_incremental,3,1402,wed,1.0,0.13799849152565002,0.0,1.0000000000000002,,0.0,20
D,GAT+LSTM_incremental,3,1403,wed,1.0,0.13359057903289795,0.0,1.0000000000000002,,0.0,20
D,GAT+LSTM_incremental,3,1404,wed,1.0,0.13622550666332245,0.0,1.0000000000000002,,0.0,20
D,GAT+LSTM_incremental,3,1405,wed,1.0,0.1307702362537384,0.0,1.0000000000000002,,0.0,20
D,GAT+LSTM_incremental,3,1406,wed,1.0,0.12422767281532288,0.0,1.0000000000000002,,0.0,20
D,GAT+LSTM_incremental,3,1407,wed,1.0,0.1259343922138214,0.0,1.0000000000000002,,0.0,20
D,GAT+LSTM_incremental,3,1408,wed,1.0,0.12954886257648468,0.0,1.0000000000000002,,0.0,20
D,GAT+LSTM_incremental,3,1409,wed,1.0,0.12861961126327515,0.0,1.0000000000000002,,0.0,20
D,GAT+LSTM_incremental,3,1410,wed,1.0,0.13542139530181885,0.0,1.0000000000000002,,0.0,20
D,GAT+LSTM_incremental,3,1411,wed,1.0,0.13329491019248962,0.0,1.0000000000000002,,0.0,20
D,GAT+LSTM_incremental,3,1412,wed,1.0,0.13398422300815582,0.0,1.0000000000000002,,0.0,20
D,GAT+LSTM_incremental,3,1413,wed,1.0,0.1414521187543869,0.0,1.0000000000000002,,0.0,20
D,GAT+LSTM_incremental,3,1414,wed,1.0,0.134186252951622,0.0,1.0000000000000002,,0.0,20
D,GAT+LSTM_incremental,3,1415,wed,1.0,0.13493795692920685,0.0,1.0000000000000002,,0.0,20
D,GAT+LSTM_incremental,3,1416,wed,1.0,0.1379261165857315,0.0,1.0000000000000002,,0.0,20
D,GAT+LSTM_incremental,3,1417,wed,1.0,0.13884878158569336,0.0,1.0000000000000002,,0.0,20
D,GAT+LSTM_incremental,3,1418,wed,1.0,0.1395489126443863,0.0,1.0000000000000002,,0.0,20
D,GAT+LSTM_incremental,3,1419,wed,1.0,0.13980519771575928,0.0,1.0000000000000002,,0.0,20
D,GAT+LSTM_incremental,3,1420,wed,1.0,0.13911749422550201,0.0,1.0000000000000002,,0.0,20
D,GAT+LSTM_incremental,3,1421,wed,1.0,0.13934911787509918,0.0,1.0000000000000002,,0.0,20
D,GAT+LSTM_incremental,3,1422,wed,1.0,0.14121824502944946,0.0,1.0000000000000002,,0.0,20
D,GAT+LSTM_incremental,3,1423,wed,1.0,0.13719910383224487,0.0,1.0000000000000002,,0.0,20
D,GAT+LSTM_incremental,3,1424,wed,1.0,0.14179512858390808,0.0,1.0000000000000002,,0.0,20
D,GAT+LSTM_incremental,3,1425,wed,1.0,0.13987010717391968,0.0,1.0000000000000002,,0.0,20
D,GAT+LSTM_incremental,3,1426,wed,1.0,0.13920550048351288,0.0,1.0000000000000002,,0.0,20
D,GAT+LSTM_incremental,3,1427,wed,1.0,0.136419877409935,0.0,1.0000000000000002,,0.0,20
D,GAT+LSTM_incremental,3,1428,wed,1.0,0.13599549233913422,0.0,1.0000000000000002,,0.0,20
D,GAT+LSTM_incremental,3,1429,wed,1.0,0.13737325370311737,0.0,1.0000000000000002,,0.0,20
D,GAT+LSTM_incremental,3,1430,wed,1.0,0.1366414576768875,0.0,1.0000000000000002,,0.0,20
D,GAT+LSTM_incremental,3,1431,wed,1.0,0.1341659128665924,0.0,1.0000000000000002,,0.0,20
D,GAT+LSTM_incremental,3,1432,wed,1.0,0.13649702072143555,0.0,1.0000000000000002,,0.0,20
D,GAT+LSTM_incremental,3,1433,wed,1.0,0.12440979480743408,0.0,1.0000000000000002,,0.0,20
D,GAT+LSTM_incremental,3,1434,wed,1.0,0.12747882306575775,0.0,1.0000000000000002,,0.0,20
D,GAT+LSTM_incremental,3,1435,wed,1.0,0.13332664966583252,0.0,1.0000000000000002,,0.0,20
D,GAT+LSTM_incremental,3,1436,wed,1.0,0.12105371803045273,0.0,1.0000000000000002,,0.0,20
D,GAT+LSTM_incremental,3,1437,wed,1.0,0.12402700632810593,0.0,1.0000000000000002,,0.0,20
D,GAT+LSTM_incremental,3,1438,wed,1.0,0.12447693198919296,0.0,1.0000000000000002,,0.0,20
D,GAT+LSTM_incremental,3,1439,wed,1.0,0.12136911600828171,0.0,1.0000000000000002,,0.0,20
D,GAT+LSTM_incremental,3,1440,wed,1.0,0.13093648850917816,0.0,1.0000000000000002,,0.0,20
D,GAT+LSTM_incremental,3,1441,wed,1.0,0.13208797574043274,0.0,1.0000000000000002,,0.0,20
D,GAT+LSTM_incremental,3,1442,wed,1.0,0.12804703414440155,0.0,1.0000000000000002,,0.0,20
D,GAT+LSTM_incremental,3,1443,wed,1.0,0.13514989614486694,0.0,1.0000000000000002,,0.0,20
D,GAT+LSTM_incremental,3,1444,wed,1.0,0.1367475986480713,0.0,1.0000000000000002,,0.0,20
D,GAT+LSTM_incremental,3,1445,wed,1.0,0.13878802955150604,0.0,1.0000000000000002,,0.0,20
D,GAT+LSTM_incremental,3,1446,wed,1.0,0.14217911660671234,0.0,1.0000000000000002,,0.0,20
D,GAT+LSTM_incremental,3,1447,wed,1.0,0.12583030760288239,0.0,1.0000000000000002,,0.0,20
D,GAT+LSTM_incremental,3,1448,wed,1.0,0.1277502179145813,0.0,1.0000000000000002,,0.0,20
D,GAT+LSTM_incremental,3,1449,wed,1.0,0.13429869711399078,0.0,1.0000000000000002,,0.0,20
D,GAT+LSTM_incremental,3,1450,wed,1.0,0.1361241489648819,0.0,1.0000000000000002,,0.0,20
D,GAT+LSTM_incremental,3,1451,wed,1.0,0.13017110526561737,0.0,1.0000000000000002,,0.0,20
D,GAT+LSTM_incremental,3,1452,wed,1.0,0.13437511026859283,0.0,1.0000000000000002,,0.0,20
D,GAT+LSTM_incremental,3,1453,wed,1.0,0.11509429663419724,0.0,1.0000000000000002,,0.0,20
D,GAT+LSTM_incremental,3,1454,wed,1.0,0.12275035679340363,0.0,1.0000000000000002,,0.0,20
D,GAT+LSTM_incremental,3,1455,wed,1.0,0.1257542371749878,0.0,1.0000000000000002,,0.0,20
D,GAT+LSTM_incremental,3,1456,wed,1.0,0.12246529012918472,0.0,1.0000000000000002,,0.0,20
D,GAT+LSTM_incremental,3,1457,wed,1.0,0.12499314546585083,0.0,1.0000000000000002,,0.0,20
D,GAT+LSTM_incremental,3,1458,wed,1.0,0.12770023941993713,0.0,1.0000000000000002,,0.0,20
D,GAT+LSTM_incremental,3,1459,wed,1.0,0.13008764386177063,0.0,1.0000000000000002,,0.0,20
D,GAT+LSTM_incremental,3,1460,wed,1.0,0.13842086493968964,0.0,1.0000000000000002,,0.0,20
D,GAT+LSTM_incremental,3,1461,wed,1.0,0.14150524139404297,0.0,1.0000000000000002,,0.0,20
D,GAT+LSTM_incremental,3,1462,wed,1.0,0.1298927217721939,0.0,1.0000000000000002,,0.0,20
D,GAT+LSTM_incremental,3,1463,wed,1.0,0.13801398873329163,0.0,1.0000000000000002,,0.0,20
D,GAT+LSTM_incremental,3,1464,wed,1.0,0.13423866033554077,0.0,1.0000000000000002,,0.0,20
D,GAT+LSTM_incremental,3,1465,wed,1.0,0.12300242483615875,0.0,1.0000000000000002,,0.0,20
D,GAT+LSTM_incremental,3,1466,wed,1.0,0.12909993529319763,0.0,1.0000000000000002,,0.0,20
D,GAT+LSTM_incremental,3,1467,wed,1.0,0.13154859840869904,0.0,1.0000000000000002,,0.0,20
D,GAT+LSTM_incremental,3,1468,wed,1.0,0.09594178199768066,0.0,1.0000000000000002,,0.0,20
D,GAT+LSTM_incremental,3,1469,wed,1.0,0.09079843759536743,0.0,1.0000000000000002,,0.0,20
D,GAT+LSTM_incremental,3,1470,wed,1.0,0.07335870712995529,0.0,1.0000000000000002,,0.0,20
D,GAT+LSTM_incremental,3,1471,wed,1.0,0.06859023869037628,0.0,1.0000000000000002,,0.0,20
D,GAT+LSTM_incremental,3,1472,wed,1.0,0.058300986886024475,0.0,1.0000000000000002,,0.0,20
D,GAT+LSTM_incremental,3,1473,wed,1.0,0.0397595576941967,0.0,1.0000000000000002,,0.0,20
D,GAT+LSTM_incremental,3,1474,wed,0.0,0.0265584047883749,0.0,0.9999999999999998,1.0,0.0,20
D,GAT+LSTM_incremental,3,1475,wed,1.0,0.016131320968270302,0.0,0.997299168975069,0.9473684210526315,0.0,20
D,GAT+LSTM_incremental,3,1476,wed,0.0,0.014069500379264355,0.0,0.9969948018193633,0.9722222222222222,0.0,20
D,GAT+LSTM_incremental,3,1477,wed,0.0,0.008056951686739922,0.0,0.9966359092656671,0.9803921568627452,0.0,20
D,GAT+LSTM_incremental,3,1478,wed,1.0,0.009720582515001297,0.0,0.9900677118112468,0.9411764705882353,0.0,20
D,GAT+LSTM_incremental,3,1479,wed,1.0,0.008449784480035305,0.0,0.9831088498350837,0.9019607843137255,0.0,20
D,GAT+LSTM_incremental,3,1480,wed,1.0,0.009954447858035564,0.0,0.975709566592375,0.8627450980392156,0.0,20
D,GAT+LSTM_incremental,3,1481,wed,1.0,0.012045997194945812,0.0,0.9678098682515001,0.8235294117647058,0.0,20
D,GAT+LSTM_incremental,3,1482,wed,1.0,0.007520493119955063,0.0,0.9566447004299855,0.7647058823529412,0.0,20
D,GAT+LSTM_incremental,3,1483,wed,1.0,0.010583778843283653,0.0,0.9475067795273587,0.7254901960784315,0.0,20
D,GAT+LSTM_incremental,3,1484,wed,1.0,0.010977360419929028,0.0,0.9375897357867855,0.6862745098039216,0.0,20
D,GAT+LSTM_incremental,3,1485,wed,1.0,0.014299564994871616,0.0,0.9313805854599881,0.6666666666666667,0.0,20
D,GAT+LSTM_incremental,3,1486,wed,1.0,0.011221230961382389,0.0,0.9198015599103744,0.6274509803921569,0.0,20
D,GAT+LSTM_incremental,3,1487,wed,1.0,0.04539935290813446,0.0,0.9198015599103744,0.6274509803921569,0.0,20
D,GAT+LSTM_incremental,3,1488,wed,1.0,0.043655481189489365,0.0,0.9198015599103744,0.6274509803921569,0.0,20
D,GAT+LSTM_incremental,3,1489,wed,1.0,0.9898366332054138,0.1111111111111111,0.9198015599103744,0.6274509803921569,0.0,20
D,GAT+LSTM_incremental,3,1490,wed,1.0,0.9980827569961548,0.21052631578947367,0.9198015599103744,0.6274509803921569,0.0,20
D,GAT+LSTM_incremental,3,1491,wed,1.0,0.9989930987358093,0.3,0.9198015599103744,0.6274509803921569,0.0,20
D,GAT+LSTM_incremental,3,1492,wed,1.0,0.9992963075637817,0.38095238095238093,0.9198015599103744,0.6274509803921569,0.0,20
D,GAT+LSTM_incremental,3,1493,wed,1.0,0.999271810054779,0.45454545454545453,0.9198015599103744,0.6274509803921569,0.0,20
D,GAT+LSTM_incremental,3,1494,wed,0.0,0.9943707585334778,0.43478260869565216,0.8920354534677973,0.5686274509803921,0.3333333333333333,20
D,GAT+LSTM_incremental,3,1495,wed,0.0,0.9694321751594543,0.43478260869565216,0.8386001025440848,0.5,0.5,20
D,GAT+LSTM_incremental,3,1496,wed,0.0,0.9470214247703552,0.4166666666666667,0.8234677522554845,0.453125,0.75,20
D,GAT+LSTM_incremental,3,1497,wed,0.0,0.8806358575820923,0.4,0.7887099269839208,0.296875,1.0,20
D,GAT+LSTM_incremental,3,1498,wed,0.0,0.6288343071937561,0.4,0.7565206433859684,0.32,1.0,20
D,GAT+LSTM_incremental,3,1499,wed,0.0,0.018402578309178352,0.4166666666666667,0.736955945425649,0.36904761904761907,0.8333333333333334,20
D,GAT+LSTM_incremental,3,1500,wed,0.0,0.04639405757188797,0.43478260869565216,0.7165329883923597,0.3956043956043956,0.7142857142857143,20
D,GAT+LSTM_incremental,3,1501,wed,0.0,0.02929205447435379,0.45454545454545453,0.7092015154321657,0.4479166666666667,0.625,20
D,GAT+LSTM_incremental,3,1502,wed,0.0,0.017260093241930008,0.47619047619047616,0.709438562539815,0.5050505050505051,0.5555555555555556,20
D,GAT+LSTM_incremental,3,1503,wed,0.0,0.04714583232998848,0.5,0.7110549469450398,0.55,0.5,20
D,GAT+LSTM_incremental,3,1504,wed,0.0,0.0743325874209404,0.5263157894736842,0.7234862441002792,0.6060606060606061,0.45454545454545453,20
D,GAT+LSTM_incremental,3,1505,wed,0.0,0.05187026038765907,0.5555555555555556,0.7497748276942355,0.6770833333333333,0.4166666666666667,20
D,GAT+LSTM_incremental,3,1506,wed,0.0,0.043643102049827576,0.5882352941176471,0.8019982993197279,0.7912087912087913,0.38461538461538464,20
D,GAT+LSTM_incremental,3,1507,wed,0.0,0.012145218439400196,0.625,0.8658730158730159,0.880952380952381,0.35714285714285715,20
D,GAT+LSTM_incremental,3,1508,wed,0.0,0.008184267207980156,0.6666666666666666,0.9633333333333334,0.9866666666666667,0.3333333333333333,20
D,GAT+LSTM_incremental,3,1509,wed,0.0,0.020317185670137405,0.6153846153846154,1.0,1.0,0.3125,20
D,GAT+LSTM_incremental,3,1510,wed,0.0,0.022617043927311897,0.5454545454545454,1.0,1.0,0.29411764705882354,20
D,GAT+LSTM_incremental,3,1511,wed,0.0,0.010185644030570984,0.4444444444444444,1.0,1.0,0.2777777777777778,20
D,GAT+LSTM_incremental,3,1512,wed,0.0,0.0072920904494822025,0.2857142857142857,1.0,1.0,0.2631578947368421,20
D,GAT+LSTM_incremental,3,1513,wed,0.0,0.0051049040630459785,0.0,0.5,,0.25,20
D,GAT+LSTM_incremental,3,1514,wed,0.0,0.0056340997107326984,0.0,0.5,,0.2,20
D,GAT+LSTM_incremental,3,1515,wed,0.0,0.00476100342348218,0.0,0.5,,0.15,20
D,GAT+LSTM_incremental,3,1516,wed,0.0,0.003924495540559292,0.0,0.5,,0.1,20
D,GAT+LSTM_incremental,3,1517,wed,0.0,0.0022128261625766754,0.0,0.5,,0.05,20
D,GAT+LSTM_incremental,3,1518,wed,0.0,0.0017789817648008466,0.0,0.5,,0.0,20
D,GAT+LSTM_incremental,3,1519,wed,0.0,0.0018018032424151897,0.0,0.5,,0.0,20
D,GAT+LSTM_incremental,3,1520,wed,0.0,0.002948436653241515,0.0,0.5,,0.0,20
D,GAT+LSTM_incremental,3,1521,wed,0.0,0.0049104755744338036,0.0,0.5,,0.0,20
D,GAT+LSTM_incremental,3,1522,wed,0.0,0.006754045840352774,0.0,0.5,,0.0,20
D,GAT+LSTM_incremental,3,1523,wed,0.0,0.004673874471336603,0.0,0.5,,0.0,20
D,GAT+LSTM_incremental,3,1524,wed,0.0,0.004168177954852581,0.0,0.5,,0.0,20
D,GAT+LSTM_incremental,3,1525,wed,0.0,0.0034630431327968836,0.0,0.5,,0.0,20
D,GAT+LSTM_incremental,3,1526,wed,0.0,0.005809862166643143,0.0,0.5,,0.0,20
D,GAT+LSTM_incremental,3,1527,wed,0.0,0.006508816033601761,0.0,0.5,,0.0,20
D,GAT+LSTM_incremental,3,1528,wed,0.0,0.007468012627214193,0.0,0.5,,0.0,20
D,GAT+LSTM_incremental,3,1529,wed,0.0,0.008073416538536549,0.0,0.5,,0.0,20
D,GAT+LSTM_incremental,3,1530,wed,0.0,0.005877593532204628,0.0,0.5,,0.0,20
D,GAT+LSTM_incremental,3,1531,wed,0.0,0.005188548471778631,0.0,0.5,,0.0,20
D,GAT+LSTM_incremental,3,1532,wed,0.0,0.003454803954809904,0.0,0.5,,0.0,20
D,GAT+LSTM_incremental,3,1533,wed,0.0,0.004879833664745092,0.0,0.5,,0.0,20
D,GAT+LSTM_incremental,3,1534,wed,0.0,0.0042427354492247105,0.0,0.5,,0.0,20
D,GAT+LSTM_incremental,3,1535,wed,0.0,0.003767885034903884,0.0,0.5,,0.0,20
D,GAT+LSTM_incremental,3,1536,wed,0.0,0.004470527172088623,0.0,0.5,,0.0,20
D,GAT+LSTM_incremental,3,1537,wed,0.0,0.007925458252429962,0.0,0.5,,0.0,20
D,GAT+LSTM_incremental,3,1538,wed,0.0,0.005096761044114828,0.0,0.5,,0.0,20
D,GAT+LSTM_incremental,3,1539,wed,0.0,0.0035762544721364975,0.0,0.5,,0.0,20
D,GAT+LSTM_incremental,3,1540,wed,0.0,0.0030450469348579645,0.0,0.5,,0.0,20
D,GAT+LSTM_incremental,3,1541,wed,0.0,0.003713254351168871,0.0,0.5,,0.0,20
D,GAT+LSTM_incremental,3,1542,wed,0.0,0.0025399811565876007,0.0,0.5,,0.0,20
D,GAT+LSTM_incremental,3,1543,wed,0.0,0.0024423468858003616,0.0,0.5,,0.0,20
D,GAT+LSTM_incremental,3,1544,wed,0.0,0.0029260097071528435,0.0,0.5,,0.0,20
D,GAT+LSTM_incremental,3,1545,wed,0.0,0.0031928003299981356,0.0,0.5,,0.0,20
D,GAT+LSTM_incremental,3,1546,wed,0.0,0.0027598917949944735,0.0,0.5,,0.0,20
D,GAT+LSTM_incremental,3,1547,wed,0.0,0.0027089277282357216,0.0,0.5,,0.0,20
D,GAT+LSTM_incremental,3,1548,wed,0.0,0.0027027102187275887,0.0,0.5,,0.0,20
D,GAT+LSTM_incremental,3,1549,wed,0.0,0.003040021052584052,0.0,0.5,,0.0,20
D,GAT+LSTM_incremental,3,1550,wed,0.0,0.0031587998382747173,0.0,0.5,,0.0,20
D,GAT+LSTM_incremental,3,1551,wed,0.0,0.005344479810446501,0.0,0.5,,0.0,20
D,GAT+LSTM_incremental,3,1552,wed,0.0,0.006704764906316996,0.0,0.5,,0.0,20
D,GAT+LSTM_incremental,3,1553,wed,0.0,0.007185425143688917,0.0,0.5,,0.0,20
D,GAT+LSTM_incremental,3,1554,wed,0.0,0.007442875299602747,0.0,0.5,,0.0,20
D,GAT+LSTM_incremental,3,1555,wed,0.0,0.0076664951629936695,0.0,0.5,,0.0,20
D,GAT+LSTM_incremental,3,1556,wed,0.0,0.007979010231792927,0.0,0.5,,0.0,20
D,GAT+LSTM_incremental,3,1557,wed,0.0,0.005755264777690172,0.0,0.5,,0.0,20
D,GAT+LSTM_incremental,3,1558,wed,0.0,0.005110753234475851,0.0,0.5,,0.0,20
D,GAT+LSTM_incremental,3,1559,wed,0.0,0.004845473915338516,0.0,0.5,,0.0,20
D,GAT+LSTM_incremental,3,1560,wed,0.0,0.006775883492082357,0.0,0.5,,0.0,20
D,GAT+LSTM_incremental,3,1561,wed,0.0,0.006228023674339056,0.0,0.5,,0.0,20
D,GAT+LSTM_incremental,3,1562,wed,0.0,0.005442412104457617,0.0,0.5,,0.0,20
D,GAT+LSTM_incremental,3,1563,wed,0.0,0.005573021247982979,0.0,0.5,,0.0,20
D,GAT+LSTM_incremental,3,1564,wed,0.0,0.004716385621577501,0.0,0.5,,0.0,20
D,GAT+LSTM_incremental,3,1565,wed,0.0,0.003554124850779772,0.0,0.5,,0.0,20
D,GAT+LSTM_incremental,3,1566,wed,0.0,0.002966692205518484,0.0,0.5,,0.0,20
D,GAT+LSTM_incremental,3,1567,wed,0.0,0.002254120772704482,0.0,0.5,,0.0,20
D,GAT+LSTM_incremental,3,1568,wed,0.0,0.002160665113478899,0.0,0.5,,0.0,20
D,GAT+LSTM_incremental,3,1569,wed,0.0,0.0018992634722962976,0.0,0.5,,0.0,20
D,GAT+LSTM_incremental,3,1570,wed,1.0,0.0029975322540849447,0.0,0.03125,0.21052631578947367,0.0,20
D,GAT+LSTM_incremental,3,1571,wed,0.0,0.002521552611142397,0.0,0.03333333333333333,0.26315789473684215,0.0,20
D,GAT+LSTM_incremental,3,1572,wed,0.0,0.002708462765440345,0.0,0.03571428571428571,0.3157894736842105,0.0,20
D,GAT+LSTM_incremental,3,1573,wed,0.0,0.7010958790779114,0.0,0.03571428571428571,0.3157894736842105,0.05263157894736842,20
D,GAT+LSTM_incremental,3,1574,wed,0.0,0.1957588642835617,0.0,0.03571428571428571,0.3157894736842105,0.05263157894736842,20
D,GAT+LSTM_incremental,3,1575,wed,0.0,0.1762775480747223,0.0,0.03571428571428571,0.3157894736842105,0.05263157894736842,20
D,GAT+LSTM_incremental,3,1576,wed,0.0,0.14461302757263184,0.0,0.03571428571428571,0.3157894736842105,0.05263157894736842,20
D,GAT+LSTM_incremental,3,1577,wed,0.0,0.1748829185962677,0.0,0.03571428571428571,0.3157894736842105,0.05263157894736842,20
D,GAT+LSTM_incremental,3,1578,wed,0.0,0.11811865121126175,0.0,0.03571428571428571,0.3157894736842105,0.05263157894736842,20
D,GAT+LSTM_incremental,3,1579,wed,0.0,0.09096315503120422,0.0,0.03571428571428571,0.3157894736842105,0.05263157894736842,20
D,GAT+LSTM_incremental,3,1580,wed,0.0,0.008106525987386703,0.0,0.03571428571428571,0.3157894736842105,0.05263157894736842,20
D,GAT+LSTM_incremental,3,1581,wed,0.0,0.01173780020326376,0.0,0.03571428571428571,0.3157894736842105,0.05263157894736842,20
D,GAT+LSTM_incremental,3,1582,wed,0.0,0.018256835639476776,0.0,0.03571428571428571,0.3157894736842105,0.05263157894736842,20
D,GAT+LSTM_incremental,3,1583,wed,0.0,0.022550489753484726,0.0,0.03571428571428571,0.3157894736842105,0.05263157894736842,20
D,GAT+LSTM_incremental,3,1584,wed,0.0,0.028603579849004745,0.0,0.03571428571428571,0.3157894736842105,0.05263157894736842,20
D,GAT+LSTM_incremental,3,1585,wed,0.0,0.040882427245378494,0.0,0.03571428571428571,0.3157894736842105,0.05263157894736842,20
D,GAT+LSTM_incremental,3,1586,wed,0.0,0.040037356317043304,0.0,0.03333333333333333,0.26315789473684215,0.05263157894736842,20
D,GAT+LSTM_incremental,3,1587,wed,0.0,0.029926514253020287,0.0,0.03125,0.21052631578947367,0.05263157894736842,20
D,GAT+LSTM_incremental,3,1588,wed,0.0,0.04290810972452164,0.0,0.029411764705882353,0.1578947368421053,0.05263157894736842,20
D,GAT+LSTM_incremental,3,1589,wed,0.0,0.032389312982559204,0.0,0.027777777777777776,0.10526315789473684,0.05263157894736842,20
D,GAT+LSTM_incremental,3,1590,wed,0.0,0.017433522269129753,0.0,0.5,,0.05,20
D,GAT+LSTM_incremental,3,1591,wed,0.0,0.016726233065128326,0.0,0.5,,0.05,20
D,GAT+LSTM_incremental,3,1592,wed,0.0,0.01707141287624836,0.0,0.5,,0.05,20
D,GAT+LSTM_incremental,3,1593,wed,0.0,0.0172240249812603,0.0,0.5,,0.0,20
D,GAT+LSTM_incremental,3,1594,wed,0.0,0.016836078837513924,0.0,0.5,,0.0,20
D,GAT+LSTM_incremental,3,1595,wed,0.0,0.008846238255500793,0.0,0.5,,0.0,20
D,GAT+LSTM_incremental,3,1596,wed,0.0,0.007882719859480858,0.0,0.5,,0.0,20
D,GAT+LSTM_incremental,3,1597,wed,0.0,0.007130351848900318,0.0,0.5,,0.0,20
D,GAT+LSTM_incremental,3,1598,wed,0.0,0.0058105261996388435,0.0,0.5,,0.0,20
D,GAT+LSTM_incremental,3,1599,wed,0.0,0.003303563455119729,0.0,0.5,,0.0,20
D,GAT+LSTM_incremental,3,1600,wed,0.0,0.0024679088965058327,0.0,0.5,,0.0,20
D,GAT+LSTM_incremental,3,1601,wed,0.0,0.001850321190431714,0.0,0.5,,0.0,20
D,GAT+LSTM_incremental,3,1602,wed,0.0,0.003926426637917757,0.0,0.5,,0.0,20
D,GAT+LSTM_incremental,3,1603,wed,0.0,0.0026445980183780193,0.0,0.5,,0.0,20
D,GAT+LSTM_incremental,3,1604,wed,0.0,0.0026241587474942207,0.0,0.5,,0.0,20
D,GAT+LSTM_incremental,3,1605,wed,0.0,0.027411364018917084,0.0,0.5,,0.0,20
D,GAT+LSTM_incremental,3,1606,wed,0.0,0.009479094296693802,0.0,0.5,,0.0,20
D,GAT+LSTM_incremental,3,1607,wed,0.0,0.00644722580909729,0.0,0.5,,0.0,20
D,GAT+LSTM_incremental,3,1608,wed,0.0,0.005680223926901817,0.0,0.5,,0.0,20
D,GAT+LSTM_incremental,3,1609,wed,0.0,0.008002078160643578,0.0,0.5,,0.0,20
D,GAT+LSTM_incremental,3,1610,wed,0.0,0.004738722927868366,0.0,0.5,,0.0,20
D,GAT+LSTM_incremental,3,1611,wed,0.0,0.004731147550046444,0.0,0.5,,0.0,20
D,GAT+LSTM_incremental,3,1612,wed,0.0,0.034975532442331314,0.0,0.5,,0.0,20
D,GAT+LSTM_incremental,3,1613,wed,0.0,0.015783457085490227,0.0,0.5,,0.0,20
D,GAT+LSTM_incremental,3,1614,wed,0.0,0.008982371538877487,0.0,0.5,,0.0,20
D,GAT+LSTM_incremental,3,1615,wed,0.0,0.013181193731725216,0.0,0.5,,0.0,20
D,GAT+LSTM_incremental,3,1616,wed,0.0,0.00975558441132307,0.0,0.5,,0.0,20
D,GAT+LSTM_incremental,3,1617,wed,0.0,0.020102493464946747,0.0,0.5,,0.0,20
D,GAT+LSTM_incremental,3,1618,wed,0.0,0.024058887735009193,0.0,0.5,,0.0,20
D,GAT+LSTM_incremental,3,1619,wed,0.0,0.004548589698970318,0.0,0.5,,0.0,20
D,GAT+LSTM_incremental,3,1620,wed,0.0,0.004267008509486914,0.0,0.5,,0.0,20
D,GAT+LSTM_incremental,3,1621,wed,0.0,0.0027613213751465082,0.0,0.5,,0.0,20
D,GAT+LSTM_incremental,3,1622,wed,0.0,0.002455091802403331,0.0,0.5,,0.0,20
D,GAT+LSTM_incremental,3,1623,wed,0.0,0.004370161332190037,0.0,0.5,,0.0,20
D,GAT+LSTM_incremental,3,1624,wed,0.0,0.00767279788851738,0.0,0.5,,0.0,20
D,GAT+LSTM_incremental,3,1625,wed,0.0,0.004938327241688967,0.0,0.5,,0.0,20
D,GAT+LSTM_incremental,3,1626,wed,0.0,0.004846991505473852,0.0,0.5,,0.0,20
D,GAT+LSTM_incremental,3,1627,wed,0.0,0.0048795281909406185,0.0,0.5,,0.0,20
D,GAT+LSTM_incremental,3,1628,wed,0.0,0.006728274282068014,0.0,0.5,,0.0,20
D,GAT+LSTM_incremental,3,1629,wed,0.0,0.006876625120639801,0.0,0.5,,0.0,20
D,GAT+LSTM_incremental,3,1630,wed,0.0,0.00649979105219245,0.0,0.5,,0.0,20
D,GAT+LSTM_incremental,3,1631,wed,0.0,0.007149305194616318,0.0,0.5,,0.0,20
D,GAT+LSTM_incremental,3,1632,wed,0.0,0.004986173938959837,0.0,0.5,,0.0,20
D,GAT+LSTM_incremental,3,1633,wed,0.0,0.003410237142816186,0.0,0.5,,0.0,20
D,GAT+LSTM_incremental,3,1634,wed,0.0,0.002977614989504218,0.0,0.5,,0.0,20
D,GAT+LSTM_incremental,3,1635,wed,0.0,0.006019777152687311,0.0,0.5,,0.0,20
D,GAT+LSTM_incremental,3,1636,wed,0.0,0.008746649138629436,0.0,0.5,,0.0,20
D,GAT+LSTM_incremental,3,1637,wed,0.0,0.009376347996294498,0.0,0.5,,0.0,20
D,GAT+LSTM_incremental,3,1638,wed,0.0,0.026802077889442444,0.0,0.5,,0.0,20
D,GAT+LSTM_incremental,3,1639,wed,0.0,0.011135478504002094,0.0,0.5,,0.0,20
D,GAT+LSTM_incremental,3,1640,wed,0.0,0.009807978756725788,0.0,0.5,,0.0,20
D,GAT+LSTM_incremental,3,1641,wed,0.0,0.007738751824945211,0.0,0.5,,0.0,20
D,GAT+LSTM_incremental,3,1642,wed,0.0,0.005384125281125307,0.0,0.5,,0.0,20
D,GAT+LSTM_incremental,3,1643,wed,0.0,0.00511151971295476,0.0,0.5,,0.0,20
D,GAT+LSTM_incremental,3,1644,wed,0.0,0.005326189566403627,0.0,0.5,,0.0,20
D,GAT+LSTM_incremental,3,1645,wed,0.0,0.004708846099674702,0.0,0.5,,0.0,20
D,GAT+LSTM_incremental,3,1646,wed,0.0,0.0034825820475816727,0.0,0.5,,0.0,20
D,GAT+LSTM_incremental,3,1647,wed,0.0,0.005030761938542128,0.0,0.5,,0.0,20
D,GAT+LSTM_incremental,3,1648,wed,0.0,0.0049783894792199135,0.0,0.5,,0.0,20
D,GAT+LSTM_incremental,3,1649,wed,0.0,0.0038979295641183853,0.0,0.5,,0.0,20
D,GAT+LSTM_incremental,3,1650,wed,0.0,0.004249061457812786,0.0,0.5,,0.0,20
D,GAT+LSTM_incremental,3,1651,wed,0.0,0.0033401260152459145,0.0,0.5,,0.0,20
D,GAT+LSTM_incremental,3,1652,wed,0.0,0.0035250126384198666,0.0,0.5,,0.0,20
D,GAT+LSTM_incremental,3,1653,wed,0.0,0.003842076752334833,0.0,0.5,,0.0,20
D,GAT+LSTM_incremental,3,1654,wed,0.0,0.004062121734023094,0.0,0.5,,0.0,20
D,GAT+LSTM_incremental,3,1655,wed,0.0,0.003640539711341262,0.0,0.5,,0.0,20
D,GAT+LSTM_incremental,3,1656,wed,0.0,0.00467570498585701,0.0,0.5,,0.0,20
D,GAT+LSTM_incremental,3,1657,wed,0.0,0.008752505294978619,0.0,0.5,,0.0,20
D,GAT+LSTM_incremental,3,1658,wed,0.0,0.01118434127420187,0.0,0.5,,0.0,20
D,GAT+LSTM_incremental,3,1659,wed,0.0,0.00767055107280612,0.0,0.5,,0.0,20
D,GAT+LSTM_incremental,3,1660,wed,0.0,0.006145727355033159,0.0,0.5,,0.0,20
D,GAT+LSTM_incremental,3,1661,wed,0.0,0.008525019511580467,0.0,0.5,,0.0,20
D,GAT+LSTM_incremental,3,1662,wed,0.0,0.008175570517778397,0.0,0.5,,0.0,20
D,GAT+LSTM_incremental,3,1663,wed,0.0,0.006311346311122179,0.0,0.5,,0.0,20
D,GAT+LSTM_incremental,3,1664,wed,0.0,0.00539809325709939,0.0,0.5,,0.0,20
D,GAT+LSTM_incremental,3,1665,wed,0.0,0.00798064935952425,0.0,0.5,,0.0,20
D,GAT+LSTM_incremental,3,1666,wed,0.0,0.007035629823803902,0.0,0.5,,0.0,20
D,GAT+LSTM_incremental,3,1667,wed,0.0,0.007411119993776083,0.0,0.5,,0.0,20
D,GAT+LSTM_incremental,3,1668,wed,1.0,0.004411114379763603,0.0,0.038461538461538464,0.368421052631579,0.0,20
D,GAT+LSTM_incremental,3,1669,wed,1.0,0.004836829379200935,0.0,0.07577838827838827,0.3611111111111111,0.0,20
D,GAT+LSTM_incremental,3,1670,wed,1.0,0.003798836376518011,0.0,0.10076402355814121,0.2745098039215686,0.0,20
D,GAT+LSTM_incremental,3,1671,wed,1.0,0.002850315999239683,0.0,0.12030985977386906,0.171875,0.0,20
D,GAT+LSTM_incremental,3,1672,wed,1.0,0.0029129344038665295,0.0,0.14423034395944612,0.10666666666666666,0.0,20
D,GAT+LSTM_incremental,3,1673,wed,1.0,0.00274342717602849,0.0,0.1725981423833591,0.07142857142857144,0.0,20
D,GAT+LSTM_incremental,3,1674,wed,1.0,0.004313407465815544,0.0,0.20488566546726655,0.05494505494505492,0.0,20
D,GAT+LSTM_incremental,3,1675,wed,1.0,0.006265691481530666,0.0,0.23573629350525632,0.04166666666666667,0.0,20
D,GAT+LSTM_incremental,3,1676,wed,1.0,0.008645137771964073,0.0,0.2850926569321822,0.1111111111111111,0.0,20
D,GAT+LSTM_incremental,3,1677,wed,1.0,0.010572158731520176,0.0,0.3759022564982318,0.2,0.0,20
D,GAT+LSTM_incremental,3,1678,wed,1.0,0.005938791204243898,0.0,0.516775859081657,0.2121212121212121,0.0,20
D,GAT+LSTM_incremental,3,1679,wed,1.0,0.00503028929233551,0.0,0.544493306973957,0.19791666666666666,0.0,20
D,GAT+LSTM_incremental,3,1680,wed,1.0,0.007774305995553732,0.0,0.5896592211339771,0.21978021978021978,0.0,20
D,GAT+LSTM_incremental,3,1681,wed,1.0,0.009935700334608555,0.0,0.6829363539060574,0.2857142857142857,0.0,20
D,GAT+LSTM_incremental,3,1682,wed,1.0,0.009721211157739162,0.0,0.7637765356418607,0.3466666666666667,0.0,20
D,GAT+LSTM_incremental,3,1683,wed,1.0,0.008354321122169495,0.0,0.8248390756130695,0.390625,0.0,20
D,GAT+LSTM_incremental,3,1684,wed,1.0,0.012766511179506779,0.0,0.8696916011203026,0.3921568627450981,0.0,20
D,GAT+LSTM_incremental,3,1685,wed,1.0,0.014421965926885605,0.0,0.9229142885360637,0.4444444444444444,0.0,20
D,GAT+LSTM_incremental,3,1686,wed,1.0,0.017521660774946213,0.0,0.9634857156223458,0.47368421052631576,0.0,20
D,GAT+LSTM_incremental,3,1687,wed,1.0,0.01412056852132082,0.0,1.0000000000000002,,0.0,20
D,GAT+LSTM_incremental,3,1688,wed,1.0,0.013204275630414486,0.0,1.0000000000000002,,0.0,20
D,GAT+LSTM_incremental,3,1689,wed,1.0,0.016008103266358376,0.0,1.0000000000000002,,0.0,20
D,GAT+LSTM_incremental,3,1690,wed,1.0,0.011858997866511345,0.0,1.0000000000000002,,0.0,20
D,GAT+LSTM_incremental,3,1691,wed,1.0,0.014832040295004845,0.0,1.0000000000000002,,0.0,20
D,GAT+LSTM_incremental,3,1692,wed,1.0,0.01606735959649086,0.0,1.0000000000000002,,0.0,20
D,GAT+LSTM_incremental,3,1693,wed,1.0,0.01674742065370083,0.0,1.0000000000000002,,0.0,20
D,GAT+LSTM_incremental,3,1694,wed,1.0,0.01404560822993517,0.0,1.0000000000000002,,0.0,20
D,GAT+LSTM_incremental,3,1695,wed,1.0,0.008189366199076176,0.0,1.0000000000000002,,0.0,20
D,GAT+LSTM_incremental,3,1696,wed,1.0,0.010704453103244305,0.0,1.0000000000000002,,0.0,20
D,GAT+LSTM_incremental,3,1697,wed,1.0,0.009749804623425007,0.0,1.0000000000000002,,0.0,20
D,GAT+LSTM_incremental,3,1698,wed,1.0,0.008829304948449135,0.0,1.0000000000000002,,0.0,20
D,GAT+LSTM_incremental,3,1699,wed,1.0,0.01029348373413086,0.0,1.0000000000000002,,0.0,20
D,GAT+LSTM_incremental,3,1700,wed,1.0,0.010173042304813862,0.0,1.0000000000000002,,0.0,20
D,GAT+LSTM_incremental,3,1701,wed,1.0,0.012636467814445496,0.0,1.0000000000000002,,0.0,20
D,GAT+LSTM_incremental,3,1702,wed,1.0,0.018286051228642464,0.0,1.0000000000000002,,0.0,20
D,GAT+LSTM_incremental,3,1703,wed,1.0,0.012536057271063328,0.0,1.0000000000000002,,0.0,20
D,GAT+LSTM_incremental,3,1704,wed,1.0,0.015916971489787102,0.0,1.0000000000000002,,0.0,20
D,GAT+LSTM_incremental,3,1705,wed,1.0,0.01819487102329731,0.0,1.0000000000000002,,0.0,20
D,GAT+LSTM_incremental,3,1706,wed,1.0,0.017916740849614143,0.0,1.0000000000000002,,0.0,20
D,GAT+LSTM_incremental,3,1707,wed,1.0,0.01463911309838295,0.0,1.0000000000000002,,0.0,20
D,GAT+LSTM_incremental,3,1708,wed,1.0,0.016280416399240494,0.0,1.0000000000000002,,0.0,20
D,GAT+LSTM_incremental,3,1709,wed,1.0,0.013239381834864616,0.0,1.0000000000000002,,0.0,20
D,GAT+LSTM_incremental,3,1710,wed,1.0,0.008951278403401375,0.0,1.0000000000000002,,0.0,20
D,GAT+LSTM_incremental,3,1711,wed,1.0,0.008223817683756351,0.0,1.0000000000000002,,0.0,20
D,GAT+LSTM_incremental,3,1712,wed,1.0,0.012058953754603863,0.0,1.0000000000000002,,0.0,20
D,GAT+LSTM_incremental,3,1713,wed,1.0,0.011401933617889881,0.0,1.0000000000000002,,0.0,20
D,GAT+LSTM_incremental,3,1714,wed,1.0,0.01415170170366764,0.0,1.0000000000000002,,0.0,20
D,GAT+LSTM_incremental,3,1715,wed,1.0,0.014404320158064365,0.0,1.0000000000000002,,0.0,20
D,GAT+LSTM_incremental,3,1716,wed,1.0,0.016320066526532173,0.0,1.0000000000000002,,0.0,20
D,GAT+LSTM_incremental,3,1717,wed,1.0,0.00917712040245533,0.0,1.0000000000000002,,0.0,20
D,GAT+LSTM_incremental,3,1718,wed,1.0,0.010256823152303696,0.0,1.0000000000000002,,0.0,20
D,GAT+LSTM_incremental,3,1719,wed,1.0,0.010508336126804352,0.0,1.0000000000000002,,0.0,20
D,GAT+LSTM_incremental,3,1720,wed,1.0,0.009234225377440453,0.0,1.0000000000000002,,0.0,20
D,GAT+LSTM_incremental,3,1721,wed,1.0,0.009408059529960155,0.0,1.0000000000000002,,0.0,20
D,GAT+LSTM_incremental,3,1722,wed,1.0,0.01250487007200718,0.0,1.0000000000000002,,0.0,20
D,GAT+LSTM_incremental,3,1723,wed,1.0,0.014006853103637695,0.0,1.0000000000000002,,0.0,20
D,GAT+LSTM_incremental,3,1724,wed,1.0,0.015448808670043945,0.0,1.0000000000000002,,0.0,20
D,GAT+LSTM_incremental,3,1725,wed,1.0,0.015219363383948803,0.0,1.0000000000000002,,0.0,20
D,GAT+LSTM_incremental,3,1726,wed,1.0,0.017320891842246056,0.0,1.0000000000000002,,0.0,20
D,GAT+LSTM_incremental,3,1727,wed,1.0,0.01872153952717781,0.0,1.0000000000000002,,0.0,20
D,GAT+LSTM_incremental,3,1728,wed,1.0,0.01664574258029461,0.0,1.0000000000000002,,0.0,20
D,GAT+LSTM_incremental,3,1729,wed,1.0,0.01704602874815464,0.0,1.0000000000000002,,0.0,20
D,GAT+LSTM_incremental,3,1730,wed,1.0,0.012232422828674316,0.0,1.0000000000000002,,0.0,20
D,GAT+LSTM_incremental,3,1731,wed,1.0,0.012151725590229034,0.0,1.0000000000000002,,0.0,20
D,GAT+LSTM_incremental,3,1732,wed,1.0,0.012370070442557335,0.0,1.0000000000000002,,0.0,20
D,GAT+LSTM_incremental,3,1733,wed,1.0,0.009883718565106392,0.0,1.0000000000000002,,0.0,20
D,GAT+LSTM_incremental,3,1734,wed,1.0,0.0050646476447582245,0.0,1.0000000000000002,,0.0,20
D,GAT+LSTM_incremental,3,1735,wed,1.0,0.004456679802387953,0.0,1.0000000000000002,,0.0,20
D,GAT+LSTM_incremental,3,1736,wed,1.0,0.0037575215101242065,0.0,1.0000000000000002,,0.0,20
D,GAT+LSTM_incremental,3,1737,wed,1.0,0.002747436286881566,0.0,1.0000000000000002,,0.0,20
D,GAT+LSTM_incremental,3,1738,wed,1.0,0.0030708748381584883,0.0,1.0000000000000002,,0.0,20
D,GAT+LSTM_incremental,3,1739,wed,1.0,0.005285495892167091,0.0,1.0000000000000002,,0.0,20
D,GAT+LSTM_incremental,3,1740,wed,1.0,0.006940737832337618,0.0,1.0000000000000002,,0.0,20
D,GAT+LSTM_incremental,3,1741,wed,1.0,0.00857867393642664,0.0,1.0000000000000002,,0.0,20
D,GAT+LSTM_incremental,3,1742,wed,1.0,0.011592170223593712,0.0,1.0000000000000002,,0.0,20
D,GAT+LSTM_incremental,3,1743,wed,1.0,0.009029793553054333,0.0,1.0000000000000002,,0.0,20
D,GAT+LSTM_incremental,3,1744,wed,1.0,0.01280361507087946,0.0,1.0000000000000002,,0.0,20
D,GAT+LSTM_incremental,3,1745,wed,1.0,0.005752861499786377,0.0,1.0000000000000002,,0.0,20
D,GAT+LSTM_incremental,3,1746,wed,1.0,0.006628011353313923,0.0,1.0000000000000002,,0.0,20
D,GAT+LSTM_incremental,3,1747,wed,1.0,0.007629429921507835,0.0,1.0000000000000002,,0.0,20
D,GAT+LSTM_incremental,3,1748,wed,1.0,0.006877345498651266,0.0,1.0000000000000002,,0.0,20
D,GAT+LSTM_incremental,3,1749,wed,1.0,0.00910948682576418,0.0,1.0000000000000002,,0.0,20
D,GAT+LSTM_incremental,3,1750,wed,1.0,0.006067213136702776,0.0,1.0000000000000002,,0.0,20
D,GAT+LSTM_incremental,3,1751,wed,1.0,0.005537430290132761,0.0,1.0000000000000002,,0.0,20
D,GAT+LSTM_incremental,3,1752,wed,1.0,0.005780994426459074,0.0,1.0000000000000002,,0.0,20
D,GAT+LSTM_incremental,3,1753,wed,1.0,0.005876392126083374,0.0,1.0000000000000002,,0.0,20
D,GAT+LSTM_incremental,3,1754,wed,1.0,0.006671193055808544,0.0,1.0000000000000002,,0.0,20
D,GAT+LSTM_incremental,3,1755,wed,1.0,0.0075332606211304665,0.0,1.0000000000000002,,0.0,20
D,GAT+LSTM_incremental,3,1756,wed,1.0,0.008576184511184692,0.0,1.0000000000000002,,0.0,20
D,GAT+LSTM_incremental,3,1757,wed,1.0,0.004605627153068781,0.0,1.0000000000000002,,0.0,20
D,GAT+LSTM_incremental,3,1758,wed,1.0,0.003104341682046652,0.0,1.0000000000000002,,0.0,20
D,GAT+LSTM_incremental,3,1759,wed,1.0,0.0029091571923345327,0.0,1.0000000000000002,,0.0,20
D,GAT+LSTM_incremental,3,1760,wed,1.0,0.00308999908156693,0.0,1.0000000000000002,,0.0,20
D,GAT+LSTM_incremental,3,1761,wed,1.0,0.004023490473628044,0.0,1.0000000000000002,,0.0,20
D,GAT+LSTM_incremental,3,1762,wed,1.0,0.002796793356537819,0.0,1.0000000000000002,,0.0,20
D,GAT+LSTM_incremental,3,1763,wed,1.0,0.0054923598654568195,0.0,1.0000000000000002,,0.0,20
D,GAT+LSTM_incremental,3,1764,wed,1.0,0.00530593004077673,0.0,1.0000000000000002,,0.0,20
D,GAT+LSTM_incremental,3,1765,wed,1.0,0.007702812552452087,0.0,1.0000000000000002,,0.0,20
D,GAT+LSTM_incremental,3,1766,wed,1.0,0.010983346961438656,0.0,1.0000000000000002,,0.0,20
D,GAT+LSTM_incremental,3,1767,wed,1.0,0.013563476502895355,0.0,1.0000000000000002,,0.0,20
D,GAT+LSTM_incremental,3,1768,wed,1.0,0.016124382615089417,0.0,1.0000000000000002,,0.0,20
D,GAT+LSTM_incremental,3,1769,wed,1.0,0.013436968438327312,0.0,1.0000000000000002,,0.0,20
D,GAT+LSTM_incremental,3,1770,wed,1.0,0.008524633012712002,0.0,1.0000000000000002,,0.0,20
D,GAT+LSTM_incremental,3,1771,wed,1.0,0.009832367300987244,0.0,1.0000000000000002,,0.0,20
D,GAT+LSTM_incremental,3,1772,wed,1.0,0.008752058260142803,0.0,1.0000000000000002,,0.0,20
D,GAT+LSTM_incremental,3,1773,wed,1.0,0.010779532603919506,0.0,1.0000000000000002,,0.0,20
D,GAT+LSTM_incremental,3,1774,wed,1.0,0.008478466421365738,0.0,1.0000000000000002,,0.0,20
D,GAT+LSTM_incremental,3,1775,wed,1.0,0.010265849530696869,0.0,1.0000000000000002,,0.0,20
D,GAT+LSTM_incremental,3,1776,wed,1.0,0.011600215919315815,0.0,1.0000000000000002,,0.0,20
D,GAT+LSTM_incremental,3,1777,wed,1.0,0.009804515168070793,0.0,1.0000000000000002,,0.0,20
D,GAT+LSTM_incremental,3,1778,wed,1.0,0.007819028571248055,0.0,1.0000000000000002,,0.0,20
D,GAT+LSTM_incremental,3,1779,wed,1.0,0.007922683842480183,0.0,1.0000000000000002,,0.0,20
D,GAT+LSTM_incremental,3,1780,wed,1.0,0.004774298053234816,0.0,1.0000000000000002,,0.0,20
D,GAT+LSTM_incremental,3,1781,wed,1.0,0.006184162572026253,0.0,1.0000000000000002,,0.0,20
D,GAT+LSTM_incremental,3,1782,wed,1.0,0.0056501515209674835,0.0,1.0000000000000002,,0.0,20
D,GAT+LSTM_incremental,3,1783,wed,1.0,0.0061288014985620975,0.0,1.0000000000000002,,0.0,20
D,GAT+LSTM_incremental,3,1784,wed,1.0,0.004624710883945227,0.0,1.0000000000000002,,0.0,20
D,GAT+LSTM_incremental,3,1785,wed,1.0,0.0047117723152041435,0.0,1.0000000000000002,,0.0,20
D,GAT+LSTM_incremental,3,1786,wed,1.0,0.007390551269054413,0.0,1.0000000000000002,,0.0,20
D,GAT+LSTM_incremental,3,1787,wed,1.0,0.01044444553554058,0.0,1.0000000000000002,,0.0,20
D,GAT+LSTM_incremental,3,1788,wed,1.0,0.007039822172373533,0.0,1.0000000000000002,,0.0,20
D,GAT+LSTM_incremental,3,1789,wed,1.0,0.005563484039157629,0.0,1.0000000000000002,,0.0,20
D,GAT+LSTM_incremental,3,1790,wed,1.0,0.0050650229677557945,0.0,1.0000000000000002,,0.0,20
D,GAT+LSTM_incremental,3,1791,wed,1.0,0.006050314288586378,0.0,1.0000000000000002,,0.0,20
D,GAT+LSTM_incremental,3,1792,wed,1.0,0.00689808651804924,0.0,1.0000000000000002,,0.0,20
D,GAT+LSTM_incremental,3,1793,wed,1.0,0.006643947679549456,0.0,1.0000000000000002,,0.0,20
D,GAT+LSTM_incremental,3,1794,wed,1.0,0.004150204826146364,0.0,1.0000000000000002,,0.0,20
D,GAT+LSTM_incremental,3,1795,wed,1.0,0.0041268873028457165,0.0,1.0000000000000002,,0.0,20
D,GAT+LSTM_incremental,3,1796,wed,1.0,0.003468296490609646,0.0,1.0000000000000002,,0.0,20
D,GAT+LSTM_incremental,3,1797,wed,1.0,0.003954937681555748,0.0,1.0000000000000002,,0.0,20
D,GAT+LSTM_incremental,3,1798,wed,1.0,0.004173866007477045,0.0,1.0000000000000002,,0.0,20
D,GAT+LSTM_incremental,3,1799,wed,1.0,0.007358385715633631,0.0,1.0000000000000002,,0.0,20
D,GAT+LSTM_incremental,3,1800,wed,1.0,0.009858189150691032,0.0,1.0000000000000002,,0.0,20
D,GAT+LSTM_incremental,3,1801,wed,1.0,0.007431664504110813,0.0,1.0000000000000002,,0.0,20
D,GAT+LSTM_incremental,3,1802,wed,1.0,0.005943257827311754,0.0,1.0000000000000002,,0.0,20
D,GAT+LSTM_incremental,3,1803,wed,1.0,0.007156602572649717,0.0,1.0000000000000002,,0.0,20
D,GAT+LSTM_incremental,3,1804,wed,1.0,0.010238483548164368,0.0,1.0000000000000002,,0.0,20
D,GAT+LSTM_incremental,3,1805,wed,1.0,0.010020422749221325,0.0,1.0000000000000002,,0.0,20
D,GAT+LSTM_incremental,3,1806,wed,1.0,0.007931023836135864,0.0,1.0000000000000002,,0.0,20
D,GAT+LSTM_incremental,3,1807,wed,1.0,0.012440793216228485,0.0,1.0000000000000002,,0.0,20
D,GAT+LSTM_incremental,3,1808,wed,1.0,0.01376564521342516,0.0,1.0000000000000002,,0.0,20
D,GAT+LSTM_incremental,3,1809,wed,1.0,0.01158716157078743,0.0,1.0000000000000002,,0.0,20
D,GAT+LSTM_incremental,3,1810,wed,1.0,0.014322119764983654,0.0,1.0000000000000002,,0.0,20
D,GAT+LSTM_incremental,3,1811,wed,1.0,0.010034405626356602,0.0,1.0000000000000002,,0.0,20
D,GAT+LSTM_incremental,3,1812,wed,1.0,0.012290993705391884,0.0,1.0000000000000002,,0.0,20
D,GAT+LSTM_incremental,3,1813,wed,1.0,0.014684849418699741,0.0,1.0000000000000002,,0.0,20
D,GAT+LSTM_incremental,3,1814,wed,1.0,0.015564960427582264,0.0,1.0000000000000002,,0.0,20
D,GAT+LSTM_incremental,3,1815,wed,1.0,0.00758402468636632,0.0,1.0000000000000002,,0.0,20
D,GAT+LSTM_incremental,3,1816,wed,1.0,0.010005226358771324,0.0,1.0000000000000002,,0.0,20
D,GAT+LSTM_incremental,3,1817,wed,1.0,0.012087065726518631,0.0,1.0000000000000002,,0.0,20
D,GAT+LSTM_incremental,3,1818,wed,1.0,0.013468516059219837,0.0,1.0000000000000002,,0.0,20
D,GAT+LSTM_incremental,3,1819,wed,1.0,0.01486755907535553,0.0,1.0000000000000002,,0.0,20
D,GAT+LSTM_incremental,3,1820,wed,1.0,0.00819029938429594,0.0,1.0000000000000002,,0.0,20
D,GAT+LSTM_incremental,3,1821,wed,1.0,0.0109251718968153,0.0,1.0000000000000002,,0.0,20
D,GAT+LSTM_incremental,3,1822,wed,1.0,0.013301526196300983,0.0,1.0000000000000002,,0.0,20
D,GAT+LSTM_incremental,3,1823,wed,1.0,0.01292522344738245,0.0,1.0000000000000002,,0.0,20
D,GAT+LSTM_incremental,3,1824,wed,1.0,0.014722532592713833,0.0,1.0000000000000002,,0.0,20
D,GAT+LSTM_incremental,3,1825,wed,1.0,0.014500211924314499,0.0,1.0000000000000002,,0.0,20
D,GAT+LSTM_incremental,3,1826,wed,1.0,0.01827705092728138,0.0,1.0000000000000002,,0.0,20
D,GAT+LSTM_incremental,3,1827,wed,1.0,0.01441813725978136,0.0,1.0000000000000002,,0.0,20
D,GAT+LSTM_incremental,3,1828,wed,1.0,0.01370582077652216,0.0,1.0000000000000002,,0.0,20
D,GAT+LSTM_incremental,3,1829,wed,1.0,0.012787466868758202,0.0,1.0000000000000002,,0.0,20
D,GAT+LSTM_incremental,3,1830,wed,1.0,0.01068155188113451,0.0,1.0000000000000002,,0.0,20
D,GAT+LSTM_incremental,3,1831,wed,1.0,0.00530974380671978,0.0,1.0000000000000002,,0.0,20
D,GAT+LSTM_incremental,3,1832,wed,1.0,0.005630390718579292,0.0,1.0000000000000002,,0.0,20
D,GAT+LSTM_incremental,4,1833,thu_am,0.0,0.006164059042930603,0.0,0.994452139119729,0.8947368421052632,0.0,20
D,GAT+LSTM_incremental,4,1834,thu_am,0.0,0.010280448012053967,0.0,0.9774938094146042,0.8055555555555556,0.0,20
D,GAT+LSTM_incremental,4,1835,thu_am,0.0,0.012188632041215897,0.0,0.9524621466071111,0.7450980392156863,0.0,20
D,GAT+LSTM_incremental,4,1836,thu_am,0.0,0.015520243905484676,0.0,0.8265781989284796,0.59375,0.0,20
D,GAT+LSTM_incremental,4,1837,thu_am,0.0,0.023619089275598526,0.0,0.6840587425417147,0.48,0.0,20
D,GAT+LSTM_incremental,4,1838,thu_am,0.0,0.04459945484995842,0.0,0.5963125639471836,0.3928571428571429,0.0,20
D,GAT+LSTM_incremental,4,1839,thu_am,0.0,0.0228738971054554,0.0,0.5226310758252887,0.3296703296703297,0.0,20
D,GAT+LSTM_incremental,4,1840,thu_am,0.0,0.03537866845726967,0.0,0.46499264015711383,0.30208333333333337,0.0,20
D,GAT+LSTM_incremental,4,1841,thu_am,0.0,0.033002689480781555,0.0,0.4105499066324425,0.27272727272727276,0.0,20
D,GAT+LSTM_incremental,4,1842,thu_am,0.0,0.048279281705617905,0.0,0.3577232051574156,0.24000000000000005,0.0,20
D,GAT+LSTM_incremental,4,1843,thu_am,0.0,0.04047179967164993,0.0,0.3091404818378502,0.2121212121212121,0.0,20
D,GAT+LSTM_incremental,4,1844,thu_am,0.0,0.03129422664642334,0.0,0.26411148245029825,0.1875,0.0,20
D,GAT+LSTM_incremental,4,1845,thu_am,1.0,0.04443035647273064,0.0,0.2798311794199952,0.26041666666666663,0.0,20
D,GAT+LSTM_incremental,4,1846,thu_am,0.0,0.046439677476882935,0.0,0.2328584688077169,0.23076923076923075,0.0,20
D,GAT+LSTM_incremental,4,1847,thu_am,1.0,0.053244248032569885,0.0,0.38588877183801995,0.34065934065934067,0.0,20
D,GAT+LSTM_incremental,4,1848,thu_am,1.0,0.01907508634030819,0.0,0.38834464929389745,0.3516483516483516,0.0,20
D,GAT+LSTM_incremental,4,1849,thu_am,0.0,0.024453280493617058,0.0,0.37883115909431697,0.36904761904761907,0.0,20
D,GAT+LSTM_incremental,4,1850,thu_am,0.0,0.02027062699198723,0.0,0.3855851166377482,0.41333333333333333,0.0,20
D,GAT+LSTM_incremental,4,1851,thu_am,1.0,0.011515354737639427,0.0,0.3901452301568401,0.44,0.0,20
D,GAT+LSTM_incremental,4,1852,thu_am,1.0,0.006602554116398096,0.0,0.39263061027379914,0.4533333333333333,0.0,20
D,GAT+LSTM_incremental,4,1853,thu_am,1.0,0.004888967610895634,0.0,0.37412199978956945,0.34523809523809523,0.0,20
D,GAT+LSTM_incremental,4,1854,thu_am,1.0,0.006274075713008642,0.0,0.3723824718821402,0.27472527472527475,0.0,20
D,GAT+LSTM_incremental,4,1855,thu_am,1.0,0.00621250132098794,0.0,0.38186724588620874,0.22916666666666669,0.0,20
D,GAT+LSTM_incremental,4,1856,thu_am,1.0,0.00533301429823041,0.0,0.3981397949793203,0.1919191919191919,0.0,20
D,GAT+LSTM_incremental,4,1857,thu_am,1.0,0.0049751619808375835,0.0,0.42130435440032965,0.16999999999999998,0.0,20
D,GAT+LSTM_incremental,4,1858,thu_am,1.0,0.004295133985579014,0.0,0.4574377224707932,0.1616161616161616,0.0,20
D,GAT+LSTM_incremental,4,1859,thu_am,1.0,0.005074814893305302,0.0,0.4888746201052702,0.14583333333333334,0.0,20
D,GAT+LSTM_incremental,4,1860,thu_am,1.0,0.02550150826573372,0.0,0.5300479990227549,0.15384615384615385,0.0,20
D,GAT+LSTM_incremental,4,1861,thu_am,1.0,0.00601517129689455,0.0,0.5715469496595105,0.14285714285714285,0.0,20
D,GAT+LSTM_incremental,4,1862,thu_am,1.0,0.0066560241393744946,0.0,0.6297613841267091,0.14666666666666667,0.0,20
D,GAT+LSTM_incremental,4,1863,thu_am,1.0,0.014726260676980019,0.0,0.6830055619045557,0.140625,0.0,20
D,GAT+LSTM_incremental,4,1864,thu_am,1.0,0.015610302798449993,0.0,0.7454969232491542,0.13725490196078433,0.0,20
D,GAT+LSTM_incremental,4,1865,thu_am,1.0,0.01844373531639576,0.0,0.7303008448177816,0.09803921568627452,0.0,20
D,GAT+LSTM_incremental,4,1866,thu_am,1.0,0.01677725277841091,0.0,0.820621519576628,0.1111111111111111,0.0,20
D,GAT+LSTM_incremental,4,1867,thu_am,1.0,0.007663368247449398,0.0,0.7882141121692205,0.05555555555555555,0.0,20
D,GAT+LSTM_incremental,4,1868,thu_am,1.0,0.004580614157021046,0.0,0.7882141121692205,0.05555555555555555,0.0,20
D,GAT+LSTM_incremental,4,1869,thu_am,1.0,0.002857109997421503,0.0,0.8777505443608586,0.05263157894736842,0.0,20
D,GAT+LSTM_incremental,4,1870,thu_am,1.0,0.0035884056705981493,0.0,1.0000000000000002,,0.0,20
D,GAT+LSTM_incremental,4,1871,thu_am,1.0,0.002567090094089508,0.0,1.0000000000000002,,0.0,20
D,GAT+LSTM_incremental,4,1872,thu_am,1.0,0.007065755780786276,0.0,1.0000000000000002,,0.0,20
D,GAT+LSTM_incremental,4,1873,thu_am,1.0,0.004254075698554516,0.0,1.0000000000000002,,0.0,20
D,GAT+LSTM_incremental,4,1874,thu_am,1.0,0.004575078375637531,0.0,1.0000000000000002,,0.0,20
D,GAT+LSTM_incremental,4,1875,thu_am,1.0,0.003987209405750036,0.0,1.0000000000000002,,0.0,20
D,GAT+LSTM_incremental,4,1876,thu_am,1.0,0.0034795941319316626,0.0,1.0000000000000002,,0.0,20
D,GAT+LSTM_incremental,4,1877,thu_am,1.0,0.0027615551371127367,0.0,1.0000000000000002,,0.0,20
D,GAT+LSTM_incremental,4,1878,thu_am,1.0,0.0026154944207519293,0.0,1.0000000000000002,,0.0,20
D,GAT+LSTM_incremental,4,1879,thu_am,1.0,0.001718109124340117,0.0,1.0000000000000002,,0.0,20
D,GAT+LSTM_incremental,4,1880,thu_am,1.0,0.0022972766309976578,0.0,1.0000000000000002,,0.0,20
D,GAT+LSTM_incremental,4,1881,thu_am,1.0,0.003277113661170006,0.0,1.0000000000000002,,0.0,20
D,GAT+LSTM_incremental,4,1882,thu_am,1.0,0.002357610734179616,0.0,1.0000000000000002,,0.0,20
D,GAT+LSTM_incremental,4,1883,thu_am,1.0,0.0018875297391787171,0.0,1.0000000000000002,,0.0,20
D,GAT+LSTM_incremental,4,1884,thu_am,1.0,0.002061419887468219,0.0,1.0000000000000002,,0.0,20
D,GAT+LSTM_incremental,4,1885,thu_am,1.0,0.0023614326491951942,0.0,1.0000000000000002,,0.0,20
D,GAT+LSTM_incremental,4,1886,thu_am,1.0,0.0017432982567697763,0.0,1.0000000000000002,,0.0,20
D,GAT+LSTM_incremental,4,1887,thu_am,1.0,0.003405857365578413,0.0,1.0000000000000002,,0.0,20
D,GAT+LSTM_incremental,4,1888,thu_am,1.0,0.0028733338695019484,0.0,1.0000000000000002,,0.0,20
D,GAT+LSTM_incremental,4,1889,thu_am,1.0,0.0022435307037085295,0.0,1.0000000000000002,,0.0,20
D,GAT+LSTM_incremental,4,1890,thu_am,1.0,0.002886594273149967,0.0,1.0000000000000002,,0.0,20
D,GAT+LSTM_incremental,4,1891,thu_am,1.0,0.002765826415270567,0.0,1.0000000000000002,,0.0,20
D,GAT+LSTM_incremental,4,1892,thu_am,1.0,0.0028895933646708727,0.0,1.0000000000000002,,0.0,20
D,GAT+LSTM_incremental,4,1893,thu_am,1.0,0.002813579747453332,0.0,1.0000000000000002,,0.0,20
D,GAT+LSTM_incremental,4,1894,thu_am,1.0,0.0035361668560653925,0.0,1.0000000000000002,,0.0,20
D,GAT+LSTM_incremental,4,1895,thu_am,0.0,0.0026964249555021524,0.0,0.9685096390673218,0.5263157894736842,0.0,20
D,GAT+LSTM_incremental,4,1896,thu_am,0.0,0.002601389307528734,0.0,0.9378974535192287,0.5277777777777778,0.0,20
D,GAT+LSTM_incremental,4,1897,thu_am,0.0,0.0028972807340323925,0.0,0.8506132121889725,0.3921568627450981,0.0,20
D,GAT+LSTM_incremental,4,1898,thu_am,0.0,0.003112625563517213,0.0,0.7852467235207172,0.34375,0.0,20
D,GAT+LSTM_incremental,4,1899,thu_am,0.0,0.005607065744698048,0.0,0.6375374044027295,0.29333333333333333,0.0,20
D,GAT+LSTM_incremental,4,1900,thu_am,0.0,0.005601787939667702,0.0,0.5593944196498376,0.2619047619047619,0.0,20
D,GAT+LSTM_incremental,4,1901,thu_am,0.0,0.0060142045840620995,0.0,0.4808601142579471,0.1978021978021978,0.0,20
D,GAT+LSTM_incremental,4,1902,thu_am,0.0,0.010250363498926163,0.0,0.42883535381600396,0.1875,0.0,20
D,GAT+LSTM_incremental,4,1903,thu_am,1.0,0.0037972847931087017,0.0,0.4422434734741236,0.22916666666666666,0.0,20
D,GAT+LSTM_incremental,4,1904,thu_am,1.0,0.0028318925760686398,0.0,0.4481608404209023,0.25,0.0,20
D,GAT+LSTM_incremental,4,1905,thu_am,1.0,0.005613759160041809,0.0,0.4676860116004853,0.3125,0.0,20
D,GAT+LSTM_incremental,4,1906,thu_am,1.0,0.007697508204728365,0.0,0.5012373727350508,0.38541666666666663,0.0,20
D,GAT+LSTM_incremental,4,1907,thu_am,1.0,0.009177440777420998,0.0,0.5292135632112412,0.4166666666666667,0.0,20
D,GAT+LSTM_incremental,4,1908,thu_am,1.0,0.027200208976864815,0.0,0.6273707301184083,0.47916666666666663,0.0,20
D,GAT+LSTM_incremental,4,1909,thu_am,1.0,0.007442561909556389,0.0,0.666596162552045,0.5520833333333333,0.0,20
D,GAT+LSTM_incremental,4,1910,thu_am,1.0,0.00467852596193552,0.0,0.674643670599553,0.5729166666666666,0.0,20
D,GAT+LSTM_incremental,4,1911,thu_am,1.0,0.0041964370757341385,0.0,0.6824580784139608,0.59375,0.0,20
D,GAT+LSTM_incremental,4,1912,thu_am,1.0,0.0032614697702229023,0.0,0.6900244703553527,0.6145833333333333,0.0,20
D,GAT+LSTM_incremental,4,1913,thu_am,1.0,0.0032918245997279882,0.0,0.6973394796924209,0.6354166666666666,0.0,20
D,GAT+LSTM_incremental,4,1914,thu_am,1.0,0.006175356451421976,0.0,0.7207191093220505,0.6666666666666666,0.0,20
D,GAT+LSTM_incremental,4,1915,thu_am,1.0,0.003166507463902235,0.0,0.7237593715326509,0.6043956043956045,0.0,20
D,GAT+LSTM_incremental,4,1916,thu_am,1.0,0.003899178234860301,0.0,0.7273493884119714,0.5238095238095238,0.0,20
D,GAT+LSTM_incremental,4,1917,thu_am,0.0,0.004978774581104517,0.0,0.7030745677611003,0.44047619047619047,0.0,20
D,GAT+LSTM_incremental,4,1918,thu_am,0.0,0.003950017038732767,0.0,0.688419957603947,0.38095238095238093,0.0,20
D,GAT+LSTM_incremental,4,1919,thu_am,0.0,0.004505036398768425,0.0,0.6922619489459383,0.3928571428571429,0.0,20
D,GAT+LSTM_incremental,4,1920,thu_am,1.0,0.003699485445395112,0.0,0.7196658315311566,0.36,0.0,20
D,GAT+LSTM_incremental,4,1921,thu_am,1.0,0.003405757248401642,0.0,0.760082131168625,0.34375,0.0,20
D,GAT+LSTM_incremental,4,1922,thu_am,1.0,0.004348371177911758,0.0,0.8782626052795421,0.43137254901960786,0.0,20
D,GAT+LSTM_incremental,4,1923,thu_am,1.0,0.0031585972756147385,0.0,0.8782626052795421,0.43137254901960786,0.0,20
D,GAT+LSTM_incremental,4,1924,thu_am,0.0,0.0032947107683867216,0.0,0.8688096016148454,0.53125,0.0,20
D,GAT+LSTM_incremental,4,1925,thu_am,0.0,0.003457672894001007,0.0,0.8335849217002468,0.5333333333333332,0.0,20
D,GAT+LSTM_incremental,4,1926,thu_am,0.0,0.002732311375439167,0.0,0.806116200314011,0.5833333333333333,0.0,20
D,GAT+LSTM_incremental,4,1927,thu_am,0.0,0.0027848712634295225,0.0,0.7705126635556498,0.6153846153846154,0.0,20
D,GAT+LSTM_incremental,4,1928,thu_am,0.0,0.002258862601593137,0.0,0.7225401640842818,0.6354166666666667,0.0,20
D,GAT+LSTM_incremental,4,1929,thu_am,0.0,0.0020549448672682047,0.0,0.6535655632246541,0.6464646464646464,0.0,20
D,GAT+LSTM_incremental,4,1930,thu_am,0.0,0.0019378591096028686,0.0,0.6126008713508713,0.66,0.0,20
D,GAT+LSTM_incremental,4,1931,thu_am,0.0,0.009579171426594257,0.0,0.4477359060692394,0.5858585858585859,0.0,20
D,GAT+LSTM_incremental,4,1932,thu_am,0.0,0.003077973145991564,0.0,0.4304886086136086,0.6354166666666666,0.0,20
D,GAT+LSTM_incremental,4,1933,thu_am,0.0,0.003108970122411847,0.0,0.41270911628054485,0.6813186813186813,0.0,20
D,GAT+LSTM_incremental,4,1934,thu_am,0.0,0.003794922726228833,0.0,0.3196574259074259,0.6190476190476191,0.0,20
D,GAT+LSTM_incremental,4,1935,thu_am,0.0,0.004105226136744022,0.0,0.2667299367299367,0.6133333333333333,0.0,20
D,GAT+LSTM_incremental,4,1936,thu_am,0.0,0.004121127538383007,0.0,0.20345522533022534,0.578125,0.0,20
D,GAT+LSTM_incremental,4,1937,thu_am,0.0,0.0033875382505357265,0.0,0.22576312576312574,0.625,0.0,20
D,GAT+LSTM_incremental,4,1938,thu_am,0.0,0.0036686898674815893,0.0,0.23320360195360193,0.640625,0.0,20
D,GAT+LSTM_incremental,4,1939,thu_am,0.0,0.001834661467000842,0.0,0.2778409090909091,0.703125,0.0,20
D,GAT+LSTM_incremental,4,1940,thu_am,0.0,0.002434252295643091,0.0,0.22759740259740258,0.7058823529411764,0.0,20
D,GAT+LSTM_incremental,4,1941,thu_am,0.0,0.004326164722442627,0.0,0.19545454545454546,0.7222222222222222,0.0,20
D,GAT+LSTM_incremental,4,1942,thu_am,0.0,0.002895958488807082,0.0,0.05,0.5263157894736843,0.0,20
D,GAT+LSTM_incremental,4,1943,thu_am,0.0,0.0034347104374319315,0.0,0.5,,0.0,20
D,GAT+LSTM_incremental,4,1944,thu_am,0.0,0.006425371393561363,0.0,0.5,,0.0,20
D,GAT+LSTM_incremental,4,1945,thu_am,0.0,0.006311771459877491,0.0,0.5,,0.0,20
D,GAT+LSTM_incremental,4,1946,thu_am,0.0,0.003784427186474204,0.0,0.5,,0.0,20
D,GAT+LSTM_incremental,4,1947,thu_am,0.0,0.0025940039195120335,0.0,0.5,,0.0,20
D,GAT+LSTM_incremental,4,1948,thu_am,0.0,0.002462017349898815,0.0,0.5,,0.0,20
D,GAT+LSTM_incremental,4,1949,thu_am,0.0,0.0019190438324585557,0.0,0.5,,0.0,20
D,GAT+LSTM_incremental,4,1950,thu_am,0.0,0.001586412894539535,0.0,0.5,,0.0,20
D,GAT+LSTM_incremental,4,1951,thu_am,0.0,0.0016526889521628618,0.0,0.5,,0.0,20
D,GAT+LSTM_incremental,4,1952,thu_am,0.0,0.0015485163312405348,0.0,0.5,,0.0,20
D,GAT+LSTM_incremental,4,1953,thu_am,0.0,0.0015648999251425266,0.0,0.5,,0.0,20
D,GAT+LSTM_incremental,4,1954,thu_am,0.0,0.0016468929825350642,0.0,0.5,,0.0,20
D,GAT+LSTM_incremental,4,1955,thu_am,0.0,0.0025556471664458513,0.0,0.5,,0.0,20
D,GAT+LSTM_incremental,4,1956,thu_am,0.0,0.0025116365868598223,0.0,0.5,,0.0,20
D,GAT+LSTM_incremental,4,1957,thu_am,0.0,0.003850727342069149,0.0,0.5,,0.0,20
D,GAT+LSTM_incremental,4,1958,thu_am,0.0,0.003541615093126893,0.0,0.5,,0.0,20
D,GAT+LSTM_incremental,4,1959,thu_am,0.0,0.0038701817393302917,0.0,0.5,,0.0,20
D,GAT+LSTM_incremental,4,1960,thu_am,0.0,0.0047574955970048904,0.0,0.5,,0.0,20
D,GAT+LSTM_incremental,4,1961,thu_am,0.0,0.005980882793664932,0.0,0.5,,0.0,20
D,GAT+LSTM_incremental,4,1962,thu_am,0.0,0.016948018223047256,0.0,0.5,,0.0,20
D,GAT+LSTM_incremental,4,1963,thu_am,0.0,0.0254052747040987,0.0,0.5,,0.0,20
D,GAT+LSTM_incremental,4,1964,thu_am,0.0,0.018774326890707016,0.0,0.5,,0.0,20
D,GAT+LSTM_incremental,4,1965,thu_am,0.0,0.022945113480091095,0.0,0.5,,0.0,20
D,GAT+LSTM_incremental,4,1966,thu_am,0.0,0.013606089167296886,0.0,0.5,,0.0,20
D,GAT+LSTM_incremental,4,1967,thu_am,0.0,0.016919750720262527,0.0,0.5,,0.0,20
D,GAT+LSTM_incremental,4,1968,thu_am,0.0,0.012628807686269283,0.0,0.5,,0.0,20
D,GAT+LSTM_incremental,4,1969,thu_am,0.0,0.012219459749758244,0.0,0.5,,0.0,20
D,GAT+LSTM_incremental,4,1970,thu_am,0.0,0.010386309586465359,0.0,0.5,,0.0,20
D,GAT+LSTM_incremental,4,1971,thu_am,0.0,0.015428883023560047,0.0,0.5,,0.0,20
D,GAT+LSTM_incremental,4,1972,thu_am,0.0,0.009732854552567005,0.0,0.5,,0.0,20
D,GAT+LSTM_incremental,4,1973,thu_am,0.0,0.009830032475292683,0.0,0.5,,0.0,20
D,GAT+LSTM_incremental,4,1974,thu_am,0.0,0.0048448070883750916,0.0,0.5,,0.0,20
D,GAT+LSTM_incremental,4,1975,thu_am,0.0,0.003982949070632458,0.0,0.5,,0.0,20
D,GAT+LSTM_incremental,4,1976,thu_am,0.0,0.003423984395340085,0.0,0.5,,0.0,20
D,GAT+LSTM_incremental,4,1977,thu_am,0.0,0.0026797300670295954,0.0,0.5,,0.0,20
D,GAT+LSTM_incremental,4,1978,thu_am,0.0,0.0024268135894089937,0.0,0.5,,0.0,20
D,GAT+LSTM_incremental,4,1979,thu_am,0.0,0.0018911112565547228,0.0,0.5,,0.0,20
D,GAT+LSTM_incremental,4,1980,thu_am,0.0,0.00196439609862864,0.0,0.5,,0.0,20
D,GAT+LSTM_incremental,4,1981,thu_am,0.0,0.0028967270627617836,0.0,0.5,,0.0,20
D,GAT+LSTM_incremental,4,1982,thu_am,0.0,0.002501860959455371,0.0,0.5,,0.0,20
D,GAT+LSTM_incremental,4,1983,thu_am,0.0,0.002434634370729327,0.0,0.5,,0.0,20
D,GAT+LSTM_incremental,4,1984,thu_am,0.0,0.003464292734861374,0.0,0.5,,0.0,20
D,GAT+LSTM_incremental,4,1985,thu_am,0.0,0.0022523957304656506,0.0,0.5,,0.0,20
D,GAT+LSTM_incremental,4,1986,thu_am,0.0,0.002334892749786377,0.0,0.5,,0.0,20
D,GAT+LSTM_incremental,4,1987,thu_am,0.0,0.0019403507467359304,0.0,0.5,,0.0,20
D,GAT+LSTM_incremental,4,1988,thu_am,0.0,0.002166551537811756,0.0,0.5,,0.0,20
D,GAT+LSTM_incremental,4,1989,thu_am,0.0,0.0021620739717036486,0.0,0.5,,0.0,20
D,GAT+LSTM_incremental,4,1990,thu_am,0.0,0.0017628972418606281,0.0,0.5,,0.0,20
D,GAT+LSTM_incremental,4,1991,thu_am,0.0,0.0017156262183561921,0.0,0.5,,0.0,20
D,GAT+LSTM_incremental,4,1992,thu_am,0.0,0.0024777338840067387,0.0,0.5,,0.0,20
D,GAT+LSTM_incremental,4,1993,thu_am,0.0,0.001629577949643135,0.0,0.5,,0.0,20
D,GAT+LSTM_incremental,4,1994,thu_am,0.0,0.0013997217174619436,0.0,0.5,,0.0,20
D,GAT+LSTM_incremental,4,1995,thu_am,0.0,0.0014278554590418935,0.0,0.5,,0.0,20
D,GAT+LSTM_incremental,4,1996,thu_am,0.0,0.001436694641597569,0.0,0.5,,0.0,20
D,GAT+LSTM_incremental,4,1997,thu_am,0.0,0.004043001681566238,0.0,0.5,,0.0,20
D,GAT+LSTM_incremental,4,2444,thu_pm,0.0,0.007540122605860233,0.0,0.5,,0.0,20
D,GAT+LSTM_incremental,4,2445,thu_pm,0.0,0.00508463941514492,0.0,0.5,,0.0,20
D,GAT+LSTM_incremental,4,2446,thu_pm,0.0,0.004856615327298641,0.0,0.5,,0.0,20
D,GAT+LSTM_incremental,4,2447,thu_pm,0.0,0.004195377696305513,0.0,0.5,,0.0,20
D,GAT+LSTM_incremental,4,2448,thu_pm,0.0,0.003838499542325735,0.0,0.5,,0.0,20
D,GAT+LSTM_incremental,4,2449,thu_pm,0.0,0.003070468781515956,0.0,0.5,,0.0,20
D,GAT+LSTM_incremental,4,2450,thu_pm,0.0,0.0021124351769685745,0.0,0.5,,0.0,20
D,GAT+LSTM_incremental,4,2451,thu_pm,0.0,0.01040191762149334,0.0,0.5,,0.0,20
D,GAT+LSTM_incremental,4,2452,thu_pm,0.0,0.005557204131036997,0.0,0.5,,0.0,20
D,GAT+LSTM_incremental,4,2453,thu_pm,0.0,0.00268281321041286,0.0,0.5,,0.0,20
D,GAT+LSTM_incremental,4,2454,thu_pm,0.0,0.0031119210179895163,0.0,0.5,,0.0,20
D,GAT+LSTM_incremental,4,2455,thu_pm,0.0,0.0051788208074867725,0.0,0.5,,0.0,20
D,GAT+LSTM_incremental,4,2456,thu_pm,0.0,0.006703120656311512,0.0,0.5,,0.0,20
D,GAT+LSTM_incremental,4,2457,thu_pm,0.0,0.009858667850494385,0.0,0.5,,0.0,20
D,GAT+LSTM_incremental,4,2458,thu_pm,0.0,0.0036098991986364126,0.0,0.5,,0.0,20
D,GAT+LSTM_incremental,4,2459,thu_pm,0.0,0.003415571292862296,0.0,0.5,,0.0,20
D,GAT+LSTM_incremental,4,2460,thu_pm,0.0,0.0023632554803043604,0.0,0.5,,0.0,20
D,GAT+LSTM_incremental,4,2461,thu_pm,0.0,0.0026091309264302254,0.0,0.5,,0.0,20
D,GAT+LSTM_incremental,4,2462,thu_pm,0.0,0.0021900825668126345,0.0,0.5,,0.0,20
D,GAT+LSTM_incremental,4,2463,thu_pm,0.0,0.001960134832188487,0.0,0.5,,0.0,20
D,GAT+LSTM_incremental,4,2464,thu_pm,0.0,0.0020575085654854774,0.0,0.5,,0.0,20
D,GAT+LSTM_incremental,4,2465,thu_pm,0.0,0.0020838738419115543,0.0,0.5,,0.0,20
D,GAT+LSTM_incremental,4,2466,thu_pm,0.0,0.0016888853861019015,0.0,0.5,,0.0,20
D,GAT+LSTM_incremental,4,2467,thu_pm,0.0,0.0014632005477324128,0.0,0.5,,0.0,20
D,GAT+LSTM_incremental,4,2468,thu_pm,0.0,0.0014265724457800388,0.0,0.5,,0.0,20
D,GAT+LSTM_incremental,4,2469,thu_pm,0.0,0.0015619277255609632,0.0,0.5,,0.0,20
D,GAT+LSTM_incremental,4,2470,thu_pm,0.0,0.0017259659944102168,0.0,0.5,,0.0,20
D,GAT+LSTM_incremental,4,2471,thu_pm,0.0,0.002729529282078147,0.0,0.5,,0.0,20
D,GAT+LSTM_incremental,4,2472,thu_pm,0.0,0.003528311848640442,0.0,0.5,,0.0,20
D,GAT+LSTM_incremental,4,2473,thu_pm,0.0,0.0034778094850480556,0.0,0.5,,0.0,20
D,GAT+LSTM_incremental,4,2474,thu_pm,0.0,0.003258724231272936,0.0,0.5,,0.0,20
D,GAT+LSTM_incremental,4,2475,thu_pm,0.0,0.0031193618196994066,0.0,0.5,,0.0,20
D,GAT+LSTM_incremental,4,2476,thu_pm,0.0,0.004830523859709501,0.0,0.5,,0.0,20
D,GAT+LSTM_incremental,4,2477,thu_pm,0.0,0.004189385566860437,0.0,0.5,,0.0,20
D,GAT+LSTM_incremental,4,2478,thu_pm,0.0,0.00307793659158051,0.0,0.5,,0.0,20
D,GAT+LSTM_incremental,4,2479,thu_pm,0.0,0.0026394063606858253,0.0,0.5,,0.0,20
D,GAT+LSTM_incremental,4,2480,thu_pm,0.0,0.0037156278267502785,0.0,0.5,,0.0,20
D,GAT+LSTM_incremental,4,2481,thu_pm,0.0,0.0027972827665507793,0.0,0.5,,0.0,20
D,GAT+LSTM_incremental,4,2482,thu_pm,0.0,0.0032328995876014233,0.0,0.5,,0.0,20
D,GAT+LSTM_incremental,4,2483,thu_pm,0.0,0.003066040575504303,0.0,0.5,,0.0,20
D,GAT+LSTM_incremental,4,2484,thu_pm,0.0,0.0037028277292847633,0.0,0.5,,0.0,20
D,GAT+LSTM_incremental,4,2485,thu_pm,0.0,0.0037626547273248434,0.0,0.5,,0.0,20
D,GAT+LSTM_incremental,4,2486,thu_pm,0.0,0.004282313399016857,0.0,0.5,,0.0,20
D,GAT+LSTM_incremental,4,2487,thu_pm,0.0,0.003503883257508278,0.0,0.5,,0.0,20
D,GAT+LSTM_incremental,4,2488,thu_pm,0.0,0.004053190350532532,0.0,0.5,,0.0,20
D,GAT+LSTM_incremental,4,2489,thu_pm,0.0,0.005947501864284277,0.0,0.5,,0.0,20
D,GAT+LSTM_incremental,4,2490,thu_pm,0.0,0.006496703252196312,0.0,0.5,,0.0,20
D,GAT+LSTM_incremental,4,2491,thu_pm,0.0,0.005532527808099985,0.0,0.5,,0.0,20
D,GAT+LSTM_incremental,4,2492,thu_pm,0.0,0.004893339704722166,0.0,0.5,,0.0,20
D,GAT+LSTM_incremental,4,2493,thu_pm,0.0,0.9803306460380554,0.0,0.5,,0.05,20
D,GAT+LSTM_incremental,4,2494,thu_pm,0.0,0.9978827834129333,0.0,0.5,,0.1,20
D,GAT+LSTM_incremental,4,2495,thu_pm,0.0,0.985321581363678,0.0,0.5,,0.15,20
D,GAT+LSTM_incremental,4,2496,thu_pm,0.0,0.9255353212356567,0.0,0.5,,0.2,20
D,GAT+LSTM_incremental,4,2497,thu_pm,0.0,0.8842670321464539,0.0,0.5,,0.25,20
D,GAT+LSTM_incremental,4,2498,thu_pm,0.0,0.8223423361778259,0.0,0.5,,0.3,20
D,GAT+LSTM_incremental,4,2499,thu_pm,0.0,0.6635683178901672,0.0,0.5,,0.35,20
D,GAT+LSTM_incremental,4,2500,thu_pm,0.0,0.09085694700479507,0.0,0.5,,0.35,20
D,GAT+LSTM_incremental,4,2501,thu_pm,0.0,0.002297274535521865,0.0,0.5,,0.35,20
D,GAT+LSTM_incremental,4,2502,thu_pm,0.0,0.0017849054420366883,0.0,0.5,,0.35,20
D,GAT+LSTM_incremental,4,2503,thu_pm,0.0,0.0029038768261671066,0.0,0.5,,0.35,20
D,GAT+LSTM_incremental,4,2504,thu_pm,0.0,0.002264068927615881,0.0,0.5,,0.35,20
D,GAT+LSTM_incremental,4,2505,thu_pm,0.0,0.0024504750035703182,0.0,0.5,,0.35,20
D,GAT+LSTM_incremental,4,2506,thu_pm,0.0,0.0024374211207032204,0.0,0.5,,0.35,20
D,GAT+LSTM_incremental,4,2507,thu_pm,0.0,0.0028268892783671618,0.0,0.5,,0.35,20
D,GAT+LSTM_incremental,4,2508,thu_pm,1.0,0.0021126321516931057,0.0,0.02631578947368421,0.052631578947368474,0.3684210526315789,20
D,GAT+LSTM_incremental,4,2509,thu_pm,0.0,0.0030213098507374525,0.0,0.02631578947368421,0.052631578947368474,0.3684210526315789,20
D,GAT+LSTM_incremental,4,2510,thu_pm,1.0,0.0036219521425664425,0.0,0.06293195108984583,0.25,0.3888888888888889,20
D,GAT+LSTM_incremental,4,2511,thu_pm,0.0,0.0030556893907487392,0.0,0.0652046783625731,0.2777777777777778,0.3888888888888889,20
D,GAT+LSTM_incremental,4,2512,thu_pm,0.0,0.0044111814349889755,0.0,0.0652046783625731,0.2777777777777778,0.3888888888888889,20
D,GAT+LSTM_incremental,4,2513,thu_pm,0.0,0.0026109458412975073,0.0,0.06798245614035087,0.3055555555555556,0.3333333333333333,20
D,GAT+LSTM_incremental,4,2514,thu_pm,1.0,0.0062706866301596165,0.0,0.1265142021720969,0.4313725490196078,0.29411764705882354,20
D,GAT+LSTM_incremental,4,2515,thu_pm,1.0,0.009840118698775768,0.0,0.19744674185463656,0.515625,0.25,20
D,GAT+LSTM_incremental,4,2516,thu_pm,1.0,0.016892440617084503,0.0,0.2800062656641604,0.5866666666666668,0.2,20
D,GAT+LSTM_incremental,4,2517,thu_pm,0.0,0.016961824148893356,0.0,0.2800062656641604,0.5866666666666668,0.13333333333333333,20
D,GAT+LSTM_incremental,4,2518,thu_pm,0.0,0.027232805266976357,0.0,0.2800062656641604,0.5866666666666668,0.06666666666666667,20
D,GAT+LSTM_incremental,4,2519,thu_pm,1.0,0.04703545942902565,0.0,0.397545948203843,0.6785714285714287,0.0,20
D,GAT+LSTM_incremental,4,2520,thu_pm,0.0,0.06258256733417511,0.0,0.397545948203843,0.6785714285714287,0.0,20
D,GAT+LSTM_incremental,4,2521,thu_pm,0.0,0.05066424235701561,0.0,0.3412628794207742,0.6190476190476191,0.0,20
D,GAT+LSTM_incremental,4,2522,thu_pm,0.0,0.042807020246982574,0.0,0.30696469709627605,0.5595238095238094,0.0,20
D,GAT+LSTM_incremental,4,2523,thu_pm,1.0,0.05230508744716644,0.0,0.3841622454404409,0.5934065934065934,0.0,20
D,GAT+LSTM_incremental,4,2524,thu_pm,1.0,0.05813891813158989,0.0,0.4614307932564511,0.6145833333333334,0.0,20
D,GAT+LSTM_incremental,4,2525,thu_pm,1.0,0.051230378448963165,0.0,0.5249794227864403,0.6262626262626262,0.0,20
D,GAT+LSTM_incremental,4,2526,thu_pm,1.0,0.059263940900564194,0.0,0.5766179434600487,0.6300000000000001,0.0,20
D,GAT+LSTM_incremental,4,2527,thu_pm,0.0,0.03226008638739586,0.0,0.5593350180521233,0.5900000000000001,0.0,20
D,GAT+LSTM_incremental,4,2528,thu_pm,1.0,0.02286667190492153,0.0,0.5765127886819063,0.64,0.0,20
D,GAT+LSTM_incremental,4,2529,thu_pm,1.0,0.011578159406781197,0.0,0.5819939493067835,0.5757575757575757,0.0,20
D,GAT+LSTM_incremental,4,2530,thu_pm,0.0,0.008711878210306168,0.0,0.5765127886819063,0.64,0.0,20
D,GAT+LSTM_incremental,4,2531,thu_pm,0.0,0.004492892883718014,0.0,0.5765127886819063,0.64,0.0,20
D,GAT+LSTM_incremental,4,2532,thu_pm,0.0,0.003028441220521927,0.0,0.5765127886819063,0.64,0.0,20
D,GAT+LSTM_incremental,4,2533,thu_pm,0.0,0.0028702111449092627,0.0,0.5765127886819063,0.64,0.0,20
D,GAT+LSTM_incremental,4,2534,thu_pm,0.0,0.001983667491003871,0.0,0.5766400266400267,0.7070707070707071,0.0,20
D,GAT+LSTM_incremental,4,2535,thu_pm,0.0,0.0016085805837064981,0.0,0.5755057442557442,0.7604166666666667,0.0,20
D,GAT+LSTM_incremental,4,2536,thu_pm,0.0,0.001268905121833086,0.0,0.5784429855858427,0.8131868131868132,0.0,20
D,GAT+LSTM_incremental,4,2537,thu_pm,0.0,0.0016090149292722344,0.0,0.5848948670377242,0.8241758241758242,0.0,20
D,GAT+LSTM_incremental,4,2538,thu_pm,0.0,0.003155546495690942,0.0,0.6004432075860647,0.8461538461538461,0.0,20
D,GAT+LSTM_incremental,4,2539,thu_pm,0.0,0.008841448463499546,0.0,0.5703703703703703,0.8571428571428572,0.0,20
D,GAT+LSTM_incremental,4,2540,thu_pm,0.0,0.010054067708551884,0.0,0.8740079365079365,0.9285714285714286,0.0,20
D,GAT+LSTM_incremental,4,2541,thu_pm,0.0,0.016743086278438568,0.0,0.8893849206349205,0.9404761904761905,0.0,20
D,GAT+LSTM_incremental,4,2542,thu_pm,0.0,0.018955722451210022,0.0,0.9104166666666667,0.9523809523809523,0.0,20
D,GAT+LSTM_incremental,4,2543,thu_pm,0.0,0.03544462099671364,0.0,0.8322222222222222,0.92,0.0,20
D,GAT+LSTM_incremental,4,2544,thu_pm,0.0,0.04895826429128647,0.0,0.7149305555555556,0.875,0.0,20
D,GAT+LSTM_incremental,4,2545,thu_pm,0.0,0.052875299006700516,0.0,0.5194444444444444,0.8039215686274509,0.0,20
D,GAT+LSTM_incremental,4,2546,thu_pm,0.0,0.06074820086359978,0.0,0.1284722222222222,0.6666666666666667,0.0,20
D,GAT+LSTM_incremental,4,2547,thu_pm,0.0,0.022658424451947212,0.0,0.13680555555555557,0.6944444444444445,0.0,20
D,GAT+LSTM_incremental,4,2548,thu_pm,0.0,0.026404188945889473,0.0,0.05555555555555555,0.5789473684210527,0.0,20
D,GAT+LSTM_incremental,4,2549,thu_pm,0.0,0.0251238401979208,0.0,0.5,,0.0,20
D,GAT+LSTM_incremental,4,2550,thu_pm,0.0,0.023876018822193146,0.0,0.5,,0.0,20
D,GAT+LSTM_incremental,4,2551,thu_pm,0.0,0.008727272972464561,0.0,0.5,,0.0,20
D,GAT+LSTM_incremental,4,2552,thu_pm,0.0,0.00597333861514926,0.0,0.5,,0.0,20
D,GAT+LSTM_incremental,4,2553,thu_pm,0.0,0.005872916430234909,0.0,0.5,,0.0,20
D,GAT+LSTM_incremental,4,2554,thu_pm,1.0,0.0044444045051932335,0.0,0.03125,0.21052631578947367,0.0,20
D,GAT+LSTM_incremental,4,2555,thu_pm,0.0,0.006389220245182514,0.0,0.029411764705882353,0.1578947368421053,0.0,20
D,GAT+LSTM_incremental,4,2556,thu_pm,0.0,0.007927932776510715,0.0,0.027777777777777776,0.10526315789473684,0.0,20
D,GAT+LSTM_incremental,4,2557,thu_pm,0.0,0.01764656975865364,0.0,0.02631578947368421,0.052631578947368474,0.0,20
D,GAT+LSTM_incremental,4,2558,thu_pm,0.0,0.017673728987574577,0.0,0.025,0.0,0.0,20
D,GAT+LSTM_incremental,4,2559,thu_pm,1.0,0.01817573606967926,0.0,0.06315789473684211,0.25,0.0,20
D,GAT+LSTM_incremental,4,2560,thu_pm,0.0,0.09541504830121994,0.0,0.060885167464114834,0.2222222222222222,0.0,20
D,GAT+LSTM_incremental,4,2561,thu_pm,0.0,0.026129091158509254,0.0,0.05899122807017544,0.19444444444444442,0.0,20
D,GAT+LSTM_incremental,4,2562,thu_pm,0.0,0.9886154532432556,0.0,0.05899122807017544,0.19444444444444442,0.05555555555555555,20
D,GAT+LSTM_incremental,4,2563,thu_pm,1.0,0.9982560276985168,0.4,0.41880648591174907,0.47058823529411764,0.058823529411764705,20
D,GAT+LSTM_incremental,4,2564,thu_pm,0.0,0.9973340034484863,0.3333333333333333,0.41880648591174907,0.47058823529411764,0.11764705882352941,20
D,GAT+LSTM_incremental,4,2565,thu_pm,0.0,0.9954445362091064,0.2857142857142857,0.41880648591174907,0.47058823529411764,0.17647058823529413,20
D,GAT+LSTM_incremental,4,2566,thu_pm,0.0,0.9985740184783936,0.25,0.16880648591174907,0.4509803921568627,0.23529411764705882,20
D,GAT+LSTM_incremental,4,2567,thu_pm,0.0,0.9969308972358704,0.2222222222222222,0.16880648591174907,0.4509803921568627,0.29411764705882354,20
D,GAT+LSTM_incremental,4,2568,thu_pm,0.0,0.9973307847976685,0.2,0.16880648591174907,0.4509803921568627,0.35294117647058826,20
D,GAT+LSTM_incremental,4,2569,thu_pm,1.0,0.998478353023529,0.3333333333333333,0.3070474481658692,0.578125,0.375,20
D,GAT+LSTM_incremental,4,2570,thu_pm,0.0,0.9989290833473206,0.3076923076923077,0.2445474481658692,0.546875,0.4375,20
D,GAT+LSTM_incremental,4,2571,thu_pm,0.0,0.9988120794296265,0.2857142857142857,0.20691632928475034,0.5,0.5,20
D,GAT+LSTM_incremental,4,2572,thu_pm,0.0,0.9983866214752197,0.26666666666666666,0.18866999228841336,0.46875,0.5625,20
D,GAT+LSTM_incremental,4,2573,thu_pm,1.0,0.9991838335990906,0.35294117647058826,0.43533834586466164,0.56,0.6,20
D,GAT+LSTM_incremental,4,2574,thu_pm,0.0,0.999387264251709,0.35294117647058826,0.2680059523809524,0.65625,0.625,20
D,GAT+LSTM_incremental,4,2575,thu_pm,0.0,0.9944754242897034,0.3333333333333333,0.2646052170868347,0.640625,0.6875,20
D,GAT+LSTM_incremental,4,2576,thu_pm,0.0,0.9699112176895142,0.3157894736842105,0.26159255368814194,0.625,0.75,20
D,GAT+LSTM_incremental,4,2577,thu_pm,1.0,0.9954546689987183,0.38095238095238093,0.27854883420672893,0.5733333333333334,0.8,20
D,GAT+LSTM_incremental,4,2578,thu_pm,0.0,0.9972187280654907,0.36363636363636365,0.27122662425294003,0.5466666666666667,0.8666666666666667,20
D,GAT+LSTM_incremental,4,2579,thu_pm,0.0,0.990160346031189,0.36363636363636365,0.28146749084249084,0.703125,0.875,20
D,GAT+LSTM_incremental,4,2580,thu_pm,0.0,0.9472748041152954,0.34782608695652173,0.28146749084249084,0.703125,0.9375,20
D,GAT+LSTM_incremental,4,2581,thu_pm,0.0,0.9947561025619507,0.3333333333333333,0.28146749084249084,0.703125,1.0,20
D,GAT+LSTM_incremental,4,2582,thu_pm,1.0,0.998319685459137,0.4,0.31783272283272285,0.68,1.0,20
D,GAT+LSTM_incremental,4,2583,thu_pm,0.0,0.9898310303688049,0.3333333333333333,0.28146749084249084,0.703125,1.0,20
D,GAT+LSTM_incremental,4,2584,thu_pm,0.0,0.9792550206184387,0.3333333333333333,0.28751352813852815,0.71875,1.0,20
D,GAT+LSTM_incremental,4,2585,thu_pm,0.0,0.9979217648506165,0.3333333333333333,0.28146749084249084,0.703125,1.0,20
D,GAT+LSTM_incremental,4,2586,thu_pm,0.0,0.9698415994644165,0.3333333333333333,0.31474567099567097,0.75,1.0,20
D,GAT+LSTM_incremental,4,2587,thu_pm,0.0,0.9934067726135254,0.3333333333333333,0.32194264069264067,0.765625,1.0,20
D,GAT+LSTM_incremental,4,2588,thu_pm,1.0,0.9988413453102112,0.4,0.40164502164502164,0.7866666666666666,1.0,20
D,GAT+LSTM_incremental,4,2589,thu_pm,0.0,0.9986366629600525,0.3333333333333333,0.33221049783549783,0.765625,1.0,20
D,GAT+LSTM_incremental,4,2590,thu_pm,0.0,0.9972512125968933,0.3333333333333333,0.386525974025974,0.796875,1.0,20
D,GAT+LSTM_incremental,4,2591,thu_pm,0.0,0.9974494576454163,0.3333333333333333,0.40378787878787875,0.8125,1.0,20
D,GAT+LSTM_incremental,4,2592,thu_pm,0.0,0.9983444213867188,0.3333333333333333,0.40378787878787875,0.8125,1.0,20
D,GAT+LSTM_incremental,4,2593,thu_pm,0.0,0.9992485642433167,0.2608695652173913,0.22323232323232323,0.7254901960784313,1.0,20
D,GAT+LSTM_incremental,4,2594,thu_pm,1.0,0.9993054866790771,0.3333333333333333,0.5912878787878788,0.828125,1.0,20
D,GAT+LSTM_incremental,4,2595,thu_pm,0.0,0.9993242025375366,0.3333333333333333,0.33766233766233766,0.765625,1.0,20
D,GAT+LSTM_incremental,4,2596,thu_pm,0.0,0.9875796437263489,0.3333333333333333,0.33766233766233766,0.765625,1.0,20
D,GAT+LSTM_incremental,4,2597,thu_pm,0.0,0.9522563219070435,0.2608695652173913,0.3492063492063492,0.8627450980392156,1.0,20
D,GAT+LSTM_incremental,4,2598,thu_pm,1.0,0.9936601519584656,0.3333333333333333,0.33766233766233766,0.765625,1.0,20
D,GAT+LSTM_incremental,4,2599,thu_pm,0.0,0.9988014698028564,0.3333333333333333,0.3189674908424909,0.734375,1.0,20
D,GAT+LSTM_incremental,4,2600,thu_pm,0.0,0.9989961981773376,0.3333333333333333,0.2812271062271062,0.6875,1.0,20
D,GAT+LSTM_incremental,4,2601,thu_pm,1.0,0.9992566704750061,0.4,0.3964835164835165,0.7333333333333334,1.0,20
D,GAT+LSTM_incremental,4,2602,thu_pm,0.0,0.9992775321006775,0.3333333333333333,0.3264652014652014,0.734375,1.0,20
D,GAT+LSTM_incremental,4,2603,thu_pm,0.0,0.9990803003311157,0.3333333333333333,0.30937499999999996,0.703125,1.0,20
D,GAT+LSTM_incremental,4,2604,thu_pm,0.0,0.99888676404953,0.3333333333333333,0.2958333333333333,0.671875,1.0,20
D,GAT+LSTM_incremental,4,2605,thu_pm,0.0,0.9991633892059326,0.3333333333333333,0.2881944444444444,0.65625,1.0,20
D,GAT+LSTM_incremental,4,2606,thu_pm,1.0,0.9975963234901428,0.4,0.29161567190978954,0.5733333333333333,1.0,20
D,GAT+LSTM_incremental,4,2607,thu_pm,0.0,0.9981526732444763,0.4,0.28495798319327725,0.5466666666666666,1.0,20
D,GAT+LSTM_incremental,4,2608,thu_pm,0.0,0.9949400424957275,0.3333333333333333,0.26251975149033974,0.5625,1.0,20
D,GAT+LSTM_incremental,4,2609,thu_pm,0.0,0.996454119682312,0.3333333333333333,0.2661827551533434,0.578125,1.0,20
D,GAT+LSTM_incremental,4,2610,thu_pm,0.0,0.9981358051300049,0.3333333333333333,0.26251975149033974,0.5625,1.0,20
D,GAT+LSTM_incremental,4,2611,thu_pm,1.0,0.9985502362251282,0.4,0.2800084882437823,0.5333333333333334,1.0,20
D,GAT+LSTM_incremental,4,2612,thu_pm,0.0,0.9982876181602478,0.4,0.2800084882437823,0.5333333333333334,1.0,20
D,GAT+LSTM_incremental,4,2613,thu_pm,0.0,0.9829848408699036,0.4,0.29161567190978954,0.5733333333333333,1.0,20
D,GAT+LSTM_incremental,4,2614,thu_pm,0.0,0.9940215945243835,0.3333333333333333,0.18759819632981398,0.5,1.0,20
D,GAT+LSTM_incremental,4,2615,thu_pm,0.0,0.9987448453903198,0.3333333333333333,0.20843152966314732,0.515625,1.0,20
D,GAT+LSTM_incremental,4,2616,thu_pm,1.0,0.9986811280250549,0.4,0.23989998563527976,0.49333333333333335,1.0,20
D,GAT+LSTM_incremental,4,2617,thu_pm,0.0,0.9983150959014893,0.4,0.233577694235589,0.4666666666666667,1.0,20
D,GAT+LSTM_incremental,4,2618,thu_pm,0.0,0.9967153072357178,0.3333333333333333,0.23129960317460316,0.59375,1.0,20
D,GAT+LSTM_incremental,4,2619,thu_pm,0.0,0.9802886247634888,0.3333333333333333,0.24908424908424906,0.640625,1.0,20
D,GAT+LSTM_incremental,4,2620,thu_pm,0.0,0.9330189228057861,0.3333333333333333,0.2713484432234432,0.6875,1.0,20
D,GAT+LSTM_incremental,4,2621,thu_pm,0.0,0.9947388768196106,0.2608695652173913,0.17514430014430013,0.6274509803921569,1.0,20
D,GAT+LSTM_incremental,4,2622,thu_pm,1.0,0.9969059824943542,0.3333333333333333,0.2265151515151515,0.625,1.0,20
D,GAT+LSTM_incremental,4,2623,thu_pm,0.0,0.9981340765953064,0.3333333333333333,0.24734848484848482,0.65625,1.0,20
D,GAT+LSTM_incremental,4,2624,thu_pm,0.0,0.9987998008728027,0.3333333333333333,0.24734848484848482,0.65625,1.0,20
D,GAT+LSTM_incremental,4,2625,thu_pm,0.0,0.9992413520812988,0.3333333333333333,0.24734848484848482,0.65625,1.0,20
D,GAT+LSTM_incremental,4,2626,thu_pm,0.0,0.9988081455230713,0.2608695652173913,0.1941919191919192,0.6666666666666666,1.0,20
D,GAT+LSTM_incremental,4,2627,thu_pm,1.0,0.998138427734375,0.3333333333333333,0.24034090909090908,0.65625,1.0,20
D,GAT+LSTM_incremental,4,2628,thu_pm,0.0,0.9985541701316833,0.3333333333333333,0.21653693528693527,0.609375,1.0,20
D,GAT+LSTM_incremental,4,2629,thu_pm,0.0,0.9988226294517517,0.3333333333333333,0.19359182484182483,0.546875,1.0,20
D,GAT+LSTM_incremental,4,2630,thu_pm,0.0,0.9993191957473755,0.3333333333333333,0.1797976329226329,0.5,1.0,20
D,GAT+LSTM_incremental,4,2631,thu_pm,0.0,0.9962043166160583,0.2608695652173913,0.13701853701853703,0.5098039215686274,1.0,20
D,GAT+LSTM_incremental,4,2632,thu_pm,1.0,0.9772912859916687,0.3333333333333333,0.157872427280322,0.40625,1.0,20
D,GAT+LSTM_incremental,4,2633,thu_pm,0.0,0.9935534000396729,0.3333333333333333,0.157872427280322,0.40625,1.0,20
D,GAT+LSTM_incremental,4,2634,thu_pm,0.0,0.9988112449645996,0.3333333333333333,0.14768088271377744,0.359375,1.0,20
D,GAT+LSTM_incremental,4,2635,thu_pm,0.0,0.9969148635864258,0.3333333333333333,0.1535746417325365,0.390625,1.0,20
D,GAT+LSTM_incremental,4,2636,thu_pm,1.0,0.9885431528091431,0.3333333333333333,0.13091880492228788,0.265625,1.0,20
D,GAT+LSTM_incremental,4,2637,thu_pm,0.0,0.9588363766670227,0.3333333333333333,0.14079304070112894,0.328125,1.0,20
D,GAT+LSTM_incremental,4,2638,thu_pm,0.0,0.9208013415336609,0.3333333333333333,0.14655868029029795,0.359375,1.0,20
D,GAT+LSTM_incremental,4,2639,thu_pm,0.0,0.8516910076141357,0.3333333333333333,0.14995941558441558,0.375,1.0,20
D,GAT+LSTM_incremental,4,2640,thu_pm,0.0,0.34486424922943115,0.34782608695652173,0.14995941558441558,0.375,0.9375,20
D,GAT+LSTM_incremental,4,2641,thu_pm,0.0,0.002529771765694022,0.36363636363636365,0.15698780386280387,0.40625,0.875,20
D,GAT+LSTM_incremental,4,2642,thu_pm,0.0,0.0027774281334131956,0.3,0.12171855921855922,0.4313725490196078,0.8235294117647058,20
D,GAT+LSTM_incremental,4,2643,thu_pm,0.0,0.0027906547766178846,0.3157894736842105,0.13000194250194252,0.47058823529411764,0.7647058823529411,20
D,GAT+LSTM_incremental,4,2644,thu_pm,0.0,0.00210428680293262,0.3333333333333333,0.14274891774891776,0.5294117647058824,0.7058823529411765,20
D,GAT+LSTM_incremental,4,2645,thu_pm,0.0,0.00165522750467062,0.35294117647058826,0.1584175084175084,0.5882352941176471,0.6470588235294118,20
D,GAT+LSTM_incremental,4,2646,thu_pm,0.0,0.0023828253615647554,0.375,0.17824074074074073,0.6470588235294118,0.5882352941176471,20
D,GAT+LSTM_incremental,4,2647,thu_pm,0.0,0.0018696479965001345,0.2857142857142857,0.11805555555555555,0.6111111111111112,0.5555555555555556,20
D,GAT+LSTM_incremental,4,2648,thu_pm,0.0,0.0022290947381407022,0.3076923076923077,0.13392857142857142,0.6666666666666667,0.5,20
D,GAT+LSTM_incremental,4,2649,thu_pm,0.0,0.002736597089096904,0.3333333333333333,0.15476190476190474,0.7222222222222222,0.4444444444444444,20
D,GAT+LSTM_incremental,4,2650,thu_pm,0.0,0.002320088678970933,0.36363636363636365,0.18333333333333335,0.7777777777777778,0.3888888888888889,20
D,GAT+LSTM_incremental,4,2651,thu_pm,0.0,0.0027089135255664587,0.4,0.225,0.8333333333333334,0.3333333333333333,20
D,GAT+LSTM_incremental,4,2652,thu_pm,0.0,0.0016188871813938022,0.25,0.125,0.8421052631578947,0.3157894736842105,20
D,GAT+LSTM_incremental,4,2653,thu_pm,0.0,0.0015310628805309534,0.2857142857142857,0.16666666666666666,0.8947368421052632,0.2631578947368421,20
D,GAT+LSTM_incremental,4,2654,thu_pm,0.0,0.0019602887332439423,0.3333333333333333,0.25,0.9473684210526316,0.21052631578947367,20
D,GAT+LSTM_incremental,4,2655,thu_pm,0.0,0.0022578537464141846,0.4,1.0,1.0,0.15789473684210525,20
D,GAT+LSTM_incremental,4,2656,thu_pm,0.0,0.004584464244544506,0.0,0.5,,0.15,20
D,GAT+LSTM_incremental,4,2657,thu_pm,0.0,0.006692464463412762,0.0,0.5,,0.1,20
D,GAT+LSTM_incremental,4,2658,thu_pm,0.0,0.030720703303813934,0.0,0.5,,0.05,20
D,GAT+LSTM_incremental,4,2659,thu_pm,0.0,0.005471333861351013,0.0,0.5,,0.0,20
D,GAT+LSTM_incremental,4,2660,thu_pm,0.0,0.08269746601581573,0.0,0.5,,0.0,20
D,GAT+LSTM_incremental,4,2661,thu_pm,0.0,0.08142051845788956,0.0,0.5,,0.0,20
D,GAT+LSTM_incremental,4,2662,thu_pm,0.0,0.4450814723968506,0.0,0.5,,0.0,20
D,GAT+LSTM_incremental,4,2663,thu_pm,0.0,0.5175517201423645,0.0,0.5,,0.05,20
D,GAT+LSTM_incremental,4,2664,thu_pm,0.0,0.334320068359375,0.0,0.5,,0.05,20
D,GAT+LSTM_incremental,4,2665,thu_pm,0.0,0.29757192730903625,0.0,0.5,,0.05,20
D,GAT+LSTM_incremental,4,2666,thu_pm,0.0,0.6281924247741699,0.0,0.5,,0.1,20
D,GAT+LSTM_incremental,4,2667,thu_pm,0.0,0.8376005291938782,0.0,0.5,,0.15,20
D,GAT+LSTM_incremental,4,2668,thu_pm,0.0,0.6724316477775574,0.0,0.5,,0.2,20
D,GAT+LSTM_incremental,4,2669,thu_pm,0.0,0.9744203090667725,0.0,0.5,,0.25,20
D,GAT+LSTM_incremental,4,2670,thu_pm,0.0,0.9873989820480347,0.0,0.5,,0.3,20
D,GAT+LSTM_incremental,4,2671,thu_pm,0.0,0.9260813593864441,0.0,0.5,,0.35,20
D,GAT+LSTM_incremental,4,2672,thu_pm,0.0,0.7645075917243958,0.0,0.5,,0.4,20
D,GAT+LSTM_incremental,4,2673,thu_pm,0.0,0.5978304147720337,0.0,0.5,,0.45,20
D,GAT+LSTM_incremental,4,2674,thu_pm,0.0,0.44568172097206116,0.0,0.5,,0.45,20
D,GAT+LSTM_incremental,4,2675,thu_pm,0.0,0.2735016644001007,0.0,0.5,,0.45,20
D,GAT+LSTM_incremental,4,2676,thu_pm,0.0,0.0018055393593385816,0.0,0.5,,0.45,20
D,GAT+LSTM_incremental,4,2677,thu_pm,0.0,0.0012206725077703595,0.0,0.5,,0.45,20
D,GAT+LSTM_incremental,4,2678,thu_pm,0.0,0.0014476933283731341,0.0,0.5,,0.45,20
D,GAT+LSTM_incremental,4,2679,thu_pm,0.0,0.0019171021413058043,0.0,0.5,,0.45,20
D,GAT+LSTM_incremental,4,2680,thu_pm,0.0,0.0022595752961933613,0.0,0.5,,0.45,20
D,GAT+LSTM_incremental,4,2681,thu_pm,0.0,0.0029866970144212246,0.0,0.5,,0.45,20
D,GAT+LSTM_incremental,4,2682,thu_pm,0.0,0.0062978980131447315,0.0,0.5,,0.45,20
D,GAT+LSTM_incremental,4,2683,thu_pm,0.0,0.002522803843021393,0.0,0.5,,0.4,20
D,GAT+LSTM_incremental,4,2684,thu_pm,0.0,0.0019873022101819515,0.0,0.5,,0.4,20
D,GAT+LSTM_incremental,4,2685,thu_pm,0.0,0.0015274070901796222,0.0,0.5,,0.4,20
D,GAT+LSTM_incremental,4,2686,thu_pm,0.0,0.001706170616671443,0.0,0.5,,0.35,20
D,GAT+LSTM_incremental,4,2687,thu_pm,0.0,0.001529690925963223,0.0,0.5,,0.3,20
D,GAT+LSTM_incremental,4,2688,thu_pm,0.0,0.0016577738570049405,0.0,0.5,,0.25,20
D,GAT+LSTM_incremental,4,2689,thu_pm,0.0,0.0011496340157464147,0.0,0.5,,0.2,20
D,GAT+LSTM_incremental,4,2690,thu_pm,0.0,0.008108880370855331,0.0,0.5,,0.15,20
D,GAT+LSTM_incremental,4,2691,thu_pm,0.0,0.0024128269869834185,0.0,0.5,,0.1,20
D,GAT+LSTM_incremental,4,2692,thu_pm,0.0,0.002370182890444994,0.0,0.5,,0.05,20
D,GAT+LSTM_incremental,4,2693,thu_pm,0.0,0.003400334855541587,0.0,0.5,,0.0,20
D,GAT+LSTM_incremental,4,2694,thu_pm,0.0,0.0030855133663862944,0.0,0.5,,0.0,20
D,GAT+LSTM_incremental,4,2695,thu_pm,0.0,0.003599383169785142,0.0,0.5,,0.0,20
D,GAT+LSTM_incremental,4,2696,thu_pm,0.0,0.006295397412031889,0.0,0.5,,0.0,20
D,GAT+LSTM_incremental,5,3055,fri_am,0.0,0.004950219299644232,0.0,0.5,,0.0,20
D,GAT+LSTM_incremental,5,3056,fri_am,0.0,0.006523114163428545,0.0,0.5,,0.0,20
D,GAT+LSTM_incremental,5,3057,fri_am,0.0,0.005854196846485138,0.0,0.5,,0.0,20
D,GAT+LSTM_incremental,5,3058,fri_am,0.0,0.005900796968489885,0.0,0.5,,0.0,20
D,GAT+LSTM_incremental,5,3059,fri_am,0.0,0.01128291804343462,0.0,0.5,,0.0,20
D,GAT+LSTM_incremental,5,3060,fri_am,0.0,0.012504198588430882,0.0,0.5,,0.0,20
D,GAT+LSTM_incremental,5,3061,fri_am,0.0,0.012231298722326756,0.0,0.5,,0.0,20
D,GAT+LSTM_incremental,5,3062,fri_am,0.0,0.010458564385771751,0.0,0.5,,0.0,20
D,GAT+LSTM_incremental,5,3063,fri_am,0.0,0.01083369180560112,0.0,0.5,,0.0,20
D,GAT+LSTM_incremental,5,3064,fri_am,0.0,0.024011828005313873,0.0,0.5,,0.0,20
D,GAT+LSTM_incremental,5,3065,fri_am,0.0,0.013786116614937782,0.0,0.5,,0.0,20
D,GAT+LSTM_incremental,5,3066,fri_am,0.0,0.025022434070706367,0.0,0.5,,0.0,20
D,GAT+LSTM_incremental,5,3067,fri_am,0.0,0.03430549427866936,0.0,0.5,,0.0,20
D,GAT+LSTM_incremental,5,3068,fri_am,0.0,0.029470795765519142,0.0,0.5,,0.0,20
D,GAT+LSTM_incremental,5,3069,fri_am,0.0,0.047095444053411484,0.0,0.5,,0.0,20
D,GAT+LSTM_incremental,5,3070,fri_am,0.0,0.022297311574220657,0.0,0.5,,0.0,20
D,GAT+LSTM_incremental,5,3071,fri_am,0.0,0.02110505849123001,0.0,0.5,,0.0,20
D,GAT+LSTM_incremental,5,3072,fri_am,0.0,0.018610773608088493,0.0,0.5,,0.0,20
D,GAT+LSTM_incremental,5,3073,fri_am,0.0,0.018789881840348244,0.0,0.5,,0.0,20
D,GAT+LSTM_incremental,5,3074,fri_am,0.0,0.006377805955708027,0.0,0.5,,0.0,20
D,GAT+LSTM_incremental,5,3075,fri_am,0.0,0.0042866915464401245,0.0,0.5,,0.0,20
D,GAT+LSTM_incremental,5,3076,fri_am,0.0,0.004707871936261654,0.0,0.5,,0.0,20
D,GAT+LSTM_incremental,5,3077,fri_am,0.0,0.002865355461835861,0.0,0.5,,0.0,20
D,GAT+LSTM_incremental,5,3078,fri_am,1.0,0.007019883953034878,0.0,0.03125,0.21052631578947367,0.0,20
D,GAT+LSTM_incremental,5,3079,fri_am,1.0,0.0056747677735984325,0.0,0.06170343137254902,0.19444444444444442,0.0,20
D,GAT+LSTM_incremental,5,3080,fri_am,0.0,0.007085392717272043,0.0,0.06170343137254902,0.19444444444444442,0.0,20
D,GAT+LSTM_incremental,5,3081,fri_am,0.0,0.006656317505985498,0.0,0.06289390756302521,0.2222222222222222,0.0,20
D,GAT+LSTM_incremental,5,3082,fri_am,0.0,0.003867433639243245,0.0,0.0671474358974359,0.2777777777777778,0.0,20
D,GAT+LSTM_incremental,5,3083,fri_am,0.0,0.0027171680703759193,0.0,0.07202380952380952,0.3333333333333333,0.0,20
D,GAT+LSTM_incremental,5,3084,fri_am,0.0,0.0018498306162655354,0.0,0.07767232767232768,0.3888888888888889,0.0,20
D,GAT+LSTM_incremental,5,3085,fri_am,0.0,0.0019018755992874503,0.0,0.0842948717948718,0.4444444444444444,0.0,20
D,GAT+LSTM_incremental,5,3086,fri_am,0.0,0.0025972086004912853,0.0,0.09217171717171717,0.5,0.0,20
D,GAT+LSTM_incremental,5,3087,fri_am,0.0,0.0031477310694754124,0.0,0.10170454545454546,0.5555555555555556,0.0,20
D,GAT+LSTM_incremental,5,3088,fri_am,0.0,0.0020073861815035343,0.0,0.11349206349206349,0.6111111111111112,0.0,20
D,GAT+LSTM_incremental,5,3089,fri_am,0.0,0.002404403407126665,0.0,0.1284722222222222,0.6666666666666667,0.0,20
D,GAT+LSTM_incremental,5,3090,fri_am,0.0,0.0022863997146487236,0.0,0.14821428571428572,0.7222222222222223,0.0,20
D,GAT+LSTM_incremental,5,3091,fri_am,0.0,0.0023288067895919085,0.0,0.17559523809523808,0.7777777777777778,0.0,20
D,GAT+LSTM_incremental,5,3092,fri_am,0.0,0.0016417070291936398,0.0,0.21666666666666667,0.8333333333333334,0.0,20
D,GAT+LSTM_incremental,5,3093,fri_am,0.0,0.056716639548540115,0.0,0.21666666666666667,0.8333333333333334,0.0,20
D,GAT+LSTM_incremental,5,3094,fri_am,0.0,0.011405744589865208,0.0,0.19583333333333333,0.8055555555555556,0.0,20
D,GAT+LSTM_incremental,5,3095,fri_am,0.0,0.006437696982175112,0.0,0.17559523809523808,0.7777777777777778,0.0,20
D,GAT+LSTM_incremental,5,3096,fri_am,0.0,0.010564650408923626,0.0,0.14821428571428572,0.7222222222222223,0.0,20
D,GAT+LSTM_incremental,5,3097,fri_am,0.0,0.01518171839416027,0.0,0.1284722222222222,0.6666666666666667,0.0,20
D,GAT+LSTM_incremental,5,3098,fri_am,0.0,0.032520592212677,0.0,0.05555555555555555,0.5789473684210527,0.0,20
D,GAT+LSTM_incremental,5,3099,fri_am,0.0,0.044497840106487274,0.0,0.5,,0.0,20
D,GAT+LSTM_incremental,5,3100,fri_am,0.0,0.007085373625159264,0.0,0.5,,0.0,20
D,GAT+LSTM_incremental,5,3101,fri_am,0.0,0.008458727039396763,0.0,0.5,,0.0,20
D,GAT+LSTM_incremental,5,3102,fri_am,0.0,0.0069650751538574696,0.0,0.5,,0.0,20
D,GAT+LSTM_incremental,5,3103,fri_am,0.0,0.0032279675360769033,0.0,0.5,,0.0,20
D,GAT+LSTM_incremental,5,3104,fri_am,0.0,0.002669950481504202,0.0,0.5,,0.0,20
D,GAT+LSTM_incremental,5,3105,fri_am,0.0,0.0019942056387662888,0.0,0.5,,0.0,20
D,GAT+LSTM_incremental,5,3106,fri_am,0.0,0.0025265528820455074,0.0,0.5,,0.0,20
D,GAT+LSTM_incremental,5,3107,fri_am,0.0,0.0021998535376042128,0.0,0.5,,0.0,20
D,GAT+LSTM_incremental,5,3108,fri_am,0.0,0.00446545984596014,0.0,0.5,,0.0,20
D,GAT+LSTM_incremental,5,3109,fri_am,0.0,0.0038815198931843042,0.0,0.5,,0.0,20
D,GAT+LSTM_incremental,5,3110,fri_am,1.0,0.006458742544054985,0.0,0.05,0.5263157894736843,0.0,20
D,GAT+LSTM_incremental,5,3111,fri_am,1.0,0.010758760385215282,0.0,0.11212121212121212,0.6111111111111112,0.0,20
D,GAT+LSTM_incremental,5,3112,fri_am,1.0,0.011889982037246227,0.0,0.1806998556998557,0.6470588235294118,0.0,20
D,GAT+LSTM_incremental,5,3113,fri_am,1.0,0.010450883768498898,0.0,0.25626352813852815,0.6875,0.0,20
D,GAT+LSTM_incremental,5,3114,fri_am,1.0,0.007363883312791586,0.0,0.3261652236652237,0.7066666666666667,0.0,20
D,GAT+LSTM_incremental,5,3115,fri_am,1.0,0.010627217590808868,0.0,0.37926841676841677,0.7023809523809523,0.0,20
D,GAT+LSTM_incremental,5,3116,fri_am,1.0,0.012970002368092537,0.0,0.4472767312053026,0.7252747252747253,0.0,20
D,GAT+LSTM_incremental,5,3117,fri_am,1.0,0.0188877172768116,0.0,0.5589972527472529,0.7916666666666666,0.0,20
D,GAT+LSTM_incremental,5,3118,fri_am,1.0,0.02367120422422886,0.0,0.7014465472798807,0.8686868686868687,0.0,20
D,GAT+LSTM_incremental,5,3119,fri_am,1.0,0.01694798655807972,0.0,0.9654059829059828,0.96,0.0,20
D,GAT+LSTM_incremental,5,3120,fri_am,1.0,0.028677036985754967,0.0,0.9767535494808224,0.9696969696969697,0.0,20
D,GAT+LSTM_incremental,5,3121,fri_am,1.0,0.02875731699168682,0.0,0.9933226495726496,0.9895833333333334,0.0,20
D,GAT+LSTM_incremental,5,3122,fri_am,1.0,0.03696991503238678,0.0,0.9999999999999998,1.0,0.0,20
D,GAT+LSTM_incremental,5,3123,fri_am,1.0,0.0193471759557724,0.0,0.9999999999999999,1.0,0.0,20
D,GAT+LSTM_incremental,5,3124,fri_am,1.0,0.007334378082305193,0.0,1.0,1.0,0.0,20
D,GAT+LSTM_incremental,5,3125,fri_am,1.0,0.0069621894508600235,0.0,1.0,1.0,0.0,20
D,GAT+LSTM_incremental,5,3126,fri_am,1.0,0.005623931065201759,0.0,1.0,1.0,0.0,20
D,GAT+LSTM_incremental,5,3127,fri_am,1.0,0.005995676387101412,0.0,1.0,1.0,0.0,20
D,GAT+LSTM_incremental,5,3128,fri_am,1.0,0.00696032727137208,0.0,0.9999999999999998,1.0,0.0,20
D,GAT+LSTM_incremental,5,3129,fri_am,1.0,0.00852278247475624,0.0,1.0000000000000002,,0.0,20
D,GAT+LSTM_incremental,5,3130,fri_am,0.0,0.007471222896128893,0.0,0.9812162307212817,0.6842105263157895,0.0,20
D,GAT+LSTM_incremental,5,3131,fri_am,1.0,0.00648130476474762,0.0,0.9773122399751859,0.631578947368421,0.0,20
D,GAT+LSTM_incremental,5,3132,fri_am,0.0,0.005067089572548866,0.0,0.9744511191041121,0.8055555555555556,0.0,20
D,GAT+LSTM_incremental,5,3133,fri_am,0.0,0.0037611715961247683,0.0,0.9710054411178979,0.8627450980392157,0.0,20
D,GAT+LSTM_incremental,5,3134,fri_am,1.0,0.005450830329209566,0.0,0.9710054411178979,0.8627450980392157,0.0,20
D,GAT+LSTM_incremental,5,3135,fri_am,1.0,0.002606115071102977,0.0,0.9596988310360193,0.803921568627451,0.0,20
D,GAT+LSTM_incremental,5,3136,fri_am,1.0,0.002936608623713255,0.0,0.9475120961769569,0.7450980392156863,0.0,20
D,GAT+LSTM_incremental,5,3137,fri_am,1.0,0.004141394980251789,0.0,0.9372299931396635,0.7058823529411764,0.0,20
D,GAT+LSTM_incremental,5,3138,fri_am,1.0,0.00403576297685504,0.0,0.925815427313333,0.6666666666666667,0.0,20
D,GAT+LSTM_incremental,5,3139,fri_am,1.0,0.006762325763702393,0.0,0.9167117858567504,0.6470588235294118,0.0,20
D,GAT+LSTM_incremental,5,3140,fri_am,1.0,0.012180528603494167,0.0,0.9167117858567504,0.6470588235294118,0.0,20
D,GAT+LSTM_incremental,5,3141,fri_am,1.0,0.012794041074812412,0.0,0.9167117858567504,0.6470588235294118,0.0,20
D,GAT+LSTM_incremental,5,3142,fri_am,1.0,0.01826424151659012,0.0,0.9167117858567504,0.6470588235294118,0.0,20
D,GAT+LSTM_incremental,5,3143,fri_am,1.0,0.018276838585734367,0.0,0.9167117858567504,0.6470588235294118,0.0,20
D,GAT+LSTM_incremental,5,3144,fri_am,1.0,0.018781432881951332,0.0,0.925815427313333,0.6666666666666667,0.0,20
D,GAT+LSTM_incremental,5,3145,fri_am,1.0,0.01637398451566696,0.0,0.9336935785738372,0.6862745098039216,0.0,20
D,GAT+LSTM_incremental,5,3146,fri_am,1.0,0.01881309039890766,0.0,0.9406380230182816,0.7058823529411765,0.0,20
D,GAT+LSTM_incremental,5,3147,fri_am,1.0,0.005332215689122677,0.0,0.9406380230182816,0.7058823529411765,0.0,20
D,GAT+LSTM_incremental,5,3148,fri_am,1.0,0.003256389172747731,0.0,0.9339224634913035,0.6666666666666666,0.0,20
D,GAT+LSTM_incremental,5,3149,fri_am,1.0,0.0019625728018581867,0.0,0.9198578972424811,0.607843137254902,0.0,20
D,GAT+LSTM_incremental,5,3150,fri_am,1.0,0.0016709427582100034,0.0,0.9594448875666627,0.6666666666666667,0.0,20
D,GAT+LSTM_incremental,5,3151,fri_am,1.0,0.001364112482406199,0.0,0.9510537416755167,0.6111111111111112,0.0,20
D,GAT+LSTM_incremental,5,3152,fri_am,1.0,0.0013519194908440113,0.0,0.9773122399751859,0.631578947368421,0.0,20
D,GAT+LSTM_incremental,5,3153,fri_am,1.0,0.0019379411824047565,0.0,1.0000000000000002,,0.0,20
D,GAT+LSTM_incremental,5,3154,fri_am,1.0,0.003261829260736704,0.0,1.0000000000000002,,0.0,20
D,GAT+LSTM_incremental,5,3155,fri_am,1.0,0.006535817869007587,0.0,1.0000000000000002,,0.0,20
D,GAT+LSTM_incremental,5,3156,fri_am,1.0,0.004645409528166056,0.0,1.0000000000000002,,0.0,20
D,GAT+LSTM_incremental,5,3157,fri_am,1.0,0.008170560002326965,0.0,1.0000000000000002,,0.0,20
D,GAT+LSTM_incremental,5,3158,fri_am,1.0,0.004004132933914661,0.0,1.0000000000000002,,0.0,20
D,GAT+LSTM_incremental,5,3159,fri_am,1.0,0.004697275348007679,0.0,1.0000000000000002,,0.0,20
D,GAT+LSTM_incremental,5,3160,fri_am,1.0,0.004817180801182985,0.0,1.0000000000000002,,0.0,20
D,GAT+LSTM_incremental,5,3161,fri_am,1.0,0.005207411479204893,0.0,1.0000000000000002,,0.0,20
D,GAT+LSTM_incremental,5,3162,fri_am,1.0,0.006200275383889675,0.0,1.0000000000000002,,0.0,20
D,GAT+LSTM_incremental,5,3163,fri_am,1.0,0.008509962819516659,0.0,1.0000000000000002,,0.0,20
D,GAT+LSTM_incremental,5,3164,fri_am,1.0,0.009292046539485455,0.0,1.0000000000000002,,0.0,20
D,GAT+LSTM_incremental,5,3165,fri_am,1.0,0.0097743459045887,0.0,1.0000000000000002,,0.0,20
D,GAT+LSTM_incremental,5,3166,fri_am,1.0,0.013890689238905907,0.0,1.0000000000000002,,0.0,20
D,GAT+LSTM_incremental,5,3167,fri_am,1.0,0.016503911465406418,0.0,1.0000000000000002,,0.0,20
D,GAT+LSTM_incremental,5,3168,fri_am,1.0,0.01396489329636097,0.0,1.0000000000000002,,0.0,20
D,GAT+LSTM_incremental,5,3169,fri_am,1.0,0.017683856189250946,0.0,1.0000000000000002,,0.0,20
D,GAT+LSTM_incremental,5,3170,fri_am,1.0,0.012103218585252762,0.0,1.0000000000000002,,0.0,20
D,GAT+LSTM_incremental,5,3171,fri_am,1.0,0.00559357600286603,0.0,1.0000000000000002,,0.0,20
D,GAT+LSTM_incremental,5,3172,fri_am,1.0,0.0030981265008449554,0.0,1.0000000000000002,,0.0,20
D,GAT+LSTM_incremental,5,3173,fri_am,1.0,0.0017383345402777195,0.0,1.0000000000000002,,0.0,20
D,GAT+LSTM_incremental,5,3174,fri_am,1.0,0.002176039619371295,0.0,1.0000000000000002,,0.0,20
D,GAT+LSTM_incremental,5,3175,fri_am,0.0,0.001345134456641972,0.0,0.9999999999999998,1.0,0.0,20
D,GAT+LSTM_incremental,5,3176,fri_am,1.0,0.0011025296989828348,0.0,0.997299168975069,0.9473684210526315,0.0,20
D,GAT+LSTM_incremental,5,3177,fri_am,1.0,0.001190162729471922,0.0,0.994452139119729,0.8947368421052632,0.0,20
D,GAT+LSTM_incremental,5,3178,fri_am,1.0,0.0010453410213813186,0.0,0.9914421631995363,0.8421052631578947,0.0,20
D,GAT+LSTM_incremental,5,3179,fri_am,1.0,0.0014554503140971065,0.0,0.9914421631995363,0.8421052631578947,0.0,20
D,GAT+LSTM_incremental,5,3180,fri_am,1.0,0.0022353841923177242,0.0,0.9914421631995363,0.8421052631578947,0.0,20
D,GAT+LSTM_incremental,5,3181,fri_am,1.0,0.18221637606620789,0.0,0.9914421631995363,0.8421052631578947,0.0,20
D,GAT+LSTM_incremental,5,3182,fri_am,1.0,0.02336999773979187,0.0,0.9914421631995363,0.8421052631578947,0.0,20
D,GAT+LSTM_incremental,5,3183,fri_am,1.0,0.01453118771314621,0.0,0.9914421631995363,0.8421052631578947,0.0,20
D,GAT+LSTM_incremental,5,3184,fri_am,1.0,0.02017408050596714,0.0,0.9914421631995363,0.8421052631578947,0.0,20
D,GAT+LSTM_incremental,5,3185,fri_am,1.0,0.025467058643698692,0.0,0.9914421631995363,0.8421052631578947,0.0,20
D,GAT+LSTM_incremental,5,3186,fri_am,1.0,0.01979038305580616,0.0,0.9914421631995363,0.8421052631578947,0.0,20
D,GAT+LSTM_incremental,5,3187,fri_am,0.0,0.011532769538462162,0.0,0.9557939701289806,0.6666666666666667,0.0,20
D,GAT+LSTM_incremental,5,3188,fri_am,1.0,0.0011355608003214002,0.0,0.946777539482648,0.6111111111111112,0.0,20
D,GAT+LSTM_incremental,5,3189,fri_am,1.0,0.0016053988365456462,0.0,0.9402188975073393,0.5833333333333334,0.0,20
D,GAT+LSTM_incremental,5,3190,fri_am,1.0,0.006245741154998541,0.0,0.9327784213168631,0.5555555555555556,0.0,20
D,GAT+LSTM_incremental,5,3191,fri_am,1.0,0.001936651300638914,0.0,0.9327784213168631,0.5555555555555556,0.0,20
D,GAT+LSTM_incremental,5,3192,fri_am,1.0,0.0016151407035067677,0.0,0.9327784213168631,0.5555555555555556,0.0,20
D,GAT+LSTM_incremental,5,3193,fri_am,1.0,0.0011598001001402736,0.0,0.929438474226916,0.5277777777777778,0.0,20
D,GAT+LSTM_incremental,5,3194,fri_am,1.0,0.0011165475007146597,0.0,0.9258873956758376,0.5,0.0,20
D,GAT+LSTM_incremental,5,3195,fri_am,0.0,0.0024967575445771217,0.0,0.903745417283859,0.3611111111111111,0.0,20
D,GAT+LSTM_incremental,5,3196,fri_am,0.0,0.005556283984333277,0.0,0.8696916011203026,0.3921568627450981,0.0,20
D,GAT+LSTM_incremental,5,3197,fri_am,0.0,0.002970806322991848,0.0,0.8420502498554937,0.421875,0.0,20
D,GAT+LSTM_incremental,5,3198,fri_am,1.0,0.005926227197051048,0.0,0.8564520806635745,0.46875,0.0,20
D,GAT+LSTM_incremental,5,3199,fri_am,0.0,0.003982477821409702,0.0,0.8395119113772364,0.5066666666666667,0.0,20
D,GAT+LSTM_incremental,5,3200,fri_am,1.0,0.005513565149158239,0.0,0.8515099133752384,0.5466666666666666,0.0,20
D,GAT+LSTM_incremental,5,3201,fri_am,0.0,0.004099972080439329,0.0,0.8113463367803261,0.5238095238095238,0.0,20
D,GAT+LSTM_incremental,5,3202,fri_am,1.0,0.0022644889540970325,0.0,0.7742420719974898,0.4523809523809524,0.0,20
D,GAT+LSTM_incremental,5,3203,fri_am,0.0,0.001798385288566351,0.0,0.7217751820960918,0.43956043956043955,0.0,20
D,GAT+LSTM_incremental,5,3204,fri_am,1.0,0.0014762403443455696,0.0,0.6670824389418102,0.3626373626373626,0.0,20
D,GAT+LSTM_incremental,5,3205,fri_am,1.0,0.0014807385159656405,0.0,0.6009287208650151,0.28571428571428575,0.0,20
D,GAT+LSTM_incremental,5,3206,fri_am,1.0,0.0011998603586107492,0.0,0.507607939082695,0.20879120879120883,0.0,20
D,GAT+LSTM_incremental,5,3207,fri_am,1.0,0.002167372265830636,0.0,0.6461307983505019,0.2380952380952381,0.0,20
D,GAT+LSTM_incremental,5,3208,fri_am,0.0,0.0017107201274484396,0.0,0.6227333051695996,0.2857142857142857,0.0,20
D,GAT+LSTM_incremental,5,3209,fri_am,1.0,0.0024987487122416496,0.0,0.6333631667609996,0.31868131868131866,0.0,20
D,GAT+LSTM_incremental,5,3210,fri_am,1.0,0.001188695547170937,0.0,0.5654988729351673,0.2417582417582418,0.0,20
D,GAT+LSTM_incremental,5,3211,fri_am,1.0,0.0011685319477692246,0.0,0.559066203040959,0.2197802197802198,0.0,20
D,GAT+LSTM_incremental,5,3212,fri_am,1.0,0.0018223562510684133,0.0,0.5654988729351673,0.2417582417582418,0.0,20
D,GAT+LSTM_incremental,5,3213,fri_am,1.0,0.001392613397911191,0.0,0.5654988729351673,0.2417582417582418,0.0,20
D,GAT+LSTM_incremental,5,3214,fri_am,1.0,0.005578118376433849,0.0,0.6333631667609996,0.31868131868131866,0.0,20
D,GAT+LSTM_incremental,5,3215,fri_am,0.0,0.0018490515649318695,0.0,0.6418713252691581,0.34065934065934067,0.0,20
D,GAT+LSTM_incremental,5,3216,fri_am,1.0,0.007010284811258316,0.0,0.7455390290087326,0.4166666666666667,0.0,20
D,GAT+LSTM_incremental,5,3217,fri_am,1.0,0.006515044718980789,0.0,0.8159399278052528,0.48,0.0,20
D,GAT+LSTM_incremental,5,3218,fri_am,1.0,0.003951214253902435,0.0,0.7953050071703323,0.4533333333333333,0.0,20
D,GAT+LSTM_incremental,5,3219,fri_am,1.0,0.00417858362197876,0.0,0.867868095204589,0.53125,0.0,20
D,GAT+LSTM_incremental,5,3220,fri_am,1.0,0.004180278163403273,0.0,0.867868095204589,0.53125,0.0,20
D,GAT+LSTM_incremental,5,3221,fri_am,1.0,0.0018507624045014381,0.0,0.9318943493524627,0.627450980392157,0.0,20
D,GAT+LSTM_incremental,5,3222,fri_am,1.0,0.0021579887252300978,0.0,0.9318943493524627,0.627450980392157,0.0,20
D,GAT+LSTM_incremental,5,3223,fri_am,0.0,0.0011382201919332147,0.0,0.950198557993131,0.7450980392156863,0.0,20
D,GAT+LSTM_incremental,5,3224,fri_am,0.0,0.011264188215136528,0.0,0.7780370818659326,0.578125,0.0,20
D,GAT+LSTM_incremental,5,3225,fri_am,1.0,0.002596460282802582,0.0,0.786282482298833,0.609375,0.0,20
D,GAT+LSTM_incremental,5,3226,fri_am,1.0,0.003454861231148243,0.0,0.7940248701193457,0.640625,0.0,20
D,GAT+LSTM_incremental,5,3227,fri_am,1.0,0.002057457808405161,0.0,0.7940248701193457,0.640625,0.0,20
D,GAT+LSTM_incremental,5,3228,fri_am,1.0,0.16406869888305664,0.0,0.8565350319766636,0.607843137254902,0.0,20
D,GAT+LSTM_incremental,5,3229,fri_am,1.0,0.04203392192721367,0.0,0.8810448358982322,0.6274509803921569,0.0,20
D,GAT+LSTM_incremental,5,3230,fri_am,1.0,0.05098092555999756,0.0,0.9017381132091566,0.6666666666666667,0.0,20
D,GAT+LSTM_incremental,5,3231,fri_am,1.0,0.007744150701910257,0.0,0.9050757718020057,0.6862745098039216,0.0,20
D,GAT+LSTM_incremental,5,3232,fri_am,1.0,0.0051449802704155445,0.0,0.9082356141703256,0.7058823529411765,0.0,20
D,GAT+LSTM_incremental,5,3233,fri_am,1.0,0.014368999749422073,0.0,0.924470766642047,0.7450980392156863,0.0,20
D,GAT+LSTM_incremental,5,3234,fri_am,1.0,0.005170173477381468,0.0,0.924470766642047,0.7450980392156863,0.0,20
D,GAT+LSTM_incremental,5,3235,fri_am,1.0,0.0011930952314287424,0.0,0.9256616369812966,0.6111111111111112,0.0,20
D,GAT+LSTM_incremental,5,3236,fri_am,1.0,0.004686627071350813,0.0,0.9256616369812966,0.6111111111111112,0.0,20
D,GAT+LSTM_incremental,5,3237,fri_am,1.0,0.03297463804483414,0.0,0.9358468221664817,0.6388888888888888,0.0,20
D,GAT+LSTM_incremental,5,3238,fri_am,1.0,0.004977806471288204,0.0,0.9358468221664817,0.6388888888888888,0.0,20
D,GAT+LSTM_incremental,5,3239,fri_am,1.0,0.9590413570404053,0.10526315789473684,0.9444447057643653,0.6666666666666666,0.0,20
D,GAT+LSTM_incremental,5,3666,fri_pm_scan,0.0,0.6506316065788269,0.10526315789473684,0.823319881114454,0.4705882352941177,0.3333333333333333,20
D,GAT+LSTM_incremental,5,3667,fri_pm_scan,1.0,0.3735569417476654,0.10526315789473684,0.8293306187428386,0.4901960784313726,0.3333333333333333,20
D,GAT+LSTM_incremental,5,3668,fri_pm_scan,0.0,0.22573216259479523,0.1111111111111111,0.7516129851293357,0.40625,0.25,20
D,GAT+LSTM_incremental,5,3669,fri_pm_scan,0.0,0.11968344449996948,0.1111111111111111,0.700197571284065,0.203125,0.25,20
D,GAT+LSTM_incremental,5,3670,fri_pm_scan,0.0,0.12140798568725586,0.1111111111111111,0.6830055619045557,0.140625,0.25,20
D,GAT+LSTM_incremental,5,3671,fri_pm_scan,0.0,0.03999917581677437,0.11764705882352941,0.6437693206346456,0.18666666666666668,0.2,20
D,GAT+LSTM_incremental,5,3672,fri_pm_scan,0.0,0.00117120414506644,0.125,0.6366513397777219,0.3333333333333333,0.16666666666666666,20
D,GAT+LSTM_incremental,5,3673,fri_pm_scan,0.0,0.0019317083060741425,0.13333333333333333,0.6265363770811496,0.4285714285714286,0.14285714285714285,20
D,GAT+LSTM_incremental,5,3674,fri_pm_scan,0.0,0.0014095971127972007,0.14285714285714285,0.5974654153108101,0.46875,0.125,20
D,GAT+LSTM_incremental,5,3675,fri_pm_scan,0.0,0.002246380317956209,0.15384615384615385,0.5803495082801303,0.5151515151515151,0.1111111111111111,20
D,GAT+LSTM_incremental,5,3676,fri_pm_scan,0.0,0.0015640977071598172,0.16666666666666666,0.5624393880972829,0.55,0.1,20
D,GAT+LSTM_incremental,5,3677,fri_pm_scan,0.0,0.0011156172258779407,0.18181818181818182,0.5519343583069072,0.5959595959595959,0.09090909090909091,20
D,GAT+LSTM_incremental,5,3678,fri_pm_scan,0.0,0.0012682285159826279,0.2,0.5388575884899415,0.625,0.08333333333333333,20
D,GAT+LSTM_incremental,5,3679,fri_pm_scan,0.0,0.0011663956101983786,0.2222222222222222,0.5302492209004814,0.6593406593406593,0.07692307692307693,20
D,GAT+LSTM_incremental,5,3680,fri_pm_scan,0.0,0.0016087121330201626,0.25,0.5213925848117025,0.6785714285714285,0.07142857142857142,20
D,GAT+LSTM_incremental,5,3681,fri_pm_scan,0.0,0.002792507642880082,0.2857142857142857,0.5591269841269841,0.7866666666666667,0.06666666666666667,20
D,GAT+LSTM_incremental,5,3682,fri_pm_scan,0.0,0.00411143247038126,0.3333333333333333,0.5808531746031746,0.828125,0.0625,20
D,GAT+LSTM_incremental,5,3683,fri_pm_scan,0.0,0.008286929689347744,0.4,0.625,0.8627450980392156,0.058823529411764705,20
D,GAT+LSTM_incremental,5,3684,fri_pm_scan,0.0,0.010772659443318844,0.5,0.7916666666666666,0.9722222222222222,0.05555555555555555,20
D,GAT+LSTM_incremental,5,3685,fri_pm_scan,0.0,0.0068050590343773365,0.0,0.25,0.9473684210526316,0.05263157894736842,20
D,GAT+LSTM_incremental,5,3686,fri_pm_scan,0.0,0.005507051479071379,0.0,1.0,1.0,0.0,20
D,GAT+LSTM_incremental,5,3687,fri_pm_scan,0.0,0.1387844830751419,0.0,0.5,,0.0,20
D,GAT+LSTM_incremental,5,3688,fri_pm_scan,0.0,0.06014292314648628,0.0,0.5,,0.0,20
D,GAT+LSTM_incremental,5,3689,fri_pm_scan,0.0,0.050537217408418655,0.0,0.5,,0.0,20
D,GAT+LSTM_incremental,5,3690,fri_pm_scan,0.0,0.8204076290130615,0.0,0.5,,0.05,20
D,GAT+LSTM_incremental,5,3691,fri_pm_scan,0.0,0.5569030046463013,0.0,0.5,,0.1,20
D,GAT+LSTM_incremental,5,3692,fri_pm_scan,0.0,0.4531736671924591,0.0,0.5,,0.1,20
D,GAT+LSTM_incremental,5,3693,fri_pm_scan,0.0,0.4852071702480316,0.0,0.5,,0.1,20
D,GAT+LSTM_incremental,5,3694,fri_pm_scan,0.0,0.07564441859722137,0.0,0.5,,0.1,20
D,GAT+LSTM_incremental,5,3695,fri_pm_scan,0.0,0.053941529244184494,0.0,0.5,,0.1,20
D,GAT+LSTM_incremental,5,3696,fri_pm_scan,0.0,0.04625222086906433,0.0,0.5,,0.1,20
D,GAT+LSTM_incremental,5,3697,fri_pm_scan,0.0,0.0024371996987611055,0.0,0.5,,0.1,20
D,GAT+LSTM_incremental,5,3698,fri_pm_scan,0.0,0.0033632193226367235,0.0,0.5,,0.1,20
D,GAT+LSTM_incremental,5,3699,fri_pm_scan,0.0,0.002752851927652955,0.0,0.5,,0.1,20
D,GAT+LSTM_incremental,5,3700,fri_pm_scan,0.0,0.0031790456268936396,0.0,0.5,,0.1,20
D,GAT+LSTM_incremental,5,3701,fri_pm_scan,1.0,0.0023945667780935764,0.0,0.025,0.0,0.10526315789473684,20
D,GAT+LSTM_incremental,5,3702,fri_pm_scan,0.0,0.0022315653041005135,0.0,0.02631578947368421,0.052631578947368474,0.10526315789473684,20
D,GAT+LSTM_incremental,5,3703,fri_pm_scan,1.0,0.003342339536175132,0.0,0.05687134502923977,0.1388888888888889,0.1111111111111111,20
D,GAT+LSTM_incremental,5,3704,fri_pm_scan,1.0,0.004115864634513855,0.0,0.09178180493969967,0.19607843137254902,0.11764705882352941,20
D,GAT+LSTM_incremental,5,3705,fri_pm_scan,1.0,0.0037884239573031664,0.0,0.13007036822826296,0.234375,0.125,20
D,GAT+LSTM_incremental,5,3706,fri_pm_scan,1.0,0.005287467036396265,0.0,0.17122532438321914,0.2666666666666667,0.13333333333333333,20
D,GAT+LSTM_incremental,5,3707,fri_pm_scan,1.0,0.004367077257484198,0.0,0.21532862848652323,0.2976190476190476,0.14285714285714285,20
D,GAT+LSTM_incremental,5,3708,fri_pm_scan,1.0,0.002844348317012191,0.0,0.25542378465310794,0.30769230769230765,0.15384615384615385,20
D,GAT+LSTM_incremental,5,3709,fri_pm_scan,0.0,0.002806802513077855,0.0,0.27392334065266394,0.3736263736263736,0.15384615384615385,20
D,GAT+LSTM_incremental,5,3710,fri_pm_scan,0.0,0.002013346180319786,0.0,0.29912149008787664,0.4505494505494505,0.07692307692307693,20
D,GAT+LSTM_incremental,5,3711,fri_pm_scan,0.0,0.001692960737273097,0.0,0.32990868841709176,0.5274725274725274,0.0,20
D,GAT+LSTM_incremental,5,3712,fri_pm_scan,0.0,0.0014939216198399663,0.0,0.3685928159142445,0.6043956043956045,0.0,20
D,GAT+LSTM_incremental,5,3713,fri_pm_scan,0.0,0.001438706531189382,0.0,0.4191197691197691,0.6813186813186813,0.0,20
D,GAT+LSTM_incremental,5,3714,fri_pm_scan,0.0,0.0012858466943725944,0.0,0.489061137275423,0.7582417582417582,0.0,20
D,GAT+LSTM_incremental,5,3715,fri_pm_scan,0.0,0.0014628662029281259,0.0,0.5960295656724227,0.8351648351648351,0.0,20
D,GAT+LSTM_incremental,5,3716,fri_pm_scan,0.0,0.0021141264587640762,0.0,0.8733147804576376,0.9120879120879122,0.0,20
D,GAT+LSTM_incremental,5,3717,fri_pm_scan,0.0,0.004380501806735992,0.0,0.7096243042671613,0.8571428571428572,0.0,20
D,GAT+LSTM_incremental,5,3718,fri_pm_scan,0.0,0.0021380800753831863,0.0,0.747665429808287,0.8901098901098901,0.0,20
D,GAT+LSTM_incremental,5,3719,fri_pm_scan,1.0,0.0013971499865874648,0.0,0.7129725355054302,0.7916666666666666,0.0,20
D,GAT+LSTM_incremental,5,3720,fri_pm_scan,1.0,0.0012129211099818349,0.0,0.7062323564903543,0.7171717171717171,0.0,20
D,GAT+LSTM_incremental,5,3721,fri_pm_scan,1.0,0.0012502808822318912,0.0,0.6624945397262219,0.6262626262626262,0.0,20
D,GAT+LSTM_incremental,5,3722,fri_pm_scan,0.0,0.0010604570852592587,0.0,0.670498925691134,0.6565656565656566,0.0,20
D,GAT+LSTM_incremental,5,3723,fri_pm_scan,0.0,0.0012828521430492401,0.0,0.6297238193523023,0.6354166666666666,0.0,20
D,GAT+LSTM_incremental,5,3724,fri_pm_scan,0.0,0.0010824765777215362,0.0,0.586102838571326,0.6263736263736264,0.0,20
D,GAT+LSTM_incremental,5,3725,fri_pm_scan,0.0,0.0009529659291729331,0.0,0.5321361236802413,0.6071428571428572,0.0,20
D,GAT+LSTM_incremental,5,3726,fri_pm_scan,0.0,0.0010521580697968602,0.0,0.3158603896103896,0.56,0.0,20
D,GAT+LSTM_incremental,5,3727,fri_pm_scan,0.0,0.0012181324418634176,0.0,0.19999375624375626,0.484375,0.0,20
D,GAT+LSTM_incremental,5,3728,fri_pm_scan,0.0,0.0017114280490204692,0.0,0.105253774003774,0.3137254901960784,0.0,20
D,GAT+LSTM_incremental,5,3729,fri_pm_scan,0.0,0.0034733631182461977,0.0,0.105253774003774,0.3137254901960784,0.0,20
D,GAT+LSTM_incremental,5,3730,fri_pm_scan,0.0,0.004371904768049717,0.0,0.105253774003774,0.3137254901960784,0.0,20
D,GAT+LSTM_incremental,5,3731,fri_pm_scan,0.0,0.002617978723719716,0.0,0.105253774003774,0.3137254901960784,0.0,20
D,GAT+LSTM_incremental,5,3732,fri_pm_scan,0.0,0.002228215802460909,0.0,0.105253774003774,0.3137254901960784,0.0,20
D,GAT+LSTM_incremental,5,3733,fri_pm_scan,0.0,0.0017673663096502423,0.0,0.105253774003774,0.3137254901960784,0.0,20
D,GAT+LSTM_incremental,5,3734,fri_pm_scan,0.0,0.0014245854690670967,0.0,0.10399114774114773,0.2941176470588235,0.0,20
D,GAT+LSTM_incremental,5,3735,fri_pm_scan,0.0,0.0011991617502644658,0.0,0.11182428682428683,0.3529411764705882,0.0,20
D,GAT+LSTM_incremental,5,3736,fri_pm_scan,0.0,0.001145275542512536,0.0,0.12095127095127095,0.4117647058823529,0.0,20
D,GAT+LSTM_incremental,5,3737,fri_pm_scan,0.0,0.0013737266417592764,0.0,0.1228031228031228,0.43137254901960786,0.0,20
D,GAT+LSTM_incremental,5,3738,fri_pm_scan,0.0,0.0014969746116548777,0.0,0.1228031228031228,0.43137254901960786,0.0,20
D,GAT+LSTM_incremental,5,3739,fri_pm_scan,0.0,0.0020356529857963324,0.0,0.07577838827838827,0.3611111111111111,0.0,20
D,GAT+LSTM_incremental,5,3740,fri_pm_scan,0.0,0.0023809107951819897,0.0,0.038461538461538464,0.368421052631579,0.0,20
D,GAT+LSTM_incremental,5,3741,fri_pm_scan,0.0,0.0012427292531356215,0.0,0.5,,0.0,20
D,GAT+LSTM_incremental,5,3742,fri_pm_scan,0.0,0.0012140261242166162,0.0,0.5,,0.0,20
D,GAT+LSTM_incremental,5,3743,fri_pm_scan,0.0,0.0011788533302024007,0.0,0.5,,0.0,20
D,GAT+LSTM_incremental,5,3744,fri_pm_scan,0.0,0.004690614063292742,0.0,0.5,,0.0,20
D,GAT+LSTM_incremental,5,3745,fri_pm_scan,0.0,0.0020484651904553175,0.0,0.5,,0.0,20
D,GAT+LSTM_incremental,5,3746,fri_pm_scan,0.0,0.0015185985248535872,0.0,0.5,,0.0,20
D,GAT+LSTM_incremental,5,3747,fri_pm_scan,0.0,0.0012432141229510307,0.0,0.5,,0.0,20
D,GAT+LSTM_incremental,5,3748,fri_pm_scan,0.0,0.0019902209751307964,0.0,0.5,,0.0,20
D,GAT+LSTM_incremental,5,3749,fri_pm_scan,0.0,0.002243187977001071,0.0,0.5,,0.0,20
D,GAT+LSTM_incremental,5,3750,fri_pm_scan,0.0,0.005486802197992802,0.0,0.5,,0.0,20
D,GAT+LSTM_incremental,5,3751,fri_pm_scan,1.0,0.9853290915489197,1.0,1.0,1.0,0.0,20
D,GAT+LSTM_incremental,5,3752,fri_pm_scan,1.0,0.9966837763786316,1.0,1.0,1.0,0.0,20
D,GAT+LSTM_incremental,5,3753,fri_pm_scan,1.0,0.9977001547813416,1.0,1.0,1.0,0.0,20
D,GAT+LSTM_incremental,5,3754,fri_pm_scan,1.0,0.997771143913269,1.0,1.0,1.0,0.0,20
D,GAT+LSTM_incremental,5,3755,fri_pm_scan,1.0,0.9977849721908569,1.0,1.0,1.0,0.0,20
D,GAT+LSTM_incremental,5,3756,fri_pm_scan,1.0,0.9977813363075256,1.0,1.0,1.0,0.0,20
D,GAT+LSTM_incremental,5,3757,fri_pm_scan,1.0,0.9977667331695557,1.0,0.9999999999999998,1.0,0.0,20
D,GAT+LSTM_incremental,5,3758,fri_pm_scan,1.0,0.9977911710739136,1.0,1.0,1.0,0.0,20
D,GAT+LSTM_incremental,5,3759,fri_pm_scan,1.0,0.9977699518203735,1.0,1.0000000000000002,1.0,0.0,20
D,GAT+LSTM_incremental,5,3760,fri_pm_scan,1.0,0.9977967739105225,1.0,0.9999999999999999,1.0,0.0,20
D,GAT+LSTM_incremental,5,3761,fri_pm_scan,1.0,0.9977828860282898,1.0,1.0,1.0,0.0,20
D,GAT+LSTM_incremental,5,3762,fri_pm_scan,1.0,0.9977760910987854,1.0,1.0,1.0,0.0,20
D,GAT+LSTM_incremental,5,3763,fri_pm_scan,1.0,0.9977924823760986,1.0,0.9999999999999998,1.0,0.0,20
D,GAT+LSTM_incremental,5,3764,fri_pm_scan,1.0,0.9977797865867615,1.0,0.9999999999999999,1.0,0.0,20
D,GAT+LSTM_incremental,5,3765,fri_pm_scan,1.0,0.9978018403053284,1.0,1.0,1.0,0.0,20
D,GAT+LSTM_incremental,5,3766,fri_pm_scan,1.0,0.9978235960006714,1.0,1.0,1.0,0.0,20
D,GAT+LSTM_incremental,5,3767,fri_pm_scan,1.0,0.9978407621383667,1.0,1.0,1.0,0.0,20
D,GAT+LSTM_incremental,5,3768,fri_pm_scan,1.0,0.9978207349777222,1.0,1.0,1.0,0.0,20
D,GAT+LSTM_incremental,5,3769,fri_pm_scan,1.0,0.9977881908416748,1.0,0.9999999999999998,1.0,0.0,20
D,GAT+LSTM_incremental,5,3770,fri_pm_scan,1.0,0.9978004097938538,1.0,1.0000000000000002,,0.0,20
D,GAT+LSTM_incremental,5,3771,fri_pm_scan,1.0,0.9978267550468445,1.0,1.0000000000000002,,0.0,20
D,GAT+LSTM_incremental,5,3772,fri_pm_scan,1.0,0.9978825449943542,1.0,1.0000000000000002,,0.0,20
D,GAT+LSTM_incremental,5,3773,fri_pm_scan,1.0,0.9981120824813843,1.0,1.0000000000000002,,0.0,20
D,GAT+LSTM_incremental,5,3774,fri_pm_scan,1.0,0.9980869293212891,1.0,1.0000000000000002,,0.0,20
D,GAT+LSTM_incremental,5,3775,fri_pm_scan,1.0,0.9980598092079163,1.0,1.0000000000000002,,0.0,20
D,GAT+LSTM_incremental,5,3776,fri_pm_scan,1.0,0.9980693459510803,1.0,1.0000000000000002,,0.0,20
D,GAT+LSTM_incremental,5,3777,fri_pm_scan,1.0,0.9980941414833069,1.0,1.0000000000000002,,0.0,20
D,GAT+LSTM_incremental,5,3778,fri_pm_scan,1.0,0.9981057643890381,1.0,1.0000000000000002,,0.0,20
D,GAT+LSTM_incremental,5,3779,fri_pm_scan,1.0,0.9983201622962952,1.0,1.0000000000000002,,0.0,20
D,GAT+LSTM_incremental,5,3780,fri_pm_scan,1.0,0.9980954527854919,1.0,1.0000000000000002,,0.0,20
D,GAT+LSTM_incremental,5,3781,fri_pm_scan,1.0,0.9981232285499573,1.0,1.0000000000000002,,0.0,20
D,GAT+LSTM_incremental,5,3782,fri_pm_scan,1.0,0.998167872428894,1.0,1.0000000000000002,,0.0,20
D,GAT+LSTM_incremental,5,3783,fri_pm_scan,1.0,0.9981182813644409,1.0,1.0000000000000002,,0.0,20
D,GAT+LSTM_incremental,5,3784,fri_pm_scan,1.0,0.9981234669685364,1.0,1.0000000000000002,,0.0,20
D,GAT+LSTM_incremental,5,3785,fri_pm_scan,1.0,0.9980980753898621,1.0,1.0000000000000002,,0.0,20
D,GAT+LSTM_incremental,5,3786,fri_pm_scan,1.0,0.9983452558517456,1.0,1.0000000000000002,,0.0,20
D,GAT+LSTM_incremental,5,3787,fri_pm_scan,1.0,0.9982957243919373,1.0,1.0000000000000002,,0.0,20
D,GAT+LSTM_incremental,5,3788,fri_pm_scan,1.0,0.9984087347984314,1.0,1.0000000000000002,,0.0,20
D,GAT+LSTM_incremental,5,3789,fri_pm_scan,1.0,0.9992893934249878,1.0,1.0000000000000002,,0.0,20
D,GAT+LSTM_incremental,5,3790,fri_pm_scan,1.0,0.9978532195091248,1.0,1.0000000000000002,,0.0,20
D,GAT+LSTM_incremental,5,3791,fri_pm_scan,1.0,0.9979584217071533,1.0,1.0000000000000002,,0.0,20
D,GAT+LSTM_incremental,5,3792,fri_pm_scan,1.0,0.9980981945991516,1.0,1.0000000000000002,,0.0,20
D,GAT+LSTM_incremental,5,3793,fri_pm_scan,1.0,0.9978581070899963,1.0,1.0000000000000002,,0.0,20
D,GAT+LSTM_incremental,5,3794,fri_pm_scan,1.0,0.9978846907615662,1.0,1.0000000000000002,,0.0,20
D,GAT+LSTM_incremental,5,3795,fri_pm_scan,1.0,0.9978424310684204,1.0,1.0000000000000002,,0.0,20
D,GAT+LSTM_incremental,5,3796,fri_pm_scan,1.0,0.997796893119812,1.0,1.0000000000000002,,0.0,20
D,GAT+LSTM_incremental,5,3797,fri_pm_scan,1.0,0.9978107810020447,1.0,1.0000000000000002,,0.0,20
D,GAT+LSTM_incremental,5,3798,fri_pm_scan,1.0,0.9978572726249695,1.0,1.0000000000000002,,0.0,20
D,GAT+LSTM_incremental,5,3799,fri_pm_scan,1.0,0.997833788394928,1.0,1.0000000000000002,,0.0,20
D,GAT+LSTM_incremental,5,3800,fri_pm_scan,1.0,0.9978060126304626,1.0,1.0000000000000002,,0.0,20
D,GAT+LSTM_incremental,5,3801,fri_pm_scan,1.0,0.9978836178779602,1.0,1.0000000000000002,,0.0,20
D,GAT+LSTM_incremental,5,3802,fri_pm_scan,1.0,0.9979384541511536,1.0,1.0000000000000002,,0.0,20
D,GAT+LSTM_incremental,5,3803,fri_pm_scan,1.0,0.9980243444442749,1.0,1.0000000000000002,,0.0,20
D,GAT+LSTM_incremental,5,3804,fri_pm_scan,1.0,0.9978994131088257,1.0,1.0000000000000002,,0.0,20
D,GAT+LSTM_incremental,5,3805,fri_pm_scan,1.0,0.997893750667572,1.0,1.0000000000000002,,0.0,20
D,GAT+LSTM_incremental,5,3806,fri_pm_scan,1.0,0.9979056119918823,1.0,1.0000000000000002,,0.0,20
D,GAT+LSTM_incremental,5,3807,fri_pm_scan,1.0,0.9978299736976624,1.0,1.0000000000000002,,0.0,20
D,GAT+LSTM_incremental,5,3808,fri_pm_scan,1.0,0.9978718757629395,1.0,1.0000000000000002,,0.0,20
D,GAT+LSTM_incremental,5,3809,fri_pm_scan,1.0,0.9978511333465576,1.0,1.0000000000000002,,0.0,20
D,GAT+LSTM_incremental,5,3810,fri_pm_scan,1.0,0.9979307651519775,1.0,1.0000000000000002,,0.0,20
D,GAT+LSTM_incremental,5,3811,fri_pm_scan,1.0,0.9978772401809692,1.0,1.0000000000000002,,0.0,20
D,GAT+LSTM_incremental,5,3812,fri_pm_scan,1.0,0.9978688955307007,1.0,1.0000000000000002,,0.0,20
D,GAT+LSTM_incremental,5,3813,fri_pm_scan,1.0,0.9979141354560852,1.0,1.0000000000000002,,0.0,20
D,GAT+LSTM_incremental,5,3814,fri_pm_scan,1.0,0.9979008436203003,1.0,1.0000000000000002,,0.0,20
D,GAT+LSTM_incremental,5,3815,fri_pm_scan,1.0,0.9978334307670593,1.0,1.0000000000000002,,0.0,20
D,GAT+LSTM_incremental,5,3816,fri_pm_scan,1.0,0.9978224039077759,1.0,1.0000000000000002,,0.0,20
D,GAT+LSTM_incremental,5,3817,fri_pm_scan,1.0,0.9979302883148193,1.0,1.0000000000000002,,0.0,20
D,GAT+LSTM_incremental,5,3818,fri_pm_scan,1.0,0.9978931546211243,1.0,1.0000000000000002,,0.0,20
D,GAT+LSTM_incremental,5,3819,fri_pm_scan,1.0,0.9979131817817688,1.0,1.0000000000000002,,0.0,20
D,GAT+LSTM_incremental,5,3820,fri_pm_scan,1.0,0.9979521632194519,1.0,1.0000000000000002,,0.0,20
D,GAT+LSTM_incremental,5,3821,fri_pm_scan,1.0,0.9979144930839539,1.0,1.0000000000000002,,0.0,20
D,GAT+LSTM_incremental,5,3822,fri_pm_scan,1.0,0.9982372522354126,1.0,1.0000000000000002,,0.0,20
D,GAT+LSTM_incremental,5,3823,fri_pm_scan,1.0,0.9978892207145691,1.0,1.0000000000000002,,0.0,20
D,GAT+LSTM_incremental,5,3824,fri_pm_scan,1.0,0.9979541301727295,1.0,1.0000000000000002,,0.0,20
D,GAT+LSTM_incremental,5,3825,fri_pm_scan,1.0,0.9978494644165039,1.0,1.0000000000000002,,0.0,20
D,GAT+LSTM_incremental,5,3826,fri_pm_scan,1.0,0.9979198575019836,1.0,1.0000000000000002,,0.0,20
D,GAT+LSTM_incremental,5,3827,fri_pm_scan,1.0,0.9979307651519775,1.0,1.0,,0.0,20
D,GAT+LSTM_incremental,5,3828,fri_pm_scan,1.0,0.9978880286216736,1.0,1.0,,0.0,20
D,GAT+LSTM_incremental,5,3829,fri_pm_scan,1.0,0.9979777932167053,1.0,1.0,,0.0,20
D,GAT+LSTM_incremental,5,3830,fri_pm_scan,1.0,0.9980990290641785,1.0,1.0000000000000002,,0.0,20
D,GAT+LSTM_incremental,5,3831,fri_pm_scan,1.0,0.9983848333358765,1.0,1.0000000000000002,,0.0,20
D,GAT+LSTM_incremental,5,3832,fri_pm_scan,1.0,0.9981885552406311,1.0,1.0000000000000002,,0.0,20
D,GAT+LSTM_incremental,5,3833,fri_pm_scan,1.0,0.998616099357605,1.0,1.0000000000000002,,0.0,20
D,GAT+LSTM_incremental,5,3834,fri_pm_scan,1.0,0.998181939125061,1.0,1.0000000000000002,,0.0,20
D,GAT+LSTM_incremental,5,3835,fri_pm_scan,1.0,0.9979718327522278,1.0,1.0000000000000002,,0.0,20
D,GAT+LSTM_incremental,5,3836,fri_pm_scan,1.0,0.9979318380355835,1.0,1.0000000000000002,,0.0,20
D,GAT+LSTM_incremental,5,3837,fri_pm_scan,1.0,0.9983396530151367,1.0,1.0000000000000002,,0.0,20
D,GAT+LSTM_incremental,5,3838,fri_pm_scan,0.0,0.9939166903495789,0.9743589743589743,0.9999999999999998,1.0,1.0,20
D,GAT+LSTM_incremental,5,3839,fri_pm_scan,0.0,0.9453819990158081,0.9473684210526315,1.0,1.0,1.0,20
D,GAT+LSTM_incremental,5,3840,fri_pm_scan,0.0,0.8857975006103516,0.918918918918919,1.0,1.0,1.0,20
D,GAT+LSTM_incremental,5,3841,fri_pm_scan,0.0,0.9449561238288879,0.8888888888888888,1.0,1.0,1.0,20
D,GAT+LSTM_incremental,5,3842,fri_pm_scan,0.0,0.5832558274269104,0.8571428571428571,1.0,1.0,1.0,20
D,GAT+LSTM_incremental,5,3843,fri_pm_scan,1.0,0.20256197452545166,0.8235294117647058,0.9828947368421053,0.9333333333333333,1.0,20
D,GAT+LSTM_incremental,5,3844,fri_pm_scan,0.0,0.002514688530936837,0.8125,0.9806808688387635,0.9404761904761905,0.8333333333333334,20
D,GAT+LSTM_incremental,5,3845,fri_pm_scan,0.0,0.009287157095968723,0.8,0.978004022121669,0.9450549450549451,0.7142857142857143,20
D,GAT+LSTM_incremental,5,3846,fri_pm_scan,0.0,0.00808803178369999,0.7857142857142857,0.9747242647058824,0.9479166666666666,0.625,20
D,GAT+LSTM_incremental,5,3847,fri_pm_scan,1.0,0.6753381490707397,0.7857142857142857,0.9517083916900094,0.90625,0.625,20
D,GAT+LSTM_incremental,5,3848,fri_pm_scan,1.0,0.9920024871826172,0.7857142857142857,0.9437538462354641,0.8958333333333333,0.625,20
D,GAT+LSTM_incremental,5,3849,fri_pm_scan,1.0,0.9989645481109619,0.7857142857142857,0.9437538462354641,0.8958333333333333,0.625,20
D,GAT+LSTM_incremental,5,3850,fri_pm_scan,1.0,0.9987863898277283,0.7857142857142857,0.9437538462354641,0.8958333333333333,0.625,20
D,GAT+LSTM_incremental,5,3851,fri_pm_scan,1.0,0.998372495174408,0.7857142857142857,0.9437538462354641,0.8958333333333333,0.625,20
D,GAT+LSTM_incremental,5,3852,fri_pm_scan,1.0,0.9982519745826721,0.7857142857142857,0.9437538462354641,0.8958333333333333,0.625,20
D,GAT+LSTM_incremental,5,3853,fri_pm_scan,1.0,0.999321460723877,0.7857142857142857,0.9437538462354641,0.8958333333333333,0.625,20
D,GAT+LSTM_incremental,5,3854,fri_pm_scan,1.0,0.9987216591835022,0.7857142857142857,0.9437538462354641,0.8958333333333333,0.625,20
D,GAT+LSTM_incremental,5,3855,fri_pm_scan,0.0,0.9893674254417419,0.7407407407407407,0.9259305237246414,0.8787878787878788,0.6666666666666666,20
D,GAT+LSTM_incremental,5,3856,fri_pm_scan,0.0,0.9542065262794495,0.6923076923076923,0.9043026377217552,0.86,0.7,20
D,GAT+LSTM_incremental,5,3857,fri_pm_scan,1.0,0.9176121354103088,0.6923076923076923,0.8626512335703512,0.81,0.7,20
D,GAT+LSTM_incremental,5,3858,fri_pm_scan,0.0,0.7936253547668457,0.6923076923076923,0.881259708428826,0.83,0.7,20
D,GAT+LSTM_incremental,5,3859,fri_pm_scan,1.0,0.12595167756080627,0.6923076923076923,0.8719351504110864,0.797979797979798,0.6666666666666666,20
D,GAT+LSTM_incremental,5,3860,fri_pm_scan,0.0,0.0006925000343471766,0.72,0.8840880710198893,0.8282828282828283,0.5555555555555556,20
D,GAT+LSTM_incremental,5,3861,fri_pm_scan,0.0,0.0005943974829278886,0.75,0.9049664981483163,0.8686868686868687,0.4444444444444444,20
D,GAT+LSTM_incremental,5,3862,fri_pm_scan,0.0,0.0007021406781859696,0.782608695652174,0.9149648331466513,0.888888888888889,0.3333333333333333,20
D,GAT+LSTM_incremental,5,3863,fri_pm_scan,0.0,0.000719367410056293,0.8181818181818182,0.9287140637140637,0.9199999999999999,0.3,20
D,GAT+LSTM_incremental,5,3864,fri_pm_scan,0.0,0.0008986878674477339,0.8181818181818182,0.9287140637140637,0.9199999999999999,0.3,20
D,GAT+LSTM_incremental,5,3865,fri_pm_scan,1.0,0.0007104387623257935,0.782608695652174,0.902106368082304,0.8585858585858586,0.3333333333333333,20
D,GAT+LSTM_incremental,5,3866,fri_pm_scan,1.0,0.05610945075750351,0.75,0.8967753617569795,0.8333333333333334,0.375,20
D,GAT+LSTM_incremental,5,3867,fri_pm_scan,1.0,0.960870087146759,0.75,0.9104012035078212,0.8541666666666666,0.375,20
D,GAT+LSTM_incremental,5,3868,fri_pm_scan,1.0,0.9978578686714172,0.75,0.9104012035078212,0.8541666666666666,0.375,20
D,GAT+LSTM_incremental,5,3869,fri_pm_scan,1.0,0.9990255832672119,0.75,0.9104012035078212,0.8541666666666666,0.375,20
D,GAT+LSTM_incremental,5,3870,fri_pm_scan,1.0,0.9983298182487488,0.75,0.9104012035078212,0.8541666666666666,0.375,20
D,GAT+LSTM_incremental,5,3871,fri_pm_scan,1.0,0.9992464780807495,0.75,0.9104012035078212,0.8541666666666666,0.375,20
D,GAT+LSTM_incremental,5,3872,fri_pm_scan,1.0,0.9989608526229858,0.75,0.9104012035078212,0.8541666666666666,0.375,20
D,GAT+LSTM_incremental,5,3873,fri_pm_scan,0.0,0.995688259601593,0.6956521739130435,0.8633035042794401,0.8080808080808081,0.4444444444444444,20
D,GAT+LSTM_incremental,5,3874,fri_pm_scan,0.0,0.9629943370819092,0.6363636363636364,0.8067862652053829,0.76,0.5,20
D,GAT+LSTM_incremental,5,3875,fri_pm_scan,0.0,0.919259786605835,0.6363636363636364,0.8154172175863352,0.77,0.5,20
D,GAT+LSTM_incremental,5,3876,fri_pm_scan,0.0,0.8362693786621094,0.6363636363636364,0.8219323691014867,0.7799999999999999,0.5,20
D,GAT+LSTM_incremental,5,3877,fri_pm_scan,0.0,0.5827907919883728,0.5714285714285714,0.8134471737412914,0.7777777777777778,0.5454545454545454,20
D,GAT+LSTM_incremental,5,3878,fri_pm_scan,0.0,0.07791540026664734,0.6,0.8184653037594214,0.7878787878787878,0.45454545454545453,20
D,GAT+LSTM_incremental,5,3879,fri_pm_scan,0.0,0.001608277321793139,0.631578947368421,0.8381772180025857,0.8229166666666666,0.4166666666666667,20
D,GAT+LSTM_incremental,5,4277,fri_pm_ddos,0.0,0.0009777676314115524,0.631578947368421,0.8349347751921281,0.8125,0.4166666666666667,20
D,GAT+LSTM_incremental,5,4278,fri_pm_ddos,0.0,0.0009175367304123938,0.631578947368421,0.8320430483259431,0.8020833333333333,0.4166666666666667,20
D,GAT+LSTM_incremental,5,4279,fri_pm_ddos,0.0,0.0007905674865469337,0.631578947368421,0.829448019086177,0.7916666666666666,0.4166666666666667,20
D,GAT+LSTM_incremental,5,4280,fri_pm_ddos,0.0,0.0007000420009717345,0.631578947368421,0.8320430483259431,0.8020833333333333,0.4166666666666667,20
D,GAT+LSTM_incremental,5,4281,fri_pm_ddos,0.0,0.0006623002700507641,0.631578947368421,0.8349347751921281,0.8125,0.4166666666666667,20
D,GAT+LSTM_incremental,5,4282,fri_pm_ddos,0.0,0.0012188833206892014,0.6666666666666666,0.8930533751962322,0.9120879120879121,0.38461538461538464,20
D,GAT+LSTM_incremental,5,4283,fri_pm_ddos,0.0,0.0006071160896681249,0.7058823529411765,0.9553571428571428,0.9761904761904763,0.35714285714285715,20
D,GAT+LSTM_incremental,5,4284,fri_pm_ddos,0.0,0.0005633732071146369,0.6666666666666666,1.0,1.0,0.3333333333333333,20
D,GAT+LSTM_incremental,5,4285,fri_pm_ddos,0.0,0.001073394319973886,0.6153846153846154,1.0,1.0,0.3125,20
D,GAT+LSTM_incremental,5,4286,fri_pm_ddos,0.0,0.0008028460433706641,0.5454545454545454,1.0,1.0,0.29411764705882354,20
D,GAT+LSTM_incremental,5,4287,fri_pm_ddos,0.0,0.0016573225148022175,0.4444444444444444,1.0,1.0,0.2777777777777778,20
D,GAT+LSTM_incremental,5,4288,fri_pm_ddos,0.0,0.005708629731088877,0.2857142857142857,1.0,1.0,0.2631578947368421,20
D,GAT+LSTM_incremental,5,4289,fri_pm_ddos,0.0,0.00469664903357625,0.0,0.5,,0.25,20
D,GAT+LSTM_incremental,5,4290,fri_pm_ddos,0.0,0.0038022107910364866,0.0,0.5,,0.2,20
D,GAT+LSTM_incremental,5,4291,fri_pm_ddos,0.0,0.004385641776025295,0.0,0.5,,0.15,20
D,GAT+LSTM_incremental,5,4292,fri_pm_ddos,0.0,0.0019043999491259456,0.0,0.5,,0.1,20
D,GAT+LSTM_incremental,5,4293,fri_pm_ddos,0.0,0.001283531659282744,0.0,0.5,,0.05,20
D,GAT+LSTM_incremental,5,4294,fri_pm_ddos,0.0,0.0007959699141792953,0.0,0.5,,0.0,20
D,GAT+LSTM_incremental,5,4295,fri_pm_ddos,1.0,0.04119196906685829,0.0,1.0,1.0,0.0,20
D,GAT+LSTM_incremental,5,4296,fri_pm_ddos,1.0,0.9911587834358215,0.6666666666666666,1.0,1.0,0.0,20
D,GAT+LSTM_incremental,5,4297,fri_pm_ddos,1.0,0.9971154928207397,0.8,1.0,1.0,0.0,20
D,GAT+LSTM_incremental,5,4298,fri_pm_ddos,1.0,0.9715149402618408,0.8571428571428571,1.0,1.0,0.0,20
D,GAT+LSTM_incremental,5,4299,fri_pm_ddos,1.0,0.9947128891944885,0.8888888888888888,1.0,1.0,0.0,20
D,GAT+LSTM_incremental,5,4300,fri_pm_ddos,1.0,0.9977686405181885,0.9090909090909091,1.0,1.0,0.0,20
D,GAT+LSTM_incremental,5,4301,fri_pm_ddos,1.0,0.9980145692825317,0.9230769230769231,0.9999999999999998,1.0,0.0,20
D,GAT+LSTM_incremental,5,4302,fri_pm_ddos,1.0,0.9980740547180176,0.9333333333333333,1.0,1.0,0.0,20
D,GAT+LSTM_incremental,5,4303,fri_pm_ddos,1.0,0.9981562495231628,0.9411764705882353,1.0000000000000002,1.0,0.0,20
D,GAT+LSTM_incremental,5,4304,fri_pm_ddos,1.0,0.9981507658958435,0.9473684210526315,0.9999999999999999,1.0,0.0,20
D,GAT+LSTM_incremental,5,4305,fri_pm_ddos,1.0,0.9981755018234253,0.9523809523809523,1.0,1.0,0.0,20
D,GAT+LSTM_incremental,5,4306,fri_pm_ddos,1.0,0.9980272650718689,0.9565217391304348,1.0,1.0,0.0,20
D,GAT+LSTM_incremental,5,4307,fri_pm_ddos,1.0,0.9989520311355591,0.96,0.9999999999999998,1.0,0.0,20
D,GAT+LSTM_incremental,5,4308,fri_pm_ddos,0.0,0.9992489218711853,0.9230769230769231,0.7910886122424584,0.8571428571428572,0.14285714285714285,20
D,GAT+LSTM_incremental,5,4309,fri_pm_ddos,1.0,0.99897301197052,0.9285714285714286,0.8010788814360243,0.8333333333333334,0.16666666666666666,20
D,GAT+LSTM_incremental,5,4310,fri_pm_ddos,1.0,0.9980947375297546,0.9333333333333333,0.8100347337847338,0.8,0.2,20
D,GAT+LSTM_incremental,5,4311,fri_pm_ddos,1.0,0.9981029033660889,0.9375,0.8181162026290703,0.75,0.25,20
D,GAT+LSTM_incremental,5,4312,fri_pm_ddos,1.0,0.9984134435653687,0.9411764705882353,0.8254511587989095,0.6666666666666667,0.3333333333333333,20
D,GAT+LSTM_incremental,5,4313,fri_pm_ddos,1.0,0.9992135763168335,0.9444444444444444,0.8321431184627779,0.5,0.5,20
D,GAT+LSTM_incremental,5,4314,fri_pm_ddos,1.0,0.9981502294540405,0.9473684210526315,0.8382768601503324,0.0,1.0,20
D,GAT+LSTM_incremental,5,4315,fri_pm_ddos,1.0,0.9981610178947449,0.9743589743589743,0.8382768601503324,0.0,1.0,20
D,GAT+LSTM_incremental,5,4316,fri_pm_ddos,1.0,0.998832643032074,0.9743589743589743,0.8382768601503324,0.0,1.0,20
D,GAT+LSTM_incremental,5,4317,fri_pm_ddos,0.0,0.9945001602172852,0.9473684210526315,0.8294465622574497,0.4722222222222222,1.0,20
D,GAT+LSTM_incremental,5,4318,fri_pm_ddos,0.0,0.9952241778373718,0.918918918918919,0.8224513004448353,0.6470588235294118,1.0,20
D,GAT+LSTM_incremental,5,4319,fri_pm_ddos,1.0,0.9981887936592102,0.918918918918919,0.8254511587989095,0.6666666666666667,1.0,20
D,GAT+LSTM_incremental,5,4320,fri_pm_ddos,1.0,0.9975899457931519,0.918918918918919,0.8254511587989095,0.6666666666666667,1.0,20
D,GAT+LSTM_incremental,5,4321,fri_pm_ddos,1.0,0.9979215264320374,0.918918918918919,0.8254511587989095,0.6666666666666667,1.0,20
D,GAT+LSTM_incremental,5,4322,fri_pm_ddos,1.0,0.9991173148155212,0.918918918918919,0.8254511587989095,0.6666666666666667,1.0,20
D,GAT+LSTM_incremental,5,4323,fri_pm_ddos,1.0,0.9983653426170349,0.918918918918919,0.8254511587989095,0.6666666666666667,1.0,20
D,GAT+LSTM_incremental,5,4324,fri_pm_ddos,1.0,0.9981997013092041,0.918918918918919,0.8254511587989095,0.6666666666666667,1.0,20
D,GAT+LSTM_incremental,5,4325,fri_pm_ddos,1.0,0.9981594681739807,0.918918918918919,0.8254511587989095,0.6666666666666667,1.0,20
D,GAT+LSTM_incremental,5,4326,fri_pm_ddos,1.0,0.9992749094963074,0.918918918918919,0.8695688058577331,0.6862745098039217,1.0,20
D,GAT+LSTM_incremental,5,4327,fri_pm_ddos,0.0,0.9988447427749634,0.8888888888888888,0.8040837124476832,0.578125,1.0,20
D,GAT+LSTM_incremental,5,4328,fri_pm_ddos,0.0,0.9990528225898743,0.8888888888888888,0.8483545457810164,0.609375,1.0,20
D,GAT+LSTM_incremental,5,4329,fri_pm_ddos,1.0,0.9981318116188049,0.8888888888888888,0.8395003791143497,0.59375,1.0,20
D,GAT+LSTM_incremental,5,4330,fri_pm_ddos,1.0,0.9981106519699097,0.8888888888888888,0.8395003791143497,0.59375,1.0,20
D,GAT+LSTM_incremental,5,4331,fri_pm_ddos,1.0,0.9984873533248901,0.8888888888888888,0.8395003791143497,0.59375,1.0,20
D,GAT+LSTM_incremental,5,4332,fri_pm_ddos,1.0,0.9990882873535156,0.8888888888888888,0.8624170457810163,0.625,1.0,20
D,GAT+LSTM_incremental,5,4333,fri_pm_ddos,1.0,0.9982988238334656,0.8888888888888888,0.8395003791143497,0.59375,1.0,20
D,GAT+LSTM_incremental,5,4334,fri_pm_ddos,1.0,0.9982240796089172,0.8888888888888888,0.8395003791143497,0.59375,1.0,20
D,GAT+LSTM_incremental,5,4335,fri_pm_ddos,1.0,0.9986233711242676,0.8888888888888888,0.8395003791143497,0.59375,1.0,20
D,GAT+LSTM_incremental,5,4336,fri_pm_ddos,0.0,0.9992313385009766,0.8571428571428571,0.732645051027404,0.49333333333333335,1.0,20
D,GAT+LSTM_incremental,5,4337,fri_pm_ddos,0.0,0.9991492033004761,0.8571428571428571,0.6644456987800641,0.30666666666666664,1.0,20
D,GAT+LSTM_incremental,5,4338,fri_pm_ddos,1.0,0.9983152151107788,0.8888888888888888,0.672588895237889,0.125,1.0,20
D,GAT+LSTM_incremental,5,4339,fri_pm_ddos,1.0,0.99822598695755,0.8888888888888888,0.672588895237889,0.125,1.0,20
D,GAT+LSTM_incremental,5,4340,fri_pm_ddos,1.0,0.9981110095977783,0.8888888888888888,0.672588895237889,0.125,1.0,20
D,GAT+LSTM_incremental,5,4341,fri_pm_ddos,1.0,0.9993001222610474,0.8888888888888888,0.7196127047616986,0.1875,1.0,20
D,GAT+LSTM_incremental,5,4342,fri_pm_ddos,1.0,0.9983454942703247,0.8888888888888888,0.7090472285712224,0.15625,1.0,20
D,GAT+LSTM_incremental,5,4343,fri_pm_ddos,1.0,0.9983137845993042,0.8888888888888888,0.7090472285712224,0.15625,1.0,20
D,GAT+LSTM_incremental,5,4344,fri_pm_ddos,1.0,0.9982136487960815,0.8888888888888888,0.7090472285712224,0.15625,1.0,20
D,GAT+LSTM_incremental,5,4345,fri_pm_ddos,1.0,0.9983481168746948,0.8888888888888888,0.7090472285712224,0.15625,1.0,20
D,GAT+LSTM_incremental,5,4346,fri_pm_ddos,0.0,0.995896577835083,0.8571428571428571,0.6531758575102228,0.27999999999999997,1.0,20
D,GAT+LSTM_incremental,5,4347,fri_pm_ddos,1.0,0.9979853630065918,0.8888888888888888,0.7126496914785421,0.3125,1.0,20
D,GAT+LSTM_incremental,5,4348,fri_pm_ddos,1.0,0.9980316758155823,0.918918918918919,0.7817932704701964,0.37254901960784315,1.0,20
D,GAT+LSTM_incremental,5,4349,fri_pm_ddos,1.0,0.9980900883674622,0.918918918918919,0.7817932704701964,0.37254901960784315,1.0,20
D,GAT+LSTM_incremental,5,4350,fri_pm_ddos,1.0,0.9992223978042603,0.918918918918919,0.7915971920388238,0.3921568627450981,1.0,20
D,GAT+LSTM_incremental,5,4351,fri_pm_ddos,1.0,0.9986324906349182,0.918918918918919,0.7915971920388238,0.3921568627450981,1.0,20
D,GAT+LSTM_incremental,5,4352,fri_pm_ddos,1.0,0.9983760118484497,0.918918918918919,0.7915971920388238,0.3921568627450981,1.0,20
D,GAT+LSTM_incremental,5,4353,fri_pm_ddos,1.0,0.9982794523239136,0.918918918918919,0.7915971920388238,0.3921568627450981,1.0,20
D,GAT+LSTM_incremental,5,4354,fri_pm_ddos,1.0,0.9992302656173706,0.918918918918919,0.8009109175290199,0.411764705882353,1.0,20
D,GAT+LSTM_incremental,5,4355,fri_pm_ddos,1.0,0.999019980430603,0.918918918918919,0.8009109175290199,0.411764705882353,1.0,20
D,GAT+LSTM_incremental,5,4356,fri_pm_ddos,1.0,0.9980923533439636,0.9473684210526315,0.9131616369812965,0.5833333333333334,1.0,20
D,GAT+LSTM_incremental,5,4357,fri_pm_ddos,1.0,0.9980857372283936,0.9743589743589743,0.9999999999999998,1.0,1.0,20
D,GAT+LSTM_incremental,5,4358,fri_pm_ddos,1.0,0.9990206956863403,0.9743589743589743,0.9999999999999998,1.0,1.0,20
D,GAT+LSTM_incremental,5,4359,fri_pm_ddos,1.0,0.9987565279006958,0.9743589743589743,0.9999999999999998,1.0,1.0,20
D,GAT+LSTM_incremental,5,4360,fri_pm_ddos,1.0,0.9983378648757935,0.9743589743589743,0.9999999999999998,1.0,1.0,20
D,GAT+LSTM_incremental,5,4361,fri_pm_ddos,1.0,0.9981420040130615,0.9743589743589743,0.9999999999999998,1.0,1.0,20
D,GAT+LSTM_incremental,5,4362,fri_pm_ddos,1.0,0.9990480542182922,0.9743589743589743,0.9999999999999998,1.0,1.0,20
D,GAT+LSTM_incremental,5,4363,fri_pm_ddos,0.0,0.9991990923881531,0.9473684210526315,0.8969579332775928,0.5555555555555556,1.0,20
D,GAT+LSTM_incremental,5,4364,fri_pm_ddos,1.0,0.9988611936569214,0.9473684210526315,0.8969579332775928,0.5555555555555556,1.0,20
D,GAT+LSTM_incremental,5,4365,fri_pm_ddos,1.0,0.9981587529182434,0.9473684210526315,0.8969579332775928,0.5555555555555556,1.0,20
D,GAT+LSTM_incremental,5,4366,fri_pm_ddos,1.0,0.9982349872589111,0.9743589743589743,0.8996803689222621,0.10526315789473684,1.0,20
D,GAT+LSTM_incremental,5,4367,fri_pm_ddos,1.0,0.9990707635879517,0.9743589743589743,0.8996803689222621,0.10526315789473684,1.0,20
D,GAT+LSTM_incremental,5,4368,fri_pm_ddos,1.0,0.9983513355255127,0.9743589743589743,0.8996803689222621,0.10526315789473684,1.0,20
D,GAT+LSTM_incremental,5,4369,fri_pm_ddos,1.0,0.9982432126998901,0.9743589743589743,0.8996803689222621,0.10526315789473684,1.0,20
D,GAT+LSTM_incremental,5,4370,fri_pm_ddos,1.0,0.9987000226974487,0.9743589743589743,0.8777505443608586,0.05263157894736842,1.0,20
D,GAT+LSTM_incremental,5,4371,fri_pm_ddos,0.0,0.9990159273147583,0.9473684210526315,0.8211506201057286,0.16666666666666669,1.0,20
D,GAT+LSTM_incremental,5,4372,fri_pm_ddos,1.0,0.9985114932060242,0.9473684210526315,0.8211506201057286,0.16666666666666669,1.0,20
D,GAT+LSTM_incremental,5,4373,fri_pm_ddos,1.0,0.9981716871261597,0.9473684210526315,0.8211506201057286,0.16666666666666669,1.0,20
D,GAT+LSTM_incremental,5,4374,fri_pm_ddos,1.0,0.9987486600875854,0.9473684210526315,0.7724733714284797,0.1111111111111111,1.0,20
D,GAT+LSTM_incremental,5,4375,fri_pm_ddos,1.0,0.9991469383239746,0.9473684210526315,0.7724733714284797,0.1111111111111111,1.0,20
D,GAT+LSTM_incremental,5,4376,fri_pm_ddos,1.0,0.9985176920890808,0.9473684210526315,0.7724733714284797,0.1111111111111111,1.0,20
D,GAT+LSTM_incremental,5,4377,fri_pm_ddos,1.0,0.9981310963630676,0.9473684210526315,0.7724733714284797,0.1111111111111111,1.0,20
D,GAT+LSTM_incremental,5,4378,fri_pm_ddos,1.0,0.9984822869300842,0.9473684210526315,0.7646030010581094,0.08333333333333333,1.0,20
D,GAT+LSTM_incremental,5,4379,fri_pm_ddos,0.0,0.998691737651825,0.918918918918919,0.7176257747897703,0.17647058823529416,1.0,20
D,GAT+LSTM_incremental,5,4380,fri_pm_ddos,1.0,0.9409886598587036,0.918918918918919,0.7176257747897703,0.17647058823529416,1.0,20
D,GAT+LSTM_incremental,5,4381,fri_pm_ddos,1.0,0.9928492307662964,0.918918918918919,0.7176257747897703,0.17647058823529416,1.0,20
D,GAT+LSTM_incremental,5,4382,fri_pm_ddos,1.0,0.9978355765342712,0.918918918918919,0.7032350184872493,0.13725490196078433,1.0,20
D,GAT+LSTM_incremental,5,4383,fri_pm_ddos,1.0,0.9983417987823486,0.9473684210526315,0.8442987682538767,0.19444444444444445,1.0,20
D,GAT+LSTM_incremental,5,4384,fri_pm_ddos,1.0,0.9986203908920288,0.9473684210526315,0.8372881862432946,0.16666666666666666,1.0,20
D,GAT+LSTM_incremental,5,4385,fri_pm_ddos,1.0,0.9981186985969543,0.9473684210526315,0.8372881862432946,0.16666666666666666,1.0,20
D,GAT+LSTM_incremental,5,4386,fri_pm_ddos,1.0,0.9984558820724487,0.9473684210526315,0.8372881862432946,0.16666666666666666,1.0,20
D,GAT+LSTM_incremental,5,4387,fri_pm_ddos,1.0,0.9951584935188293,0.9473684210526315,0.8062696677247762,0.1111111111111111,1.0,20
D,GAT+LSTM_incremental,5,4388,fri_pm_ddos,0.0,0.9759837985038757,0.918918918918919,0.7982191390632476,0.3921568627450981,1.0,20
D,GAT+LSTM_incremental,5,4389,fri_pm_ddos,1.0,0.9967418313026428,0.918918918918919,0.7982191390632476,0.3921568627450981,1.0,20
D,GAT+LSTM_incremental,5,4390,fri_pm_ddos,1.0,0.9983453750610352,0.918918918918919,0.7889054135730516,0.3725490196078432,1.0,20
D,GAT+LSTM_incremental,5,4391,fri_pm_ddos,1.0,0.998359739780426,0.9473684210526315,0.8942613770722646,0.5277777777777778,1.0,20
D,GAT+LSTM_incremental,5,4392,fri_pm_ddos,1.0,0.998636782169342,0.9473684210526315,0.8942613770722646,0.5277777777777778,1.0,20
D,GAT+LSTM_incremental,5,4393,fri_pm_ddos,1.0,0.9980702996253967,0.9473684210526315,0.8942613770722646,0.5277777777777778,1.0,20
D,GAT+LSTM_incremental,5,4394,fri_pm_ddos,1.0,0.9981200098991394,0.9473684210526315,0.8711132289241165,0.5,1.0,20
D,GAT+LSTM_incremental,5,4395,fri_pm_ddos,1.0,0.9984040856361389,0.9473684210526315,0.8294465622574497,0.4722222222222222,1.0,20
D,GAT+LSTM_incremental,5,4396,fri_pm_ddos,0.0,0.998955488204956,0.918918918918919,0.7300818841612868,0.3137254901960785,1.0,20
D,GAT+LSTM_incremental,5,4397,fri_pm_ddos,1.0,0.997097373008728,0.918918918918919,0.7300818841612868,0.3137254901960785,1.0,20
D,GAT+LSTM_incremental,5,4398,fri_pm_ddos,1.0,0.9986637830734253,0.918918918918919,0.7300818841612868,0.3137254901960785,1.0,20
D,GAT+LSTM_incremental,5,4399,fri_pm_ddos,1.0,0.9989782571792603,0.9473684210526315,0.8711132289241165,0.5,1.0,20
D,GAT+LSTM_incremental,5,4400,fri_pm_ddos,1.0,0.9986642599105835,0.9473684210526315,0.8738097851294446,0.5277777777777778,1.0,20
D,GAT+LSTM_incremental,5,4401,fri_pm_ddos,1.0,0.9985520243644714,0.9473684210526315,0.8738097851294446,0.5277777777777778,1.0,20
D,GAT+LSTM_incremental,5,4402,fri_pm_ddos,1.0,0.998095691204071,0.9473684210526315,0.8738097851294446,0.5277777777777778,1.0,20
D,GAT+LSTM_incremental,5,4403,fri_pm_ddos,1.0,0.9981061220169067,0.9473684210526315,0.8738097851294446,0.5277777777777778,1.0,20
D,GAT+LSTM_incremental,5,4404,fri_pm_ddos,1.0,0.9870033860206604,0.9473684210526315,0.8738097851294446,0.5277777777777778,1.0,20
D,GAT+LSTM_incremental,5,4405,fri_pm_ddos,0.0,0.9972277283668518,0.918918918918919,0.8565350319766636,0.607843137254902,1.0,20
D,GAT+LSTM_incremental,5,4406,fri_pm_ddos,1.0,0.9918546676635742,0.918918918918919,0.8527750664519922,0.5882352941176471,1.0,20
D,GAT+LSTM_incremental,5,4407,fri_pm_ddos,1.0,0.9945716261863708,0.918918918918919,0.8527750664519922,0.5882352941176471,1.0,20
D,GAT+LSTM_incremental,5,4408,fri_pm_ddos,1.0,0.9981998205184937,0.9473684210526315,0.8588035535919953,0.3888888888888889,1.0,20
D,GAT+LSTM_incremental,5,4409,fri_pm_ddos,1.0,0.9987032413482666,0.9473684210526315,0.8621435006819425,0.4166666666666667,1.0,20
D,GAT+LSTM_incremental,5,4410,fri_pm_ddos,1.0,0.9982606768608093,0.9473684210526315,0.8621435006819425,0.4166666666666667,1.0,20
D,GAT+LSTM_incremental,5,4411,fri_pm_ddos,1.0,0.9981212019920349,0.9473684210526315,0.8621435006819425,0.4166666666666667,1.0,20
D,GAT+LSTM_incremental,5,4412,fri_pm_ddos,1.0,0.9980928301811218,0.9473684210526315,0.8621435006819425,0.4166666666666667,1.0,20
D,GAT+LSTM_incremental,5,4413,fri_pm_ddos,1.0,0.9956758618354797,0.9473684210526315,0.8588035535919953,0.3888888888888889,1.0,20
D,GAT+LSTM_incremental,5,4414,fri_pm_ddos,0.0,0.9962654709815979,0.918918918918919,0.8412029737346164,0.5098039215686274,1.0,20
D,GAT+LSTM_incremental,5,4415,fri_pm_ddos,1.0,0.9962122440338135,0.918918918918919,0.8339160204917807,0.4705882352941177,1.0,20
D,GAT+LSTM_incremental,5,4416,fri_pm_ddos,1.0,0.9979786276817322,0.9473684210526315,0.9638964545182296,0.6944444444444444,1.0,20
D,GAT+LSTM_incremental,5,4417,fri_pm_ddos,1.0,0.998660683631897,0.9473684210526315,0.9680173336391087,0.7222222222222222,1.0,20
D,GAT+LSTM_incremental,5,4418,fri_pm_ddos,1.0,0.9986627101898193,0.9473684210526315,0.9680173336391087,0.7222222222222222,1.0,20
D,GAT+LSTM_incremental,5,4419,fri_pm_ddos,1.0,0.9980903267860413,0.9473684210526315,0.9680173336391087,0.7222222222222222,1.0,20
D,GAT+LSTM_incremental,5,4420,fri_pm_ddos,1.0,0.998076319694519,0.9473684210526315,0.9680173336391087,0.7222222222222222,1.0,20
D,GAT+LSTM_incremental,5,4421,fri_pm_ddos,1.0,0.9980725049972534,0.9473684210526315,0.9680173336391087,0.7222222222222222,1.0,20
D,GAT+LSTM_incremental,5,4422,fri_pm_ddos,0.0,0.9988346695899963,0.918918918918919,0.7938115171519833,0.47058823529411775,1.0,20
D,GAT+LSTM_incremental,5,4423,fri_pm_ddos,0.0,0.9958370923995972,0.8888888888888888,0.7711419047283986,0.53125,1.0,20
D,GAT+LSTM_incremental,5,4424,fri_pm_ddos,1.0,0.997458279132843,0.8888888888888888,0.7821363866557849,0.578125,1.0,20
D,GAT+LSTM_incremental,5,4425,fri_pm_ddos,1.0,0.9988177418708801,0.918918918918919,0.803952270285816,0.5294117647058824,1.0,20
D,GAT+LSTM_incremental,5,4426,fri_pm_ddos,1.0,0.9989767074584961,0.918918918918919,0.8545619259127726,0.588235294117647,1.0,20
D,GAT+LSTM_incremental,5,4427,fri_pm_ddos,1.0,0.9985063672065735,0.918918918918919,0.8607173266695667,0.6274509803921569,1.0,20
D,GAT+LSTM_incremental,5,4428,fri_pm_ddos,1.0,0.9980660080909729,0.918918918918919,0.8607173266695667,0.6274509803921569,1.0,20
D,GAT+LSTM_incremental,5,4429,fri_pm_ddos,1.0,0.9981173276901245,0.918918918918919,0.8607173266695667,0.6274509803921569,1.0,20
D,GAT+LSTM_incremental,5,4430,fri_pm_ddos,1.0,0.99899822473526,0.918918918918919,0.8852271305911353,0.6470588235294118,1.0,20
D,GAT+LSTM_incremental,5,4431,fri_pm_ddos,0.0,0.997464656829834,0.8888888888888888,0.8715512608628901,0.6875,1.0,20
D,GAT+LSTM_incremental,5,4432,fri_pm_ddos,0.0,0.9786390066146851,0.8571428571428571,0.8659026432517145,0.7466666666666667,1.0,20
D,GAT+LSTM_incremental,5,4433,fri_pm_ddos,1.0,0.9284298419952393,0.8571428571428571,0.8632223313608762,0.7333333333333334,1.0,20
D,GAT+LSTM_incremental,5,4434,fri_pm_ddos,1.0,0.9803594350814819,0.8888888888888888,0.8675562974929267,0.671875,1.0,20
D,GAT+LSTM_incremental,5,4435,fri_pm_ddos,1.0,0.9974234104156494,0.8888888888888888,0.8675562974929267,0.671875,1.0,20
D,GAT+LSTM_incremental,5,4436,fri_pm_ddos,1.0,0.9987475872039795,0.8888888888888888,0.8675562974929267,0.671875,1.0,20
D,GAT+LSTM_incremental,5,4437,fri_pm_ddos,1.0,0.9981476068496704,0.8888888888888888,0.8675562974929267,0.671875,1.0,20
D,GAT+LSTM_incremental,5,4438,fri_pm_ddos,1.0,0.9981174468994141,0.8888888888888888,0.8675562974929267,0.671875,1.0,20
D,GAT+LSTM_incremental,5,4439,fri_pm_ddos,1.0,0.9981217980384827,0.8888888888888888,0.8675562974929267,0.671875,1.0,20
D,GAT+LSTM_incremental,5,4440,fri_pm_ddos,1.0,0.9640935659408569,0.8888888888888888,0.8571908154785961,0.625,1.0,20
D,GAT+LSTM_incremental,5,4441,fri_pm_ddos,0.0,0.8377986550331116,0.8571428571428571,0.8496502246463546,0.6933333333333334,1.0,20
D,GAT+LSTM_incremental,5,4442,fri_pm_ddos,1.0,0.5803378820419312,0.8888888888888888,0.9459898915744988,0.78125,1.0,20
D,GAT+LSTM_incremental,5,4443,fri_pm_ddos,1.0,0.7135465145111084,0.918918918918919,0.9524621466071111,0.7450980392156863,1.0,20
D,GAT+LSTM_incremental,5,4444,fri_pm_ddos,1.0,0.9926865100860596,0.918918918918919,0.9524621466071111,0.7450980392156863,1.0,20
D,GAT+LSTM_incremental,5,4445,fri_pm_ddos,1.0,0.9980615973472595,0.918918918918919,0.9524621466071111,0.7450980392156863,1.0,20
D,GAT+LSTM_incremental,5,4446,fri_pm_ddos,1.0,0.9980039000511169,0.918918918918919,0.9524621466071111,0.7450980392156863,1.0,20
D,GAT+LSTM_incremental,5,4447,fri_pm_ddos,1.0,0.998094379901886,0.918918918918919,0.9524621466071111,0.7450980392156863,1.0,20
D,GAT+LSTM_incremental,5,4448,fri_pm_ddos,1.0,0.9982767105102539,0.918918918918919,0.9524621466071111,0.7450980392156863,1.0,20
D,GAT+LSTM_incremental,5,4449,fri_pm_ddos,0.0,0.995337963104248,0.8888888888888888,0.9249102921824478,0.703125,1.0,20
D,GAT+LSTM_incremental,5,4450,fri_pm_ddos,0.0,0.9657076597213745,0.8571428571428571,0.9021278956108677,0.6933333333333334,1.0,20
D,GAT+LSTM_incremental,5,4451,fri_pm_ddos,0.0,0.8509418964385986,0.8571428571428571,0.9259656401103769,0.7599999999999999,1.0,20
D,GAT+LSTM_incremental,5,4452,fri_pm_ddos,0.0,0.7599857449531555,0.8571428571428571,0.9335953714901082,0.7866666666666667,1.0,20
D,GAT+LSTM_incremental,5,4453,fri_pm_ddos,1.0,0.9686570763587952,0.8571428571428571,0.9381436010383377,0.8,1.0,20
D,GAT+LSTM_incremental,5,4454,fri_pm_ddos,1.0,0.9935951828956604,0.8571428571428571,0.9381436010383377,0.8,1.0,20
D,GAT+LSTM_incremental,5,4455,fri_pm_ddos,1.0,0.9982000589370728,0.8571428571428571,0.9381436010383377,0.8,1.0,20
D,GAT+LSTM_incremental,5,4456,fri_pm_ddos,1.0,0.9981683492660522,0.8571428571428571,0.9381436010383377,0.8,1.0,20
D,GAT+LSTM_incremental,5,4457,fri_pm_ddos,1.0,0.9980985522270203,0.8571428571428571,0.9381436010383377,0.8,1.0,20
D,GAT+LSTM_incremental,5,4458,fri_pm_ddos,1.0,0.9980979561805725,0.8571428571428571,0.9381436010383377,0.8,1.0,20
D,GAT+LSTM_incremental,5,4459,fri_pm_ddos,1.0,0.998477041721344,0.8571428571428571,0.9381436010383377,0.8,1.0,20
D,GAT+LSTM_incremental,5,4460,fri_pm_ddos,0.0,0.9714692831039429,0.8235294117647058,0.9311868895515512,0.8095238095238095,1.0,20
D,GAT+LSTM_incremental,5,4461,fri_pm_ddos,0.0,0.948538064956665,0.8235294117647058,0.9311868895515512,0.8095238095238095,1.0,20
D,GAT+LSTM_incremental,5,4462,fri_pm_ddos,1.0,0.9941555261611938,0.8235294117647058,0.9493790044541923,0.8690476190476193,1.0,20
D,GAT+LSTM_incremental,5,4463,fri_pm_ddos,1.0,0.998117208480835,0.8235294117647058,0.9735291494220064,0.9404761904761906,1.0,20
D,GAT+LSTM_incremental,5,4464,fri_pm_ddos,1.0,0.9979208111763,0.8235294117647058,0.9797520931449502,0.9523809523809524,1.0,20
D,GAT+LSTM_incremental,5,4465,fri_pm_ddos,1.0,0.9980928301811218,0.8235294117647058,0.9797520931449502,0.9523809523809524,1.0,20
D,GAT+LSTM_incremental,5,4466,fri_pm_ddos,1.0,0.998096764087677,0.8235294117647058,0.9797520931449502,0.9523809523809524,1.0,20
D,GAT+LSTM_incremental,5,4467,fri_pm_ddos,1.0,0.9980636239051819,0.8235294117647058,0.9797520931449502,0.9523809523809524,1.0,20
D,GAT+LSTM_incremental,5,4468,fri_pm_ddos,1.0,0.9981743097305298,0.8235294117647058,0.9797520931449502,0.9523809523809524,1.0,20
D,GAT+LSTM_incremental,5,4469,fri_pm_ddos,0.0,0.9991092085838318,0.8235294117647058,0.7967846637489495,0.8214285714285715,1.0,20
D,GAT+LSTM_incremental,5,4470,fri_pm_ddos,0.0,0.998784601688385,0.8235294117647058,0.6963016704350737,0.6547619047619048,1.0,20
D,GAT+LSTM_incremental,5,4471,fri_pm_ddos,1.0,0.9987485408782959,0.8571428571428571,0.7086315590727356,0.5866666666666667,1.0,20
D,GAT+LSTM_incremental,5,4472,fri_pm_ddos,1.0,0.9987358450889587,0.8888888888888888,0.7198398613984913,0.484375,1.0,20
D,GAT+LSTM_incremental,5,4473,fri_pm_ddos,0.0,0.9992949962615967,0.8571428571428571,0.6398672732496262,0.4,1.0,20
D,GAT+LSTM_incremental,5,4474,fri_pm_ddos,0.0,0.9989320635795593,0.8235294117647058,0.5688580094042279,0.33333333333333337,1.0,20
D,GAT+LSTM_incremental,5,4475,fri_pm_ddos,0.0,0.9834933280944824,0.7878787878787878,0.5532900231995255,0.4285714285714286,1.0,20
D,GAT+LSTM_incremental,5,4476,fri_pm_ddos,0.0,0.9400111436843872,0.75,0.5362847800347801,0.5,1.0,20
D,GAT+LSTM_incremental,5,4477,fri_pm_ddos,0.0,0.8965526223182678,0.7096774193548387,0.5176136994318812,0.5555555555555556,1.0,20
D,GAT+LSTM_incremental,5,4478,fri_pm_ddos,0.0,0.7831957340240479,0.6666666666666666,0.49699411699411694,0.6,1.0,20
D,GAT+LSTM_incremental,5,4479,fri_pm_ddos,0.0,0.3014037013053894,0.6428571428571429,0.4740716074049408,0.6363636363636364,0.9090909090909091,20
D,GAT+LSTM_incremental,5,4480,fri_pm_ddos,0.0,0.0013214502250775695,0.6666666666666666,0.4740716074049408,0.6363636363636364,0.8181818181818182,20
D,GAT+LSTM_incremental,5,4481,fri_pm_ddos,0.0,0.0007846031803637743,0.6923076923076923,0.4740716074049408,0.6363636363636364,0.7272727272727273,20
D,GAT+LSTM_incremental,5,4482,fri_pm_ddos,0.0,0.0007831178372725844,0.6666666666666666,0.4483946608946609,0.6666666666666667,0.6666666666666666,20
D,GAT+LSTM_incremental,5,4483,fri_pm_ddos,0.0,0.0006927568465471268,0.6363636363636364,0.41937744794887655,0.6923076923076923,0.6153846153846154,20
D,GAT+LSTM_incremental,5,4484,fri_pm_ddos,0.0,0.0009049384971149266,0.6,0.3862433862433863,0.7142857142857143,0.5714285714285714,20
D,GAT+LSTM_incremental,5,4485,fri_pm_ddos,0.0,0.0017337044700980186,0.5555555555555556,0.34793650793650793,0.7333333333333334,0.5333333333333333,20
D,GAT+LSTM_incremental,5,4486,fri_pm_ddos,0.0,0.0006957033183425665,0.5,0.3029761904761905,0.75,0.5,20
D,GAT+LSTM_incremental,5,4487,fri_pm_ddos,0.0,0.0006962876650504768,0.42857142857142855,0.2492063492063492,0.7647058823529411,0.47058823529411764,20
D,GAT+LSTM_incremental,5,4488,fri_pm_ddos,0.0,0.000774653279222548,0.3333333333333333,0.18333333333333335,0.7777777777777778,0.4444444444444444,20
D,GAT+LSTM_incremental,5,4489,fri_pm_ddos,0.0,0.0007840389152988791,0.36363636363636365,0.225,0.8333333333333334,0.3888888888888889,20
D,GAT+LSTM_incremental,5,4490,fri_pm_ddos,0.0,0.0010286958422511816,0.4,0.29166666666666663,0.8888888888888888,0.3333333333333333,20
D,GAT+LSTM_incremental,5,4491,fri_pm_ddos,0.0,0.0017831824952736497,0.25,0.16666666666666666,0.8947368421052632,0.3157894736842105,20
D,GAT+LSTM_incremental,5,4492,fri_pm_ddos,0.0,0.0015681051881983876,0.0,0.5,,0.3,20
D,GAT+LSTM_incremental,5,4493,fri_pm_ddos,0.0,0.001722468645311892,0.0,0.5,,0.25,20
D,GAT+LSTM_incremental,5,4494,fri_pm_ddos,0.0,0.0011855135671794415,0.0,0.5,,0.2,20
D,GAT+LSTM_incremental,5,4495,fri_pm_ddos,0.0,0.0012567280791699886,0.0,0.5,,0.15,20
D,GAT+LSTM_incremental,5,4496,fri_pm_ddos,0.0,0.0008742890204302967,0.0,0.5,,0.1,20
D,GAT+LSTM_incremental,5,4497,fri_pm_ddos,0.0,0.0008002147660590708,0.0,0.5,,0.05,20
D,GAT+LSTM_incremental,5,4498,fri_pm_ddos,0.0,0.0007502278313040733,0.0,0.5,,0.0,20
D,GAT+LSTM_incremental,5,4499,fri_pm_ddos,0.0,0.0011167990742251277,0.0,0.5,,0.0,20
D,GAT+LSTM_incremental,5,4500,fri_pm_ddos,0.0,0.35511109232902527,0.0,0.5,,0.0,20
